condition,nFan,trial,seed,reachedGoal,chi2pos_sum,chi2ang_sum,errFinal,errSettled,spreadFinal,headErrFinalDeg,fanCapHits,fanFanPairs,anyCollision,spawnPairs,spawnCapHits,minSepPair,minSepCap,wallFrac
single_walled,1,6,621,1,81.05602336610154,3.9098877551202724,9.003111871242162,19.13648895897718,9.003111871242162,113.2934435452555,0,0,0,0,0,,7.917297732195385,0.0
single_walled,1,7,722,1,150.63347026373515,6.890596641602547,12.27328278268431,14.589109867704746,12.27328278268431,150.40111173266786,0,0,0,0,0,,4.676389984279042,0.05754738524777346
single_walled,1,4,419,1,123.37516998802295,3.1443687571302172,11.107437597755071,13.945930823089801,11.107437597755071,101.59898485066479,0,0,0,0,0,,5.273555198684167,0.025576615665677094
single_walled,1,5,520,1,84.94898401217623,3.615622323314338,9.21677731162993,21.423106458034553,9.21677731162993,108.94672056661699,0,0,0,0,0,,7.4116421943259025,0.5021694450787851
single_walled,1,14,1429,1,191.5944959010945,3.4036907840602786,13.841766357697795,23.789509487385534,13.841766357697795,105.70552359924024,0,0,0,0,0,,3.0745272051532537,0.3560173555606303
single_walled,1,15,1530,1,129.90933089848153,3.227639008233396,11.397777454332118,23.76910771550022,11.397777454332118,102.93548383222473,0,0,0,0,0,,2.4625099586771833,0.3669787622744919
single_walled,1,12,1227,1,99.86666271650888,4.041379153559568,9.9933309119887,13.138472768932782,9.9933309119887,115.18274674668267,0,0,0,0,0,,4.874397452350528,0.026490066225165563
single_walled,1,13,1328,1,75.0835729145442,0.0323478006313352,8.665077778909097,11.241430927057424,8.665077778909097,10.304929175955607,0,0,0,0,0,,6.40587787183347,0.41630509248686914
single_walled,1,2,217,1,337.11225424851494,3.6021462048164588,18.36061693540048,21.686560753581134,18.36061693540048,108.7434983566474,0,0,0,0,0,,4.227837300633302,0.33181091573418586
single_walled,1,3,318,1,99.89129733643134,5.182838056372267,9.9945633889846,11.390087273809193,9.9945633889846,130.43869702868625,0,0,0,0,0,,9.96741539177413,0.0
single_walled,1,8,823,1,134.78977912040705,5.412888745529231,11.60990004782156,14.470786349534308,11.60990004782156,133.30215881871706,0,0,0,0,0,,2.7377643484816416,0.07330440739894953
single_walled,1,9,924,1,99.87243917694249,4.1248612856576194,9.993619923578366,12.74555106553671,9.993619923578366,116.36632168060672,0,0,0,0,0,,4.570034349883717,0.02671842886503768
single_walled,1,24,2439,1,118.70684833081077,3.1878830498205923,10.895267244579674,23.673034623586943,10.895267244579674,102.29957340598173,0,0,0,0,0,,3.8340489875015558,0.3603562457182005
single_walled,1,25,2540,1,197.52024332996848,3.428672920805353,14.05418952945948,23.740563920474216,14.05418952945948,106.09273884924042,0,0,0,0,0,,3.602887818801346,0.35282027860242066
single_walled,1,20,2035,1,214.2476714418291,3.4630922166622202,14.637201626056434,23.62040459636862,14.637201626056434,106.62392376729991,0,0,0,0,0,,2.310243492814695,0.3507650148435716
single_walled,1,21,2136,1,173.16159672286298,9.421964959600114,13.159087989783448,14.12428668379682,13.159087989783448,175.87065246641748,0,0,0,0,0,,2.4035075070417444,0.057775747887645584
single_walled,1,26,2641,1,99.87390219826877,4.616784049236144,9.993693121077351,11.13183370444599,9.993693121077351,123.10973963690016,0,0,0,0,0,,3.7310035542045576,0.038136560858643524
single_walled,1,27,2742,1,99.89868231422444,4.857801358407376,9.994932831901595,13.557171923267726,9.994932831901595,126.28230733747071,0,0,0,0,1,,1.6981129434581248,0.47727791733272434
single_walled,1,10,1025,1,102.96665519733617,9.380381002607674,10.147248651596952,16.6403232115899,10.147248651596952,175.48211966149145,0,0,0,0,0,,8.657313159739267,0.0
single_walled,1,11,1126,1,121.27028981957669,6.728677484021134,11.012279047480439,13.83198973093116,11.012279047480439,148.6235014112022,0,0,0,0,0,,9.674871214757145,0.3350079926923955
single_walled,1,18,1833,1,99.89948223466547,4.954014740582552,9.994972848120472,10.003733337136497,9.994972848120472,127.52674640418057,0,0,0,0,0,,5.769995463261621,0.0
single_walled,1,19,1934,1,93.56570145789892,6.4699122246807566,9.672936547806923,9.475837311177017,9.672936547806923,145.73767164052197,0,0,0,0,0,,2.0894058931516204,0.21671614523863897
single_walled,1,0,15,1,74.14690081579131,5.388310262506518,8.610859470214997,13.415876713675651,8.610859470214997,132.99916971767095,0,0,0,0,0,,7.375737084955298,0.30577757478876455
single_walled,1,1,116,1,89.75350731289974,3.4540945090053414,9.473832767834766,20.84393959903302,9.473832767834766,106.48532005728974,0,0,0,0,0,,7.4790902023137695,0.0
single_walled,1,16,1631,1,99.89240648785304,5.069849052759264,9.994618876568182,10.126685187704291,9.994618876568182,129.00904101650838,0,0,0,0,0,,9.669873718396689,0.0
single_walled,1,17,1732,1,100.17437284506688,3.4954701997385147,10.008714844827326,10.009050342061077,10.008714844827326,107.12120130010872,0,0,0,0,0,,6.218079353610087,0.3927837405800411
single_walled,1,22,2237,1,123.72546445506903,5.413475121688785,11.123194885241785,14.993626582717907,11.123194885241785,133.30937890902703,0,0,0,0,0,,5.359704575039299,0.05457867092943595
single_walled,1,23,2338,1,99.89557237233828,4.45678099361725,9.994777254763523,15.064775478508507,9.994777254763523,120.95763285737017,1,0,1,0,0,,0.39717799785347574,0.41630509248686914
single_walled,1,28,2843,1,221.2283408037888,3.5786449156606848,14.87374669690824,10.43655734606826,14.87374669690824,108.38818318233837,0,0,0,0,0,,2.2698565545343867,0.22014158483672072
single_walled,1,29,2944,1,147.13430335518322,6.238964571414668,12.129892965528724,14.430162887881227,12.129892965528724,143.1129362166061,0,0,0,0,0,,2.585843137161819,0.06919387988125143
single_walled,1,44,4459,1,84.42948166060849,8.425952519660417,9.188551662836124,17.41236557051016,9.188551662836124,166.31527421267918,0,0,0,0,0,,6.963847255219668,0.20621146380452157
single_walled,1,45,4560,1,108.77984685862013,9.583395664494306,10.429757756468753,13.637096299004462,10.429757756468753,177.37088865447149,0,0,0,0,0,,7.934283677050472,0.0
single_walled,1,30,3045,1,270.6710695319661,3.484930415027007,16.452084048289024,23.13907359643552,16.452084048289024,106.95957972897855,0,0,0,0,0,,4.297467538468557,0.3576158940397351
single_walled,1,31,3146,1,386.7046755843571,3.5522105557955777,19.66480804850017,20.625188923846554,19.66480804850017,107.98712594168097,0,0,0,0,0,,2.5664420051844488,0.3334094542132907
single_walled,1,46,4661,1,99.86659652726965,3.931961014388356,9.993327600317606,13.043464790969944,9.993327600317606,113.6127923520618,0,0,0,0,0,,3.8442990587555608,0.04430235213519068
single_walled,1,47,4762,1,171.15651497001,8.860389737829472,13.082679961308004,14.234424073122886,13.082679961308004,170.54894809093804,0,0,0,0,0,,2.147061917677392,0.057775747887645584
single_walled,1,34,3449,1,172.07923858652256,9.141512179272977,13.117897643544966,13.990027307704802,13.117897643544966,173.23340968423796,0,0,0,0,0,,2.5181428009290454,0.055948846768668646
single_walled,1,35,3550,1,112.50104612003804,2.5028447874895297,10.606651032255094,20.362785454183314,10.606651032255094,90.64411046209467,0,0,0,0,0,,8.713335633967173,0.5101621374743092
single_walled,1,40,4055,1,119.43995297948351,3.015709694130362,10.928858722642703,23.72602873549094,10.928858722642703,99.49869815069505,0,0,0,0,0,,2.583183195145868,0.40694222425211235
single_walled,1,41,4156,1,99.89637143503741,2.474346049072793,9.99481722869595,13.557354221308541,9.99481722869595,90.12657167574186,0,0,0,0,0,,3.6517501540501245,0.051381593971226304
single_walled,1,48,4863,1,151.02758753860002,6.53639875603324,12.289328197204272,14.41587232909205,12.289328197204272,146.48457714897765,0,0,0,0,0,,2.5019285753940435,0.06782370404201872
single_walled,1,49,4964,1,181.81481050964518,3.4120964198092083,13.483872237218995,23.789820542699967,13.483872237218995,105.83596644714879,0,0,0,0,0,,2.020327660819077,0.35007992692395523
single_walled,1,38,3853,1,66.62027175414332,0.7544346605337106,8.162124218250009,11.57515103130055,8.162124218250009,49.76608176528487,0,0,0,0,0,,7.622598261229727,0.0
single_walled,1,39,3954,1,238.79768964215188,3.462580750052718,15.453080263887582,23.463071093191164,15.453080263887582,106.61604979411632,0,0,0,0,0,,2.644904099263842,0.35738753139986296
single_walled,1,42,4257,1,99.87060786453152,4.082464326263434,9.993528299080937,12.76332523751898,9.993528299080937,115.76674744482553,0,0,0,0,0,,3.838243440008528,0.03996346197762046
single_walled,1,43,4358,1,100.1774672142352,5.069157783645437,10.008869427374663,10.031419823297536,10.008869427374663,129.00024558644336,0,0,0,0,0,,6.630820283518363,0.2829413108015529
single_walled,1,36,3651,1,248.25909379488388,3.3698055629747237,15.756239836803827,23.45951946510674,15.756239836803827,105.17803525659872,0,0,0,0,0,,5.856415486156164,0.05275176981045901
single_walled,1,37,3752,1,150.30548503557614,0.36252505955411163,12.259913745030026,10.975223316063067,12.259913745030026,34.49781975056718,0,0,0,0,0,,2.6448668674111606,0.6588262160310573
single_walled,1,32,3247,1,141.1662337504192,6.062052865017595,11.881339728768772,11.013036113896918,11.881339728768772,141.06929375093168,0,0,0,0,0,,3.121758929716351,0.0
single_walled,1,33,3348,1,99.87369830047638,4.144760132149263,9.993682919748673,12.53908706022405,9.993682919748673,116.6466668237679,0,0,0,0,0,,2.647379249072912,0.043388901575702216
single_walled,2,0,22,1,173.26083347044846,6.951233155711926,9.278769810374001,13.53248916243621,9.278769810374001,104.2543903620867,0,0,0,0,0,9.43000759199167,8.547437094494132,0.2210550353962092
single_walled,2,1,123,1,173.7107553591764,7.109565698149295,9.291860646931204,13.989471736352103,9.291860646931204,105.53868868866245,0,0,0,0,0,7.881922905473146,8.57303980861373,0.28762274491893125
single_walled,2,2,224,1,410.4630616274436,8.909838611863115,14.078121624920279,20.78430719330696,14.078121624920279,120.84733614822177,0,0,0,0,0,2.9187813886790166,7.54629768561126,0.19034026033340945
single_walled,2,3,325,1,249.2290372429593,8.493213946676672,11.124976679487865,14.198353933642178,11.124976679487865,116.69446618888661,0,0,0,0,0,9.002483022627656,7.923190989053054,0.17892212833980362
single_walled,2,4,426,1,160.58105665646104,12.307824454550602,8.892328275201455,13.594150656662821,8.892328275201455,139.89596499383862,0,0,0,0,0,6.635364609086988,7.080205572612874,0.1847453756565426
single_walled,2,5,527,1,464.9207145078118,14.14748220460259,15.069602247987813,15.729727806158445,15.069602247987813,149.4564765945234,0,0,0,0,0,7.185913822006317,2.9197552927860446,0.17115779858415164
single_walled,2,8,830,1,295.81178954887594,6.399527029781769,12.1121722253964,14.420520423393553,12.1121722253964,102.1819148994087,0,0,0,0,0,8.856808249254028,6.336098143407032,0.22482301895409912
single_walled,2,9,931,1,277.3058552834113,5.8362403037321275,11.440765837957393,16.550851245238313,11.440765837957393,93.03371446116073,0,0,0,1,0,6.141700995261636,6.147550248712535,0.238296414706554
single_walled,2,6,628,1,251.55468780175056,6.624225435407833,11.214472950395526,14.637338727179314,11.214472950395526,104.20098093638948,0,0,0,0,0,7.155878781450139,9.298053775592745,0.1902260790134734
single_walled,2,7,729,1,275.5819101953456,12.766495079647884,10.938609109614932,19.3301178074035,10.938609109614932,144.16726148247986,0,0,0,0,0,8.827773528982183,4.052860698955177,0.21329070564055722
single_walled,2,12,1234,1,307.127581931332,7.360833495015798,12.071533527329835,11.87693376167157,12.071533527329835,109.33468961033601,0,0,0,1,0,2.2476751211522767,8.97930684764047,0.25953414021466087
single_walled,2,13,1335,1,144.87566128774563,0.28538229518799285,8.351663667891167,10.067853827776162,8.351663667891167,21.413921999746233,0,0,0,0,0,6.438996624603704,5.812847088022149,0.2064398264443937
single_walled,2,20,2042,1,660.1134420874928,8.847807382035628,16.831758327972107,18.811076929607044,16.831758327972107,120.33830486821816,0,0,0,0,0,7.250213976423456,7.939106016083439,0.06325645124457639
single_walled,2,21,2143,1,216.42830938950632,11.56333130154224,9.71010700562924,18.139895693823917,9.71010700562924,134.6367890676961,0,0,0,0,0,11.151285066572166,3.509810875792919,0.3658369490751313
single_walled,2,22,2244,1,276.0905879729402,11.829080297364918,10.703150375847523,17.16326258543641,10.703150375847523,137.60324824114457,0,0,0,0,0,4.393771802428275,3.1076564957604824,0.2955012559945193
single_walled,2,23,2345,1,279.19228984175265,10.850409727643191,11.656039940467217,18.020676791137905,11.656039940467217,131.87140124967272,0,0,0,0,0,7.633520731523537,1.7398457701128822,0.25565197533683487
single_walled,2,10,1032,1,176.57253843704757,5.994565272271103,9.374571682435484,13.87507323999288,9.374571682435484,95.91617777850203,0,0,0,0,0,1.8176082374241767,8.739217458869984,0.20164421100707924
single_walled,2,11,1133,1,188.02252087805846,3.1605122721684316,9.587377735887303,16.444731391037557,9.587377735887303,71.91897163296642,0,0,0,0,0,9.049656447421743,8.140502278758499,0.18680063941539163
single_walled,2,14,1436,1,241.6425261622445,5.8359655439276015,9.899190528473914,17.365394534612744,9.899190528473914,97.7562939898939,0,0,0,0,0,2.3906402248384633,5.1213992017106165,0.21751541447819137
single_walled,2,15,1537,1,398.1647006014372,6.74537361658678,13.40140791707258,19.669194398283462,13.40140791707258,104.95969921974704,0,0,0,0,0,8.718111074292159,7.054905971226331,0.12468600137017584
single_walled,2,28,2850,1,414.4584414501071,14.547079822477013,14.140484143202885,15.526599435944735,14.140484143202885,154.49906040099648,0,0,0,1,0,6.920563386049089,2.7619934747958417,0.14695135875770723
single_walled,2,29,2951,1,82.41795144345323,4.9551157266209005,6.090851291278707,10.929411053014636,6.090851291278707,83.65021980945261,0,0,0,0,0,9.667796929315791,1.3537094591481778,0.23863895866636217
single_walled,2,24,2446,1,510.9595884663692,7.873015691835699,15.16672105492319,17.51961044379787,15.16672105492319,113.54159217844185,0,0,0,0,0,5.946034301413777,3.7902133509594087,0.19285224937200274
single_walled,2,25,2547,1,2213.205887150079,8.711510301183043,29.949039988724586,27.392568965947795,29.949039988724586,118.58545351975732,0,0,0,1,0,1.2310168757659299,3.9541423590136153,0.29538707467458325
single_walled,2,26,2648,1,102.50032101193543,8.254508749522259,6.422054436284628,13.010009805403207,6.422054436284628,116.33698503369695,0,0,0,0,0,9.91962735077851,3.2586105339268436,0.0
single_walled,2,27,2749,1,223.9799892989609,7.170857131701469,10.567005139271274,11.437312815126806,10.567005139271274,107.36762171848116,0,0,0,0,0,9.991831664637754,3.7202465372733418,0.1918246174925782
single_walled,2,18,1840,1,250.40062674078848,13.628484095122687,10.73810159462871,18.26249368888396,10.73810159462871,146.80105125409375,0,0,0,0,0,9.362669790443624,2.14161617908734,0.18371774377711805
single_walled,2,19,1941,1,692.7894439684194,12.318909584030841,17.17157156857755,11.537122884996817,17.17157156857755,139.82856528251318,0,0,0,0,0,3.992656874646429,3.3461618042841526,0.17857958437999544
single_walled,2,16,1638,1,243.93031336487064,5.538369614305626,10.998018760894977,14.219645623998032,10.998018760894977,95.24311955825205,0,0,0,0,0,2.7837050060114206,6.934037044888391,0.22699246403288423
single_walled,2,17,1739,1,112.66096090128043,6.738174092061236,5.544906215498275,16.042616365208843,5.544906215498275,105.12426950276794,1,0,1,0,0,11.02908914204868,0.15934240363528665,0.17823704042018726
single_walled,2,32,3254,1,490.23983078398913,7.701553024203555,14.875655457553872,16.754935606389864,14.875655457553872,112.35172104281742,0,0,0,0,0,9.470433493429166,3.9051094272728464,0.1657912765471569
single_walled,2,33,3355,1,728.4090931160606,7.535785499563515,18.14449492582818,14.691788913468676,18.14449492582818,102.98757621937669,0,0,0,1,0,3.1530675053517205,3.141083332462806,0.27083809088833066
single_walled,2,30,3052,1,120.33356265439548,4.118300098162727,6.50464627110717,16.104343383296722,6.50464627110717,79.29527882190239,0,0,0,0,0,9.954848107397702,2.27896783859845,0.11041333637816853
single_walled,2,31,3153,1,789.8766917383679,7.235101714046246,18.023721068555478,23.602708247277754,18.023721068555478,108.9630177463718,0,0,0,0,0,4.735712231075953,4.012762495980055,0.21614523863895865
single_walled,2,36,3658,1,124.01435616866058,2.472666921576276,7.874001690038027,10.531207218204184,7.874001690038027,62.61090691930671,0,0,0,0,0,7.9384764471349145,5.572634373654357,0.22288193651518612
single_walled,2,37,3759,1,236.47753844152552,7.593843160901503,10.840766353971784,15.374574336542357,10.840766353971784,111.58549942003725,0,0,0,0,0,9.99544263289747,4.004811358748083,0.22904772779173327
single_walled,2,38,3860,1,761.4317579229534,7.953478416384744,18.861946416073444,23.786704824313567,18.861946416073444,114.25218336265748,0,0,0,0,0,9.695940027848161,2.2940963608668077,0.36275405343685774
single_walled,2,39,3961,1,758.1078164918783,7.408290881428588,18.11138586507362,23.09916718370806,18.11138586507362,108.95312769187666,0,0,0,0,0,8.048986080371556,3.2622084857078786,0.24366293674354875
single_walled,2,34,3456,1,181.57863499913418,6.427011519666836,9.516285127496467,13.807416487103923,9.516285127496467,101.94555628305804,0,0,0,0,0,7.831237338317399,9.03708279887454,0.0
single_walled,2,35,3557,1,405.8690137330277,8.067491132641628,13.743237261189268,16.96341322787446,13.743237261189268,114.86842861738118,0,0,0,0,0,14.328034769161889,2.6300574847342206,0.19410824389129938
single_walled,2,40,4062,1,248.24451930078737,14.91437435025956,11.087356200562574,11.302289726543933,11.087356200562574,154.69604271224267,0,0,0,0,0,7.295339583082761,6.169616590988179,0.22881936515186116
single_walled,2,41,4163,1,2173.9463727494544,11.5521567303726,28.451398869086347,27.90067469549731,28.451398869086347,134.18353864529405,0,0,0,0,0,5.786650148130469,3.543047463527719,0.30132450331125826
single_walled,2,44,4466,1,190.12135522572032,3.6078962327188084,9.74617851425629,15.203314426909705,9.74617851425629,70.03066636740249,0,0,0,0,0,2.6543984317019773,9.452718709266454,0.23430006850879195
single_walled,2,45,4567,1,217.0522323243576,5.688782680686186,10.411354620751716,17.597299145083884,10.411354620751716,96.45124035237762,0,0,0,0,0,5.3722119332813545,7.433763811512363,0.17435487554236126
single_walled,2,42,4264,1,754.1836411864205,9.493437491750388,18.509887755167615,16.169437288408304,18.509887755167615,120.20921966404578,0,0,0,0,0,1.0176369576166315,3.054803462761128,0.23852477734642613
single_walled,2,43,4365,1,209.73401325126537,4.811530635747756,10.18274847677762,11.547012111115235,10.18274847677762,75.67712043374698,0,0,0,0,0,5.709107859633582,2.471398530156866,0.09933774834437085
single_walled,2,48,4870,1,212.3744738063566,4.642784484275347,10.299887451708951,17.691848552231573,10.299887451708951,83.53816990902925,1,0,1,0,0,3.0173680409274946,0.16988147695114764,0.27118063484813887
single_walled,2,49,4971,1,295.30714167890403,9.301812575438307,12.150898195264562,14.242886629654615,12.150898195264562,121.78679483561187,0,0,0,0,0,4.803783394142104,9.48222086035139,0.18782827129481616
single_walled,2,46,4668,1,216.54411368407852,15.103747527438152,10.399280566379712,11.75290739993603,10.399280566379712,156.8643219409181,0,0,0,0,0,2.364392619798229,2.6775279751249657,0.1619091116693309
single_walled,2,47,4769,1,272.03567091616515,10.610922876102586,11.656391499499557,12.144973323335345,11.656391499499557,123.45276340535678,0,0,0,0,0,8.208906822688691,1.9616249471145952,0.11463804521580269
single_walled,3,0,29,1,747.7364135694418,6.413900812765469,15.331421895147022,15.839117461458597,15.331421895147022,70.97587419267514,0,0,0,0,0,7.382530164543044,4.884623585084553,0.19936058460835807
single_walled,3,1,130,1,1001.1954191929466,11.358710595272864,17.35764140004289,18.945071990595846,17.35764140004289,110.44429557006185,0,0,0,0,0,1.0996255701670794,1.4628995983115365,0.27852629976402526
single_walled,3,4,433,1,267.53218617995117,11.507382652405209,8.67269950242965,16.333578874413995,8.67269950242965,109.81997226879105,0,0,0,0,0,8.516230976356976,3.1085910526676264,0.29314150871584077
single_walled,3,5,534,1,2767.810426752688,4.706208325211908,29.838254931664995,21.92954713490624,29.838254931664995,63.08468988041421,0,0,0,0,0,4.999480094893949,5.041940812443741,0.33569308061201186
single_walled,3,6,635,1,488.65107735915774,8.034209657792758,12.036222301559166,15.034406313848,12.036222301559166,87.70715516570668,0,0,0,0,0,4.6523270976274835,3.3095228124347376,0.32412270685849126
single_walled,3,7,736,1,1662.282493789446,17.10225046388993,22.060104746233407,20.73501947564673,22.060104746233407,135.79842379129764,0,1,1,1,0,0.446928205046381,6.122909834128659,0.3120194869452691
single_walled,3,2,231,1,644.18552040655,17.22165912800543,13.38445748172497,27.4347340748835,13.38445748172497,136.04530866532698,0,0,0,0,0,3.711720778919558,3.76886582417307,0.5236355332267641
single_walled,3,3,332,1,538.904120722164,12.651173148057257,13.137086802818905,18.194801181859088,13.137086802818905,117.13129889269779,0,0,0,0,0,2.9367684711086794,3.917756367919191,0.2850726954403593
single_walled,3,8,837,1,1449.6857325291248,12.447090693516362,19.344742778356316,20.813682766085705,19.344742778356316,102.0608865999144,0,0,0,0,0,2.2598329537892816,2.782972251412667,0.2715992996879044
single_walled,3,9,938,1,444.0800611841139,16.445783086900043,11.775036245563186,16.602528210481683,11.775036245563186,132.97301779363488,0,0,0,0,0,8.096926529758433,5.146915122678964,0.3628682347567938
single_walled,3,10,1039,1,501.99436766006875,12.369646584790242,12.679733713234995,17.912560112637287,12.679733713234995,116.15201154189855,0,0,0,0,0,2.6524439781233005,2.3748875929565587,0.3095074979066758
single_walled,3,11,1140,1,549.6872691440135,7.756729211809505,12.869168764665062,17.7243236340148,12.869168764665062,90.38195434352724,0,0,0,0,0,5.152204416706447,7.362710036621833,0.3026566187105123
single_walled,3,12,1241,1,2019.5950605951246,7.984223634218192,22.029847528356395,20.693878650211783,22.029847528356395,85.0006538156688,0,0,0,0,0,2.6020308762684103,3.9639900762422737,0.20742939788383954
single_walled,3,13,1342,1,661.7828913058263,11.104534576948538,14.04777639914125,16.977160020213734,14.04777639914125,109.09372028319274,0,0,0,0,0,1.1533170582829566,3.4546351722631594,0.1707391337443861
single_walled,3,14,1443,1,300.1671372566737,10.233179761753359,10.002782094462303,11.17510969731674,10.002782094462303,86.46213309886741,0,0,0,1,0,1.9376214930304934,7.755371541181243,0.1566567709522722
single_walled,3,15,1544,1,315.32252154494336,7.508234210443964,10.221450550528568,13.246034152243938,10.221450550528568,86.87247226013734,0,1,1,1,0,0.7726756537281557,4.684709265434413,0.15635228743244273
single_walled,3,16,1645,1,610.4217297296959,15.248670997705627,12.895675207357106,20.170747859173503,12.895675207357106,124.85549304242215,0,0,0,0,0,7.556167579072177,2.3967135106215998,0.2936743548755424
single_walled,3,17,1746,1,592.9769483700613,1.5001641729327253,13.421660124263937,15.404851211107541,13.421660124263937,38.60729842726728,0,0,0,1,0,2.1360249350101927,4.92371510791647,0.28020095912308746
single_walled,3,18,1847,1,1183.96395309797,19.79116657303693,19.270871359514175,15.263340942046849,19.270871359514175,143.88540139479858,0,0,0,0,0,1.1397379413343172,2.5283960611495675,0.3021237725508107
single_walled,3,19,1948,1,1690.7377855635432,11.611908924337666,20.76313336929951,21.541486158432395,20.76313336929951,109.87797409857706,0,0,0,0,0,3.6538991396580363,7.34806274737521,0.3853238943442186
single_walled,3,20,2049,1,899.7061582774709,10.643076291914788,15.454154064376644,22.810151478582156,15.454154064376644,107.16650021899056,1,0,1,0,0,3.719499401100746,0.9120785288496213,0.2552333104970693
single_walled,3,21,2150,1,985.6207448516384,13.006529422789622,14.713710544464172,15.112354260454323,14.713710544464172,108.66387954878495,0,0,0,0,0,6.769296660315488,4.544680058067838,0.2749486184060288
single_walled,3,24,2453,1,763.5137048485839,4.224679188951873,15.358979367519709,16.09964598553454,15.358979367519709,66.92671226864253,0,0,0,0,0,3.9908372807898833,2.463800615874057,0.36857730075359674
single_walled,3,25,2554,1,624.1288465722803,2.8050948417013686,13.444490894684963,10.520489620647098,13.444490894684963,50.73491706793512,0,0,0,0,0,7.266692790972674,4.631137293099157,0.3611935753977316
single_walled,3,26,2655,1,1289.388265242257,13.601217644314534,17.41105216973684,19.124185366095837,17.41105216973684,110.83205302680278,0,0,0,0,0,4.691400338342852,2.06593581113032,0.3367587729314151
single_walled,3,27,2756,1,567.0491067600809,15.27950575008927,12.770636709610491,20.56524954092105,12.770636709610491,125.80620574635941,0,0,0,2,0,1.4504027053677382,1.0019825491764092,0.31681510238258354
single_walled,3,22,2251,1,1110.6025286327674,13.432171031013553,17.905980856879964,25.54987707049037,17.905980856879964,121.08242638595381,0,0,0,1,0,4.787825465192994,2.498417702257255,0.318337519981731
single_walled,3,23,2352,1,267.001220750118,4.400734062909425,8.824354445016683,13.392093802308404,8.824354445016683,61.871448387544184,0,1,1,1,0,0.42294950062182574,1.387033273627043,0.16320316662860623
single_walled,3,28,2857,1,197.79747049753152,6.264531619378769,7.276868218427173,16.99075131242256,7.276868218427173,79.59260488884884,0,0,0,0,0,7.710348485056738,1.9769806405756531,0.25972444241455434
single_walled,3,29,2958,1,788.0741374137945,14.113419108683887,14.95421574938961,16.172314040151395,14.95421574938961,121.85674458607913,0,0,0,0,0,4.014238798497765,1.4831721275726157,0.2129862221207277
single_walled,3,30,3059,1,408.7874528514198,14.113460247955086,11.596430747738907,18.771400380474553,11.596430747738907,124.04977172281697,1,0,1,0,0,7.26765608996716,0.34433367884687643,0.32290477277917334
single_walled,3,31,3160,1,387.84554171388163,16.572159500240044,11.28996306927194,17.10907570449537,11.28996306927194,129.70451018078066,0,0,0,0,0,6.745933271029711,4.559444721732626,0.2965669483139225
single_walled,3,38,3867,1,472.89566940378097,10.540942917967815,11.901528995939737,18.265755263501706,11.901528995939737,106.25462559559725,0,0,0,1,0,4.4065264914337865,6.462119228044883,0.16784654030600593
single_walled,3,39,3968,1,408.1097709422142,10.40112206051692,11.501447695610581,12.9854832590052,11.501447695610581,104.72149545450425,0,0,0,1,0,6.502447832666454,8.475691920609991,0.12902489152774607
single_walled,3,34,3463,1,1289.99745448394,5.108461594709659,16.28941818885974,17.865576241148275,16.28941818885974,74.50151695466157,0,0,0,0,1,8.115191907641645,4.599878928992881,0.43716221359518914
single_walled,3,35,3564,1,472.0275383631505,1.7481025700264592,11.50099438537665,15.336691319458753,11.50099438537665,43.70560899730822,0,0,0,0,0,8.543558710709869,4.828827672107419,0.37093704803227523
single_walled,3,36,3665,1,624.2875198213209,10.475852988716827,13.623416051210292,11.788838692960132,13.623416051210292,104.16102988293649,0,0,0,0,0,4.050115986567422,3.4384878972654285,0.39506736697876227
single_walled,3,37,3766,1,722.3128686225222,7.505272537639654,14.285622256790475,14.072107935703414,14.285622256790475,86.88387083452379,0,0,0,0,0,2.7867840209419548,7.919571122910158,0.24442414554312247
single_walled,3,32,3261,1,496.688033425217,12.040849428384274,12.610475512752757,16.6643227071625,12.610475512752757,95.22489913602409,0,0,0,0,0,1.1875509702789142,3.966017780414948,0.28986831087767373
single_walled,3,33,3362,1,1640.5245841553224,17.996082878527147,17.787148244692442,22.499896533222504,17.787148244692442,136.3505421430389,0,0,0,0,0,2.348090405118696,3.946732338571456,0.4262769277612849
single_walled,3,46,4675,1,518.1641030263986,7.541992176781484,12.608707142118616,14.887824873914182,12.608707142118616,90.78769996327078,0,0,0,0,0,5.609465098121964,3.4329618829553996,0.21976098043693384
single_walled,3,47,4776,1,803.0320404258406,6.954186335452898,15.851091199259072,11.692399175577389,15.851091199259072,72.57324850068055,0,0,0,1,0,5.71063642068573,2.0356739064669167,0.18870366141432596
single_walled,3,40,4069,1,279.28073074943177,9.679868227167445,9.628946134227375,13.289098250582976,9.628946134227375,99.51294775840677,0,0,0,0,0,8.108270078184905,1.6199569850549893,0.31514044302352134
single_walled,3,41,4170,1,510.14924608479464,7.509454665873758,12.795496946283173,14.113207268540393,12.795496946283173,82.63526938892186,0,0,0,0,0,3.8246143326582853,1.2284588238718297,0.3568546852401614
single_walled,3,42,4271,1,553.6489998524619,10.219541096677258,12.725454392858628,12.991789998699874,12.725454392858628,88.97224169802628,0,0,0,1,0,4.920066723667665,3.0463339935468325,0.25272132145847603
single_walled,3,43,4372,1,597.6031293125064,9.44748678770421,14.024442662673968,11.018787466868691,14.024442662673968,90.7371557357513,0,0,0,0,0,3.760864241171172,6.989089632898762,0.3312019486945269
single_walled,3,48,4877,1,772.6473056641332,12.213169536293584,15.478183442250284,21.041908184272586,15.478183442250284,114.21073766959444,0,0,0,0,0,9.049523781234631,5.426294183201227,0.25157950825911546
single_walled,3,49,4978,1,725.4136265303173,11.848049941948608,14.828720349058829,20.43536152031054,14.828720349058829,108.75000248348016,0,0,0,0,0,5.508479265429524,2.838882425258423,0.4015376417751389
single_walled,3,44,4473,1,894.3473154144298,7.626005379332998,15.214599527248032,15.443307915198448,15.214599527248032,82.30896071912696,0,0,0,0,0,4.1128547124531165,6.405581022799558,0.3180330364619015
single_walled,3,45,4574,1,1236.178489381991,19.153790444450138,17.385852478163724,27.230655085383273,17.385852478163724,143.20077578942804,0,0,0,0,0,3.66804897648327,4.952724972891613,0.5572809621679227
single_walled,5,0,43,1,866.4063786111715,17.620045609069408,12.457005642051993,17.91756801940978,12.457005642051993,99.82052531876207,0,0,0,2,0,1.8044094261502002,6.617046711181668,0.2823932404658598
single_walled,5,1,144,1,1315.2701671298682,31.991152464592584,15.797406094174296,11.271875489072828,15.797406094174296,141.7523242670498,0,0,0,2,0,2.6886693882486257,4.10642031598002,0.3397122630737611
single_walled,5,4,447,1,1386.1564009125686,27.880748852269242,15.822742462926408,16.91190673653047,15.822742462926408,133.72548292695544,0,1,1,3,0,0.9091345590897627,3.5651401778239777,0.3247773464261247
single_walled,5,5,548,1,1234.5443932009755,17.91765325731783,14.786527570037524,16.413289817403875,14.786527570037524,105.17374088722056,0,0,0,2,0,1.83849265088361,5.49644365184149,0.22183146837177437
single_walled,5,8,851,1,1638.7908202650706,23.114833006746917,17.260800704207178,21.43791729388439,17.260800704207178,117.74759138751085,0,1,1,0,0,0.01040998498775304,1.5108238754967704,0.38332952728933545
single_walled,5,9,952,1,1415.831364934704,25.69151675610055,15.048716059195446,17.970009057465234,15.048716059195446,127.71019308346054,0,0,0,1,0,2.1196983100413362,7.433363137042757,0.25928294131080154
single_walled,5,2,245,1,1028.5660625925996,21.533252879856917,12.862976882689983,20.238964235793734,12.862976882689983,118.60665952352579,0,0,0,2,0,3.29525339715717,2.7136855812836953,0.4405115323133135
single_walled,5,3,346,1,1864.0594839184994,22.316630666445935,16.912411715577175,15.638453236615034,16.912411715577175,109.29164515767877,0,1,1,2,0,0.51045970745203,4.4304092187447335,0.33331810915734184
single_walled,5,6,649,1,1575.4868262842638,23.962223665168366,16.446414431806193,22.791991538524837,16.446414431806193,120.92054975250394,0,0,0,0,0,1.0190313116186065,1.1401148163887795,0.36633934688284997
single_walled,5,7,750,1,982.1214796556949,13.99282525930279,13.114643162745,13.283078886492305,13.114643162745,85.9087104643074,0,0,0,2,0,1.3998214197355885,5.9578106079360795,0.4241150947704955
single_walled,5,14,1457,1,967.1657783318791,25.915406401417247,12.97233302973955,14.19838669474262,12.97233302973955,119.611816483171,0,0,0,0,0,4.874222312537238,2.306934709983635,0.3405800411052752
single_walled,5,15,1558,1,1480.9295002773463,21.951850310794995,14.71485133568012,20.531065114849046,14.71485133568012,119.23171252155348,0,0,0,0,0,2.1084449240064087,3.0365989574904058,0.3388901575702215
single_walled,5,12,1255,1,3646.7576020167894,26.652597354529355,21.465405846599907,22.431675023301437,21.465405846599907,130.08081230600854,0,1,1,3,0,0.5727075958246155,3.281485478827055,0.24603790819821877
single_walled,5,13,1356,1,971.2139666713135,22.165783927500573,13.085480197347959,22.194952716799698,13.085480197347959,113.43676705488409,0,0,0,0,0,3.396954462265955,2.8282596557817534,0.36962776889700844
single_walled,5,10,1053,1,1144.2456702825666,26.85229709135759,13.815663972638214,16.499641084960167,13.815663972638214,129.11750735778438,0,0,0,1,0,3.2169623929692266,5.7635529331845605,0.32820278602420644
single_walled,5,11,1154,1,4301.717416992972,19.36972668004689,26.12023845016183,23.98197493437805,26.12023845016183,104.82322992578034,0,0,0,1,0,1.3910581045040984,2.2202135230458833,0.5179721397579357
single_walled,5,18,1861,1,1242.5737471762527,19.428026360308618,14.460951141252826,20.888188980335592,14.460951141252826,110.92352995587346,0,0,0,1,0,1.772025192062989,3.067168900449811,0.3028545329984015
single_walled,5,19,1962,1,1604.5364659111929,14.372124102496969,16.7467556516254,20.297048999810237,16.7467556516254,92.16849928865497,0,1,1,0,0,0.906679682078732,1.5858793207334578,0.3421329070564056
single_walled,5,16,1659,1,1506.0088348221288,23.438501501889625,16.35250124185782,19.243160822157275,16.35250124185782,122.23968112061189,0,0,0,0,0,2.9333170461196563,5.033017430916772,0.2470883763416305
single_walled,5,17,1760,1,1935.2658724664002,27.827981880533404,19.25062092934592,19.660255389470837,19.25062092934592,133.471855616158,0,0,0,0,0,1.1575166003251947,1.787710849825028,0.32559945192966433
single_walled,5,26,2669,1,2214.8310390199586,26.891181084313715,18.78842210931129,20.30091957162466,18.78842210931129,122.5887660702585,0,0,0,2,0,1.1687849583371517,2.8201858951486094,0.2868234756793789
single_walled,5,27,2770,1,1253.1134090058836,12.843681302947722,14.262491899634195,17.13204533859374,14.262491899634195,90.23654266193633,0,0,0,0,0,6.26028873707383,3.4266990412142246,0.32939027175154145
single_walled,5,28,2871,1,863.9473430170259,33.028619048545785,12.535011229692138,19.1513663294047,12.535011229692138,146.53802362037925,0,0,0,1,0,1.812861284977647,7.64723602918165,0.3050924868691482
single_walled,5,29,2972,1,1219.133291492464,17.108131601560274,14.694313571441455,14.052024493157711,14.694313571441455,101.69222629918951,0,0,0,1,0,4.289776365299121,3.462937270420732,0.3146380452158027
single_walled,5,20,2063,1,689.1987869796455,20.775443140181117,11.397102208938323,16.44892282735593,11.397102208938323,106.49319286278566,0,0,0,2,0,2.0364728124627143,4.046983620356722,0.28527060972824847
single_walled,5,21,2164,1,1276.464851594578,39.65910856514556,15.031073324054248,19.26922104739037,15.031073324054248,160.97897377875466,0,0,0,0,0,1.3332111046906008,4.796431722721216,0.4733957524548984
single_walled,5,24,2467,1,1709.3487425935489,23.270955369079537,15.782900392924025,16.343444358930604,15.782900392924025,110.05060051027826,1,0,1,0,1,3.3161425723526574,0.8396989634501812,0.3693080612011875
single_walled,5,25,2568,1,1832.9102203056507,13.524421685770916,16.27034335222006,15.007467389744383,16.27034335222006,81.26195140557616,0,0,0,5,0,1.1328927578807597,1.326088007974756,0.3533226764101393
single_walled,5,22,2265,1,1051.042416525625,19.017314621007998,12.896455974113763,14.717884705010475,12.896455974113763,104.50281342704088,1,0,1,1,0,2.207708917886862,0.3950830159181059,0.15012559945192966
single_walled,5,23,2366,1,809.9104017877484,12.014571461757566,12.109658087758511,16.48231212618554,12.109658087758511,87.90363604744023,1,0,1,1,0,4.431462939974134,0.913808967355043,0.2474080840374515
single_walled,5,30,3073,1,475.97551433009386,12.073934274303634,9.075726173638191,15.106031109009031,9.075726173638191,87.2755480318767,1,0,1,1,0,2.0933351542456013,0.43663825424349173,0.3514957752911624
single_walled,5,31,3174,1,2016.1224764993567,19.01837657629506,18.38475118630236,18.689023557116936,18.38475118630236,105.69647144833914,0,0,0,0,0,3.9948652241195686,2.739403123424292,0.42845398492806575
single_walled,5,34,3477,1,1551.5481699445672,10.216879551746054,14.128453210241418,19.71180510135656,14.128453210241418,75.91775741193187,0,3,1,3,1,0.4592351466110077,1.38642630267768,0.49755651975336834
single_walled,5,35,3578,1,1757.7312132786703,30.651141779113978,17.315163609408195,18.01113489990467,17.315163609408195,140.11221219693886,0,1,1,2,0,0.8552880943894807,2.3760097512202094,0.377346426124686
single_walled,5,32,3275,1,3369.874169189498,8.529352170669078,21.59145525858537,22.62029534823616,21.59145525858537,66.12080462291784,0,1,1,1,0,0.12451941686716235,3.3982037575116593,0.39360584608358073
single_walled,5,33,3376,1,1946.9414537397515,17.586829690706313,15.973894345868072,20.98191020427013,15.973894345868072,105.68225832651197,0,0,0,0,0,2.9688632393579613,2.816722138115489,0.3439141356474081
single_walled,5,38,3881,1,2348.2208221248743,27.03591699310603,19.32103468042712,17.91067689585251,19.32103468042712,126.06362401253145,0,0,0,0,0,2.721961658442111,1.5445374673751053,0.3354647179721398
single_walled,5,39,3982,1,1731.1818499742194,15.132364744128873,17.079111830584356,18.831434299769704,17.079111830584356,91.1138755964757,0,0,0,0,0,3.4324832249256847,2.7023096383082654,0.34172185430463575
single_walled,5,36,3679,1,1549.8234567490529,18.66043164333535,15.666486299849964,18.210080537274543,15.666486299849964,109.49422400933186,0,1,1,3,0,0.3426677990966342,3.5242224704211544,0.4828042932176296
single_walled,5,37,3780,1,1457.5783534160062,9.552112016488534,16.7841918762264,16.42223990060428,16.7841918762264,77.76945123707114,0,0,0,2,0,2.0157981894069215,4.222399752006718,0.4725736469513588
single_walled,5,40,4083,1,701.6750277866267,19.34959165595209,11.328225685855594,17.819836119264966,11.328225685855594,103.73166395441186,0,0,0,0,0,1.7232942330029153,4.055129040322822,0.41863439141356473
single_walled,5,41,4184,1,1630.94751324225,19.66905649431837,16.65147060276184,17.609160404602783,16.65147060276184,99.94126321723051,0,0,0,0,0,3.1719436944071973,2.560492436973669,0.3052751769810459
single_walled,5,42,4285,1,1229.488285700467,15.565936042069051,14.297504581792442,15.06811285494432,14.297504581792442,96.31003544146918,0,2,1,1,0,0.23387626036729126,3.4325475227034397,0.3208951815482987
single_walled,5,43,4386,1,1750.7344569974098,18.08932265232833,17.33027223445607,18.437061656839912,17.33027223445607,101.90428773732,0,0,0,1,0,3.683966518045422,2.560598889702784,0.20187257364695135
single_walled,5,44,4487,1,1016.3247473798298,14.166927149563426,13.670485056842683,15.678901460237844,13.670485056842683,94.88931307472534,0,0,0,1,0,3.1122400062033506,3.206728321188409,0.1959351450102763
single_walled,5,45,4588,1,1639.8394194129287,8.56245328862517,16.08244679189061,16.97457625394203,16.08244679189061,68.90835830310903,0,0,0,0,0,1.1410327369286626,2.395071691732814,0.3549212148892441
single_walled,5,46,4689,1,1170.9439613084023,27.81709438988692,14.167711859730002,21.926788543401347,14.167711859730002,130.9581302491017,0,0,0,0,0,5.293517428027358,2.547792089514467,0.48540762731217174
single_walled,5,47,4790,1,1408.2753092383348,16.167895319999282,15.15877350897723,17.608103763729087,15.15877350897723,95.48449748784465,0,0,0,0,0,1.333483123264473,4.080911241781755,0.2959123087462891
single_walled,5,48,4891,1,1861.628049636106,15.194064765624375,15.770176081146285,18.871816953580645,15.770176081146285,91.7361445454064,0,0,0,0,0,3.308102274759519,4.598033448192795,0.3849280657684403
single_walled,5,49,4992,1,4802.477020803771,5.16376944531961,27.538898425482625,23.855837408332047,27.538898425482625,48.36802870351621,0,1,1,1,0,0.7827953670491714,1.1619760811642084,0.44982872802009594
single_walled,7,6,663,1,2282.6000313030945,33.176468158327836,16.467854841373413,21.98576125607119,16.467854841373413,121.5810991427404,0,0,0,0,0,4.0893583751142435,3.486873741901542,0.3538642220989789
single_walled,7,7,764,1,2228.9659274015285,19.198418617645224,15.962253548905093,24.371651026557473,15.962253548905093,92.61494307850057,1,0,1,0,0,1.288461744225747,0.19210882883777675,0.4475581509150817
single_walled,7,0,57,1,6139.078166786228,16.8186236066797,25.16997448606486,27.01770684664214,25.16997448606486,75.31727955697339,0,0,0,0,0,1.0257068582007225,3.1396009685827364,0.43698822301242946
single_walled,7,1,158,1,2381.154386220291,41.68560571407929,17.131726343422837,19.50160156458627,17.131726343422837,137.9672060063504,0,0,0,3,0,1.1998144536120883,1.0850265638601813,0.39480638110462274
single_walled,7,4,461,1,2141.6237252715537,21.29948215092337,16.543531431685757,21.44663230598461,16.543531431685757,94.48645731317079,0,0,0,3,0,1.8384951860770098,2.337032934941064,0.45590969888754773
single_walled,7,5,562,1,1302.4461028969872,25.843403853510956,13.063660430178029,14.073202638683727,13.063660430178029,99.40802850992736,2,0,1,0,0,3.164597549378691,0.7247531904270259,0.45075522787329136
single_walled,7,2,259,1,1945.0006806166884,29.4066795815702,15.60545500490902,13.698975073800181,15.60545500490902,114.60441854089774,0,1,1,1,0,0.16875142866959097,3.772617022920288,0.42782109418327735
single_walled,7,3,360,1,2352.9952193224944,15.887031122990471,17.486284969462478,17.585223711197575,17.486284969462478,76.96681544799326,0,3,1,5,0,0.33494165913438556,7.313801729978595,0.4498744005480703
single_walled,7,8,865,1,2098.0392856777007,25.07873220925603,15.338252990064634,21.253494831181772,15.338252990064634,100.57788659720084,1,1,1,0,0,0.8291781593457033,0.8395751025735273,0.5144357811633445
single_walled,7,9,966,1,7416.160139660572,31.42944032159898,29.538759187827168,30.31491549147985,29.538759187827168,116.68645138089808,2,0,1,0,0,1.874672668920005,0.7300189535927005,0.5225263432616709
single_walled,7,10,1067,1,3154.293458757947,15.55346047073117,17.727265195079813,18.531785927156093,17.727265195079813,72.83913936520118,0,0,0,0,0,2.5044792217266107,5.054304300137074,0.4114442305810198
single_walled,7,11,1168,1,3533.8919134224516,33.67571526439993,21.159929328438178,24.866136015024047,21.159929328438178,120.81980122272675,0,0,0,1,0,1.3513428020911595,4.174064174245893,0.5329657782272534
single_walled,7,18,1875,1,1952.9222709526766,20.797448060557247,15.236850023046818,16.236697608936662,15.236850023046818,86.52929761346238,0,1,1,1,0,0.46805535533591636,3.1544882245285235,0.3827684076599354
single_walled,7,19,1976,1,2939.3108601825115,30.19998534750501,18.501281398441098,18.775175001740394,18.501281398441098,108.85865635141327,0,1,1,1,0,0.5793378382706296,2.996878574547826,0.3284833458389065
single_walled,7,14,1471,1,2573.490951272793,30.272774372915023,16.8325354656177,19.11461541954993,16.8325354656177,111.91017130151283,0,1,1,2,0,0.17945071713770797,1.778977498882331,0.3530160180080253
single_walled,7,15,1572,1,1639.5171926151781,19.13835379058375,14.450380412299149,19.21858766441767,14.450380412299149,81.05889715770289,0,0,0,0,0,2.8078393707051106,1.0042079569381708,0.3716438847747366
single_walled,7,12,1269,1,2816.2399165303464,24.501382714630257,17.688319455362407,19.28087321953541,17.688319455362407,98.00606314166829,0,0,0,0,0,3.5158920321021943,2.7650305081089246,0.3444361073956872
single_walled,7,13,1370,1,1841.368126489222,29.138420738265424,14.20076321809741,18.4440010302771,14.20076321809741,116.430139576902,0,1,1,1,0,0.9202518181572721,2.4204770765320487,0.38919518481062215
single_walled,7,20,2077,1,2194.040155544373,24.88080054250195,15.972076733833642,22.146502158120157,15.972076733833642,101.67160106419776,0,1,1,2,0,0.7065558080839545,1.3676837634367935,0.40126578148957687
single_walled,7,21,2178,1,2045.0392480428254,52.65082218353784,15.756053551485232,20.733617100013554,15.756053551485232,156.04103636156955,0,0,0,3,0,1.1242192893256033,1.3554933229434725,0.4612272860731413
single_walled,7,16,1673,1,2457.771010770385,38.99938773590063,16.628027328750544,17.74141267921236,16.628027328750544,129.67885414732973,0,0,0,2,0,1.3731066135960273,1.8586023631252917,0.34978631781554825
single_walled,7,17,1774,1,3263.354135088523,29.333718457820815,18.983068067836463,19.611926303248733,18.983068067836463,114.85091267505548,0,0,0,1,0,2.065934917528386,2.049959399669568,0.3415326395458846
single_walled,7,22,2279,1,2713.7416422695337,20.062380794252505,17.64577366678599,20.43744399672907,17.64577366678599,88.50371067244859,2,0,1,3,0,2.469894727727605,0.011315159241253557,0.44654683065279094
single_walled,7,23,2380,1,2040.155688985828,31.429286272224225,16.253870146364566,17.004870314339975,16.253870146364566,120.58765425061577,0,1,1,2,0,0.6435866340512565,1.3352615785614044,0.3651844843897824
single_walled,7,24,2481,1,5428.160720496715,30.087299010669298,23.140875677653867,27.819496092315045,23.140875677653867,108.85261832918981,1,0,1,0,1,1.7112331901053133,0.7799910622577355,0.575865331288944
single_walled,7,25,2582,1,1639.3280248852018,30.53815632085987,13.977936796286944,15.850225246843861,13.977936796286944,112.48324301022004,1,0,1,0,1,1.2203373344450261,0.9559844020023881,0.4420774475581509
single_walled,7,28,2885,1,1485.982174650571,32.930894652641136,13.396175378818368,19.80315413467137,13.396175378818368,121.37015337005141,0,0,0,1,0,3.668008059531597,4.354587701836582,0.3547776726584674
single_walled,7,29,2986,1,4240.164179476797,29.32006438605164,21.376814742823786,23.736388980602246,21.376814742823786,110.37724293838896,0,0,0,1,0,1.093804524448974,1.221629266001995,0.42185104231233483
single_walled,7,26,2683,1,1297.3341367894473,12.395956607152547,12.908159910149559,16.273273840481366,12.908159910149559,69.78660052934461,0,1,1,1,0,0.13062241787800732,2.152032863829131,0.5003425439598082
single_walled,7,27,2784,1,2804.9408591128276,17.79170270391739,18.142349173786332,20.631370586057333,18.142349173786332,77.60895539650518,0,0,0,3,0,1.0271478769935516,3.283032255023502,0.4821061560043063
single_walled,7,34,3491,1,1761.3078069112662,30.85026357119684,14.752876913425293,12.987839484146088,14.752876913425293,115.79254583711986,2,0,1,2,0,2.184538876487525,0.20750521022443968,0.3540273382703161
single_walled,7,35,3592,1,1909.0976431215854,41.087808324649394,15.58602200971271,19.230226966131298,15.58602200971271,134.83088208459674,1,0,1,2,0,3.370482707399932,0.4010661199446347,0.5193945127719962
single_walled,7,32,3289,1,2211.829718862862,25.165862840256427,16.794379826830415,19.133319713892398,16.794379826830415,101.46477722462723,0,1,1,1,0,0.8051385618754259,3.5844680038019217,0.3547124261899325
single_walled,7,33,3390,1,3855.3945900952313,39.41285701529215,21.63902926379231,22.246476407097404,21.63902926379231,132.56743344735227,0,0,0,0,0,2.5914478980673645,5.613524574917574,0.4162724692526017
single_walled,7,30,3087,1,3578.9708193056035,23.768376487795305,20.847284385232108,24.159721530657382,20.847284385232108,97.52177328293114,0,1,1,1,0,0.9300946039072299,3.0182727892083085,0.4729064039408867
single_walled,7,31,3188,1,3189.428557830205,32.37823144133803,17.479110611122984,19.770682506261313,17.479110611122984,120.31036477837658,1,0,1,3,0,1.9180357143181712,0.31899337089726376,0.4049848301960656
single_walled,7,36,3693,1,1761.6602163501918,38.198350340558044,14.73970959990111,20.521834910757704,14.73970959990111,132.87552886363895,0,2,1,4,0,0.285895616545779,4.776214664167756,0.4255048445502887
single_walled,7,37,3794,1,2034.6853934940523,33.699545976704016,14.880754727457973,18.286668529886775,14.880754727457973,122.73189566550299,0,0,0,1,0,3.8796128313034215,2.914443874849005,0.3867484422405637
single_walled,7,38,3895,1,3799.517823204013,27.30880772381731,19.248637691121182,19.283523544521,19.248637691121182,111.16255352514337,0,0,0,0,0,3.0149109256092106,2.6048796425484553,0.3810719994780283
single_walled,7,39,3996,1,4953.535552489922,30.038393720656366,22.512568582539867,19.336177223184034,22.512568582539867,112.43495448674051,0,0,0,3,0,1.020365617797074,2.3124350057988527,0.37767918311421395
single_walled,7,40,4097,1,1822.7331015967588,16.74045216577096,14.001308230170945,18.738425582863186,14.001308230170945,85.14726480154691,0,0,0,5,0,1.0136984285460797,5.6946785900616455,0.4011679117867745
single_walled,7,41,4198,1,2336.9868641423864,15.272133313825991,16.62905660530638,18.9238424655693,16.62905660530638,75.24672872866086,0,0,0,1,0,2.414135865485845,4.1388757224594785,0.3702410857012364
single_walled,7,46,4703,1,2139.4262146401875,15.452638636509983,15.044283658123092,17.952566858743353,15.044283658123092,82.05608345379163,0,0,0,3,0,2.463856642982798,1.0650896966130177,0.39620918017812284
single_walled,7,47,4804,1,4496.525678007968,17.68086098157505,22.213088795885163,21.376445436538276,22.213088795885163,79.26124273210246,0,0,0,2,0,2.3329752143537106,3.606779953846187,0.4466773235898607
single_walled,7,42,4299,1,1306.51019602772,20.203584500105965,12.992450172749301,18.992844472192687,12.992450172749301,91.5081536986372,0,1,1,2,0,0.3116245165370368,5.234431744722403,0.5178612207614263
single_walled,7,43,4400,1,2372.868736719765,32.94465961777961,16.98262514614867,19.943209486195183,16.98262514614867,119.812942813069,0,0,0,3,0,2.1506438119281572,6.193858143172769,0.35882295370763057
single_walled,7,44,4501,1,3761.0150383909936,27.654364529743404,21.01848289347846,19.748850898694364,21.01848289347846,108.05857882291457,0,0,0,0,0,2.3873002721301044,3.2794081020181416,0.43976119792516233
single_walled,7,45,4602,1,4693.400598237398,23.774115089115075,23.626374820145514,24.90969615705881,23.626374820145514,99.08063446906944,0,0,0,1,0,1.225764317646036,2.045476977588241,0.3373568655596516
single_walled,7,48,4905,1,3610.18617555295,15.917398845418534,20.037188487605242,19.78625918341557,20.037188487605242,75.2431497607944,1,1,1,4,0,0.1839066684088655,0.15881413053632254,0.4909144292565165
single_walled,7,49,5006,1,2093.6807478092023,27.477526050425688,16.671977448690022,19.872137470609786,16.671977448690022,110.44266364837415,0,1,1,1,0,0.23675701618606274,2.725858966597993,0.4621733598668972
single_walled,12,0,92,1,4032.72865779167,42.0949157070914,16.792436747344585,18.936294312185304,16.792436747344585,98.97602622956033,0,1,1,1,1,0.5472748946509519,1.2005996973198259,0.4281038288802619
single_walled,12,1,193,1,5376.360930287263,47.327173057745085,19.526602658776152,20.21859515903332,19.526602658776152,103.0189762968139,0,1,1,3,0,0.3603343011102982,1.6141368081792298,0.45685849128415923
single_walled,12,6,698,1,5753.211915594977,40.80309615745157,19.707450170299747,22.39112875233457,19.707450170299747,95.76323628950955,0,2,1,5,0,0.3553064602581529,1.516518552945834,0.569726726040953
single_walled,12,7,799,1,4966.475239267666,45.67755675656616,18.250997834504368,19.459736283343222,18.250997834504368,93.47297876715693,0,0,0,1,0,1.9928464111903585,2.2620596541922255,0.4890766537261171
single_walled,12,4,496,1,10413.85245699374,45.9581965700516,25.766708307494667,22.309530458750356,25.766708307494667,99.34279384106343,1,3,1,4,0,0.13339973688021217,0.3194367829217956,0.5149958133516024
single_walled,12,5,597,1,5131.682039455777,38.035506907767186,18.79338976642206,20.261297863215063,18.79338976642206,100.00745422474147,0,1,1,7,0,0.7648129080325603,1.2622379563021564,0.4708457029763264
single_walled,12,2,294,1,6097.251100068324,37.50156870755689,20.161127986675076,22.1995791236323,20.161127986675076,90.04220720085641,1,1,1,4,1,0.3802410961797994,0.8929229333808462,0.6006127730836568
single_walled,12,3,395,1,9755.915894393213,54.729149796879945,25.584604115776447,21.411404540316397,25.584604115776447,113.80487544103018,1,2,1,11,0,0.20034493343851822,0.7377119246808787,0.490237497145467
single_walled,12,8,900,1,5955.28689460939,53.14289221110726,20.32039805881583,22.530505583952774,20.32039805881583,107.33828970718103,0,2,1,4,0,0.26005575765721595,3.359612276796824,0.5953223719266195
single_walled,12,9,1001,1,3480.179320786138,36.80256389077762,14.736646327763212,18.807538793764753,14.736646327763212,94.99103789744568,0,2,1,6,0,0.15264134130410237,3.5506129059604348,0.4435944279515871
single_walled,12,10,1102,1,4414.52722604983,34.28252213941208,16.935724829864903,21.699893444639645,16.935724829864903,93.27739937360785,0,2,1,8,0,0.44460444924914283,1.7964510825423254,0.5138540001522418
single_walled,12,11,1203,1,4378.221996886182,47.82900341622893,17.74183313908412,21.62220465470353,17.74183313908412,108.52273188689124,0,1,1,6,0,0.035863880847461234,3.0613612436445505,0.5679759458019334
single_walled,12,16,1708,1,4054.8651798358123,45.638740127869866,16.243944105186703,22.727193148801064,16.243944105186703,110.9824717257773,0,1,1,2,0,0.4494035488626429,1.2961235983798542,0.4877635685468524
single_walled,12,17,1809,1,6557.568005165403,44.887568678716065,19.758531202095796,19.380334401378875,19.758531202095796,105.64134675394065,1,3,1,8,0,0.08567725119463664,0.8329708367200019,0.42051077110451396
single_walled,12,12,1304,1,5458.274985056811,50.68285231994011,19.298855879917074,19.67583218871258,19.298855879917074,113.90580971687912,1,3,1,9,0,0.7653401681676764,0.8649226298513645,0.5152812666514425
single_walled,12,13,1405,1,8229.248151939095,38.298566010399085,23.749564226597823,23.102107959527554,23.749564226597823,93.9262642368584,1,1,1,11,0,0.7785066316654156,0.21997959301266437,0.45857121108320015
single_walled,12,14,1506,1,5608.825102535852,37.25003253640016,19.79974143588348,19.763665953567646,19.79974143588348,94.24493003635048,1,2,1,9,0,0.3326009199764887,0.6844776095861719,0.47914287889168
single_walled,12,15,1607,1,3215.685800428429,67.30201521985339,15.086705686583684,20.733306068705904,15.086705686583684,129.65480455344866,0,1,1,10,0,0.18985898454773034,3.3169454109415275,0.51680368425059
single_walled,12,18,1910,1,7648.379333081532,41.14828843583418,22.616920717705145,22.22652782231102,22.616920717705145,100.36926637529922,2,0,1,5,0,1.3109630892711204,0.34895506482922617,0.549364390652356
single_walled,12,19,2011,1,6475.226259694086,69.65412676205375,21.429395415458586,19.849644113672362,21.429395415458586,136.93904697741058,0,4,1,8,0,0.06520748315907705,3.6082815710637477,0.4201301667047271
single_walled,12,20,2112,1,11444.145040259216,64.85060457354345,27.546478062144516,29.033661187391964,27.546478062144516,122.33887836600435,0,1,1,3,0,0.689475426871218,2.0869956933795084,0.5341211844408922
single_walled,12,21,2213,1,4257.895474507897,47.516788157203194,17.961623447666405,21.298358706806,17.961623447666405,109.35834732959707,1,4,1,12,0,0.3841408631021347,0.18947209769504136,0.4976973433812895
single_walled,12,22,2314,1,3806.902499067759,51.18055860786727,16.250003968547947,20.528909061349808,16.250003968547947,114.2800585502829,0,1,1,6,0,0.4135662412217189,2.0160634071462944,0.5214851183679683
single_walled,12,23,2415,1,5589.134883555949,37.26778615661463,18.381710579853838,20.89186581226473,18.381710579853838,94.84897044024456,0,2,1,4,0,0.8646291461572485,2.686539699963102,0.5262807338052828
single_walled,12,26,2718,1,4520.18728053927,46.10375544096448,17.767686058729637,19.370658725310243,17.767686058729637,104.62313090284725,1,4,1,5,0,0.2009384387302306,0.008708199679048215,0.519525005709066
single_walled,12,27,2819,1,4201.580493529902,43.43670491054091,16.55292315046216,20.32251863432226,16.55292315046216,107.93008719843773,1,3,1,5,0,0.28514922791911457,0.1883377087959264,0.496783892821801
single_walled,12,24,2516,1,6075.937830901726,48.129825111944186,20.232298399783534,24.300348206164333,20.232298399783534,110.23070933566487,0,2,1,7,0,0.007881048130776756,3.5272168598424254,0.5189350688893963
single_walled,12,25,2617,1,6012.915601577984,60.911531749823524,19.97059162579081,21.967611460299572,19.97059162579081,121.4558002809256,0,3,1,4,0,0.1685555905730154,2.80325525393395,0.49252112354418814
single_walled,12,28,2920,1,11176.89709920361,54.606425830249044,26.598232355733888,27.645308221766683,26.598232355733888,116.14032194339978,3,5,1,1,0,0.16346990228928618,0.03913355736871192,0.5212567557280963
single_walled,12,29,3021,1,6343.471589072402,23.021647547502322,19.879973148820966,20.857214439918526,19.879973148820966,70.8767864988917,0,1,1,7,0,0.6525616630776429,2.769207344895203,0.4918550658445612
single_walled,12,30,3122,1,5772.872604515662,51.39620665981961,19.905479900459333,19.327573799294562,19.905479900459333,112.36871350414829,0,2,1,15,0,0.015143883417803717,1.3448119690111233,0.4368386998553703
single_walled,12,31,3223,1,11539.483461823831,64.78572454005841,27.775295652659523,28.90613085050018,27.775295652659523,129.7995260627131,1,1,1,2,0,0.06835818928429283,0.956169192763369,0.5783283854761361
single_walled,12,34,3526,1,10599.07994708472,51.36182856362195,23.523155764072683,23.719743591426703,23.523155764072683,109.62832467769941,2,0,1,2,0,1.742045243492602,0.45123956453441394,0.5267755195250057
single_walled,12,35,3627,1,11489.680291664097,58.04224974858521,26.697591740312404,23.801803243367488,26.697591740312404,118.86587779557944,0,1,1,4,0,0.3285502425932015,2.0850035920799908,0.49332039278374057
single_walled,12,32,3324,1,11275.11658934445,51.08732143191137,26.42440030961784,25.430995614620183,26.42440030961784,112.4022405997751,1,0,1,7,0,1.5571784566416222,0.27853871777399253,0.5407246707771942
single_walled,12,33,3425,1,5229.764062421123,55.35172801933877,18.45816824869492,20.966933636272554,18.45816824869492,119.60741083047101,0,2,1,5,1,0.05584908753102896,1.520396311801256,0.5153954479713786
single_walled,12,36,3728,1,4864.082287899618,60.69802807528438,18.670584414494588,22.395681577968215,18.670584414494588,124.27943540687231,1,1,1,6,0,0.725964740171013,0.8699396991929548,0.5232358986069879
single_walled,12,37,3829,1,6897.623151691469,55.08858402116837,22.378671035881528,22.05797749959769,22.378671035881528,111.42782470062711,0,3,1,2,0,0.055283245215293396,3.443939157046886,0.49265433508411355
single_walled,12,38,3930,1,7149.532225543811,40.11301398343292,21.801952794361032,23.182224932729497,21.801952794361032,99.98124730498914,2,1,1,2,1,0.9813144032560763,0.6468496580697264,0.47815330745223417
single_walled,12,39,4031,1,10174.132695334558,49.362925143521196,26.281302391734272,25.209339534253857,26.281302391734272,99.54094987204026,1,0,1,6,0,1.466480925108059,0.8413970805786212,0.5202291238486717
single_walled,12,46,4738,1,3582.1240732037645,42.51079023607146,16.259847952513535,21.014042397151716,16.259847952513535,103.75692931446427,0,1,1,1,0,0.8559733779345922,1.3926147163204112,0.5147293902717516
single_walled,12,47,4839,1,11092.55723450436,40.9742070416254,25.98593800284186,26.037682683993584,25.98593800284186,99.21061401641894,1,1,1,4,0,0.8902891574953535,0.8057552939198752,0.5871584075511913
single_walled,12,40,4132,1,7172.7399574790215,48.995803258005076,21.69952881197555,19.248140555611823,21.69952881197555,102.46038410540159,0,1,1,1,0,0.7847719209835528,2.063490940823068,0.4495508868082515
single_walled,12,41,4233,1,4959.206281691832,51.51188400077822,18.935872240230086,20.025207732863706,18.935872240230086,112.04547545531868,0,0,0,4,0,1.0610935898243299,3.293981131580767,0.5073076044759077
single_walled,12,42,4334,1,8161.529851439691,29.624503829768006,23.17277343592978,23.306199177253664,23.17277343592978,79.53960559955677,0,0,0,2,0,1.3711018408897582,1.1613369545687733,0.5394115855979296
single_walled,12,43,4435,1,6550.053641850914,69.67249406335142,21.342598565562763,27.977110726682938,21.342598565562763,133.09913992691875,0,3,1,3,0,0.02567426549188471,2.187690335602333,0.5590888330669103
single_walled,12,44,4536,1,3938.4542607583307,48.392256753139655,16.395168182502804,21.167135596816884,16.395168182502804,105.95243201931673,1,2,1,1,0,0.16818948795888328,0.13703397577479,0.5016936895790516
single_walled,12,45,4637,1,7801.4934899083955,44.82015579806555,22.88672204842386,20.457035141675874,22.88672204842386,98.51379757109048,0,1,1,6,0,0.9079289145092202,2.6885978161472925,0.529230417903631
single_walled,12,48,4940,1,7274.737510878097,49.88884612559418,21.651942854077458,21.060849506462148,21.651942854077458,103.82387260657391,0,4,1,4,0,0.002421850391160574,4.321161651985336,0.4847567937885362
single_walled,12,49,5041,1,4243.884711234468,51.37993011631314,16.289882958258598,22.31721328441344,16.289882958258598,117.75085022344807,1,1,1,8,0,0.0041176915089423055,0.23367167566119562,0.5688513359214432
single_walled,20,2,350,1,8826.671931571256,91.0640454436448,18.953620812328037,25.307410774541296,18.953620812328037,110.62738838449798,0,4,1,12,1,0.02893342110861756,1.5510202947037,0.6544530714775063
single_walled,20,3,451,1,7713.867125889188,95.5695031073697,18.303502723876157,22.19190809380488,18.303502723876157,117.92199001699252,0,4,1,15,0,0.034476170012834026,1.6462060767873121,0.5710321991322219
single_walled,20,0,148,1,12478.769429394097,49.0907990081607,22.124228098507146,23.480698758168973,22.124228098507146,70.00663526357819,0,1,1,13,0,0.67470573110134,1.1437209152186265,0.6014615208951816
single_walled,20,1,249,1,23949.351737860983,62.014483282781896,31.578908011852057,26.737136483309246,31.578908011852057,90.8972193674482,1,4,1,19,0,0.13658246743210206,0.3548813260508247,0.5794930349394839
single_walled,20,4,552,1,14811.227340161318,69.79342509025447,25.225959398668103,25.967471277256504,25.225959398668103,89.53780276799492,1,8,1,12,0,0.001813678791312107,0.25332289473979874,0.601564284083124
single_walled,20,5,653,1,14565.194470663324,94.9194399224809,24.12882864277239,26.75965666830951,24.12882864277239,115.87562888971027,1,4,1,9,0,0.05614038946775341,0.868075443046073,0.59148207353277
single_walled,20,8,956,1,16507.720623648216,63.72572707059196,25.71180485950857,25.91997602678103,25.71180485950857,86.86337796359977,0,3,1,18,0,0.14613682572610948,1.0539851669363125,0.558255309431377
single_walled,20,9,1057,1,14043.794834849776,97.28166913766624,24.529170763595225,29.53918223421302,24.529170763595225,114.60059295450264,1,1,1,22,0,0.9262181569895003,0.18287160115694526,0.6437885361954784
single_walled,20,6,754,1,10966.238577544425,84.38059113033621,21.051474316682913,23.022932370978378,21.051474316682913,106.7711304718171,0,3,1,7,0,0.08292712048060542,1.615566651233657,0.5749486184060287
single_walled,20,7,855,1,10365.573960125856,104.33400911702786,19.907106233676064,26.836881759890943,19.907106233676064,126.05713129291385,1,7,1,22,0,0.04343273798108276,0.41792791104190924,0.6896094998858187
single_walled,20,10,1158,1,22211.354417451254,85.62058226448796,28.298528303159497,26.983519592892282,28.298528303159497,109.75080608751405,1,8,1,14,0,0.01050373658484259,0.7553124846308908,0.5775291162365837
single_walled,20,11,1259,1,16345.30825497725,94.59345469446573,23.55922711241585,26.993884382067318,23.55922711241585,110.01591741072477,1,5,1,27,0,0.5001821912197322,0.7558786763297614,0.5939940625713633
single_walled,20,16,1764,1,21910.31319520199,75.29637519230671,28.670594805782706,27.499817276522315,28.670594805782706,101.64607009753081,0,3,1,16,0,0.0034975216768268927,1.876407137930765,0.5643982644439369
single_walled,20,17,1865,1,12090.96207937104,69.373040493679,22.278146021979516,24.844779501833955,22.278146021979516,93.37687612394664,0,5,1,38,0,0.7067041937827548,3.751364095849972,0.5744918931262846
single_walled,20,12,1360,1,13666.447780912713,83.48783728064312,23.019864339628363,25.05877277997221,23.019864339628363,103.29221352482418,2,6,1,6,0,0.16147819089018783,0.5348513496094609,0.607330440739895
single_walled,20,13,1461,1,12130.205175991463,58.40828385594633,22.188140268389994,24.98882591351652,22.188140268389994,85.6242814229955,3,7,1,20,0,0.25137897051620356,0.40293604452418336,0.6235670244348025
single_walled,20,14,1562,1,12755.859577699186,78.32628998411025,21.678979202408886,24.18094072615128,21.678979202408886,101.46225920515941,3,12,1,34,0,0.129348191240339,0.3015082359378212,0.5601164649463348
single_walled,20,15,1663,1,13183.974532176384,105.04914563451445,23.552295415550407,25.974541808565665,23.552295415550407,125.8587981352373,2,9,1,23,0,0.04563147148868074,0.2927305750217058,0.6120347111212605
single_walled,20,18,1966,1,11532.359675801674,78.06796506076383,21.204637005545802,23.830490983818144,21.204637005545802,107.63223221228311,2,4,1,24,0,0.4285573267514645,0.059784115523166106,0.5501941082438913
single_walled,20,19,2067,1,15568.62190662865,78.81202825708888,23.202992556453985,24.327457752146554,23.202992556453985,105.25894628343546,0,7,1,32,0,0.25891228227107416,1.3729316907422913,0.5968485955697648
single_walled,20,22,2370,1,10697.713255181163,96.61533127011104,21.444377762038187,24.625912247433902,21.444377762038187,121.22512789805008,0,6,1,11,0,0.30204074573823725,1.176303586295213,0.663005252340717
single_walled,20,23,2471,1,21994.53587207681,83.46406842602687,28.487101628705005,27.986404588345735,28.487101628705005,106.92090299403836,2,2,1,12,1,0.2984131734729796,0.5021893293762628,0.6364466773235898
single_walled,20,20,2168,1,11834.655660351926,91.70621553034346,21.9551612583108,25.691789593141497,21.9551612583108,116.07955408133007,0,2,1,13,0,0.27322649003382526,1.7338507726228565,0.5955240922585066
single_walled,20,21,2269,1,24207.95264587866,103.68667148652307,31.207143149767273,29.02361613735121,31.207143149767273,121.73149022137345,2,7,1,23,0,0.05771730213328147,0.10223474899722877,0.5461064169901804
single_walled,20,24,2572,1,12765.08994510323,99.07577458314937,22.755647807243598,23.81229851154447,22.755647807243598,121.70633104882499,0,3,1,11,1,0.15932517684616132,1.552839339050679,0.6005023978077186
single_walled,20,25,2673,1,15276.028894843132,86.33074754906238,25.00006544578813,26.295840295973527,25.00006544578813,107.21226391863283,0,4,1,19,0,0.12294588185382264,1.5300431614387613,0.6098081753825074
single_walled,20,26,2774,1,16342.810424269102,66.55146858684196,24.823537171164027,22.82417488174938,24.823537171164027,88.87522622204163,1,4,1,19,0,0.37399861253687733,0.7526751298398696,0.5573418588718886
single_walled,20,27,2875,1,9481.870930476694,93.71506262706227,19.6797546820981,25.215775175287675,19.6797546820981,116.64695551436401,1,3,1,8,0,0.49410088074739567,0.821017194187525,0.5781342772322448
single_walled,20,28,2976,1,17535.34132496542,99.34118494482442,25.814268464888244,25.495989580948436,25.814268464888244,120.91215826818521,1,5,1,17,0,0.14934081181484463,0.037655992225090945,0.5568280429321762
single_walled,20,29,3077,1,16228.161604947414,95.65649056955976,24.73274567938006,26.51660066805866,24.73274567938006,117.55610617955263,1,2,1,13,1,0.09371272904255241,0.2353445293692139,0.5914364010047957
single_open,1,0,15,1,73.91138871635687,5.154451764984111,8.597173298029816,13.544131997526575,8.597173298029816,130.08100162944274,0,0,0,0,0,,7.375737084955298,0.310573190226079
single_open,1,1,116,1,89.75350731289974,3.4540945090053414,9.473832767834766,20.84393959903302,9.473832767834766,106.48532005728974,0,0,0,0,0,,7.4790902023137695,0.0
single_open,1,2,217,1,96.73532205226574,1.428986417233293,9.835411636137337,15.943392311617966,9.835411636137337,68.49150081998485,0,0,0,0,0,,4.227837300633302,0.4096825759305778
single_open,1,3,318,1,99.89129733643134,5.182838056372267,9.9945633889846,11.390087273809193,9.9945633889846,130.43869702868625,0,0,0,0,0,,9.96741539177413,0.0
single_open,1,4,419,1,123.37516998802295,3.1443687571302172,11.107437597755071,13.945930823089801,11.107437597755071,101.59898485066479,0,0,0,0,0,,5.273555198684167,0.025576615665677094
single_open,1,5,520,1,88.63927789172351,3.4040020645418188,9.414843487372666,21.835402558706875,9.414843487372666,105.71035707503295,0,0,0,0,0,,7.4195387732712454,0.5090203242749486
single_open,1,6,621,1,81.05602336610154,3.9098877551202724,9.003111871242162,19.13648895897718,9.003111871242162,113.2934435452555,0,0,0,0,0,,7.917297732195385,0.0
single_open,1,7,722,1,150.63347026373515,6.890596641602547,12.27328278268431,14.589109867704746,12.27328278268431,150.40111173266786,0,0,0,0,0,,4.676389984279042,0.05754738524777346
single_open,1,8,823,1,134.78977912040705,5.412888745529231,11.60990004782156,14.470786349534308,11.60990004782156,133.30215881871706,0,0,0,0,0,,2.7377643484816416,0.07330440739894953
single_open,1,9,924,1,99.87243917694249,4.1248612856576194,9.993619923578366,12.74555106553671,9.993619923578366,116.36632168060672,0,0,0,0,0,,4.570034349883717,0.02671842886503768
single_open,1,10,1025,1,102.96665519733617,9.380381002607674,10.147248651596952,16.6403232115899,10.147248651596952,175.48211966149145,0,0,0,0,0,,8.657313159739267,0.0
single_open,1,11,1126,1,115.4310545505655,8.24444975634524,10.743884518672262,13.981953066615416,10.743884518672262,164.5142304254648,0,0,0,0,0,,9.5358672553108,0.34071705868919844
single_open,1,12,1227,1,99.86666271650888,4.041379153559568,9.9933309119887,13.138472768932782,9.9933309119887,115.18274674668267,0,0,0,0,0,,4.874397452350528,0.026490066225165563
single_open,1,13,1328,1,73.32424106707384,0.048806757029417204,8.562957495344342,11.185072014793581,8.562957495344342,12.657927630526695,0,0,0,0,0,,6.40587787183347,0.41630509248686914
single_open,1,14,1429,1,99.89527012679703,3.3054944059442377,9.994762134578142,14.645829656942528,9.994762134578142,104.16956381670244,0,0,0,0,0,,3.0745272051532537,0.429778488239324
single_open,1,15,1530,1,83.68114406390116,0.6250307145678954,9.147739833636567,13.757658449530796,9.147739833636567,45.29740388516615,0,0,0,0,0,,2.4633158328170284,0.44622059831011646
single_open,1,16,1631,1,99.89240648785304,5.069849052759264,9.994618876568182,10.126685187704291,9.994618876568182,129.00904101650838,0,0,0,0,0,,9.669873718396689,0.0
single_open,1,17,1732,1,100.17416612278299,0.3741255221196096,10.008704517707724,10.016013151177589,10.008704517707724,35.04542252157496,0,0,0,0,0,,6.218079353610087,0.6585978533911852
single_open,1,18,1833,1,99.89948223466547,4.954014740582552,9.994972848120472,10.003733337136497,9.994972848120472,127.52674640418057,0,0,0,0,0,,5.769995463261621,0.0
single_open,1,19,1934,1,269.6543386395708,3.821820594110392,16.421155216353412,20.64844685178409,16.421155216353412,112.01025361524387,0,0,0,0,0,,6.204517535204087,0.4281799497602192
single_open,1,20,2035,1,99.89195306649052,3.217474589082914,9.994596193268166,15.014042829578514,9.994596193268166,102.77327479477735,0,0,0,0,0,,2.310243492814695,0.427723224480475
single_open,1,21,2136,1,173.16159672286298,9.421964959600114,13.159087989783448,14.12428668379682,13.159087989783448,175.87065246641748,0,0,0,0,0,,2.4035075070417444,0.057775747887645584
single_open,1,22,2237,1,123.72546445506903,5.413475121688785,11.123194885241785,14.993626582717907,11.123194885241785,133.30937890902703,0,0,0,0,0,,5.359704575039299,0.05457867092943595
single_open,1,23,2338,1,99.89255359789647,4.352139802189601,9.994626236027862,14.714615387827246,9.994626236027862,119.52921056698601,1,0,1,0,0,,0.39717799785347574,0.4229276090431605
single_open,1,24,2439,1,82.75877211457632,0.6293968076681553,9.097184845575928,13.56827913774397,9.097184845575928,45.45533892613871,0,0,0,0,0,,3.8340489875015558,0.441424982872802
single_open,1,25,2540,1,99.88410594441969,3.2773638446234283,9.994203617318375,14.81652668940031,9.994203617318375,103.72536257072662,0,0,0,0,0,,3.602887818801346,0.429778488239324
single_open,1,26,2641,1,99.87390219826877,4.616784049236144,9.993693121077351,11.13183370444599,9.993693121077351,123.10973963690016,0,0,0,0,0,,3.7310035542045576,0.038136560858643524
single_open,1,27,2742,1,99.89413384733915,4.777931622794143,9.994705290669613,13.760785363129463,9.994705290669613,125.23986694032588,0,0,0,0,1,,1.6981129434581248,0.49828728020095914
single_open,1,28,2843,1,219.99165306374888,3.362070280835572,14.832115596358763,10.435100711514659,14.832115596358763,105.05724947433558,0,0,0,0,0,,2.2698565545343867,0.22014158483672072
single_open,1,29,2944,1,147.13430335518322,6.238964571414668,12.129892965528724,14.430162887881227,12.129892965528724,143.1129362166061,0,0,0,0,0,,2.585843137161819,0.06919387988125143
single_open,1,30,3045,1,99.88331694912655,3.037171699357282,9.994164144595914,15.094263841468575,9.994164144595914,99.85212336613601,0,0,0,0,0,,4.297467538468557,0.4183603562457182
single_open,1,31,3146,1,114.03584985979805,1.0493176136692344,10.678756943567826,15.718941656885063,10.678756943567826,58.69162227552185,0,0,0,0,0,,2.5664420051844488,0.40168988353505364
single_walled,20,32,3380,1,19562.554255357725,103.12080473707469,28.51195151159647,30.868329834483642,28.51195151159647,120.22190523073516,1,5,1,12,0,0.32247512987785726,0.7964670218533634,0.6404772779173328
single_walled,20,33,3481,1,13315.48253191934,94.80860893199836,22.24524603423074,26.87531838955992,22.24524603423074,117.86218736840007,0,4,1,21,0,0.15267285385023707,1.2390504858510862,0.5962662708380909
single_walled,20,30,3178,1,14901.36206022539,69.82961692283118,24.394424243314056,23.924146155753665,24.394424243314056,95.54425607184044,0,4,1,12,0,0.17198503267752432,1.439068758010808,0.5523863895866636
single_walled,20,31,3279,1,14742.98320903083,91.22020840798261,24.60189988617405,30.538605507194788,24.60189988617405,115.73832196652222,0,4,1,10,0,0.47754766371904417,1.4523841327715572,0.6348595569764787
single_open,1,32,3247,1,141.1662337504192,6.062052865017595,11.881339728768772,11.013036113896918,11.881339728768772,141.06929375093168,0,0,0,0,0,,3.121758929716351,0.0
single_open,1,33,3348,1,99.87369830047638,4.144760132149263,9.993682919748673,12.53908706022405,9.993682919748673,116.6466668237679,0,0,0,0,0,,2.647379249072912,0.043388901575702216
single_walled,20,34,3582,1,18899.24109261528,83.70779244984013,26.424320117339533,26.121018082633988,26.424320117339533,111.4399731854691,0,3,1,6,0,0.33974192713179313,1.778532341546346,0.5607558803379767
single_walled,20,35,3683,1,15748.425775432968,64.85329196899067,25.722893293085228,24.860268410896513,25.722893293085228,91.36769850915464,1,1,1,10,0,0.5285569873683259,0.11398899755253566,0.6071363324960036
single_open,1,34,3449,1,172.07923858652256,9.141512179272977,13.117897643544966,13.990027307704802,13.117897643544966,173.23340968423796,0,0,0,0,0,,2.5181428009290454,0.055948846768668646
single_open,1,35,3550,1,127.02396918459951,2.554415748361751,11.270491080010645,20.73155644898326,11.270491080010645,91.57320699468791,0,0,0,0,0,,8.713335633967173,0.5183831925097054
single_open,1,36,3651,1,248.25909379488388,3.3698055629747237,15.756239836803827,23.45951946510674,15.756239836803827,105.17803525659872,0,0,0,0,0,,5.856415486156164,0.05275176981045901
single_open,1,37,3752,1,143.35082056078554,0.36919638532038745,11.972920302114499,10.839785733707432,11.972920302114499,34.813793791127544,0,0,0,0,0,,2.6448668674111606,0.6462662708380909
single_open,1,38,3853,1,66.62027175414332,0.7544346605337106,8.162124218250009,11.57515103130055,8.162124218250009,49.76608176528487,0,0,0,0,0,,7.622598261229727,0.0
single_open,1,39,3954,1,99.89635644537304,3.148399204629052,9.994816478824063,14.930490686462115,9.994816478824063,101.66407871676296,0,0,0,0,0,,2.644904099263842,0.4224708837634163
single_walled,20,36,3784,1,16141.409465365547,59.55370648909916,26.428290122934364,24.984115294189948,26.428290122934364,85.06745980363414,1,2,1,11,0,0.4612666919800443,0.5333668929868163,0.565003425439598
single_walled,20,37,3885,1,11757.288310715718,96.45922669569632,22.185600149865174,26.571625702643477,22.185600149865174,118.82997678169679,0,7,1,10,0,0.02066389418916978,2.7880626801885806,0.5900548070335693
single_open,1,40,4055,1,75.54691622122184,0.6879147247763245,8.691772904374679,12.125824253489116,8.691772904374679,47.521477531346804,0,0,0,0,0,,2.583183195145868,0.4279515871203471
single_open,1,41,4156,1,99.89637143503741,2.474346049072793,9.99481722869595,13.557354221308541,9.99481722869595,90.12657167574186,0,0,0,0,0,,3.6517501540501245,0.051381593971226304
single_walled,20,38,3986,1,19374.404410353796,95.94217188239926,26.961782021058404,27.56125802553847,26.961782021058404,119.6569367849556,1,9,1,13,0,0.1302063272531451,0.3522641382470424,0.5853619547841973
single_walled,20,39,4087,1,15456.234397340575,99.3045213714774,24.633625555556087,23.65330449065357,24.633625555556087,120.00252600201529,0,4,1,23,0,0.02621551660062325,1.7907096051311713,0.5794930349394839
single_open,1,42,4257,1,99.87060786453152,4.082464326263434,9.993528299080937,12.76332523751898,9.993528299080937,115.76674744482553,0,0,0,0,0,,3.838243440008528,0.03996346197762046
single_open,1,43,4358,1,100.30290793681246,7.113140976200753,10.01513394502602,10.01218633209044,10.01513394502602,152.81055056899888,0,0,0,0,0,,6.630820283518363,0.3064626627083809
single_open,1,44,4459,1,83.71866578970804,8.349112552771045,9.149790477913035,17.438014017398913,9.149790477913035,165.55518628300217,0,0,0,0,0,,6.963847255219668,0.2064398264443937
single_open,1,45,4560,1,108.77984685862013,9.583395664494306,10.429757756468753,13.637096299004462,10.429757756468753,177.37088865447149,0,0,0,0,0,,7.934283677050472,0.0
single_open,1,46,4661,1,99.86659652726965,3.931961014388356,9.993327600317606,13.043464790969944,9.993327600317606,113.6127923520618,0,0,0,0,0,,3.8442990587555608,0.04430235213519068
single_open,1,47,4762,1,171.15651497001,8.860389737829472,13.082679961308004,14.234424073122886,13.082679961308004,170.54894809093804,0,0,0,0,0,,2.147061917677392,0.057775747887645584
single_open,1,48,4863,1,151.02758753860002,6.53639875603324,12.289328197204272,14.41587232909205,12.289328197204272,146.48457714897765,0,0,0,0,0,,2.5019285753940435,0.06782370404201872
single_open,1,49,4964,1,99.89533690017971,3.3327345028874253,9.994765474996385,14.776581266509304,9.994765474996385,104.59790623612919,0,0,0,0,0,,2.020327660819077,0.43297556519753366
single_open,2,0,22,1,174.8120790754817,6.409679102881374,9.323969063176923,13.666015511783806,9.323969063176923,99.80048810996288,0,0,0,0,0,9.43000759199167,8.63866588453224,0.22025576615665676
single_open,2,1,123,1,173.88322757556278,6.893976079389706,9.296864779621668,14.132963445128214,9.296864779621668,103.89740599924815,0,0,0,0,0,7.881922905473146,8.582778610303473,0.2877369262388673
single_open,2,2,224,1,410.8638626774361,9.20717377456876,13.994919115958659,20.786852700642196,13.994919115958659,122.452298903652,0,0,0,0,0,2.8394222899446606,7.54629768561126,0.19034026033340945
single_open,2,3,325,1,283.79681977420336,8.00391981261173,11.909117078735141,14.21303795432322,11.909117078735141,109.79182727413959,0,0,0,0,0,9.002483022627656,8.380642942983993,0.17915049097967573
single_open,2,4,426,1,165.78631272060875,11.920988823882906,9.056024049300119,13.62990248685622,9.056024049300119,137.6030302507071,0,0,0,0,0,6.635364609086988,7.137231956583219,0.1886275405343686
single_open,2,5,527,1,468.84405059523374,13.789755236141156,15.141453016432077,15.799978577566586,15.141453016432077,147.33601035273793,0,0,0,0,0,7.323119743371069,2.9197552927860446,0.16716145238638958
single_open,2,6,628,1,154.62471140039784,2.6107681416080384,8.441853189050509,14.387683422054964,8.441853189050509,64.97355093866489,0,0,0,0,0,7.155878781450139,5.98269267482687,0.27780315140443024
single_open,2,7,729,1,143.13781183466452,13.797559533163568,7.895927495715194,14.466883594385235,7.895927495715194,149.4441530446049,0,0,0,0,0,7.742556999713866,4.052860698955177,0.2553094313770267
single_walled,20,40,4188,1,21959.841647570825,78.43520625412289,30.866037776740523,29.815530125212046,30.866037776740523,104.6492528637435,2,5,1,18,0,0.17323762065489662,0.4984894058773876,0.592669559260105
single_walled,20,41,4289,1,12192.955368130193,69.11661449197365,22.49372316921193,27.962671230500874,22.49372316921193,98.53284873226889,1,5,1,17,1,0.4241216737261733,0.14924989056811816,0.6370746745832382
single_walled,20,42,4390,1,12819.152407147278,58.76892206457554,21.64396383301807,25.116025595944503,21.64396383301807,90.48282361806646,2,1,1,13,0,0.12648122194905428,0.21636124232724968,0.5729846997031286
single_walled,20,43,4491,1,14869.325708652575,99.20303665876207,24.331813224598186,26.10691600192959,24.331813224598186,123.0473990024404,0,7,1,16,0,0.10411075756556636,2.9133200571726374,0.5917675268326101
single_open,2,8,830,1,292.3571197562758,6.241131151679041,12.017839270391308,14.505116349036632,12.017839270391308,100.99963160716874,0,0,0,0,0,8.856808249254028,6.336098143407032,0.22950445307147752
single_open,2,9,931,1,197.56951701128003,4.8451667255301345,9.863853785327562,16.452903387402998,9.863853785327562,74.45162797172539,0,0,0,1,0,6.141700995261636,6.147550248712535,0.24937200274035168
single_walled,20,46,4794,1,10208.069377964666,77.57445265933103,20.155957429330847,26.618826841072316,20.155957429330847,104.28036872633629,0,7,1,21,0,0.0001468545591983238,2.8774987437778874,0.6038935830098195
single_walled,20,47,4895,1,11847.814210577786,90.42238974255442,22.405420995776158,22.176726429743475,22.405420995776158,117.78756615135994,2,5,1,8,0,0.012217736901238209,0.5330079339604635,0.5889244119662024
single_open,2,10,1032,1,193.7306838120462,4.196468069950194,9.8405610680041,14.330225477053924,9.8405610680041,78.74437574356227,0,0,0,0,0,1.8176082374241767,9.671150994793766,0.20004567252797442
single_open,2,11,1133,1,188.02252087805846,3.1605122721684316,9.587377735887303,16.444731391037557,9.587377735887303,71.91897163296642,0,0,0,0,0,9.049656447421743,8.140502278758499,0.18680063941539163
single_walled,20,44,4592,1,16179.029728843952,86.17743746388281,24.69477594541263,26.535003997622447,24.69477594541263,106.98489329863901,1,3,1,9,0,0.014204919333918103,0.8174684556851364,0.6054121945649692
single_walled,20,45,4693,1,16430.06340505505,73.20470830143648,24.357809074393664,26.165696238861585,24.357809074393664,95.73618196618727,0,4,1,26,0,0.07910406675893215,2.225999867456265,0.5916875999086549
single_open,2,14,1436,1,292.4281717449398,11.762465151463344,11.356772484656165,17.691062706526616,11.356772484656165,135.8946421902349,0,0,0,0,0,2.3906402248384633,5.279738096127974,0.2251655629139073
single_open,2,15,1537,1,399.62836684374406,6.813372013079354,13.431012429617592,19.63169206918389,13.431012429617592,105.47969804213767,0,0,0,0,0,8.71808125358863,7.055666909727147,0.12457182005023978
single_open,2,12,1234,1,178.5370866203574,1.459296859312806,9.213343142817147,11.565715725431913,9.213343142817147,48.0788759698475,0,0,0,1,0,2.2476751211522767,7.119817063953317,0.2488010961406714
single_open,2,13,1335,1,272.32742369676987,0.7024114939127567,11.479071907926055,10.50538274938742,11.479071907926055,26.07536316566267,0,0,0,0,0,6.438996624603704,5.812847088022149,0.2647864809317196
single_walled,20,48,4996,1,17528.42396669929,54.57111342184782,25.035381659637768,26.605730533131545,25.035381659637768,80.08129503752579,0,1,1,7,0,0.7041150749626532,1.0286289067791994,0.6218771408997488
single_walled,20,49,5097,1,16777.662751134514,68.63410253851875,24.804793451806393,25.66532397690417,24.804793451806393,92.67661770567692,0,6,1,26,0,0.2919815512109009,1.4688167351009116,0.5864466773235899
single_open,2,16,1638,1,253.86047973576325,5.731084347731945,11.201225503897568,14.480699275707083,11.201225503897568,96.81876647878349,0,0,0,0,0,2.7837050060114206,6.934288365362042,0.23213062343000684
single_open,2,17,1739,1,100.14150421167895,7.24695450699801,5.241009998150815,11.068848934095046,5.241009998150815,109.06090325247662,1,0,1,0,0,10.138387778651689,0.15934240363528665,0.22174012331582554
single_open,2,18,1840,1,136.22713830725667,2.1372863806447406,7.15891753170399,13.538044161268573,7.15891753170399,59.227970620271435,0,0,0,0,0,8.72118676049028,2.14161617908734,0.25964832153459694
single_open,2,19,1941,1,663.3635667519819,12.666705851192086,16.865593706674694,11.033545908251158,16.865593706674694,140.1426178609521,0,0,0,0,0,3.992656874646429,3.0805567028392566,0.17332724366293675
single_open,2,20,2042,1,660.1134420874928,8.847807382035628,16.831758327972107,18.811076929607044,16.831758327972107,120.33830486821816,0,0,0,0,0,7.250213976423456,7.939106016083439,0.06325645124457639
single_open,2,21,2143,1,134.9264383319453,11.4414258512864,7.957038564705488,13.498190644516987,7.957038564705488,133.8904375280431,0,0,0,0,0,11.648493075882683,3.509810875792919,0.40534368577300756
single_open,2,22,2244,1,286.03749355250454,12.814332435462177,11.023936907231937,17.38424167415299,11.023936907231937,143.5875648389757,0,0,0,0,0,4.393771802428275,3.1076564957604824,0.29949760219228133
single_open,2,23,2345,1,567.9600316520759,5.352684381173178,16.824456494147384,22.331849020576808,16.824456494147384,91.30942090936719,0,0,0,0,0,7.633520731523537,2.902955084911418,0.5187257364695136
single_open,2,24,2446,1,266.7743094884381,7.861363674306622,11.207274393630263,15.406031181030608,11.207274393630263,109.66834677855192,0,0,0,0,0,5.946034301413777,3.7902133509594087,0.22859100251198905
single_open,2,25,2547,1,261.1966508051639,7.776666235985415,11.320836919779325,18.7949992367166,11.320836919779325,112.24837648577599,0,0,0,1,0,1.2310168757659299,3.9541423590136153,0.21260561772094086
single_open,2,28,2850,1,414.8502865183369,14.63609110541708,14.151334959942124,15.59841236781637,14.151334959942124,154.97347644577167,0,0,0,1,0,6.920563386049089,2.7619934747958417,0.14421100707924184
single_open,2,29,2951,1,80.69043719878219,5.006398548675403,5.937295156890684,11.01740383459463,5.937295156890684,83.95658255538298,0,0,0,0,0,9.667796929315791,1.245046796561476,0.24914364010047957
single_open,2,26,2648,1,102.50032101193543,8.254508749522259,6.422054436284628,13.010009805403207,6.422054436284628,116.33698503369695,0,0,0,0,0,9.91962735077851,3.2586105339268436,0.0
single_open,2,27,2749,1,223.56496804113272,7.184216446355674,10.557672678125368,11.554739016159788,10.557672678125368,107.86168541155965,0,0,0,0,0,9.991831664637754,3.7202465372733418,0.19330897465174698
single_open,2,30,3052,1,118.23624078645499,4.026171384608771,6.484492442369425,16.05176981472978,6.484492442369425,78.13286357620285,0,0,0,0,0,9.940080522977164,2.352969943570549,0.10972824845855218
single_open,2,31,3153,1,215.80554248681247,6.86039083250225,10.303883376568027,18.953239103360428,10.303883376568027,105.92792581376071,0,0,0,0,0,4.735712231075953,4.012762495980055,0.20107330440739896
single_open,2,34,3456,1,181.57863499913418,6.427011519666836,9.516285127496467,13.807416487103923,9.516285127496467,101.94555628305804,0,0,0,0,0,7.831237338317399,9.03708279887454,0.0
single_open,2,35,3557,1,372.3919731404625,13.662136521076913,13.084041007179366,13.919313470650785,13.084041007179366,146.69119073624623,0,0,0,0,0,7.321014844965091,2.6300574847342206,0.24217857958438
single_open,2,32,3254,1,363.89355830578,9.015105733409104,13.121807662785294,14.619965400029468,13.121807662785294,120.86759000117107,0,0,0,0,0,6.491584213511045,3.9051094272728464,0.218771408997488
single_open,2,33,3355,1,637.7397515719322,7.813775773126054,17.162237782594016,14.348979751844041,17.162237782594016,106.52272523485631,0,0,0,1,0,3.1530675053517205,3.141083332462806,0.2886503767983558
single_open,2,38,3860,1,395.8965676958104,4.236331154529802,13.599398660014723,17.659532039020938,13.599398660014723,81.8795466769648,0,0,0,0,0,9.96989213866655,2.2940963608668077,0.4936058460835807
single_open,2,39,3961,1,287.22985118284396,8.771467031517716,11.849971019278113,16.209543344247578,11.849971019278113,117.62847182889416,0,0,0,0,0,9.984120286610418,3.2622084857078786,0.2783740580041105
single_open,2,36,3658,1,130.5802461883237,2.091156927758647,8.074133804377357,10.45260622181974,8.074133804377357,56.93269074952239,0,0,0,0,0,7.993085636594006,5.572634373654357,0.2261931947933318
single_open,2,37,3759,1,237.25959332444754,7.728493485407212,10.857491615898414,15.391091495946288,10.857491615898414,112.54012766565245,0,0,0,0,0,9.996220644422234,4.004811358748083,0.2289335464717972
single_open,2,40,4062,1,248.2125987389367,14.570966213853083,11.086734838092047,11.526672457668862,11.086734838092047,153.0570100162201,0,0,0,0,0,7.295339583082761,6.169616590988179,0.23589860698789678
single_open,2,41,4163,1,237.75968467605213,9.030346684707649,10.87715760718138,18.672776343582935,10.87715760718138,119.7916019165142,0,0,0,0,0,7.042460456354351,3.543047463527719,0.21329070564055722
single_open,2,42,4264,1,361.5659764768303,5.386601820812288,13.41704198371029,13.983622210214023,13.41704198371029,94.02818071082419,0,0,0,0,0,1.0176369576166315,3.054803462761128,0.2158026946791505
single_open,2,43,4365,1,213.1288311958354,4.859185904734281,10.257568891586061,11.553539066989124,10.257568891586061,76.96473185673881,0,0,0,0,0,5.709107859633582,2.471398530156866,0.09933774834437085
single_open,2,44,4466,1,204.17873743092642,3.1535992050213943,10.103445737080655,15.428162342585345,10.103445737080655,66.43356245730358,0,0,0,0,0,2.6543984317019773,8.946672029779773,0.23624115094770495
single_open,2,45,4567,1,294.875952707515,12.629251247164333,12.102626933289429,19.238884481900982,12.102626933289429,139.5848770126933,0,0,0,0,0,5.3722119332813545,7.433763811512363,0.1861155514957753
single_open,2,46,4668,1,214.20450173864546,15.080641781272657,10.34514300967524,11.814182341854083,10.34514300967524,156.9029902284072,0,0,0,0,0,2.364392619798229,2.6775279751249657,0.16236583694907514
single_open,2,47,4769,1,271.1088736846125,10.610421678464755,11.636105999429486,12.155401489857049,11.636105999429486,123.50309280854513,0,0,0,0,0,8.208906822688691,1.9616249471145952,0.11361041333637817
single_open,2,48,4870,1,177.0222906217563,3.4732781400916393,9.349089397879515,14.596815004976762,9.349089397879515,74.60260401986804,1,0,1,0,0,3.0173680409274946,0.16988147695114764,0.394496460379082
single_open,2,49,4971,1,303.166137868478,10.272052872724416,12.307370692578399,14.267498131496826,12.307370692578399,127.01490672112763,0,0,0,0,0,4.803783394142104,9.310884934839502,0.19262388673213063
single_open,3,0,29,1,703.8643405447217,6.116606610608711,14.589220795916328,15.811195344700062,14.589220795916328,73.8029547119001,0,0,0,0,0,7.382530164543044,4.884623585084553,0.20263378244652508
single_open,3,1,130,1,1154.2032425642576,19.533052267565434,18.898447121448207,15.364742557582899,18.898447121448207,145.83396084290476,0,0,0,0,0,1.0996255701670794,1.4628995983115365,0.2753292228058156
single_open,3,2,231,1,587.5204971272249,16.80647720732476,12.890620543643498,27.250216567147806,12.890620543643498,134.35131409784893,0,0,0,0,0,3.711720778919558,3.76886582417307,0.5284311486640786
single_open,3,3,332,1,496.1574971854778,15.136011754740254,12.792442305370828,18.41459132594998,12.792442305370828,128.6119038496997,0,0,0,0,0,2.9367684711086794,3.917756367919191,0.29169521199665066
single_open,3,4,433,1,195.19692055230797,10.163063834895686,7.3859486490335655,15.898225320669631,7.3859486490335655,96.37896459645204,0,0,0,0,0,8.516230976356976,1.9753606475556802,0.30029687143183376
single_open,3,5,534,1,936.5252024357676,5.269821657576026,17.01231456474501,19.02063404502725,17.01231456474501,73.53399397848824,0,0,0,0,0,8.926876527910306,5.041940812443741,0.428941158559793
single_open,3,8,837,1,779.5478135272754,17.668313500755623,13.625225639461412,18.29978373383448,13.625225639461412,133.6808806089197,0,0,0,0,0,2.2598329537892816,2.782972251412667,0.30577757478876455
single_open,3,9,938,1,474.9414335651092,17.073234323257505,12.049520483108106,14.331582358712748,12.049520483108106,135.34465840301257,0,0,0,0,0,7.2618770288528784,5.146915122678964,0.39415391641927383
single_open,3,6,635,1,499.3970394116149,1.5966347008627428,12.25957656061285,13.45418817637422,12.25957656061285,34.91151117193029,0,0,0,0,0,4.6523270976274835,3.3095228124347376,0.3909568394610642
single_open,3,7,736,1,635.6147073943469,17.552823305487557,14.063674616042318,14.749848698742953,14.063674616042318,132.76568798541578,0,1,1,1,0,0.446928205046381,6.122909834128659,0.2482301895409911
single_open,3,10,1039,1,792.1888501027289,14.157342062582197,15.638121128567965,18.625814341910832,15.638121128567965,123.53893861667194,0,0,0,0,0,2.6524439781233005,2.3748875929565587,0.3037223110299155
single_open,3,11,1140,1,502.94190999365753,8.382855344928593,12.44780913137105,17.77150896361862,12.44780913137105,94.16818039997163,0,0,0,0,0,5.152204416706447,7.362710036621833,0.3000685087919616
single_open,3,14,1443,1,307.92063870328633,8.04747553028885,10.129623147324395,11.185858814057264,10.129623147324395,76.75934749743361,0,0,0,1,0,1.9376214930304934,7.755371541181243,0.1926619471721093
single_open,3,15,1544,1,321.9399160426623,7.256838768266236,10.336279396558488,13.354987438306598,10.336279396558488,85.53256065136627,0,1,1,1,0,0.7726756537281557,4.684709265434413,0.1536880566339347
single_open,3,12,1241,1,2038.9346050732588,8.068249679795949,22.12302829563841,20.71421726640745,22.12302829563841,83.80173850074452,0,0,0,0,0,2.6020308762684103,3.9639900762422737,0.2097891451625181
single_open,3,13,1342,1,1339.7340670111205,16.212738909005125,19.737356957562397,15.263056852420535,19.737356957562397,131.1557299516369,0,0,0,0,0,1.1533170582829566,3.4546351722631594,0.18406028773692623
single_open,3,16,1645,1,575.7352634661188,16.59524604878759,12.529920684361889,19.93498625775789,12.529920684361889,131.2762121022756,0,0,0,0,0,7.556167579072177,2.3967135106215998,0.29253254167618176
single_open,3,17,1746,1,595.1709227115041,1.5326319870018512,13.555178197316886,15.265868224679334,13.555178197316886,38.28858995310572,0,0,0,1,0,2.1360249350101927,4.92371510791647,0.2817233767222349
single_open,3,18,1847,1,1593.0515182159613,14.530429794944796,21.81986612549208,15.27703719887588,21.81986612549208,115.35431247867696,0,0,0,0,0,1.1397379413343172,2.5283960611495675,0.32671081677704195
single_open,3,19,1948,1,1659.049044058995,11.239805471970328,20.616629105160623,21.541372618919006,20.616629105160623,108.68928754505892,0,0,0,0,0,3.6538991396580363,7.34806274737521,0.38547613610413334
single_open,3,20,2049,1,305.3764871659811,8.426712338805906,10.055579360121675,17.186191823073088,10.055579360121675,82.82176224701965,1,0,1,0,0,3.719499401100746,0.9120785288496213,0.2675648930501637
single_open,3,21,2150,1,953.1771759502981,12.461432319665601,14.3484711684509,15.085247976448425,14.3484711684509,109.65266658149581,0,0,0,0,0,6.769296660315488,3.9391639188966407,0.26946791504909795
single_open,3,24,2453,1,785.6482849343772,4.524786842486506,15.5325210694832,16.24137829091978,15.5325210694832,69.42742744316277,0,0,0,0,0,4.485786779848178,2.463800615874057,0.37421024587044227
single_open,3,25,2554,1,568.3909580950756,2.7580677055569565,12.923116535057298,10.433701315718682,12.923116535057298,54.00044710334927,0,0,0,0,0,7.266692790972674,4.631137293099157,0.3213062343000685
single_open,3,22,2251,1,1086.4275805120956,13.707814097448704,17.770964902447293,25.735232656100433,17.770964902447293,122.29703818421831,0,0,0,1,0,4.787825465192994,2.498417702257255,0.33013625637512367
single_open,3,23,2352,1,366.1889072154933,4.776374839219945,10.273706302354174,13.867636625028473,10.273706302354174,61.70748762112391,0,1,1,1,0,0.42294950062182574,1.5899950579617577,0.17028240846464185
single_open,3,26,2655,1,436.6006537579683,12.854165995113242,11.245988714271782,17.38743969288001,11.245988714271782,115.7954312991205,0,0,0,0,0,4.691400338342852,2.061921712675252,0.3273197838167009
single_open,3,27,2756,1,317.62854442038235,9.463716660553004,10.277480165031434,15.014789097838493,10.277480165031434,92.98474500045627,0,0,0,2,0,1.4504027053677382,1.0019825491764092,0.34505594884676866
single_open,3,28,2857,1,200.8727380009946,6.652425742324432,7.703556301486288,16.94260119280271,7.703556301486288,78.62190112176269,0,0,0,0,0,7.710348485056738,3.1802998449955946,0.25926771713481006
single_open,3,29,2958,1,364.59014390287615,12.35587657784926,9.232289236310132,16.008242026289256,9.232289236310132,116.04862277612982,0,0,0,0,0,4.014238798497765,1.3338417701676675,0.22775367283245795
single_open,3,30,3059,1,724.6930988110411,14.291178602449493,15.094783742179088,19.984867629895547,15.094783742179088,123.2744765466045,1,0,1,0,0,7.26765608996716,0.34433367884687643,0.4997335769201492
single_open,3,31,3160,1,615.246689314172,15.924485890934827,13.377137629203604,15.630756526369872,13.377137629203604,129.1264080543241,0,0,0,0,0,6.745933271029711,4.559444721732626,0.41135723528963997
single_open,3,32,3261,1,382.0896834506555,7.623376943582403,10.973083773407213,12.553642753356034,10.973083773407213,72.88836284735568,0,0,0,0,0,1.1875509702789142,3.966017780414948,0.2906295196772475
single_open,3,33,3362,1,1664.6002505308957,17.577708798241744,17.782944041400985,22.468442889889527,17.782944041400985,135.28203057620394,0,0,0,0,0,2.3479509713214837,3.946732338571456,0.4255918398416686
single_open,3,34,3463,1,1170.8752017603922,6.334484458087707,15.5313289285522,17.76394200186104,15.5313289285522,83.02218806799767,0,0,0,0,1,8.082074225760232,4.136478932639812,0.4436324883915658
single_open,3,35,3564,1,1118.3564496734903,23.30436046370288,17.374806322265332,13.556155702425064,17.374806322265332,159.39301044905272,0,0,0,0,0,7.482197112683117,4.828827672107419,0.3909568394610642
single_open,3,38,3867,1,611.3792056232069,11.650195980064453,14.02965367614911,15.008465687238544,14.02965367614911,111.54616524956025,0,0,0,1,0,4.4065264914337865,6.4681048150676395,0.23216868386998554
single_open,3,39,3968,1,613.5090491261369,5.283303620880963,13.63406325943533,17.341597024284827,13.63406325943533,62.777059700636755,0,0,0,1,0,6.502447832666454,8.192421857369302,0.19418436477125675
single_open,3,36,3665,1,619.0263263502009,14.37582433017434,13.849079727974656,11.948086242209634,13.849079727974656,123.72003947610507,0,0,0,0,0,4.050115986567422,3.4384878972654285,0.40306005937428635
single_open,3,37,3766,1,722.6681409496305,6.810146286493327,14.287532488827745,14.0554675334398,14.287532488827745,76.38996345747545,0,0,0,0,0,2.7867840209419548,7.9291720150316,0.2792113876836416
single_open,3,40,4069,1,280.6131666162052,8.799071598084968,9.657314582070196,13.175473493282755,9.657314582070196,89.13702269594678,0,0,0,0,0,8.111857808584562,1.6199915153802689,0.33576920149196926
single_open,3,41,4170,1,334.9672633473166,5.142391320141859,10.19442009381265,15.874531113434848,10.19442009381265,63.38996351971047,0,0,0,0,0,5.725381770580012,1.2284588238718297,0.35967115779858416
single_open,3,42,4271,1,375.56588582497284,10.187049553950532,10.453405573109952,15.929509171982547,10.453405573109952,97.13048687774419,0,0,0,1,0,4.920066723667665,3.046417683934224,0.20849509020324275
single_open,3,43,4372,1,714.9198144075065,8.461445272147376,14.074815956656836,18.21503237309728,14.074815956656836,87.0946082290564,0,0,0,0,0,3.760864241171172,6.579791009718409,0.38562837786404813
single_open,3,46,4675,1,586.9191292300595,11.829616925674152,13.349064512486613,15.074500642022043,13.349064512486613,110.58157528781756,0,0,0,0,0,5.609465098121964,3.4329618829553996,0.21565045291923574
single_open,3,47,4776,1,793.8378507733174,7.148127615861206,15.784795927670634,11.692379679754277,15.784795927670634,75.48368756587924,0,0,0,1,0,5.71063642068573,2.0356739064669167,0.18893202405419807
single_open,3,44,4473,1,891.2258237334927,7.59341622201804,15.220094924039152,15.461336474113981,15.220094924039152,82.05263425026189,0,0,0,0,0,4.112854027213712,6.4066592328328555,0.32153459693994063
single_open,3,45,4574,1,1293.8594957309274,18.425860844479217,17.577075175098745,27.32320092258726,17.577075175098745,140.40478158237113,0,0,0,0,0,3.7072961336642933,4.952724972891613,0.5637512369642993
single_open,3,48,4877,1,382.4028957392511,14.302174612136126,11.153471792940982,16.340699207861086,11.153471792940982,121.6435657061038,0,0,0,0,0,9.090367056507404,5.426294183201227,0.26649920073076044
single_open,3,49,4978,1,710.1950995129619,11.83563672934052,14.709111259803288,20.376508361038518,14.709111259803288,108.88392682648077,0,0,0,0,0,5.508479265429524,2.838882425258423,0.40168988353505364
single_open,5,0,43,1,984.8561361857209,14.691156074781553,13.651248147969483,18.134071514155895,13.651248147969483,85.791572949236,0,0,0,2,0,1.8044094261502002,7.499082801510326,0.27796300525234074
single_open,5,1,144,1,1230.8160349719503,29.061664752161377,15.244099907925655,11.208396998038843,15.244099907925655,128.92604746298645,0,0,0,2,0,2.6886693882486257,4.10642031598002,0.33857044987440055
single_open,5,2,245,1,1058.9747155224284,26.32835183270827,13.883057301438182,20.41711626254146,13.883057301438182,129.6004152166398,0,0,0,2,0,3.29525339715717,4.807138092159369,0.4452614752226536
single_open,5,3,346,1,2032.4127668234926,21.645429215920327,17.55711720054855,15.82288219761724,17.55711720054855,109.13567765051955,0,0,0,2,0,1.011724546004873,4.4304092187447335,0.3312628453984928
single_open,5,4,447,1,1643.081096787077,17.944745237155622,17.73702908113033,19.13538995443007,17.73702908113033,103.04382412822414,0,1,1,3,0,0.9091345590897627,3.5651413645735373,0.355012559945193
single_open,5,5,548,1,1232.7293230379375,18.729915709268713,14.812965641229209,16.30039046073286,14.812965641229209,107.95863228931418,0,0,0,2,0,1.83849265088361,5.238148985899163,0.2221055035396209
single_open,5,8,851,1,1693.4979430917028,21.246769340472895,17.491584068228956,21.71305611917368,17.491584068228956,114.12122327008026,0,1,1,0,0,0.00787523173027434,1.5108238754967704,0.3878967800867778
single_open,5,9,952,1,2024.094651646522,18.928404090344692,18.047250725015225,19.402008563477935,18.047250725015225,109.19498672995492,0,0,0,1,0,2.1196983100413362,7.433363293961276,0.29874400548070335
single_open,5,6,649,1,1541.4803984936193,20.975830715366726,16.467452963624908,22.59423921643901,16.467452963624908,113.83791235816246,0,0,0,0,0,1.0190313116186065,1.1277513342171213,0.40168988353505364
single_open,5,7,750,1,769.622884910653,14.341338353115226,11.809890074694946,13.697735564835124,11.809890074694946,86.76617682617902,0,0,0,2,0,1.3998214197355885,4.887035487951223,0.37424069422242523
single_open,5,10,1053,1,1331.5189689385627,29.23469272079599,14.836776993718328,16.48570867753463,14.836776993718328,135.54833757876492,0,0,0,1,0,3.2169623929692266,5.7635529331845605,0.3357387531399863
single_open,5,11,1154,1,2854.866409630236,11.919685050782002,20.31697117211226,22.81374543298629,20.31697117211226,77.61745245204455,0,0,0,1,0,2.3402604931660926,2.2163171924941754,0.5122630737611327
single_open,5,12,1255,1,4219.5426618323745,14.198362522674367,26.728807337258104,24.06859991119103,26.728807337258104,91.82335170912583,0,1,1,3,0,0.5727075958246155,3.282795051026117,0.2708837634163051
single_open,5,13,1356,1,1227.4708048436,17.76773942942972,14.827759301223363,20.09802222123319,14.827759301223363,101.68097331185898,0,0,0,0,0,3.396954462265955,2.8282596557817534,0.4059831011646495
single_open,5,14,1457,1,429.5604584159853,23.06828771269045,8.554574511376925,14.773729078611801,8.554574511376925,119.94040522522096,1,0,1,0,0,2.839779090500723,0.20965730350107775,0.347248230189541
single_open,5,15,1558,1,1432.0579139218453,11.688720572565165,15.573981362320675,20.778859081489564,15.573981362320675,81.60298303263566,0,0,0,0,0,2.1084449240064087,3.0365989574904058,0.4410596026490066
single_open,5,16,1659,1,1553.1905541496947,24.96600257052999,16.57853154084076,19.2794742968641,16.57853154084076,125.74511946623707,0,0,0,0,0,2.9333170461196563,5.033017430916772,0.24982872802009592
single_open,5,17,1760,1,1182.6618061366319,24.18820151739467,15.13142846194973,16.843121318558833,15.13142846194973,122.2103200326851,0,1,1,0,0,0.778814546869247,1.80735496540438,0.3408540762731217
single_open,5,18,1861,1,3300.8873457005575,12.765703579195428,22.638426578635062,23.347580176137047,22.638426578635062,87.93485042392057,0,0,0,1,0,1.772025192062989,3.067168900449811,0.4421100707924184
single_open,5,19,1962,1,2740.328382247095,14.834138127194894,21.427988050369088,21.45329592881148,21.427988050369088,98.17597314712341,0,1,1,0,0,0.906679682078732,1.5858793207334578,0.4140671386161224
single_open,5,20,2063,1,720.2955864799538,19.75745398535708,11.664478460296243,16.722421103790282,11.664478460296243,104.53902488574279,0,0,0,2,0,2.0364728124627143,4.046983620356722,0.2910710207810002
single_open,5,21,2164,1,1435.8313892576573,37.935810222181885,16.041296969379466,19.650122316043596,16.041296969379466,157.32676528813946,0,0,0,0,0,1.3332111046906008,4.796431722721216,0.49458780543503084
single_open,5,22,2265,1,1375.4983188186884,9.31340326349676,14.974703137985268,16.65443888792518,14.974703137985268,77.06285679730749,0,0,0,1,0,2.207708917886862,5.750298517885147,0.21118976935373374
single_open,5,23,2366,1,960.6248802769421,13.754432136311284,12.617801142862435,16.64125061111993,12.617801142862435,93.37067867876841,1,0,1,1,0,4.431462939974134,0.9103150058617934,0.24608358072619319
single_open,5,28,2871,1,904.5427625385889,30.87980792053828,12.58108531160571,19.720477752086772,12.58108531160571,141.60948693168035,0,0,0,1,0,1.812861284977647,5.708964409778348,0.3091573418588719
single_open,5,29,2972,1,1196.2420322155015,16.53028643951107,14.330806286168192,14.184072754026372,14.330806286168192,95.23525641091652,0,0,0,1,0,4.289750298247805,3.4967597871897667,0.3221283398036081
single_open,5,26,2669,1,1747.669393381661,25.432309157484585,17.42850921605835,20.078056484915532,17.42850921605835,125.91061852453008,0,0,0,2,0,1.0832868439245416,2.8201858951486094,0.3006165791276547
single_open,5,27,2770,1,734.3198956487155,8.939367090095972,11.595215327447473,15.39495553983545,11.595215327447473,74.51739893867583,0,0,0,0,0,6.26028873707383,3.4332388105135316,0.33263302123772553
single_open,5,24,2467,1,1146.7853936316233,30.26433581337953,13.93447743141821,16.478701085987712,13.93447743141821,137.97949728468578,1,0,1,0,1,3.320711677449746,0.8396989634501812,0.3291619091116693
single_open,5,25,2568,1,1609.5290323598933,11.2579998911502,15.183937064316439,14.488379584908657,15.183937064316439,74.49392945413881,0,0,0,5,0,1.1328927578807597,1.326088007974756,0.3551952500570907
single_open,5,32,3275,1,1274.4582182037468,14.798474785231372,14.24148315613353,17.530961763325035,14.24148315613353,88.92164416155144,0,0,0,1,0,2.826890439080007,3.664942963893915,0.3806805206668189
single_open,5,33,3376,1,2490.2201946766013,21.86585436271018,18.621718888494055,22.152264283618887,18.621718888494055,119.35109086406032,0,0,0,0,0,2.9688632393579613,2.842461159995521,0.3471112126056177
single_open,5,30,3073,1,756.0447148693777,24.34689763986141,11.80047000392272,15.633825503258414,11.80047000392272,121.96621090614721,1,0,1,1,0,2.0933351542456013,0.43663825424349173,0.388673213062343
single_open,5,31,3174,1,1073.545942337077,3.737258730991106,13.634535167935155,14.801099185590552,13.634535167935155,44.53740546022017,0,0,0,0,0,3.9948652241195686,2.739403123424292,0.41511760675953413
single_open,5,34,3477,1,680.0080776103375,13.710377694396698,11.099413458193856,13.14300027787896,11.099413458193856,92.03192197593978,0,3,1,3,1,0.4592351466110077,1.38642630267768,0.47919616350765015
single_open,5,35,3578,1,1871.710641433364,22.886229257843066,16.466057319811487,17.46639457025848,16.466057319811487,118.77617955630399,0,2,1,2,0,0.22359056150514864,2.3760097512202094,0.29604932633021236
single_open,5,36,3679,1,1884.1028895740292,19.1743633756955,18.241748679816986,20.52439263272037,18.241748679816986,109.46414895287414,0,1,1,3,0,0.3426677990966342,6.990406641005899,0.5158712034711121
single_open,5,37,3780,1,1676.9657747446245,22.63594723019863,17.696041814562964,16.709201469622506,17.696041814562964,108.62410748288963,0,0,0,2,0,2.0157981894069215,4.3077503224103815,0.4853619547841973
single_open,5,38,3881,1,1066.6304258536939,12.191807096758156,12.705746396529468,15.77005078173841,12.705746396529468,86.96914153863342,0,0,0,0,0,2.721961658442111,2.1152572785492922,0.3280657684402832
single_open,5,39,3982,1,1908.1423284913421,16.02522591860719,17.577043929511806,18.847359582674034,17.577043929511806,92.01499536093887,0,0,0,0,0,3.4324832249256847,2.7023096383082654,0.41534596939940627
single_open,5,40,4083,1,744.6771604963996,22.091337835901385,11.655915479344849,17.942339352814844,11.655915479344849,111.46999501777164,0,0,0,0,0,1.7232942330029153,4.084455791927351,0.422653573875314
single_open,5,41,4184,1,1645.8464461590434,20.86500161946692,16.72481899144318,17.748098535758736,16.72481899144318,101.25810183064475,0,0,0,0,0,3.1719436944071973,2.558247100425912,0.31472939027175156
single_open,5,44,4487,1,978.5815892027605,16.44052499175449,13.512133032508263,15.71303544955235,13.512133032508263,101.66012952062938,0,0,0,1,0,3.1122400062033506,3.206728321188409,0.1988581868006394
single_open,5,45,4588,1,1698.7618614300438,14.621092961483358,15.78930100462797,15.786404732155939,15.78930100462797,91.50416257784568,0,0,0,0,0,1.1410327369286626,2.395071691732814,0.391048184517013
single_open,5,42,4285,1,1631.8848867645577,19.58629964270657,17.027553710131752,15.913113491511472,17.027553710131752,106.62635719965355,0,2,1,1,0,0.23387626036729126,6.446378993679575,0.32550810687371545
single_open,5,43,4386,1,3205.0912802079556,26.813095821973402,23.171694434011314,22.42332492980005,23.171694434011314,130.70063174197577,0,0,0,1,0,1.9775739255171918,4.740962190267397,0.22041562000456724
single_open,5,46,4689,1,1393.88819232211,22.83517131849485,15.671611231615277,20.199188283384007,15.671611231615277,113.79781175821874,0,0,0,0,0,5.293517428027358,2.547792089514467,0.5444165334551267
single_open,5,47,4790,1,1536.1725758157766,17.853594503709346,16.093595937294854,18.161072243038547,16.093595937294854,105.45109812540083,0,0,0,0,0,1.333483123264473,5.9267610220100995,0.3885361954784197
single_open,5,48,4891,1,1933.3579102823242,23.40731508014438,15.820675413483235,18.86372295412881,15.820675413483235,117.63006471292931,0,0,0,0,0,3.308102274759519,4.843192099836587,0.39397122630737613
single_open,5,49,4992,1,4669.109549519715,9.134351096150123,26.411559585817617,22.902177296003444,26.411559585817617,65.82941432169571,0,1,1,1,0,0.7827953670491714,1.1619760811642084,0.45873487097510846
single_open,7,0,57,1,4066.6634981033176,20.516800583537933,21.822771420757416,25.990645144673696,21.822771420757416,88.82915692207767,0,0,0,0,0,1.0257068582007225,3.1396009685827364,0.44478517600234885
single_open,7,1,158,1,3875.598515167925,27.841354867160778,20.964671498576575,24.047197846167077,20.964671498576575,101.78711712062179,0,0,0,3,0,1.1998144536120883,1.0850265638601813,0.45597494535608263
single_open,7,4,461,1,2165.656970324811,20.219014794560596,16.439246527023762,22.890655008668496,16.439246527023762,88.94221798965303,0,0,0,3,0,1.8384951860770098,2.337032934941064,0.4434150001631162
single_open,7,5,562,1,2085.483312753681,26.99200850434822,14.393998542041905,16.30254660688245,14.393998542041905,106.9103662992133,1,0,1,0,0,3.164597549378691,0.7247531904270259,0.4971128437673311
single_open,7,6,663,1,2145.247834010311,29.856658254363428,15.884015350935183,21.725985018308325,15.884015350935183,114.17789940823283,0,0,0,0,0,4.0893583751142435,2.3685169190157462,0.35591948585782796
single_open,7,7,764,1,2240.7510955672556,19.11916965686325,16.006978087433414,24.50252153443427,16.006978087433414,92.38340463884109,1,1,1,0,0,0.5820420697832567,0.19210882883777675,0.4507226046390239
single_open,7,2,259,1,1864.8064579179752,27.41389362497334,15.112250206637327,13.717730471171155,15.112250206637327,103.33567219897124,0,1,1,1,0,0.16875142866959097,3.772617022920288,0.42380843636838156
single_open,7,3,360,1,2155.7392236570126,10.316452351410751,15.368411666698888,15.982955123390175,15.368411666698888,61.34684084902712,0,1,1,5,0,0.33494165913438556,4.322517896799433,0.40289694320294916
single_open,7,8,865,1,1618.1319031679138,27.760115121569427,13.995318582783659,20.099255446545527,13.995318582783659,110.52882772549692,1,1,1,0,0,0.8291781593457033,0.8395751025735273,0.5052034058656575
single_open,7,9,966,1,5176.230855382828,29.061556712982203,24.726163444329963,28.837377613424653,24.726163444329963,115.3844929748581,2,1,1,0,0,0.016568850882599514,0.730018955008308,0.4991681075261801
single_open,7,10,1067,1,1614.1499459161737,28.5148329311921,14.522929074129943,17.125548221053712,14.522929074129943,103.77204305659757,0,0,0,0,0,2.5701208981005466,5.054044771658053,0.44925455909698886
single_open,7,11,1168,1,3837.63922337777,32.99593011614644,22.19074721598243,24.827129758118883,22.19074721598243,121.21905085577689,0,0,0,1,0,1.2518419748179144,4.452550278823386,0.5255603040485434
single_open,7,12,1269,1,2980.8876991916272,23.92874815239884,17.769369834627252,19.490249958124636,17.769369834627252,95.72193628504769,0,0,0,0,0,3.5158920321021943,3.4644003746705962,0.35360323622483936
single_open,7,13,1370,1,1508.5688162272422,17.04358934643092,13.68038023069522,18.288980870435626,13.68038023069522,83.62227512688438,0,1,1,1,0,0.9202518181572721,3.8197741415330646,0.36785958959971293
single_open,7,14,1471,1,2095.888482787502,11.754267147491035,15.387963528582052,18.022540954510013,15.387963528582052,69.30622745066216,0,2,1,2,0,0.12573053831193529,1.7789740641489047,0.3807457671353538
single_open,7,15,1572,1,2610.7669324720355,22.566280376584775,17.156568304391083,21.624875092158337,17.156568304391083,101.27704662842348,0,0,0,0,0,2.8078393707051106,1.0141114089808645,0.37356865559651586
single_open,7,18,1875,1,1848.5249469163778,15.623250240144083,14.782981322653768,16.07499565868621,14.782981322653768,78.42919999204403,0,1,1,1,0,0.46805535533591636,1.720734257078406,0.3796692004045281
single_open,7,19,1976,1,1748.6063908428218,21.655315434798133,14.343316675738297,17.432116485482148,14.343316675738297,85.48958536088954,0,1,1,1,0,0.5785482400008614,3.011651747276609,0.3270153002968714
single_open,7,16,1673,1,2804.052143365746,39.86411922076458,18.157199792016062,17.989982653795007,18.157199792016062,133.76293907094083,0,0,0,2,0,1.3731066135960273,1.2747582568852007,0.3564740808403745
single_open,7,17,1774,1,3205.578826127947,37.24397896361173,19.00448930434779,17.4171235814766,19.00448930434779,127.95350140050701,0,0,0,1,0,3.233144853608676,2.049959399669568,0.39513261344729717
single_open,7,20,2077,1,2071.844437833889,33.58551265646164,15.0402972347225,22.00071889076811,15.0402972347225,120.674625060633,0,0,0,2,0,1.285581863114424,1.3676837634367935,0.4025054643917398
single_open,7,21,2178,1,2141.0369265699787,50.000250328339796,15.88995895626021,20.50128451382043,15.88995895626021,152.03903171588587,0,0,0,3,0,1.1242192893256033,1.3554933229434725,0.4488304570515121
single_open,7,22,2279,1,1302.8243238232728,24.560017956954106,13.227862368027417,14.4826665335194,13.227862368027417,104.19490082374018,1,0,1,3,0,2.469894727727605,0.011315159241253557,0.3644015267673637
single_open,7,23,2380,1,4450.654515325022,25.02316514404324,22.352579709690474,20.68708435823365,22.352579709690474,96.78500467557485,0,1,1,2,0,0.33770991636472586,1.2472460614544558,0.4387498776628715
single_open,7,24,2481,1,5558.389611635583,36.04830633819334,24.098207268922575,27.863684386167897,24.098207268922575,121.89523728749899,1,0,1,0,1,1.7744527426252084,0.7799910622577355,0.5857827945062474
single_open,7,25,2582,1,1398.3669961874505,33.24496353793201,13.127030344612788,15.679776704723723,13.127030344612788,115.48276936066024,1,0,1,0,1,1.2203373344450261,0.9559844020023881,0.4321273611065801
single_open,7,26,2683,1,1434.9578894728363,13.88523207191031,13.721571433899635,16.40117658229342,13.721571433899635,74.14740963257326,0,1,1,1,0,0.13062241787800732,2.152032863829131,0.5009950086451571
single_open,7,27,2784,1,3113.387000276133,22.395452755756615,18.860779725081503,20.76812118739475,18.860779725081503,87.23126247265358,0,0,0,3,0,1.0271478769935516,3.283032255023502,0.4844876521058298
single_open,7,28,2885,1,1654.9385939260433,32.3257082072326,13.96996593362547,20.065070198560182,13.96996593362547,118.31564301382573,0,0,0,1,0,3.668008059531597,4.354587701836582,0.3645972661729684
single_open,7,29,2986,1,2491.4625368096877,23.820429091990768,15.6981472051597,19.940444992454424,15.6981472051597,102.11953727663287,0,0,0,1,0,1.892510129390895,1.221629266001995,0.4202851270674975
single_open,7,30,3087,1,5381.779334681935,23.16638219395305,25.527338456519878,25.788998495454894,25.527338456519878,92.29180112837803,0,0,0,1,0,1.4686668344567366,3.0182727892083085,0.5093465566176231
single_open,7,31,3188,1,2676.2007328761824,30.86793814293964,17.355201298907165,20.60663717886902,17.355201298907165,118.34649776318746,1,0,1,3,0,1.0771242027198995,0.34731927579562594,0.397611979251623
single_open,7,32,3289,1,3056.9833238401206,27.78395422640427,18.345862504691414,20.5668995369296,18.345862504691414,110.04444057909133,0,1,1,1,0,0.8051385618754259,3.5844680038019217,0.42573320719016083
single_open,7,33,3390,1,2084.6367886642015,21.908219647458615,16.430471167665647,17.210106154616785,16.430471167665647,95.83738180086083,0,0,0,0,0,2.5914478980673645,5.613524574917574,0.31967507258669625
single_open,7,34,3491,1,1512.8022245583168,27.124407368146862,13.949800871293686,15.698613270992778,13.949800871293686,106.5814772494529,1,0,1,2,0,2.184538876487525,0.5651917158523733,0.41999151795909045
single_open,7,35,3592,1,1709.9311576046066,38.469650845188234,14.63367079426436,19.08673625595574,14.63367079426436,131.36544565590017,1,0,1,2,0,3.370482707399932,0.40106423206351344,0.5154797246599028
single_open,7,36,3693,1,1835.968530950099,25.71076367854762,14.508103256998226,21.67135789519957,14.508103256998226,104.13463705423102,0,2,1,4,0,0.285895616545779,3.3268125328018927,0.44661207712132583
single_open,7,37,3794,1,2216.9931528987604,17.359217815742404,15.635127019021416,16.553510501724887,15.635127019021416,85.03068802574641,0,0,0,1,0,2.6938034966830577,2.914438841241548,0.41656607836100873
single_open,7,38,3895,1,3028.8150072527474,25.997731416331433,17.50616937093809,19.302324535101175,17.50616937093809,109.067783145661,0,0,0,0,0,3.040959258217059,3.24139845857046,0.38361661175088896
single_open,7,39,3996,1,2977.3847740487086,30.36691155308652,18.11146123894843,18.217157290024296,18.11146123894843,112.76884223307401,0,0,0,3,0,1.6671476392022828,2.926463102392824,0.3899781424330408
single_open,7,40,4097,1,1716.63967706569,18.202429495811636,13.844544945525987,18.878089237631666,13.844544945525987,85.08955115796924,0,0,0,5,0,1.0136984285460797,4.873666540863408,0.3926858708772388
single_open,7,41,4198,1,2364.9330298627183,16.01503100927512,16.70259751717145,18.967646009812093,16.70259751717145,77.02273638414941,0,0,0,1,0,2.414135865485845,4.138879143470582,0.3717417544775389
single_open,7,42,4299,1,1361.2056644698189,19.527106457391298,13.365967071118636,19.0246147770344,13.365967071118636,91.23264199752259,0,1,1,2,0,0.03903593971265959,5.234431744722403,0.5190356571950543
single_open,7,43,4400,1,2461.5819955086645,31.33329867362023,17.65976394145373,19.856384978486965,17.65976394145373,117.63494614755028,0,0,0,3,0,2.1506438119281572,6.193858143172769,0.3547124261899325
single_open,7,44,4501,1,3736.506424885311,21.06194621882175,20.776148801569885,19.794983678701463,20.776148801569885,95.90110844900379,0,0,0,0,0,2.3873002721301044,3.2780778473787984,0.4435128698659185
single_open,7,45,4602,1,6315.169102217501,28.742978607175182,27.47548061655136,25.69142330313537,27.47548061655136,115.57727040600957,0,0,0,1,0,1.032769070472498,2.1288462047440446,0.36730499461716637
single_open,7,46,4703,1,3003.0707777301964,19.860358663250313,18.188868398651017,17.794592332865047,18.188868398651017,89.02668610834667,1,0,1,3,0,1.7663668475517522,0.9226459102635025,0.4662838873845953
single_open,7,47,4804,1,4104.302323992273,31.9842244284345,22.128602575896576,20.85743290419731,22.128602575896576,114.77065363015969,0,0,0,2,0,2.3329752143537106,3.6013599894478254,0.46690372883567677
single_open,7,48,4905,1,2799.5299433934015,28.340663326876832,18.733919223875343,19.364837316470133,18.733919223875343,107.26279629381386,0,1,1,4,0,0.1839066684088655,3.9705582073902703,0.47554888591654976
single_open,7,49,5006,1,2209.224920949064,27.19044134376873,17.154781098210023,19.809687683764494,17.154781098210023,111.15547763583525,0,1,1,1,0,0.23675701618606274,2.725858966597993,0.4570515120869083
single_open,12,0,92,1,3695.8018124890277,49.09777665899461,16.451052806092477,18.79825694250161,16.451052806092477,111.05801245858724,0,1,1,1,1,0.5472748946509519,1.1925128678122912,0.4609119281418893
single_open,12,1,193,1,7756.857905445003,44.436385986578365,22.396053653339028,22.60185086750433,22.396053653339028,99.04608555666009,0,1,1,3,0,0.09999683773042826,1.6649121809240632,0.4931110603638578
single_open,12,2,294,1,5977.17134241916,32.613143316630605,19.769711797366764,21.90091442621053,19.769711797366764,84.57169029295507,1,1,1,4,1,0.38145636434655406,0.8929229333808462,0.5758925173175002
single_open,12,3,395,1,10913.70998524736,33.82054886612237,25.885673461448494,21.423734988993274,25.885673461448494,81.64345135884737,0,2,1,11,0,0.3638769980145685,1.9514419064830923,0.4686762578975413
single_open,12,4,496,1,8706.760292455347,36.36902632822833,23.691332401478295,22.495067318960402,23.691332401478295,86.33400207393744,1,3,1,4,0,0.13337996660550294,0.016290246839180875,0.5238448656466469
single_open,12,5,597,1,5062.679388678637,45.60737039505995,18.58557686097236,20.413884319025538,18.58557686097236,100.54942025731476,0,1,1,7,0,0.7648129080325603,1.8672102512706266,0.4708647331963158
single_open,12,6,698,1,7476.72759567651,50.04200193412235,22.322628340212862,22.8298562030431,22.322628340212862,107.71543078032049,0,1,1,5,0,0.3553064602581529,1.5167270913492545,0.5666248001826901
single_open,12,7,799,1,4870.1297242370565,46.770120074192064,17.6750432139385,19.706810871129914,17.6750432139385,96.25471968456829,0,0,0,1,0,1.9928464111903585,2.565360070229946,0.5160424754510162
single_open,12,8,900,1,6106.133580158059,68.99889856671643,20.445875819256262,22.66934511208519,20.445875819256262,121.56607169284598,0,1,1,4,0,0.7900725392224855,3.359612276796824,0.5999086549440511
single_open,12,9,1001,1,5694.517098142394,50.861958380256645,18.85468233846447,20.829187823246354,18.85468233846447,114.69582844661119,0,2,1,6,0,0.2654798689785708,3.068766612180685,0.4487516175686991
single_open,12,10,1102,1,5137.708056092007,32.80403075891431,18.195117889610255,21.835379049240906,18.195117889610255,87.77665105242437,0,1,1,8,0,0.47448000602125856,1.796370020298525,0.5511722615513436
single_open,12,11,1203,1,2932.7012599109876,57.090438541015395,14.515116216478795,21.115205681473572,14.515116216478795,117.19027779989084,0,1,1,6,0,0.035863880847461234,1.5916559168727626,0.6121070259572201
single_open,12,14,1506,1,6092.620593501849,50.31162171469459,20.673541742838633,20.260216011672718,20.673541742838633,108.64208412507055,1,3,1,9,0,0.32886372400027986,0.6844776095861719,0.4916457334246784
single_open,12,15,1607,1,3928.7040865380786,50.828947252722756,16.171490159231933,20.46761844960942,16.171490159231933,110.28513567402655,1,1,1,10,0,0.189858966736604,0.7983411552733894,0.48580345588795004
single_open,12,16,1708,1,5080.501851817631,34.90102711289377,18.501397975030308,23.0228436247946,18.501397975030308,91.46615848674162,0,0,0,2,0,1.2089222050132558,2.287499808301369,0.517583923270153
single_open,12,17,1809,1,6448.789431285535,51.66151043490632,19.991250538678564,19.908786393273076,19.991250538678564,108.11827950514078,1,3,1,8,0,0.08567725119463664,0.6870357590763587,0.44039735099337746
single_open,12,12,1304,1,5533.078820563342,47.83416257659801,19.631089283850834,20.37599301452315,19.631089283850834,109.77957426250254,1,3,1,9,0,0.7653401681676764,0.8057143364938633,0.5211996650681282
single_open,12,13,1405,1,6565.724097251699,38.85656695032952,21.20170639575567,21.527324163479445,21.20170639575567,91.81931706777465,2,3,1,11,0,0.009857347420111868,0.20984864170205447,0.42536347720179646
single_open,12,18,1910,1,6333.367112180642,59.15281005388209,20.304863155087748,21.065450354775688,20.304863155087748,116.22786490707595,1,0,1,5,0,1.3109630892711204,0.9255722043953272,0.5308860470427038
single_open,12,19,2011,1,5794.3095238453625,35.25980082757203,19.96140879069854,21.27756041960725,19.96140879069854,91.74253674503802,0,4,1,8,0,0.25217622360459896,4.948774953896156,0.4383801476745071
single_open,12,20,2112,1,10460.832355929611,50.04961157908048,26.49102566012641,28.74577828191211,26.49102566012641,104.15244614140185,0,1,1,3,0,0.689475426871218,2.0869956933795084,0.5719532617797062
single_open,12,21,2213,1,5011.231102301877,36.27235680977829,17.93990594053241,20.401083280699414,17.93990594053241,96.57211574841273,1,5,1,12,0,0.6362534223276153,0.18792956324250457,0.4589137550430083
single_open,12,22,2314,1,4569.719083942907,51.45186064458633,17.25455074320303,19.158631570776464,17.25455074320303,111.29463949024039,1,0,1,6,0,1.1164732179289631,0.5806794218281248,0.5547309126893507
single_open,12,23,2415,1,5915.493752783833,41.73671326810579,19.130199256257708,21.2810650023276,19.130199256257708,99.61837987652795,0,2,1,4,0,0.8646291461572485,2.900846220793375,0.5342353657608282
single_open,12,26,2718,1,3640.348622458571,46.78308570464782,15.97515246770123,19.173629393797203,15.97515246770123,108.95742880739624,1,4,1,5,0,0.21304783357961582,0.008708199679048215,0.5200388216487782
single_open,12,27,2819,1,4914.399906774658,31.47687410815709,18.344766336703174,20.76675336836205,18.344766336703174,88.91855255047055,0,3,1,5,0,0.28486555533456676,1.1911813132808278,0.5222082667275634
single_open,12,24,2516,1,5410.096590939342,31.166583504735897,19.365647066359063,21.687962001433057,19.365647066359063,77.8224057486287,0,3,1,7,0,0.007881048130776756,1.0629155780056478,0.51448199741189
single_open,12,25,2617,1,6299.936325911829,42.4245486569708,20.35703623261192,22.619589829498544,20.35703623261192,95.03248081435915,0,4,1,4,0,0.006622341612186726,2.80325525393395,0.5209522722082667
single_open,12,28,2920,1,9240.918527312075,39.632955391259664,24.390473083016698,26.206063985536577,24.390473083016698,97.83679380915144,3,4,1,1,0,0.1728599075657703,0.061215527116645366,0.46818147217781836
single_open,12,29,3021,1,5596.586231447168,53.09895132228014,19.331753101011753,20.155681032680178,19.331753101011753,116.56439803279777,0,1,1,7,0,0.5810255617506592,2.620428719645427,0.5451967724746898
single_open,12,30,3122,1,4946.908964287054,46.43908179060698,17.6632536213798,19.741824878152727,17.6632536213798,105.69905583297879,0,4,1,15,0,0.015711605681633368,1.6489422112860617,0.4117378396894268
single_open,12,31,3223,1,9649.003998414157,52.98385151581396,26.213637963923713,28.394679032064975,26.213637963923713,113.93247595001229,1,1,1,2,0,0.20926375353309862,0.9550086033142315,0.5892707619700084
single_open,12,34,3526,1,9155.95230906078,48.12411770140747,22.18933061184795,23.23945728217196,22.18933061184795,108.36245424915093,2,0,1,2,0,1.7374017863809614,0.3763048442763574,0.5153573875313998
single_open,12,35,3627,1,13452.917820114866,61.64524363329001,29.57620559345961,25.205954074357635,29.57620559345961,122.64352032093966,0,1,1,4,0,0.32855133761753014,2.4723472962224955,0.48938113724594656
single_open,12,32,3324,1,5548.669400982582,45.191325349580936,19.150163848491406,22.89764620549464,19.150163848491406,108.1262972669331,1,0,1,7,0,1.5571784566416222,0.1432412783219957,0.5353962091801782
single_open,12,33,3425,1,4120.695594379075,51.26899575690986,16.115868895013875,19.85550987372737,16.115868895013875,112.72532075992522,1,3,1,5,1,0.03318626603404046,0.09932963584876764,0.5156809012712187
single_open,12,36,3728,1,8897.0494247827,66.9766594959569,24.959804328995485,25.86512935463386,24.959804328995485,132.56215095083442,1,1,1,6,0,0.725964740171013,0.6718041623983138,0.5315140443023522
single_open,12,37,3829,1,6228.487027608013,41.953311859051624,21.42411167433508,22.790134538450346,21.42411167433508,103.81515603758218,0,2,1,2,0,0.023231022355341868,3.0892473058955487,0.48574636522798204
single_open,12,38,3930,1,8112.476976022563,43.240156506610255,23.12451782290042,24.32238034721694,23.12451782290042,99.01280165998575,2,0,1,2,1,1.3860541019441808,0.6468503403483699,0.5006279972596483
single_open,12,39,4031,1,12103.949310356433,42.24148090021542,29.1100239588721,26.876318774314363,29.1100239588721,96.80330587564735,1,0,1,6,0,1.4664809237070364,0.8413214520686093,0.5556253330288499
single_open,12,40,4132,1,9484.631050894513,56.49713686817009,25.05314954472328,22.17017324972637,25.05314954472328,115.58846277175722,0,1,1,1,0,0.7847719209835528,3.0946771653614342,0.5365760828195174
single_open,12,41,4233,1,5057.1211270259955,41.575782749658444,18.588235266489963,20.768333705350315,18.588235266489963,102.91042452353632,0,0,0,4,0,1.0610935899257063,3.2754283515114024,0.4795425135114562
single_open,12,42,4334,1,5880.654731910769,33.462055113038794,19.57275634927505,19.377481927307084,19.57275634927505,86.18043627995115,0,0,0,2,0,1.3901154631640766,1.1613369545687733,0.5055568242368882
single_open,12,43,4435,1,6612.655286100425,52.418027315455745,21.376585557333822,28.62014526537371,21.376585557333822,117.17293796370909,0,1,1,3,0,0.02567426549188471,2.187690335602333,0.5915353581487403
single_open,12,46,4738,1,3139.4165385563874,54.65974930034573,14.923906173638967,20.49848444147546,14.923906173638967,117.16522352826058,0,1,1,1,0,0.8559733779345922,1.3926147163204112,0.48485194488848293
single_open,12,47,4839,1,11905.687470779023,39.34578436751047,27.551598515920972,27.24210611721048,27.551598515920972,99.74665506609063,0,1,1,4,0,0.8902891574953535,1.2171677262896157,0.6099756413184136
single_open,12,44,4536,1,4371.250467651352,56.9146860283793,17.638486415668307,21.32393588052457,17.638486415668307,122.16182331319307,2,1,1,1,0,0.6595940638377038,0.1370386225501635,0.5121412803532008
single_open,12,45,4637,1,7375.655599581759,35.106294326489035,22.35018517844743,20.117161613255746,22.35018517844743,90.20426444535974,0,1,1,6,0,0.9079289145092202,2.880800684168499,0.5154715688513359
single_open,12,48,4940,1,4454.4111427342905,40.10912381602638,18.108336099831313,20.169020995870387,18.108336099831313,97.6036474265524,0,2,1,4,0,0.21314110021982552,4.318845213159959,0.4605503539620918
single_open,12,49,5041,1,4117.794271886833,53.000840331749394,16.056033455518236,22.15404979636542,16.056033455518236,119.5827752998146,1,1,1,8,0,0.0027965831279993967,0.5628802539772593,0.5715345969399406
single_open,20,2,350,1,9984.989381720596,91.95374960172242,20.40637881269024,26.48751261594196,20.40637881269024,114.32675230957304,0,2,1,12,1,0.10828462677560839,1.5510202947037,0.6633592144325189
single_open,20,3,451,1,6698.568071339782,89.76682883405697,16.952950812979143,22.116855046907713,16.952950812979143,109.47672082370221,0,6,1,15,0,0.3315726454283066,1.6462078266820959,0.5647293902717515
single_open,20,0,148,1,10268.718065658064,67.4101272549127,20.486880978198627,23.033167240014325,20.486880978198627,88.72927880610425,0,2,1,13,0,0.67470573110134,1.2443870897173097,0.6108700616579128
single_open,20,1,249,1,19678.24039101046,78.03752862398913,28.09912741956432,25.769506329537787,28.09912741956432,100.26109534239302,2,3,1,19,0,0.6724478298997384,0.3472763494488679,0.6032655857501713
single_open,20,4,552,1,15751.411340547318,63.24084429403493,26.258512860917904,26.04726422658507,26.258512860917904,90.31589361776746,1,5,1,12,0,0.009630794331150811,0.2533474006504874,0.5968029230417904
single_open,20,5,653,1,16557.769032981894,76.88893594758008,25.91542099659157,27.52703714063417,25.91542099659157,101.64838239274593,0,4,1,9,0,0.005320506671514522,1.6688635675172563,0.6051952500570906
single_open,20,6,754,1,11156.66557866153,91.01210778686482,21.20685161866343,23.10368740678979,21.20685161866343,114.62393176270476,0,2,1,7,0,0.0816777786859679,1.6155701763176993,0.5890043388901576
single_open,20,7,855,1,9784.146151565714,90.83362306597124,19.69693162566792,26.662422800355166,19.69693162566792,114.48050705743015,1,6,1,22,0,0.04343260779706502,0.2825019449954524,0.6972368120575474
single_open,20,8,956,1,20081.620534197504,61.15581022272646,27.350630444408306,27.301451338613678,27.350630444408306,87.19921671322933,1,2,1,18,0,0.4176333361683492,0.1550599407545431,0.5620347111212606
single_open,20,9,1057,1,12003.515944953313,94.3969904087078,22.27829571165294,27.535594372836407,22.27829571165294,116.31221494224701,1,2,1,22,0,0.9262181569895003,0.18287160115694526,0.6357044987440055
single_open,20,10,1158,1,16524.94974193193,87.47352867981355,25.359175790360403,25.97602325078325,25.359175790360403,112.63511773535438,3,7,1,14,0,0.01050373658484259,0.057187907215683335,0.6036652203699475
single_open,20,11,1259,1,17363.055157532857,89.31952018005518,24.781939851934077,28.154139264267247,24.781939851934077,111.23108929649709,1,5,1,27,0,0.5001821912197322,0.7551224347838884,0.601941082438913
single_open,20,12,1360,1,11985.544503488816,76.11349082297798,21.436118643608147,24.951554153975223,21.436118643608147,104.85146886107023,2,6,1,6,0,0.0041880728682261266,0.5348551868106958,0.6030600593742864
single_open,20,13,1461,1,13213.580019659497,76.93163127896369,23.135285224891113,25.288175026078854,23.135285224891113,101.91075073323113,3,8,1,20,0,0.01055608243489291,0.40293604452418336,0.6186800639415392
single_open,20,14,1562,1,14966.637580211585,73.02231565097856,24.08841772621357,24.358508614474054,24.08841772621357,95.93214470448518,3,11,1,34,0,0.04821612435007284,0.252060646816789,0.5547613610413337
single_open,20,15,1663,1,13977.147559384144,112.5362002639736,23.962580740843975,26.01909361462835,23.962580740843975,133.2072573789625,2,10,1,23,0,0.09017292602900302,0.3028923777427439,0.5999086549440511
single_open,20,16,1764,1,18394.834876563742,84.66364298072617,27.447010828663583,28.12690663784832,27.447010828663583,110.26136966378411,0,5,1,16,0,0.012072670369343053,1.8764092025805506,0.5941082438912993
single_open,20,17,1865,1,11425.905488509214,85.92004494513706,20.645889613343392,24.208351480403195,20.645889613343392,112.04424864882435,0,5,1,38,0,0.7067041937827548,3.751364107681064,0.5357044987440055
single_open,20,18,1966,1,10169.529119270273,86.36271188581736,20.187562886064132,24.362395581664085,20.187562886064132,108.23543521231436,1,4,1,24,0,0.006965386287916674,0.22001745109084977,0.564341173783969
single_open,20,19,2067,1,13500.701614943819,80.04353555414835,22.36783052607786,24.59477248936378,22.36783052607786,104.0892390599452,0,7,1,32,0,0.2589085136559103,1.3632116387242235,0.5921100707924184
single_open,20,22,2370,1,8924.586793791092,66.61665874275785,19.570377755379052,24.46082212290189,19.570377755379052,96.07858227747924,0,5,1,11,0,0.2949912782287786,1.6663354921391027,0.6498515642840831
single_open,20,23,2471,1,15654.886501934638,81.40941558559477,24.179795597562666,25.872235270724886,24.179795597562666,109.56877565594695,2,3,1,12,1,0.07091238635892923,0.49925204546529117,0.6400890614295501
single_open,20,20,2168,1,13794.243790883249,90.43730043889022,23.843628171753796,27.215439754602585,23.843628171753796,114.87335245346364,1,2,1,13,0,0.27620459928177177,0.6553033231429586,0.60167846540306
single_open,20,21,2269,1,18925.702239951806,124.38266831331894,28.202933442625977,27.777079679894566,28.202933442625977,138.02562453590025,2,8,1,23,0,0.11365217569086353,0.11910000901397089,0.5559488467686686
single_open,20,26,2774,1,17548.854089804572,74.77517423651325,26.6890915219082,23.12246756128617,26.6890915219082,99.89458938060218,0,7,1,19,0,0.08109578796964692,1.012608806332518,0.5629139072847682
single_open,20,27,2875,1,18913.35141600303,74.2794465462735,26.74679009801095,29.863051995699752,26.74679009801095,101.52355920918882,0,3,1,8,0,0.45236429419068813,1.150756664437666,0.6247887645581183
single_open,20,24,2572,1,10707.195535817216,68.37708752608133,21.29530769124182,23.501946892869398,21.29530769124182,99.33921735117679,0,3,1,11,1,0.15932497791119993,1.5263916067896794,0.5787051838319252
single_open,20,25,2673,1,18919.64774176833,113.44345861289186,26.36692044223861,27.11287648033784,26.36692044223861,131.95844275379864,0,5,1,19,0,0.12281979136933034,1.530007854173803,0.6340260333409454
single_open,20,28,2976,1,15621.40058244223,80.65286488710086,23.9424073309248,25.013054929353196,23.9424073309248,107.92166353846048,1,5,1,17,0,0.14934081181484463,0.7154877836379301,0.566133820506965
single_open,20,29,3077,1,18290.597431117898,82.19349549734387,26.800919121998675,27.82853548182719,26.800919121998675,106.10698369811696,0,2,1,13,1,0.09370656128887479,1.5291331974980624,0.596700159853848
slots_open,1,0,15,1,133.96857992075223,3.835631351306021,21.89965718123859,14.755806588583276,11.574479682506347,112.21245455105031,0,0,0,0,0,,7.348206049031261,0.24640328842201417
slots_open,1,1,116,1,170.08958976833503,2.391394202772129,17.70743048757843,15.614855187372457,13.041839968667574,88.60295748021969,0,0,0,0,0,,7.799294782960824,0.1121260561772094
slots_open,1,2,217,1,158.16117822059783,2.4126291869593772,17.140084745713732,12.326300384803258,12.576214781109531,88.99547412747411,0,0,0,0,0,,8.765589725720526,0.34368577300753594
slots_open,1,3,318,1,184.64244831970316,1.5208594577278867,12.508006919908077,5.104650345902173,13.588320290591591,70.65894908151779,0,0,0,0,0,,9.986886007017088,0.34733957524548986
slots_open,1,4,419,1,197.9280371636225,1.4199708351095333,12.62589759578976,5.390877596034697,14.068689959041052,68.27509995839665,0,0,0,0,0,,1.3665872648454216,0.5384791048184517
slots_open,1,5,520,1,191.22099971642615,1.60905144962897,13.668245431349686,8.396117708840777,13.828268138723162,72.67877486816619,0,0,0,0,0,,8.824721919432736,0.6622516556291391
slots_open,1,6,621,1,180.3034225160955,1.952187502630748,15.496881922006958,11.823767790072017,13.42771099316989,80.0540662930359,0,0,0,0,0,,8.108580333453485,0.1998173098881023
slots_open,1,7,722,1,319.68420777880965,3.9745398502354936,28.950835903169647,21.067402332235915,17.8797149803572,114.22628707406979,0,0,0,0,0,,1.1723243793038398,0.3384334322904773
slots_open,1,8,823,1,184.650729017914,1.815232722657492,14.792353076659445,9.310541782443698,13.588624986285918,77.19493188473659,0,0,0,0,0,,5.468864742441954,0.5119890385932861
slots_open,1,9,924,1,198.04445736274437,1.4195382841074453,12.630297911029057,5.601277033881967,14.072826914402961,68.26470019821882,1,0,1,0,0,,0.299854548933693,0.6263987211692167
slots_open,1,10,1025,1,185.75927211486746,1.796958890940574,14.729116155374673,10.314969884117668,13.629353327097638,76.80539081268826,0,0,0,0,0,,8.457857996140682,0.25667960721625943
slots_open,1,11,1126,1,139.89197077733377,2.9604507173100463,19.009654344926723,16.020938653822963,11.827593617356566,98.58289107995485,0,0,0,0,0,,10.005345176111694,0.2783740580041105
slots_open,1,12,1227,1,197.53014451051098,1.4339485997802943,12.711005789738499,4.989135432821405,14.054541775188225,68.61031678216621,1,0,1,0,0,,0.7031974504946943,0.5770723909568395
slots_open,1,13,1328,1,198.58725431230124,1.3712958898859235,12.278061478440266,5.913109698966053,14.092099003069103,67.09470064813253,0,0,0,0,0,,7.4663139225697455,0.6709294359442796
slots_open,1,14,1429,1,184.34438948780593,1.8419803356894835,14.966903415582175,10.042645805730372,13.57734839678963,77.76158912083909,0,0,0,0,0,,8.100552235132518,0.5674811600822105
slots_open,1,15,1530,1,197.98706436456368,1.3918458876987518,12.403365561057816,6.131867126846785,14.070787624172418,67.59556581888486,0,0,0,0,0,,5.910560596686119,0.667960721625942
slots_open,1,16,1631,1,192.8265151500285,1.4137606284898752,12.220994673954918,5.968879257758921,13.886198729314964,68.12563664732357,0,0,0,0,0,,9.672367481652765,0.3334094542132907
slots_open,1,17,1732,1,190.6874639384404,1.4490138841959592,12.357198233047816,5.424698891985272,13.808963173911371,68.96979034543803,0,0,0,0,0,,6.484990854196232,0.7972139757935601
slots_open,1,18,1833,1,178.3560687841838,2.148509916363239,16.692395675472092,13.611704151407212,13.355001639243023,83.98298635140597,0,0,0,0,0,,5.78759921641321,0.3021237725508107
slots_open,1,19,1934,1,132.83007226880414,3.2099992655026837,19.719418352405025,16.164260110511105,11.525192938463293,102.65381616055608,0,0,0,0,0,,10.109572898515935,0.40534368577300756
slots_open,1,20,2035,1,191.38902016797087,1.6041094742546191,13.641124006286512,7.863081121281565,13.834342057646648,72.56707771570427,0,0,0,0,0,,6.527919904506536,0.552865951130395
slots_open,1,21,2136,1,192.98858341587152,1.5504446729563264,13.329360284187853,7.620556310379039,13.892033091519453,71.34290166318517,0,0,0,0,0,,5.380476081357663,0.6147522265357388
slots_open,1,22,2237,1,191.11325592160765,1.5340381361874378,13.073440207624353,6.756302029251867,13.82437180929418,70.96442865715402,0,0,0,0,0,,1.1200374630273646,0.43000685087919616
slots_open,1,23,2338,1,187.42186279565757,1.5044890631783094,12.576386338208874,4.316018099896174,13.690210473022596,70.27763691335228,1,0,1,0,0,,0.30024857297366025,0.7268782827129482
slots_open,1,24,2439,1,197.45530127003065,1.3776291503876172,12.251372445307206,5.678782615595814,14.051878923120233,67.24945890379902,0,0,0,0,0,,7.830063949857573,0.7092943594427952
slots_open,1,25,2540,1,182.65343016318792,1.8965691732935852,15.2515390704989,10.443622456958547,13.514933598179013,78.9054454732036,0,0,0,0,0,,8.227549070554984,0.556748116008221
slots_open,1,26,2641,1,197.18225058527005,1.4357805701034536,12.702177052266931,4.78530208910681,14.042159755011694,68.65413004881134,1,0,1,0,0,,0.7584526773815914,0.7184288650376799
slots_open,1,27,2742,1,192.29066054986038,1.4709254337599056,12.648987707120323,3.978981793395173,13.866890803271668,69.4893038844166,0,0,0,0,1,,3.238610522408033,0.8668645809545559
single_open,20,30,3178,1,14569.162113753875,96.72098237555565,24.2286235309006,24.332559278080613,24.2286235309006,117.96772783990666,1,6,1,12,0,0.13130507249453693,0.9061353709760942,0.5671842886503768
single_open,20,31,3279,1,14827.428975156008,81.9060232455449,24.194685584209605,30.490214191887382,24.194685584209605,113.55297745873438,0,4,1,10,0,0.47754766371904417,1.4515924767728656,0.6427723224480475
single_open,20,32,3380,1,17303.636788836848,94.4243869992728,26.50455776828763,30.65930716778984,26.50455776828763,117.29258714582993,1,6,1,12,0,0.32247512987785726,0.7964670218533634,0.6553665220369947
single_open,20,33,3481,1,18746.630729283803,101.84787597155825,24.839815830500932,28.38137119284956,24.839815830500932,123.35897403167994,1,2,1,21,0,0.5361049778286071,0.3245473442344098,0.6161794930349395
slots_open,1,28,2843,1,176.42760358187513,3.3877026473468583,22.493031292232583,22.53426737562185,13.282605300989529,105.45696640175964,0,0,0,0,0,,1.5251896330428867,0.0
slots_open,1,29,2944,1,188.12644678461982,1.7089619198164259,14.227905512611489,8.684928463219,13.715919465519613,74.90120855034066,0,0,0,0,0,,5.548088733968951,0.5398492806576844
single_open,20,34,3582,1,19537.10166802392,92.01524183270476,27.37788737292118,25.8659745038808,27.37788737292118,114.82950972716026,0,2,1,6,0,0.33974302061459083,1.8690674492991202,0.5685316282256223
single_open,20,35,3683,1,14925.363655296105,55.42863952488867,24.270303343691616,24.037417601770493,24.270303343691616,82.33899427547107,1,2,1,10,0,0.002832417788548622,0.11398899755253566,0.6093628682347568
slots_open,1,30,3045,1,188.3968530416851,1.6988215997186034,14.16904860956175,8.519532978446296,13.725773313066375,74.67866050682309,0,0,0,0,0,,7.633673405906111,0.5307147750627997
slots_open,1,31,3146,1,171.63016939661375,2.0969022572647775,15.951252829162568,10.293306074724523,13.10076980168012,82.96821105401015,0,0,0,0,0,,6.87441952149206,0.4067138616122402
single_open,20,36,3784,1,15636.626645060229,89.9144760645213,24.486490719786367,24.05797181842279,24.486490719786367,108.12948588993727,1,4,1,11,0,0.41134237016709096,0.37772754509884937,0.5749828728020095
single_open,20,37,3885,1,11493.4255156304,79.96533819907835,21.49589872432342,26.007048918381834,21.49589872432342,105.50690507735757,0,6,1,10,0,0.020664320278721025,2.904356364659774,0.6107787166019639
single_open,20,38,3986,1,22662.284638393878,69.53625966517264,29.66939953454513,28.969823859419524,29.66939953454513,95.98627229521453,1,9,1,13,0,0.1302063272531451,0.3522138343545697,0.6136218314683718
single_open,20,39,4087,1,11694.34109962651,66.93344351435768,21.221963583908952,22.859793863222308,21.221963583908952,98.50258780214301,0,5,1,23,0,0.059837024435653106,1.075682933921206,0.5698332952728934
slots_open,1,32,3247,1,182.41748658914955,1.8208432886347226,14.690863899863988,8.665914283323259,13.506201782483096,77.31413784235284,0,0,0,0,0,,3.199518641764778,0.5341402146608815
slots_open,1,33,3348,1,185.3520893604883,2.495107092443855,19.088735761516876,15.732644729313662,13.614407418631496,90.50388614327026,0,0,0,0,0,,3.720132397864402,0.5677095227220826
slots_open,1,34,3449,1,186.7487811415379,1.7670113588888035,14.57192166942629,9.5058748847662,13.665605772944641,76.16269499894975,0,0,0,0,0,,5.077949421733619,0.6049326330212377
slots_open,1,35,3550,1,197.2633463315187,1.415424029455601,12.544203225809616,6.257055215646015,14.045047039135138,68.16570245993258,0,0,0,0,0,,8.042156225356827,0.6716145238638959
slots_open,1,38,3853,1,183.86459543697126,1.8887018280018044,15.270765019860294,11.136179330467593,13.559667969274589,78.74161767606195,0,0,0,0,0,,7.689756688115373,0.4384562685544645
slots_open,1,39,3954,1,187.3035470088022,1.7322014137642732,14.349013288608015,8.723769500219005,13.685888608665577,75.40876474657755,0,0,0,0,0,,5.816988257337997,0.5204384562685545
slots_open,1,36,3651,1,197.03262700621525,3.1180907420688015,22.417525162382066,20.7090658197543,14.036831088469194,101.17355429150591,0,0,0,0,0,,5.702704629240837,0.05275176981045901
slots_open,1,37,3752,1,184.43980316526643,2.298962202152788,17.948894356286353,15.03283032260546,13.580861650324932,86.87374583649628,0,0,0,0,0,,2.2222427930310458,0.6734414249828728
slots_open,1,40,4055,1,183.53833475354546,1.917294908098203,15.45188101973339,10.87219310398658,13.547632071825152,79.3354139029347,0,0,0,0,0,,4.649284926382491,0.6236583694907513
slots_open,1,41,4156,1,202.4745437495872,2.9822639073471704,22.11971655312426,17.79076480736575,14.22935500117933,98.94541370093981,0,0,0,0,0,,2.7408309542060105,0.38775976250285454
slots_open,1,42,4257,1,209.8564319412377,3.056860234278223,22.71412142255844,19.053081576453472,14.486422330625244,100.17524738270896,0,0,0,0,0,,2.182799285924029,0.388673213062343
slots_open,1,43,4358,1,186.93243364648822,1.4764276140906654,12.309975128951471,5.400723186884563,13.67232363742492,69.61914928286272,0,0,0,0,0,,6.849705448647037,0.7556519753368349
slots_open,1,44,4459,1,192.74140529504808,1.436882872785337,12.404230755314702,5.405284687629287,13.883133842726147,68.68047916986909,0,0,0,0,0,,8.441352012724774,0.5482986983329527
slots_open,1,45,4560,1,180.94369059036632,1.5132286037650575,12.165054345795024,5.668106410992485,13.451531161558014,70.48146188508959,0,0,0,0,0,,7.922780697746941,0.5594884676866865
slots_open,1,46,4661,1,209.2152368826068,3.062810517831523,22.71073164972971,18.74271313664031,14.46427450246319,100.27269726510842,0,0,0,0,0,,2.3297807796700596,0.38821648778259876
slots_open,1,47,4762,1,196.61987930241492,1.4350697092886622,12.658347949829544,6.554482720861972,14.02212107002414,68.63713247479332,0,0,0,0,0,,5.785829649574922,0.6446677323589861
slots_open,1,48,4863,1,190.28664070652235,1.6395816215125694,13.841753659416987,8.189780483921364,13.794442384762146,73.36503907491642,0,0,0,0,0,,5.656848169370181,0.5524092258506509
slots_open,1,49,4964,1,194.69530446598762,1.4963894391374921,13.017470925081748,7.05694764873251,13.9533259284655,70.08820694589834,0,0,0,0,0,,6.601774473854846,0.6037908198218771
slots_open,2,0,22,1,466.9503568152088,2.6020739487803697,20.847871640028657,10.708313408368408,15.131240077391755,60.450062411021506,0,0,0,0,0,9.469396542752719,9.638391934967746,0.27140899748801095
slots_open,2,1,123,1,600.7394842151665,8.040773631332716,16.173617360770162,15.208250560210276,16.985186440874276,109.79356813468728,0,0,0,0,0,6.855934229557741,9.885279118709667,0.3581868006394154
slots_open,2,2,224,1,374.0109987147987,7.126181955757729,8.34242384707069,7.237876446682105,13.671174082345267,102.79664453029042,0,0,0,0,0,8.176693326567925,7.5714498003771045,0.18942680977392098
slots_open,2,3,325,1,371.47967615329856,11.719614919793218,10.689901634778428,7.49475001478037,13.628601287891733,129.3082969187802,0,0,0,0,0,9.309693953256303,8.663535934638103,0.4080840374514729
single_open,20,40,4188,1,16282.681915306812,83.58956155238985,25.033968819880215,27.443916434049036,25.033968819880215,110.1668006942826,2,5,1,18,0,0.17468724376181882,0.49459285084787,0.5897921899977163
single_open,20,41,4289,1,12270.612891562152,60.80184635851394,22.434701532370195,27.440493161250597,22.434701532370195,87.29328367994778,1,5,1,17,1,0.4241216737261733,0.14924989056811816,0.6407969856131537
slots_open,2,4,426,1,273.0031681730736,3.433091871774734,18.7479144078304,15.955373050182933,11.683350521958559,58.49540411145584,0,0,0,0,0,5.953169791093354,10.285550341115991,0.19513587577072392
slots_open,2,5,527,1,390.0631176000357,11.946368050603695,14.86616390631641,17.14017423773268,13.951647623140847,139.88315326750615,0,0,0,0,0,5.514196204172523,7.952486487274111,0.18874172185430463
single_open,20,42,4390,1,16728.42579128767,69.71106011067036,25.702965475307288,28.212139615418593,25.702965475307288,103.2822463289358,1,1,1,13,0,0.12648122194905428,0.19896256157207204,0.610401918246175
single_open,20,43,4491,1,15806.75517034058,58.49143557550372,25.202220384582056,27.3868170496307,25.202220384582056,86.61089449027949,1,9,1,16,0,0.0012172414538022933,0.019131893387570063,0.6161109842429778
slots_open,2,6,628,1,369.37381257687923,9.331793324260374,12.570995308994029,7.5634816688659585,13.544330565674189,123.68333079077024,0,0,0,0,0,6.933524646425168,8.037451954242576,0.28465403060059374
slots_open,2,7,729,1,755.306629255736,12.99156668160669,20.543914273587415,21.97548466183167,18.662016017517743,145.9761892844322,0,0,0,0,0,6.135671285190203,1.470052070803945,0.11395295729618635
slots_open,2,8,830,1,291.6562173683109,7.173359704275157,13.098151249066685,11.082603475971434,11.955146227373394,108.25324932034553,0,0,0,0,0,9.028265098442706,5.8874371324755055,0.12845398492806576
slots_open,2,9,931,1,361.1975562887877,9.976964005498347,11.281091217378892,7.515996133044837,13.436612502131037,121.54926323575552,0,0,0,1,0,5.373283509448632,5.800870335357925,0.2140899748801096
slots_open,2,10,1032,1,664.0238526677324,3.5283125117849465,15.997294008042685,15.338653557271533,18.20933724296571,75.86589140690386,0,0,0,0,0,1.607531106592846,9.825920559729358,0.6201187485727335
slots_open,2,11,1133,1,381.1079124506606,6.044857507287914,7.690978379035069,5.954695435165509,13.803741972888318,95.98741351947649,0,0,0,0,0,9.048863610022245,8.711652558986351,0.24914364010047957
single_open,20,46,4794,1,13136.02576885575,75.56041522244462,22.674516459888835,26.949991368371265,22.674516459888835,104.32492910858316,0,5,1,21,0,0.09575282841716877,2.8774987437778874,0.5813085179264672
single_open,20,47,4895,1,19003.713147833998,89.60975139484745,28.03700473191281,24.943234259601162,28.03700473191281,113.60711485138677,2,2,1,8,0,0.1371267381914136,0.5294766710027624,0.6099566110984243
slots_open,2,14,1436,1,232.1901288304928,14.739763989473062,14.394584313671494,9.259387724190969,10.283833468380026,155.06308974902316,0,0,0,0,0,2.403294157618879,5.282695861295529,0.16955926010504682
slots_open,2,15,1537,1,512.046763756118,9.024825752433099,15.633325043323431,17.239762554549362,15.802054665128226,121.02722157084997,0,0,0,0,0,8.912798377757886,7.143331442947245,0.07216259419958895
slots_open,2,12,1234,1,373.91276007204686,8.106353878510681,10.086867615916944,9.438809908929498,13.667982832554543,108.37739311856583,0,0,0,1,0,2.1554027461432543,10.433515317750881,0.48995204384562685
slots_open,2,13,1335,1,698.5138985044309,6.038934224652887,14.466980744026367,14.935699671495943,18.199926775979485,95.98502666200343,0,0,0,0,0,5.549078995423037,6.00836346015605,0.6110984242977849
single_open,20,44,4592,1,17960.470733135695,84.55705661349752,26.96232059310131,27.02776275537237,26.96232059310131,106.01116228457889,0,3,1,9,0,0.24467787041745645,1.5784769053738974,0.6415163279287509
single_open,20,45,4693,1,13678.371758814734,47.41020037696815,23.33854007866106,25.677842044920197,23.33854007866106,73.52694183710366,0,4,1,26,0,0.17829796454981894,1.3819700977039122,0.5945649691710436
slots_open,2,16,1638,1,373.69677756229976,14.538912579138483,16.355234303552276,11.876683031719752,12.922180257374368,154.07534282481407,0,1,1,0,0,0.15551447803141547,8.1884336290924,0.13233614980589176
slots_open,2,17,1739,1,320.22629885939216,5.750951924321736,10.01650782360343,4.934598327950958,12.560945635391771,93.51706209583665,0,0,0,0,0,14.747104189515788,5.601109527659491,0.4185887188855903
slots_open,2,18,1840,1,367.8174378200463,8.03130244933995,11.104896778111183,10.004993537283589,13.561244895491626,110.92733428440361,0,0,0,0,0,9.996302479717913,2.1919950506166934,0.39027175154144783
slots_open,2,19,1941,1,667.5376978430835,10.034798267448428,20.886934977172036,24.368474321070384,18.107507557678105,128.12889254773964,0,0,0,0,0,3.9097280867688444,3.3463473710344718,0.21648778259876683
single_open,20,48,4996,1,12457.697387870436,61.099456546402784,22.025237062698817,23.30973538750526,22.025237062698817,89.84593743293553,0,0,0,7,0,1.1549795517130585,1.0046638560574352,0.6017355560630281
single_open,20,49,5097,1,10224.680499506849,54.66698625878293,20.880698043303784,23.568902574644394,20.880698043303784,89.06377618557603,0,6,1,26,0,0.2919128687974148,1.4750628213868264,0.5903060059374287
slots_open,2,20,2042,1,430.8177334836972,7.505506161824936,12.054047232419805,10.8625747857439,14.646176453957487,106.55867588450982,0,0,0,0,0,6.199770047138914,7.714600823990385,0.1882849965745604
slots_open,2,21,2143,1,368.6591452509223,7.638716870445366,10.334975422718932,8.027744213081526,13.57679526132129,108.08072671153315,0,0,0,0,0,9.994615721876027,8.669787974714879,0.4155058232473167
slots_open,2,22,2244,1,365.29663948890317,11.502428272412926,9.359694152663415,5.4904427632845465,13.50741469168741,126.67651463640789,0,0,0,0,0,4.3963916397122285,7.263071326375406,0.2701530029687143
slots_open,2,23,2345,1,344.39855102997615,8.779384539513664,9.862699831054618,8.585601791158533,13.112703587872968,114.26009106615962,0,0,0,0,0,7.830942537089079,2.4395641339358756,0.3427723224480475
slots_open,2,26,2648,1,483.05033208233874,12.534974351590144,14.150838540235199,15.297175529928202,15.359793455985642,141.9711087182757,0,0,0,0,0,8.073504147199822,7.560765011203765,0.2023292989266956
slots_open,2,27,2749,1,503.91450728596124,9.047648816123198,16.86899989970722,17.19421320848967,15.65076557146419,117.94624262761553,0,0,0,0,0,9.922979954187516,3.7371038660143356,0.3525919159625485
slots_open,2,28,2850,1,902.6561579507654,6.623685442841063,19.024929874719042,17.987188106199227,19.99905055426663,103.19777037082449,0,0,0,1,0,6.547400147272178,6.913292132852316,0.27631879424526146
slots_open,2,29,2951,1,369.63240291162646,7.537694652658281,8.198457988808594,3.3092787998181956,13.591194812774859,105.25143132148466,0,0,0,0,0,9.664340800835156,3.189908228045938,0.4777346426124686
slots_open,2,24,2446,1,310.918186438657,13.583188526670916,18.608831352947803,14.297990886447787,12.420655489871493,146.27101795828548,0,0,0,0,0,5.342386156457005,8.60658354942945,0.16499200730760447
slots_open,2,25,2547,1,507.9046223112392,9.134440833579896,13.459825555653001,10.385030406544624,15.784754701573934,121.02002999910312,0,0,0,1,0,1.1310784494097812,6.376868097076052,0.3419730532084951
slots_open,2,34,3456,1,383.5934088960438,6.080446652905446,7.627283656876758,5.717688677398343,13.846754560641823,95.95227966404744,0,0,0,0,0,7.818009892334466,10.935090004459473,0.26490066225165565
slots_open,2,35,3557,1,306.6836047708566,6.485837601227355,11.134424512335606,6.716760005977911,12.321355623410263,100.56238186066673,0,0,0,0,0,11.82330980230501,7.180361671538066,0.24309203014386846
slots_open,2,32,3254,1,363.49226679080004,9.174835104815122,12.012124626018553,8.300935766716133,13.474848176500466,117.99736405163904,0,0,0,0,0,8.431214020277796,7.467056267897612,0.18759990865494405
slots_open,2,33,3355,1,453.1149723876915,9.801709403735458,14.21065642586461,9.815332867227234,14.98123435311161,124.97829141000088,0,0,0,1,0,3.143335522977802,4.713771423551694,0.36172642155743323
slots_open,2,30,3052,1,488.7419349563574,11.3625258803803,17.17482586592793,10.171001356506263,15.30832818254395,130.6885566593972,0,0,0,0,0,8.238778302162665,3.287545970053522,0.25119890385932864
slots_open,2,31,3153,1,1747.0485703623685,2.8870498921538847,26.51631264102583,20.710574900232473,26.07377682064856,53.40114916723564,0,0,0,0,0,4.886072463335644,4.518914655705587,0.2679835578899292
slots_open,2,36,3658,1,327.66590186090014,7.160721700568745,9.529006573421794,4.782781074615901,12.743029463122156,102.75473697245332,0,0,0,0,0,10.491728760483836,5.391539705964619,0.3545329984014615
slots_open,2,37,3759,1,523.4665852701373,13.424320917790846,17.84997241020971,10.498377632594305,15.59009611796573,148.0270846493007,0,0,0,0,0,8.910830335099044,8.42824844114314,0.19559260105046813
slots_open,2,38,3860,1,418.29707488546046,9.498106858209212,11.009570053721761,7.949752564964531,14.421955765348953,118.8861385329104,0,0,0,0,0,9.991652107267408,5.391376429807767,0.2195706782370404
slots_open,2,39,3961,1,366.21466805673373,6.9620616521267085,14.411251171602615,15.14717027960093,13.530418415944023,101.66154939202191,0,0,0,0,0,6.954580499821077,4.912599718298947,0.15403060059374285
slots_open,2,40,4062,1,364.8916505479773,8.377602777761378,11.539607856503022,9.855843157760948,13.504941639245622,112.66079696654567,0,0,0,0,0,9.795391701605183,3.9462873526595867,0.2097510847225394
slots_open,2,41,4163,1,466.27427554870394,8.704160041863062,16.008777182549547,13.940331911295532,15.181028122828385,116.78522882329584,0,0,0,0,0,6.245504323839477,1.8701787136557089,0.07296186343914135
slots_open,2,42,4264,1,378.5239298679112,8.24580455588499,12.008764996717192,11.296818338547181,13.757140359868574,112.63899708139016,0,0,0,0,0,1.710310587419911,7.123752766205327,0.26398721169216716
slots_open,2,43,4365,1,301.65806576044235,6.094140786302642,10.007281330842261,4.711170559541974,12.22270532169836,96.78642660747599,0,0,0,0,0,5.446211339471894,3.250101100251193,0.33569308061201186
slots_open,2,44,4466,1,364.87695378424314,7.921417992633543,7.794931232263382,6.13103442896925,13.497328519494896,106.95902703471137,0,0,0,0,0,2.331787674703249,9.412965953287248,0.30680520666818906
slots_open,2,45,4567,1,1312.0297860089909,8.389868988547917,23.26652865267819,17.763525837539483,23.596166850097227,116.5407358724818,0,0,0,0,0,5.281659781388667,9.064465920803318,0.4076273121717287
slots_open,2,46,4668,1,266.38649065380014,2.6551228143379326,18.53216118133011,13.147130650583835,11.451149272073486,61.181285547714864,0,0,0,0,0,1.8063580036197138,6.125631925600097,0.1657912765471569
slots_open,2,47,4769,1,470.2445557099105,9.305187972731396,16.935559160219082,18.731143591624363,15.31567522086169,121.08489887211113,0,0,0,0,0,8.216642704703789,2.077257128961936,0.48310116464946334
slots_open,2,48,4870,1,268.88781840540395,12.449908818878582,17.888588634837944,13.583023247912015,10.794285859597082,138.85350070804787,0,0,0,0,0,2.8647986058877484,1.7475270660855964,0.238296414706554
slots_open,2,49,4971,1,345.09368789941334,9.426522326451899,8.225685957175,5.092158952402603,13.105187366490274,115.51748164936487,0,0,0,0,0,4.982244432787259,9.44394232258009,0.2550810687371546
slots_open,3,0,29,1,1101.0541024468348,9.548806423151657,20.27504017734498,12.099147631634406,18.18703790632153,99.82453498125987,0,0,0,0,0,9.223395895857774,9.923755990478572,0.4890766537261171
slots_open,3,1,130,1,1194.6035814691897,13.106150484301844,20.818152733309315,11.461263839065891,18.65025962111183,113.14752573028171,0,1,1,0,0,0.8111104616043213,4.4275358481497715,0.4750704118139606
slots_open,3,2,231,1,998.0536006802905,9.260554174480099,17.763542011361178,10.91397923584761,17.468160139200975,97.75517562482302,0,0,0,0,0,3.6316398119718087,3.239314364327962,0.40694222425211235
slots_open,3,3,332,1,1016.5159232670821,10.749910171581204,19.159071849966203,11.93584109721898,17.600249392983674,103.00962877804754,0,0,0,0,0,2.942172113346009,3.543880831207126,0.6411661718809469
slots_open,3,4,433,1,993.2077513602417,11.260496961826632,19.07922779887875,10.13014595172167,17.360143273379865,106.0336984219639,0,0,0,0,0,8.325012985915683,7.530037734582339,0.5485270609728249
slots_open,3,5,534,1,1193.9490674835674,16.955059880094254,26.217622113914516,14.471269488614244,17.745304969326188,132.37394840730025,0,0,0,0,0,5.5054865983314665,7.762929504696629,0.47925706021161607
slots_open,3,6,635,1,1254.4060193340279,13.28668406740938,21.04377735166605,10.437280536739248,19.277833689571736,113.79362972694032,0,0,0,0,0,4.918088281597798,3.6602305439557132,0.43008297175915355
slots_open,3,7,736,1,1072.2679082946925,12.595296225291206,21.740348155414818,13.308055805998391,17.947684553400254,112.75306112189479,0,1,1,1,0,0.8030101310388167,5.709071338354538,0.4096064550506204
slots_open,3,8,837,1,1551.2509506118495,18.20883943100078,26.824378196871198,13.628042589432532,20.548480870283772,137.35076232235625,0,0,0,0,0,1.3848708743151534,7.1739223026823105,0.40473471873334854
slots_open,3,9,938,1,1425.3808488696218,11.583951564585416,24.489340039326432,15.004182057363208,19.961332916881023,108.2900076341654,0,0,0,0,0,8.010964174829597,5.152923387070521,0.6740503920225318
slots_open,3,16,1645,1,1276.1445012821982,9.353443679353754,24.073179549564674,14.321680826955062,17.95988165943213,100.82085083587423,0,0,0,0,0,8.16066280078932,4.048307919620562,0.3921747735403821
slots_open,3,17,1746,1,1013.294170566047,10.416589997853436,17.77858360492333,8.944230477405508,17.488338187784137,101.29841017087496,0,0,0,1,0,2.173791207315047,4.535658305823761,0.5866636218314684
slots_open,3,14,1443,1,1716.8870072609411,14.2451293691171,29.147984889514646,18.127093458500767,22.749709428637505,121.96647708009982,0,0,0,1,0,1.3515649773173684,6.681422343785858,0.40526756489305016
slots_open,3,15,1544,1,2846.530578394896,15.397850854478968,39.69050485784455,26.258980189379194,29.077424530488305,125.78680938914744,0,1,1,1,0,0.725601507196794,5.528020306675958,0.4977544340412575
slots_open,3,12,1241,1,3433.574409551353,10.54610311531454,40.299986652333864,28.069196343482385,32.20246934588021,107.21742477493409,0,0,0,0,0,2.659529529277198,3.02939605930057,0.3517545862830174
slots_open,3,13,1342,1,1034.0205347814453,10.64632297994077,20.611080801220215,12.49332543445942,17.804328064546763,105.27523080999869,0,1,1,1,0,0.4784198373527437,4.660541664472911,0.38007155362715994
slots_open,3,10,1039,1,2009.4727222608024,14.112900718152144,33.5672387308844,31.06444935941898,23.49817963273483,123.5102738287452,0,0,0,0,0,2.564822126344214,2.5911813405968123,0.5078023901956307
slots_open,3,11,1140,1,984.956817674273,9.33163200066127,18.371977985448158,11.91878349475362,17.390255941630652,98.38693409033077,0,0,0,0,0,3.114316342363936,5.000091130869803,0.3605846083580726
slots_open,3,20,2049,1,1334.039432705015,10.811605300054264,21.80234823943491,13.552744178801628,19.437673450000684,105.14706976289743,0,0,0,0,0,3.6721933279370678,6.115082549250502,0.4922737306843267
slots_open,3,21,2150,1,1237.014442697229,11.5421726345498,26.67681308201463,18.53637320821332,18.024465829087706,111.42647399008179,0,0,0,0,0,6.799301858335865,5.9755632701845425,0.37862525690796983
slots_open,3,18,1847,1,1608.1203149733133,14.985817397768184,27.56093913590131,13.995431777904352,21.63429761890278,125.63105289119954,0,1,1,0,0,0.7630022784765291,7.258268096270389,0.44873258734870974
slots_open,3,19,1948,1,917.0557225025998,13.542396002307727,24.12387341069406,12.753778304981243,15.758558226084011,114.46570826726646,0,0,0,0,0,3.750287671542423,6.724933319143223,0.5023978077186573
slots_open,3,24,2453,1,1925.5622268290695,11.371827717612403,30.167662439199393,23.032022219593948,24.150402596507917,110.73392474375972,0,0,0,0,0,8.089011518778612,2.9344945794579287,0.49181700540458245
slots_open,3,25,2554,1,908.243459755734,11.941502031450034,21.190739645720853,16.02660333659544,16.04575595925417,113.77216438326673,0,0,0,0,0,4.455167355807027,4.651022270722609,0.46273882926086624
slots_open,3,22,2251,1,893.751434012407,11.940118589965632,20.392774949423437,15.031673945851045,16.49911291449205,111.19479032882116,0,0,0,1,0,3.0189542226320825,5.285694535666065,0.30113420111136485
slots_open,3,23,2352,1,1377.3430733252171,19.620045977996174,29.18202069254006,16.91456928410635,20.524896821476855,144.77343760366992,0,1,1,1,0,0.784394216880096,3.0947781631159716,0.42155743320392786
slots_open,3,28,2857,1,1571.3762477136622,10.765349815390845,24.23766885294293,15.37049181142443,21.986030770480724,105.93503822226432,1,0,1,0,0,4.268259835746632,0.1204705950823758,0.5704498744005481
slots_open,3,29,2958,1,1252.6202636475296,13.875699242629716,27.177621724755056,16.85956965013009,18.930328798264455,122.9411186391912,0,0,0,0,0,4.073853879317883,1.8228703158859856,0.43525919159625487
slots_open,3,26,2655,1,895.2405846549219,10.961973732670508,19.343456772347597,14.091121692413,16.688511139385284,106.95209624708271,0,0,0,0,0,4.227900532564234,5.134277924942226,0.2749486184060288
slots_open,3,27,2756,1,1205.080755359877,11.873020735799951,23.20800215237686,15.539392169604811,19.464632898248965,107.34452579364195,0,1,1,2,0,0.4200857161564274,1.5339878572401995,0.7288574255918399
slots_open,3,30,3059,1,1614.5412610831822,12.163527473393412,26.565085351642058,15.56228417896387,21.790217127857243,114.44249810454768,0,0,0,0,0,7.081990295086075,1.4572994512140307,0.5746365227982035
slots_open,3,31,3160,1,1036.4083492419834,10.803008912056859,20.070338889159732,13.468467668806104,17.860771670920247,103.60984684570985,0,0,0,0,0,7.32654103995866,4.25886899416408,0.6235061277308366
slots_open,3,32,3261,1,1498.125146508139,8.932537580588459,21.3439690042723,14.441818218477335,21.514405784257676,96.8694662064717,1,0,1,0,0,3.730199014699168,0.11187338204587806,0.24175991474461445
slots_open,3,33,3362,1,1246.661946493235,17.475539184564155,22.314743339952088,11.052569033740754,19.805873104048217,137.86492601709043,0,0,0,0,0,4.83208596589558,3.9390097065043785,0.4502550049478572
slots_open,3,34,3463,1,837.7098486193026,9.372088487312643,19.93987598011623,7.854155897449291,14.888455293742531,97.46245510961101,0,0,0,0,1,11.025296755767496,4.703599592416708,0.5776052371165411
slots_open,3,35,3564,1,1187.6403691518103,8.690538248161374,22.16109328542628,19.37758577242895,19.250338971910427,97.36805715507528,0,0,0,0,0,7.215228167589769,4.782132601694453,0.4395980817538251
slots_open,3,36,3665,1,1035.955867805028,9.103528372286537,17.36941200664619,10.000047004835649,17.71548176920801,96.46894615900412,0,0,0,0,0,2.549069939885476,4.337441498675218,0.47050315901651824
slots_open,3,37,3766,1,1218.6175946619514,9.018371713801507,19.031412536513496,10.535715540359533,18.821039871908454,96.34291371986164,0,0,0,0,0,2.704430866809088,8.341589456516303,0.5592601050468143
slots_open,3,38,3867,1,1214.3198838949172,10.562978043600264,24.265759764788765,15.81441453717799,18.55579121687594,106.42785748393273,0,0,0,1,0,5.459698005384903,7.2846636990202365,0.37542817994976024
slots_open,3,39,3968,1,1192.7051983814306,9.655914360788156,19.23356352786587,10.939418120176697,18.657288462715783,99.00713099865624,0,0,0,1,0,7.221533427066749,7.918930504593633,0.4801705107711045
slots_open,3,42,4271,1,1465.7916986048094,19.694990671889737,26.41480328857304,14.214112906216442,20.989292954806988,142.4318041905425,0,0,0,1,0,4.727145135994324,2.4780959275006222,0.4657075435792038
slots_open,3,43,4372,1,1112.5806443847682,15.348457435365907,20.053934209863748,12.54555418659797,18.335999340276913,122.15646922908483,0,0,0,0,0,4.160880473514342,7.907661573577623,0.43853238943442185
slots_open,3,46,4675,1,1792.9114268672379,8.065386252471399,34.13383467002031,18.691864071495594,23.927011746333154,89.05479153462976,0,0,0,0,0,5.685595628384393,3.2450480068893475,0.47263454365532465
slots_open,3,47,4776,1,836.5062627297948,9.533849356000859,20.202368875123714,16.456950431357434,16.263661341944328,97.76646883747703,0,0,0,1,0,5.485861315282175,2.231776777920191,0.39795996041714243
slots_open,3,44,4473,1,1666.0065664391677,13.062072986840949,24.94065007962765,11.876872449582821,22.60854892769592,117.6635474048706,0,0,0,0,0,4.1802057673182675,5.9739642775636055,0.5154144781913679
slots_open,3,45,4574,1,732.0615849238832,13.05485768097962,20.813061363505653,18.395424786826513,15.187829728810826,118.61857933556381,0,0,0,0,0,1.9386189956996014,5.228002212879527,0.3290705640557205
slots_open,3,40,4069,1,1356.6045641147257,12.918660038745507,25.347737522183817,21.444149136573674,19.699550548223865,117.774715003135,0,0,0,0,0,1.3405379700636293,1.5332612643303087,0.669787622744919
slots_open,3,41,4170,1,1663.941202087955,7.20146658792216,29.04705297686625,19.482174238045506,22.182275023999527,74.88272453297249,1,0,1,0,0,2.119936394950339,0.834697961228813,0.5862068965517241
slots_open,3,48,4877,1,933.262983370498,9.128203698967937,16.33541842601777,8.858528828766113,17.001457255054543,96.76318502891085,0,0,0,0,0,8.904210578917843,5.278066467742551,0.5577376874476669
slots_open,3,49,4978,1,1333.7592203935233,14.023697287640239,23.936566489645273,14.850745486081438,20.41888176373196,117.64354440270216,0,0,0,0,0,3.0919959207079724,2.840845292297824,0.5842277536728324
slots_open,5,0,43,1,3837.6624873764713,28.187078992385818,35.83245733244927,16.370760168430458,25.11500026111647,130.80826573514403,0,0,0,2,0,1.8410939992414868,8.005818707559884,0.4775062799725965
slots_open,5,1,144,1,4224.845903231519,23.176755741604513,39.71970943534866,22.43942525104313,26.290841007238527,121.314613818662,0,0,0,2,0,2.7454701217663326,4.101451998263901,0.542498287280201
slots_open,5,4,447,1,4066.6012264635583,21.61551853116286,32.38079954360559,16.195646027498515,26.160181370099473,113.06742470807949,0,1,1,3,0,0.8366831860207901,3.5126837024515805,0.5980360812970998
slots_open,5,5,548,1,5767.5631473587755,23.331175701255045,40.280117272803196,21.5977719174706,31.50341454224482,117.13093419561157,0,0,0,2,0,1.377468556965348,8.446969144020938,0.681662480018269
slots_open,5,2,245,1,5767.0974824509785,36.69584370462116,38.29781358506986,16.905618959301382,31.493746566515323,152.22817725778577,0,0,0,2,0,3.2786184436305215,5.433135854444859,0.5831468371774378
slots_open,5,3,346,1,5854.7841401200285,10.664153212007108,32.68571962778319,18.562296449919558,31.13343562724223,74.70255710673447,0,0,0,2,0,1.5464300934870512,3.936378619689967,0.572596483215346
slots_open,5,8,851,1,2883.449083674942,25.960681886230407,31.34320748463306,18.264822274970037,21.810232341373403,125.92346700190618,0,0,0,0,0,2.0162954473144703,3.3354694906588405,0.46828042932176295
slots_open,5,9,952,1,3635.376941096207,21.40128572191036,30.371538031838885,14.837036585275955,24.669143579259774,112.58517023060699,0,0,0,1,0,2.2143455805247565,7.782517256502209,0.5483900433889016
slots_open,5,6,649,1,3746.400855284922,21.79692246817747,33.3051928254667,20.423309522575174,25.835865063587146,115.27980516976963,0,1,1,1,0,0.9607130331522434,1.4832716373605166,0.705503539620918
slots_open,5,7,750,1,3287.7647787433666,21.5640907245038,31.111710143830685,19.666379517651283,24.494386261088664,114.60867254941786,0,0,0,2,0,1.4858915929790786,6.562924773580578,0.4599680292304179
slots_open,5,10,1053,1,3793.07077416909,23.60251277641233,33.63497615349788,24.449989342368372,25.494384201014704,121.71267777714573,0,0,0,1,0,2.865044161268852,8.088251910480487,0.6313313541904545
slots_open,5,11,1154,1,6579.117481932714,21.248128355455286,43.29954949967152,26.372466754285792,34.96043874918904,116.1250569514323,1,1,1,1,0,0.2945922643811502,0.7100837536087421,0.613153688056634
slots_open,5,12,1255,1,4299.886305163183,25.024184843321155,41.13627173661544,22.95746005127647,27.7371053317691,123.1215709891449,0,1,1,3,0,0.7638161562850464,6.086042506875434,0.42489152774606076
slots_open,5,13,1356,1,2589.2740062484536,22.296529836508633,29.262972651273287,18.907800244036295,21.84306550810063,115.32999443480848,0,0,0,0,0,4.663590031982842,3.061053315209188,0.6164421100707924
slots_open,5,14,1457,1,4421.10802112479,25.75744083510654,35.295889987211595,16.51595623651251,26.847446738483786,126.60770621415948,0,0,0,0,0,1.9159518327635081,2.673932005426042,0.47892212833980363
slots_open,5,15,1558,1,4217.02884621937,21.145533017900494,33.83112991380453,18.86246596636311,27.426275230147223,112.03929409759692,0,0,0,0,0,2.230331186241984,2.7487855591563473,0.6702443480246632
slots_open,5,16,1659,1,2580.7658504232295,22.61041273055584,26.680606932436433,11.164178010301445,21.163603079168674,116.52824725203868,0,0,0,0,0,2.73774246084834,4.677544361050571,0.6169901804064855
slots_open,5,17,1760,1,4575.055532669998,20.52458060035237,37.911174566380744,21.43352588067742,28.14956753344694,112.62458498104002,0,0,0,0,0,1.2074645285103625,2.4857185796611314,0.594930349394839
slots_open,5,18,1861,1,2473.7658585559266,24.45820136192339,26.70995320922706,14.804494924678629,20.897980567899424,124.58185623162144,0,0,0,1,0,1.7581990501108542,5.94930174770597,0.4538935830098196
slots_open,5,19,1962,1,3170.362790471668,27.044105213537108,33.011827513258446,16.70260108124898,23.72435244011266,127.23380079092492,0,0,0,0,0,2.320756179758386,5.211840093429112,0.5890385932861384
slots_open,5,22,2265,1,3773.101436705015,23.865267598831565,33.03817077410044,13.416390636918052,25.225827748873215,117.71342545678075,0,0,0,1,0,2.329819221377895,5.733081601741546,0.4955469285224937
slots_open,5,23,2366,1,6082.752191800941,25.433381700321846,37.42931946065827,17.61642077355639,31.720195392557322,126.19051974497013,0,0,0,1,0,2.7190346987033713,7.317745821031671,0.5255081068737154
slots_open,5,28,2871,1,9223.127538036184,22.64656164659122,48.067608733589324,27.57960396860161,40.13145368182189,111.27956441054171,0,0,0,1,0,1.7165434788104792,8.104924119774225,0.5309888102306463
slots_open,5,29,2972,1,2934.3832930782764,25.74114039016028,29.196883585804063,12.851453238708626,22.80626404131808,126.9329963804415,0,0,0,1,0,4.604435337006655,7.346333766909186,0.5610870061657913
slots_open,5,26,2669,1,2648.7081891757916,26.414965972454585,28.140216586176628,12.31940602348876,21.640428344571397,123.8236373661745,0,0,0,3,0,1.2647165894010528,1.2790236215187398,0.5089746517469742
slots_open,5,27,2770,1,3360.40566430032,23.48842483946916,32.3970103701253,17.859354523949072,24.743012024962244,121.8470550200802,0,0,0,0,0,6.2055545856682715,7.7132395320529685,0.4935373372916191
slots_open,5,20,2063,1,4699.118329852894,24.636463341619432,40.079265608252456,27.663376103080985,27.49485773690875,124.9264294411714,0,0,0,2,0,1.609910100906325,4.213376291609504,0.5573418588718886
slots_open,5,21,2164,1,2801.9548502797716,18.219178241279828,33.34567297742695,19.664892390624225,21.98476730475017,108.63344267890996,0,1,1,0,0,0.39556810212271526,4.901684921582999,0.5587120347111213
slots_open,5,24,2467,1,2867.048496653909,23.88027570172929,33.83443909821705,21.276496479299137,22.19713103771925,122.34808667023924,1,0,1,0,1,2.530093385615614,0.8396989634501812,0.5838319250970542
slots_open,5,25,2568,1,2632.4097738274468,24.18510103866679,28.66814723527118,14.912387105806582,21.556821736139643,120.08631252098164,1,1,1,5,0,0.6028039541815706,0.8693237071192099,0.6046129253254168
slots_open,5,30,3073,1,5644.215627357777,27.233117704517838,37.11677991192687,18.512352140695228,29.345831743226853,129.63524471602796,1,0,1,1,0,3.2130613707930986,0.9798324319817896,0.5059145923726879
slots_open,5,31,3174,1,10323.104199265996,28.69901177993714,50.557031636116825,25.644500913339662,41.571730674177395,132.45682096158743,0,0,0,0,0,4.035333547837942,1.261849977481685,0.6096369034026033
slots_open,5,32,3275,1,3605.1996956652492,23.435462275462175,32.64204073586272,19.31103187304906,25.10075765337026,120.1257474828794,0,0,0,1,0,2.9612881893662477,2.656655334242482,0.6680520666818909
slots_open,5,33,3376,1,2897.9095985871063,19.429259329226987,29.806043514809865,15.66202280881827,21.48875695718743,107.26271370142747,0,0,0,1,0,2.9371343179140794,6.407790864898009,0.5333181091573419
slots_open,5,34,3477,1,2890.032697226765,25.666465668591577,29.91787744447904,16.5158561679212,22.86596055694732,123.7131932347698,0,3,1,3,1,0.274333744452434,1.5864300479406837,0.6716145238638959
slots_open,5,35,3578,1,2851.00172977087,25.332254947791892,29.351473964027196,13.38667498089758,22.528897037939146,124.84797952569224,1,1,1,2,0,0.9288987037807229,0.35367634577957474,0.5624115094770495
slots_open,5,36,3679,1,3617.4640713489825,25.553954231831888,30.299728060142677,16.409860833078994,24.468938424655924,124.36650779412943,0,1,1,3,0,0.7536391333707386,6.853136419194959,0.5860698789678008
slots_open,5,37,3780,1,2939.0574934820343,24.4655907645133,29.926396750005733,16.82834406321299,22.887363169385317,124.63151257585733,0,0,0,2,0,1.9365029225399124,2.804297354937488,0.4588718885590317
slots_open,5,38,3881,1,5203.785371172262,23.664316998744056,39.903002131568584,23.42205486258482,31.707469180121887,121.85849128596028,1,0,1,0,0,2.344328032036617,0.5317302928364701,0.5783512217401233
slots_open,5,39,3982,1,4213.3022759617925,28.162967587315215,36.39960464505208,25.865836268739965,26.457951752513928,133.04835603882776,0,0,0,0,0,1.8898276865045505,2.8307454824655784,0.6139301210321991
slots_open,5,40,4083,1,2834.7578522651447,31.8798429039492,33.48892040796071,21.840470232435766,21.743071154560777,140.80157739828246,0,0,0,0,0,1.6379904290585896,8.220548423595078,0.4973281571134962
slots_open,5,41,4184,1,2163.9702542202194,23.334686911090525,29.07387864607707,19.058563377118897,19.5242327623832,119.21063344794752,0,0,0,0,0,3.0466016328588106,4.6709498759015915,0.44713404886960495
slots_open,5,42,4285,1,4058.258136215395,28.21174828076479,33.24886976603325,17.29820059526487,26.46289579312304,133.84377863416134,0,1,1,0,0,0.7227901005874127,7.527657291864086,0.5298013245033113
slots_open,5,43,4386,1,3185.926435352474,19.911839495570742,32.568435582182154,19.315969658369053,21.850491752627057,110.73993437621588,0,0,0,1,0,1.604335763508047,6.346630619882043,0.36090431605389356
slots_open,5,44,4487,1,2218.730382032838,29.854076160918613,31.003643225636587,15.67812281260812,19.208566216897587,136.41507802658518,0,0,0,1,0,2.8950916912959697,2.0523778037235627,0.4009591230874629
slots_open,5,45,4588,1,3294.9865796364156,24.13035779553441,32.68076410515338,19.93356968205468,24.678092225169426,122.61989890697707,0,1,1,0,0,0.9157608962047998,1.42857364282926,0.5403060059374286
slots_open,5,46,4689,1,6943.530369328335,18.521554280836437,44.41349194838065,22.729662410337237,34.385208682228445,108.06913079639446,0,0,0,0,0,5.274709650216676,2.510713936681549,0.640557204841288
slots_open,5,47,4790,1,3840.7355279577278,19.168476958683957,41.21556821221459,28.602401128240604,27.20243946030995,105.56533907611274,0,0,0,0,0,1.397615202481498,8.022509289246155,0.3070564055720484
slots_open,5,48,4891,1,2360.7530055454154,27.366380664445273,32.29958557365144,19.19175754674016,20.09308670047764,129.61968507576665,0,0,0,0,0,2.806186085673942,8.840131143833542,0.5756108700616579
slots_open,5,49,4992,1,5153.991592844528,14.960842862348855,40.89690422362073,18.68303447405621,30.296733225822585,88.79777008445197,0,1,1,1,0,0.48216426357344166,2.660483734435634,0.5148207353277003
slots_open,7,4,461,1,7520.732042531625,34.493326750330084,41.8557231223183,21.6988802268546,30.58103446137315,124.45397108298354,0,0,0,3,0,2.1463227363255437,2.359010882535757,0.6064985482660751
slots_open,7,5,562,1,7387.982372899287,31.33252918457069,44.098675645661324,19.703107429656093,30.271333304271828,113.41465653576118,1,1,1,0,0,0.7458641052015097,0.487138246800105,0.5053012755684598
slots_open,7,0,57,1,7066.265404444306,40.03876238620196,47.79774125613749,23.322408063000513,29.85895845343316,126.75560680080416,0,0,0,0,0,1.2169249532455295,1.6117366403793123,0.5891756108700617
slots_open,7,1,158,1,8968.843759480294,43.60685473236936,49.30835092415571,25.106269472506476,34.287749857154935,139.92281584622881,0,0,0,3,0,1.2679514788047248,3.978696421114781,0.6021596581085049
slots_open,7,6,663,1,11084.046720109618,36.00315264246587,57.07862934069637,31.96524167202005,37.88244521563665,127.22224923782244,0,0,0,0,0,3.3144027548655526,2.5805888906440613,0.6878282712948162
slots_open,7,7,764,1,5565.528740250487,37.459293050537795,38.497959104444185,15.47846044820019,25.984859740777548,127.44093044064809,0,0,0,0,0,5.248102782812225,1.3649796106036822,0.6055198512380517
slots_open,7,2,259,1,5584.910058318107,35.029288096510555,39.44327537598679,19.4415927778302,26.397499328219396,122.81468903305885,0,1,1,1,0,0.4120087637015936,1.3598162841356767,0.6340325579877989
slots_open,7,3,360,1,6761.763738296921,42.67969963488418,39.996198824940805,23.389330856568954,28.70915649322244,138.89608735119057,0,1,1,5,0,0.13017105158626047,5.83240040215513,0.6037255733533422
slots_open,7,8,865,1,7089.84258519963,36.89771198077634,42.39461005402011,26.557512414023858,30.667795128571964,121.48206096187222,1,0,1,0,0,1.7183436854728875,0.990104879252424,0.5672854206766059
slots_open,7,9,966,1,5756.041881938474,37.600290390013356,39.67694431050789,20.96335285717365,26.265603971557542,129.69208747081765,0,0,0,0,0,3.4804087836949744,2.8282690615866573,0.5512021661827553
slots_open,7,10,1067,1,8099.96981564361,33.997259414889015,48.64882851737683,27.92087862943147,31.37157963394471,115.82713839320313,0,0,0,0,0,2.4920640923011717,5.2153392981891065,0.5473852477734643
slots_open,7,11,1168,1,9295.635930909857,44.019739367318095,50.58599717279407,24.971909133054886,33.94845711256266,139.50687024825905,0,0,0,1,0,1.1357455380069956,5.016780209875163,0.680488043584641
slots_open,7,12,1269,1,4977.31427345057,40.22994143789511,39.11932734634105,24.97319569355592,24.79955403479182,133.83181886612599,0,0,0,0,0,3.2375910174870066,2.308157034463535,0.5229504453071477
slots_open,7,13,1370,1,7685.564809206664,29.278624551721812,45.62459465629668,18.39171486900783,29.25662440777558,113.94995406829675,1,1,1,1,0,0.8184731715935483,0.5555800662638944,0.6517469741950217
slots_open,7,14,1471,1,12686.388863891218,28.75365628281067,56.811433447081846,27.13110282808046,38.43734313321986,109.20838263554447,0,1,1,2,0,0.5202613014359776,1.3162100693620833,0.6910905947215606
slots_open,7,15,1572,1,8229.459906939368,31.80657188920912,43.210180260195116,27.733592025153662,30.95543188304037,113.74840194333458,0,0,0,0,0,2.064214447168774,2.417819143953559,0.44661207712132583
slots_open,7,18,1875,1,8674.495944725024,38.184959794866046,47.63695404528189,23.357546369805934,33.00757410112977,128.83562958679997,0,0,0,0,0,1.0472118137071853,2.3213762708855246,0.5590969888754771
slots_open,7,19,1976,1,4524.539494694036,35.158186886045286,36.06993174255715,20.368793455075537,24.1552391554367,123.79532484181259,0,1,1,1,0,0.9167266395994853,4.012044720160493,0.49802629432681955
slots_open,7,16,1673,1,10729.144651031991,29.616363630001835,57.08481728253105,30.20026284389898,38.65001953354275,113.95347201716153,0,0,0,2,0,1.4263320322305544,7.50859347548215,0.60656379473461
slots_open,7,17,1774,1,9314.323310267604,23.50125530824284,55.00531070076398,27.57242506652165,34.18525179249081,104.33606898543015,0,0,0,1,0,1.8131228735814138,4.932196449266449,0.6869148207353277
slots_open,7,20,2077,1,8437.062250134555,41.40057444809034,46.85450089115727,23.302036309361434,33.17411877139301,135.0042650390363,1,0,1,2,0,1.1783681386462284,0.07575892607061328,0.45558346654487325
slots_open,7,21,2178,1,5440.170836504196,35.39930915841789,36.46792974938266,21.80816314008855,24.659048445847553,119.88349570104519,0,0,0,3,0,1.112984055230056,2.973768323176142,0.5562587674942093
slots_open,7,22,2279,1,9948.294245019317,37.60209607712671,49.967667433907664,26.707540543205695,35.38847515889339,129.31724997678626,1,0,1,3,0,2.469894727727605,0.019012749935668927,0.6945486575539099
slots_open,7,23,2380,1,9374.07829420429,40.584431782238504,53.02460344029741,27.573126982447157,35.820704412577435,133.22241808767254,0,1,1,2,0,0.17362225406202475,5.22288398599314,0.5834991681075262
slots_open,7,24,2481,1,6286.372657245383,37.4215974870951,43.09116695121339,28.499687394235217,27.571700706786054,128.2490088054793,1,1,1,0,1,0.5573783495249105,0.8407852752765091,0.7042051348970737
slots_open,7,25,2582,1,5531.413922281495,41.272349316389395,44.65211930662736,28.991366794526332,26.380426201766674,135.80184178796353,1,0,1,0,1,1.5130734217639756,0.9357645780883416,0.6341304276906012
slots_open,7,26,2683,1,6090.665032519913,37.45185156075793,40.3070526418186,23.367310661167565,27.648497199681966,128.48738320402677,0,1,1,1,0,0.12599787106229518,2.0770751834258947,0.6837503670113855
slots_open,7,27,2784,1,7534.179304269337,36.21253231145529,45.364041333573375,22.00128360057505,31.28552880944469,123.8400059533992,0,1,1,2,0,0.7242044909271099,7.041783347368091,0.537696147196033
slots_open,7,28,2885,1,5686.613159103368,27.02754994042658,38.43093274829958,19.202069700460495,25.666236745061216,109.01699253463008,1,1,1,1,0,0.17176707090379734,0.10012206304609557,0.6564773431638012
slots_open,7,29,2986,1,7235.1463718135465,31.45484505258614,44.083147579014785,23.729167195954446,26.965565721474402,118.0298876942297,0,1,1,1,0,0.6358612957812353,1.2553525521004298,0.5014191106906338
slots_open,7,30,3087,1,6132.604679247326,24.09257387746527,44.1844786496768,22.002619877127106,27.413013809615652,103.19216347467189,0,0,0,2,0,1.2702075492608687,2.873610330351539,0.4761687273676312
slots_open,7,31,3188,1,7188.601072877704,35.73648047402583,43.80061688189996,19.466883714440176,29.38644834925834,125.65376628179675,0,0,0,3,0,1.9429487738402829,2.9381836615710486,0.6423841059602649
slots_open,7,36,3693,1,6093.574017423183,32.722179461751935,37.26770857853759,22.85564301639861,28.72075052719341,119.99737043065751,1,1,1,4,0,0.8820514694087547,0.49247438212793454,0.5218086321077872
slots_open,7,37,3794,1,9099.542115256581,39.87877461637598,48.14543259543263,26.524645029710506,32.86618480456412,132.89161080099387,0,0,0,1,0,7.654912193768354,1.7042304789880331,0.7016278993899455
slots_open,7,38,3895,1,9502.701082032372,34.31060820523709,49.050129070203575,23.482660302965655,34.679991739603125,122.7641896184267,0,0,0,0,0,1.8538097373555928,7.17939747133661,0.6448308485303232
slots_open,7,39,3996,1,11081.42037564053,23.418238470345482,50.95338194493708,22.9939740521733,36.55597570177755,103.33986310396442,0,0,0,3,0,1.7101338770533265,1.9212692307281882,0.6442762535477767
slots_open,7,34,3491,1,8568.72057164603,31.130705790597624,47.83530043579204,20.97504312025941,31.71982706132857,115.16085322291642,0,1,1,2,0,0.43708573594083955,4.291852593239164,0.5616416011483378
slots_open,7,35,3592,1,9639.297943828136,33.064435674025304,47.868248433674346,32.292121020197044,31.37809378506355,118.26430293277407,1,0,1,2,0,3.421502001707337,0.9534807651591366,0.6247023129873096
slots_open,7,32,3289,1,15117.001432324905,41.6338058037625,60.87834351956984,35.45748769951843,43.71446836232407,135.42089234632874,0,1,1,1,0,0.0929735984238256,3.402188967972738,0.694777020193782
slots_open,7,33,3390,1,5261.978346497426,30.66097690459977,42.05132462372444,28.89360792362231,26.04211164537849,114.05274911478546,0,1,1,0,0,0.6069579222462897,5.725082890320074,0.4617492578214204
slots_open,7,40,4097,1,10084.059086419365,38.19516471503168,45.54257666212015,30.321167494560466,34.26822976799886,130.68166452437362,0,0,0,5,0,1.816584789823742,2.763083931196693,0.621439989560565
slots_open,7,41,4198,1,6979.571086524746,32.511975285597266,44.51515537828015,21.506549811448927,28.59133078276461,117.89185010634176,0,0,0,2,0,2.489515244337067,1.823298113044285,0.5180895834012984
slots_open,7,42,4299,1,7793.737231111367,36.51676473480756,42.58606473409598,20.15431151678371,31.461036442357166,126.08424041896703,0,1,1,3,0,0.28699636472655676,7.15506003751444,0.593677617198969
slots_open,7,43,4400,1,4295.8075631910615,39.424402837239725,39.913249402098295,26.39310347627415,22.94305580415143,131.32386730877045,0,1,1,4,0,0.8190633956886086,6.193236412365726,0.5224937200274035
slots_open,7,46,4703,1,5869.286151288505,37.70931108694268,37.57029357735103,15.537006514195191,26.946186038631428,127.99936866605915,0,0,0,3,0,2.3334832797209772,1.3016741729746562,0.5866636218314684
slots_open,7,47,4804,1,8724.928099690489,27.227678707010856,42.580721533521164,18.11152329363429,30.765054672899257,106.37107945002887,0,0,0,2,0,2.468832083792571,4.708354045132653,0.6275731576028447
slots_open,7,44,4501,1,10547.820711807537,34.128531908919236,50.89998517220927,25.826669260772672,37.36691396278995,123.10369118218505,0,1,1,0,0,0.17576535916083638,1.2573924403574084,0.5169477702019378
slots_open,7,45,4602,1,6009.392106852828,35.60590733806021,37.22602157590255,15.106695546078836,26.67071503639853,123.11555984046224,0,0,0,1,0,2.3313646016524867,1.4131351830796561,0.554105634032558
slots_open,7,48,4905,1,7805.193464637177,45.74405119183952,48.10282241454511,22.881008867500835,30.169188140863096,142.98129921543486,1,1,1,4,0,0.2099344225755455,0.39549057599488857,0.5116628062506117
slots_open,7,49,5006,1,7675.653033480682,37.229126547161705,41.8245271811304,23.79475488052602,30.36668179701193,127.87420242904355,0,1,1,1,0,0.2757304814274772,3.206707900724188,0.7100773170652138
slots_open,12,0,92,1,15221.071324405264,73.85950794974046,60.30640855658246,36.428227780965976,31.28977327910238,139.4391181082025,0,2,1,1,1,0.12634948437644758,2.2517684636596336,0.6160653117150034
slots_open,12,1,193,1,23336.852930081495,39.113450652517315,70.32874734539742,38.13316221397151,41.381022013701106,100.55097620297481,1,1,1,3,0,0.9747919508506554,0.7812814644480359,0.6203661414325949
slots_open,12,2,294,1,20256.010581041795,53.1975583188667,65.89070845439566,33.23949491774574,38.886334976860105,113.53000264523097,1,2,1,4,1,0.4090897076739455,0.8929229333808462,0.7218733348557509
slots_open,12,3,395,1,23564.796383567962,58.291425269251064,67.03366787684776,33.422490702863335,41.39017469987759,124.0580107099164,0,1,1,11,0,0.0023197427470433778,6.567433945446112,0.6734033645428941
slots_open,12,4,496,1,24908.646217932586,68.0985276638844,69.50438216782817,32.125304555645535,41.953122692060276,132.75694553094738,0,3,1,6,0,0.3126681928136077,3.7756291924517456,0.7132145847605998
slots_open,12,5,597,1,29833.9129821588,71.59889388598012,74.97735941028382,39.56275927158276,48.81668985086506,131.37142539684433,0,1,1,7,0,0.7268528373202608,1.315093465307068,0.671233919464109
slots_open,12,6,698,1,27919.823250229616,70.99196377555074,69.47552729456775,37.09678225137582,45.77669490090779,135.5472418139578,0,2,1,3,0,0.0029602033861864238,1.441120312285728,0.6716335540838853
slots_open,12,7,799,1,27210.744560739015,62.150909520354105,69.61098003541704,35.16309335171599,44.62235367402522,123.53483614577887,1,2,1,1,0,0.7287195555461061,0.615654466282739,0.6414135647408084
slots_open,12,8,900,1,34163.94690495736,57.0417633977975,78.2736960718897,39.860951177208705,50.27748076838562,122.62193696423127,0,1,1,4,0,0.539104652425403,3.6618829926590033,0.7891832229580574
slots_open,12,9,1001,1,23575.392724389443,52.072556353854374,67.6567910953569,31.822338698496228,38.82905203628283,113.07835898122886,0,1,1,7,0,0.11819923894447722,3.8287197645082847,0.6104894572581259
slots_open,12,14,1506,1,29920.100458063866,58.374435979976155,72.03612551510383,37.45821891477276,45.58112039649779,120.61865705768525,1,1,1,8,0,0.8072977180717262,0.07096872511260502,0.7646913298317729
slots_open,12,15,1607,1,35064.63121594924,58.526729939921196,79.41850742416311,40.05474255156882,51.38327045249945,122.68247246069718,0,1,1,10,0,0.8029595877775697,2.7782621713364075,0.692033949912461
slots_open,12,16,1708,1,21391.091021270437,60.14739921603544,66.72381462689323,32.22375530879785,38.93450986136025,124.01388877189123,0,1,1,3,0,0.05591883491255703,3.8863234072297947,0.6980855598690721
slots_open,12,17,1809,1,27940.330968330425,71.2726696973117,68.92636050435878,31.372828450227892,44.78359421839868,134.80138717304047,0,2,1,8,0,0.6170072544780474,2.7087448659078066,0.6803684250589936
slots_open,12,10,1102,1,35071.558304617785,67.92534670539361,76.86832866148329,33.86524589681404,51.157790665325344,132.49562625793666,1,1,1,7,0,0.9600197684566675,0.11277010003179713,0.7565083352363553
slots_open,12,11,1203,1,27652.367772143727,73.16518512027979,69.80676559942275,38.96986305488938,43.550974854504894,138.64201323518913,1,1,1,5,0,0.04471814744364257,0.36943357856553666,0.6401575702215118
slots_open,12,18,1910,1,19862.055276031933,64.74583749760465,66.54354446361963,35.833493963477316,37.50804105320696,127.8064900663731,0,1,1,5,0,0.8100221715854989,4.261781196170741,0.6726040953033418
slots_open,12,19,2011,1,24495.42440750208,56.65528961908484,67.94427849003749,33.67184801115109,41.499702579536994,117.54429750194284,0,2,1,7,0,0.43980808078795597,2.7298585477510446,0.6715384029839385
slots_open,12,12,1304,1,27677.14046752678,42.77933751714712,69.38228735000774,34.700194561398796,40.86131221520314,102.19047049541102,0,4,1,7,0,0.2903599259110571,2.9977191664420273,0.6704346502245566
slots_open,12,13,1405,1,23157.571746166614,70.58550550849772,64.58046872617685,30.881687664411007,38.74953469023976,134.86851422218044,0,3,1,12,0,0.30652894244129403,4.035375516378974,0.6591877902108548
slots_open,12,20,2112,1,32559.25919003422,52.4783003383721,77.45111675132118,40.90133993145102,49.79279065473673,102.12073347088727,0,2,1,4,0,0.16592888078686982,1.7094402344865425,0.6348671690644744
slots_open,12,21,2213,1,26215.08455571806,64.98383127607656,69.32442195230463,29.799355025317023,41.95022910802584,129.0229222753224,0,3,1,12,0,0.39340664672332354,4.332928017741575,0.6814912080383649
slots_open,12,26,2718,1,31305.443621812945,65.00769155748478,72.76854640104958,37.09425192735042,48.530980825049,128.62674361277584,1,1,1,4,0,0.11854658153462484,0.8710570533906317,0.7446905686229733
slots_open,12,27,2819,1,25962.57991433519,58.837823974051936,73.38895356057334,39.123308355900676,43.902225671147505,120.42542336170527,0,3,1,5,0,0.5340556078188405,1.1939142162185215,0.7055073456649159
slots_open,12,22,2314,1,31967.041391630562,47.75704344716444,73.93188138586093,35.79608760859467,46.363869575857656,106.13717637595816,0,1,1,6,0,0.6105246626973825,1.971309706908732,0.7196848595569765
slots_open,12,23,2415,1,28583.796063131907,53.58793633203937,73.96138016546604,36.53307775347621,44.59968114762524,112.1333043967857,0,3,1,4,0,0.40062218552469825,4.2832355298949,0.7288764558118291
slots_open,12,24,2516,1,25765.096729708865,69.65676997733927,71.85732086419857,36.88566808142803,43.97743053187268,134.92121161976505,1,3,1,7,0,0.148626425001332,0.8959604645685495,0.6369224328233234
slots_open,12,25,2617,1,22193.959085828785,70.23076022205105,66.10593178157309,31.261893988867676,39.733041694101054,135.45557368252707,0,3,1,4,0,0.33867858577437443,3.257693096243414,0.6780277080003044
slots_open,12,28,2920,1,29547.803978899716,60.93127500004686,74.7325536244013,37.56730804328693,47.54416958013267,125.02912798104246,1,2,1,1,0,0.1589690640013988,0.6683904058766383,0.7052980132450332
slots_open,12,29,3021,1,27954.84548157321,61.31786789324041,67.94701318311364,34.04200098768427,45.79891289024467,122.27148823711057,0,2,1,8,0,0.5020283161743235,3.706865740380013,0.6929283702519601
slots_open,12,30,3122,1,23155.39581292217,61.20648339045155,69.31563087444661,35.08817396685059,40.75086368479751,125.91066901246505,1,1,1,15,0,0.2889838322761319,0.011026647431411532,0.6060934764405876
slots_open,12,31,3223,1,26577.10051530193,69.31188106448668,70.43916476786971,31.708152827544975,44.39829455387619,135.11508873334887,0,1,1,2,0,0.5473194175952296,1.2768195260238202,0.6596064550506204
slots_open,12,32,3324,1,20489.05291240634,76.47735923504318,62.83589199388978,33.273513661070815,37.0175753425543,140.90762171503533,1,1,1,7,0,0.6573358061932547,0.06612658146194615,0.6637169825683185
slots_open,12,33,3425,1,24619.80563130344,69.20898240029567,64.50140608080834,26.32867813053743,40.45914602558016,134.23856683220987,0,2,1,5,1,0.5223613326066665,1.5625876545110813,0.7190378320773388
slots_open,12,34,3526,1,28113.29789428596,58.72707323025334,71.62299168627366,35.72021007542588,45.816066320896994,118.55904923528867,0,1,1,1,0,0.915854506806737,2.043484311418915,0.7159168759990866
slots_open,12,35,3627,1,27092.56036413821,62.52391108016113,73.68751027634744,35.28208120914179,45.32858188599642,127.5562443403066,0,1,1,4,0,0.7362165198851285,4.448739033481485,0.6901880185734947
slots_open,12,36,3728,1,22363.73342909272,71.49757482160335,65.82559676772134,36.46731140982317,40.006879295504454,136.7174246430245,0,1,1,6,0,0.8211462886160591,5.8937941872485915,0.6908350460531324
slots_open,12,37,3829,1,24320.219356996957,56.15000485168504,68.31176657727998,34.28590582993102,42.216917136597914,115.7827385221608,0,1,1,2,0,0.8825254574889361,1.359573282534868,0.6373030372231103
slots_open,12,38,3930,1,30768.464007746235,66.21834446668737,73.12858088313767,34.94581093269,47.20179283237625,129.25878564960215,1,1,1,2,1,0.03727142260435572,0.6978541653697876,0.720826672756337
slots_open,12,39,4031,1,28259.407326194618,68.21709736027564,71.9268539983682,33.033871914013034,44.706340547539945,131.97341590320403,0,1,1,5,0,0.6902040550855799,6.116120954023734,0.6778944964603791
slots_open,12,42,4334,1,29431.642520856378,61.156524185928355,72.7630725997309,35.218517374046876,45.38012537621676,123.35373361733939,0,1,1,2,0,0.6583660961415421,1.1613369545687733,0.734242977848824
slots_open,12,43,4435,1,24276.274444172064,56.385149971395165,69.09102860805616,31.71118611278164,40.6154661171531,115.86209525162188,1,1,1,3,0,0.9854449136420613,0.7549153119408315,0.6346958970845703
slots_open,12,40,4132,1,20914.863265023738,53.84114945489415,61.97422414822231,34.60743964900989,38.011102738740895,115.48764151416906,0,1,1,1,0,0.1436406874305063,2.4483978587849973,0.6181396056938419
slots_open,12,41,4233,1,27710.60607700992,65.20805673697667,71.19680862551316,30.05093259129344,45.9267096172872,130.98022365361643,0,0,0,4,0,1.6006766759374573,3.8693421034286177,0.6899406257136332
slots_open,12,48,4940,1,30216.291509862473,59.874618279276085,74.7534027572487,33.68035103791206,47.16362654280055,122.55863223265912,0,3,1,4,0,0.21212005081443028,4.3191763403913255,0.7390385932861384
slots_open,12,49,5041,1,28178.974742141243,69.63032118885889,66.40889884538215,40.11249432237092,43.60727760093538,133.8961670306122,0,1,1,8,0,0.31192638102914505,1.898302559583258,0.7283816700921063
slots_open,12,46,4738,1,28645.897526652094,61.13741501783144,68.97238685592264,39.520872202355,45.224640160702826,126.16979763878469,0,0,0,1,0,1.38812089098832,1.3750906499941087,0.6475983862373449
slots_open,12,47,4839,1,26139.675892094478,62.45581276845966,72.29964027424273,34.89890335267978,43.882956041049574,124.10169521675414,1,0,1,4,0,1.0831163016211582,0.9169935009817985,0.638064246022684
slots_open,12,44,4536,1,27000.51417008837,58.80000848091044,72.46539000956959,38.244203493826014,45.46618140266236,120.55077553937939,1,2,1,1,0,0.6679324311461214,0.9246951922957318,0.6193575397731598
slots_open,12,45,4637,1,30230.93494979292,61.296772137650855,71.5677700098371,36.73768300461911,46.89485228141592,119.54569450016855,0,1,1,6,0,0.8056821959374927,3.709587975214959,0.6107368501179874
slots_open,20,6,754,1,74775.4691392578,116.48323914836196,104.99789961198937,52.004504534559544,57.6131124341818,135.32799792374902,1,3,1,8,0,0.4076860933120809,0.05799481243551188,0.7537679835578899
slots_open,20,7,855,1,82080.73272808349,114.68514152529953,108.05072153177096,50.532388989202545,60.50099881058952,134.360581481204,0,6,1,22,0,0.39081154031932336,1.9534203286571863,0.8113496232016442
slots_open,20,0,148,1,61757.169055166356,92.16269830101804,98.131788984986,53.00113754536744,52.624276295739016,117.30263579928078,1,3,1,13,0,0.1531785094593369,0.9791898899146291,0.702694679150491
slots_open,20,1,249,1,49760.312487106916,91.93169181652416,94.0585468492028,60.35128130711415,47.127056210683186,120.23695997824036,0,4,1,20,0,0.24290664645421192,1.5541544056091345,0.7022493720027404
slots_open,20,2,350,1,80120.89906560266,105.07217833443872,106.94661731035778,55.294911461262984,60.034599070019986,128.28483106088532,0,3,1,15,1,0.0636815364686533,1.1999307793340213,0.7420986526604247
slots_open,20,3,451,1,73792.96907993166,105.56498481159146,105.73468198342441,55.52199522491707,57.75169742410874,124.90586217838427,0,5,1,15,0,0.331434285074812,1.93565317278442,0.7412537108928979
slots_open,20,4,552,1,75252.21787733083,102.89885616229512,104.39966726183395,55.431551805778945,57.407122292560096,122.70500244322247,0,5,1,14,0,0.1490145993968392,3.802645074718315,0.7860584608358072
slots_open,20,5,653,1,55294.240489062504,82.49714612439216,96.90949066658894,58.888736536347714,49.80117066885937,105.61096973334512,0,7,1,9,0,0.02297661753745025,3.269613249390802,0.6840146152089518
slots_open,20,8,956,1,63183.35513546959,91.67300606947568,100.06303792106311,55.059030082799964,52.640611432652875,115.9600915659307,1,5,1,19,0,0.07657320530124129,0.3126603967493164,0.6961977620461293
slots_open,20,9,1057,1,68136.17836605577,118.32045508532579,102.98383986908502,57.519691581383846,55.20614737873814,135.00221593341917,1,4,1,25,0,0.3368166482202255,0.04532837754793324,0.7549783055492122
slots_open,20,12,1360,1,71154.56274343624,100.1992632983355,104.72976720071377,53.66318408558194,55.37270570801182,118.5603183758031,2,1,1,7,1,0.48913216318466557,0.18096354376525026,0.6732244804749943
slots_open,20,13,1461,1,66177.52961495989,120.6743188838462,98.8848173145347,51.11775812396512,52.94278304147922,136.82489067819185,2,8,1,20,0,0.33689768237715545,0.17848750406290936,0.7482986983329527
slots_open,20,14,1562,1,75406.4322361524,107.04770407562322,104.99077349012396,57.310538094922215,57.960950763801705,127.38789350207749,1,7,1,34,0,0.09618491365398785,0.378597255241412,0.7452957296186344
slots_open,20,15,1663,1,76207.16458193217,105.95935157769296,106.53275667206883,56.90178420338915,56.90837524468757,128.96878185399632,1,8,1,23,0,0.04778586690285485,0.47023916170538127,0.7818908426581411
slots_open,20,10,1158,1,58361.847943496796,124.66727799182476,98.28605412277753,56.369221086958234,50.08239298623495,140.4511203569968,0,6,1,13,0,0.01050373658484259,1.4491969626558858,0.6628682347567938
slots_open,20,11,1259,1,69769.82809619624,113.84589732041756,101.81242446163294,57.78766638267881,56.60268855887406,134.46722508259933,2,7,1,27,0,0.2922024520524526,0.44047553442569004,0.7248230189540991
slots_open,20,16,1764,1,59170.80875273263,126.64119536530298,96.03029661440853,58.64613595043731,50.82169518193455,141.1024767601315,2,7,1,18,0,0.09954937246047883,0.02102693600640171,0.6888330669102535
slots_open,20,17,1865,1,69434.27321304177,114.81041537128908,103.24569952176952,55.11741892919207,55.87716723321538,134.86082847261426,0,6,1,37,0,0.13994258325067266,1.556612983259419,0.6664192738068052
slots_open,20,22,2370,1,82779.57003982727,109.99651851157712,107.49793438913484,53.97268089065963,59.87962163030894,129.68293724691154,1,4,1,11,0,0.1686529395791275,0.2595687402125243,0.7754738524777346
slots_open,20,23,2471,1,69779.49933512721,117.30330960679846,102.24343200109966,56.05215268048808,56.58984686933796,135.80951051838113,3,5,1,12,0,0.529791140097611,0.04012175691562344,0.6673213062343001
slots_open,20,18,1966,1,62153.892071804534,102.00145577837309,98.07676212906006,53.610163075854004,52.81909985971786,122.07272970240392,0,5,1,22,0,0.15023751177193864,2.0729588456576686,0.6949646037908198
slots_open,20,19,2067,1,61818.100197287655,107.21212725186011,99.74422441641202,56.8857054151097,51.8563949976623,125.12295616851777,0,9,1,32,0,0.002691638360215994,1.4694892808619444,0.645569764786481
slots_open,20,24,2572,1,83294.66214421591,122.32107764405391,106.37362952376293,51.88561642913104,60.32811905767714,139.47731355879358,0,3,1,10,1,0.1727246454577325,1.0835822698608488,0.7293331810915734
slots_open,20,25,2673,1,72887.20919815188,103.0282097081189,99.99874672081914,52.358736729523585,55.92708605969413,126.8520051270289,0,9,1,23,0,0.21209689156532852,1.9388136214610554,0.7257593057775747
slots_open,20,20,2168,1,93810.83216447676,86.39662122643682,112.60904741481488,51.42828014270224,64.83572070484158,114.51029686873144,0,4,1,13,0,0.25467275443522247,1.838396805190437,0.7826444393697192
slots_open,20,21,2269,1,68335.64420411825,93.96513170407898,103.06512658225373,53.677595510810676,55.4230861831853,120.77002848418286,1,12,1,23,0,0.1671049575504523,0.8017551480167806,0.6485727335007992
slots_open,20,26,2774,1,53561.572420354234,122.82124812488986,93.68998154577831,58.98868017670923,49.23331201649155,139.68548105924992,1,6,1,20,0,0.0011528230630252,0.11539887134596707,0.6853162822562229
slots_open,20,27,2875,1,74559.41057085144,87.78346348905356,105.88384776761168,59.60502610110412,57.4820180364472,111.93241593862099,2,2,1,8,0,0.08827199276882511,0.6936106299473979,0.7296985613153688
slots_open,20,28,2976,1,64680.64487727209,112.54132346075598,100.03351142708075,58.112377744666425,55.27148041356092,131.9540624577449,0,7,1,18,0,0.14934081181484463,2.4207118170358393,0.7289335464717972
slots_open,20,29,3077,1,83411.62791142863,108.58254290403274,108.37739203166711,54.10327454856716,61.465846675751855,130.94357916440282,0,1,1,14,0,0.7695997112871625,2.225265994004493,0.8006965060516099
slots_open,20,34,3582,1,70230.34211242438,114.06491489195375,101.76097037524217,52.61563253180756,55.303881650829666,131.26079618483627,1,4,1,6,0,0.2447487405406742,0.8906042058714655,0.7003082895638274
slots_open,20,35,3683,1,71047.54409941178,102.42318548344066,107.06344856524068,56.85504485122595,55.773739701960686,126.95016004457531,1,5,1,10,1,0.08919356501653186,0.007898233460279075,0.7754966887417218
slots_open,20,30,3178,1,61279.98299908898,103.98897802771522,95.55672951450639,54.602978172076114,52.576787500191415,125.09908039825197,2,3,1,13,0,0.4111708704950148,0.329560510067369,0.6796300525234071
slots_open,20,31,3279,1,74823.42852198833,110.16034237216108,103.24238967918886,54.94286029969989,58.6217436273771,131.2332321098465,0,5,1,11,0,0.04949324953723535,1.1524074602324332,0.7118520210093628
slots_open,20,32,3380,1,73169.58861387969,109.18956696805148,104.71179958406796,58.435324643599444,58.68897107176586,130.31526167050265,2,7,1,12,0,0.07266279224597987,0.17484975434136873,0.7490751313085179
slots_open,20,33,3481,1,66105.24542525441,104.05072803453638,99.28058961293507,58.18908785171536,54.62647708603314,123.55430246562392,1,7,1,22,0,0.018947181625255938,0.32377840668667096,0.7221283398036081
slots_open,20,36,3784,1,67937.12529279395,107.7176034133212,101.67161899411319,55.83903004533052,55.17536397191664,128.98777992027206,0,2,1,11,0,0.4945331946022439,3.4273320637669773,0.6913564740808403
slots_open,20,37,3885,1,67718.97075543524,115.19194051403646,99.44604926873492,56.262084567842095,54.94720390986847,134.79075029755518,0,4,1,9,0,0.0539676237139095,2.989399665219562,0.7619662023292989
slots_open,20,38,3986,1,64115.315850803374,108.58242486281115,101.2576725708324,56.49458664856156,54.52994783324416,130.1012954984295,1,8,1,12,0,0.12918624375669152,0.6767721488562072,0.7336834893811373
slots_open,20,39,4087,1,58269.62127531956,113.2520507509076,97.38738622623767,55.134459270071346,51.03907289945879,131.28644264738563,0,6,1,21,0,0.009069812370689542,3.2622075097211165,0.6891413564740808
slots_open,20,46,4794,1,76563.0740414277,106.5542881260933,105.203044081958,52.8137045444991,58.79804130780474,123.84134520918758,0,5,1,21,0,0.2136639441505559,2.3431198459230327,0.7719456496917104
slots_open,20,47,4895,1,75916.58779839278,109.13156059269606,104.02545498380775,53.48810596037947,58.137589048301415,130.76278327765627,1,0,1,10,0,1.1559517622328055,0.9840484167211659,0.7585521808632107
slots_open,20,40,4188,1,74151.96118167051,120.20643647053387,104.30379537664535,56.63131467826559,58.60407018483467,136.69926453591034,0,3,1,17,0,0.6045833007333157,1.062166386297421,0.732473167389815
slots_open,20,41,4289,1,83166.80834452226,107.98533613026095,109.9607184730163,56.253983661058896,62.46558917714011,126.94390208735442,1,7,1,17,1,0.0900066898373514,0.13405146932644826,0.8400205526375885
slots_open,20,42,4390,1,76853.63784653645,118.95036997593263,102.42136451979911,57.9648885215331,59.3577988371769,135.71815312647695,0,3,1,13,0,0.46890985065692603,2.162885023017104,0.7239095683946106
slots_open,20,43,4491,1,69197.04185728283,97.78605092302581,102.05746706693307,52.60157883037155,54.50022612278601,116.8684618190121,0,10,1,16,0,0.2089702563714606,2.0941250567540686,0.732473167389815
slots_open,20,44,4592,1,67228.75539182579,116.75267401508594,102.39230470029891,58.28186021451966,54.32735965615609,131.7082355259809,0,1,1,9,0,0.530198693612865,3.298003012942476,0.7559831011646495
slots_open,20,45,4693,1,60396.53414897801,127.52767008058879,96.89664364667189,57.232059838408084,51.9225713315184,142.14714961369344,0,6,1,26,0,0.056832748709237754,2.372312775570518,0.7346882849965746
slots_open,20,48,4996,1,65720.61796734734,105.15397196231123,99.6960208570082,52.74644612092206,52.53604195667644,128.64835187167938,0,1,1,6,0,0.45166128930832394,3.858561918835311,0.7560173555606303
slots_open,20,49,5097,1,61089.26561760603,118.4623334793564,95.85795443608475,55.79906083526028,51.5240798403182,135.98312983979068,0,8,1,26,0,0.03389680360918869,1.2529558264995277,0.6662023292989266
