mode,param,value,label,split,nFan,seed,geometry,guidance,configHash,status,totalCollisions,fanOwnCap,fanForeignCap,fanFanSame,fanFanCross,leaderLeader,minFanFanGap,minFanCapGap,minLeaderGap,redRMS,goldRMS,redArrived,goldArrived,firstCollisionRelCPA,steps,runtimeSec
grid2:fineNorm,,,PR8_x1,holdout,3,1001,headon,vfield,c9e8ad5610,ok,0,0,0,0,0,0,3.3906,4.9861,2.7258,2.0438,1.555,1,1,,8450,3.78
grid2:fineNorm,,,PR8_x1,holdout,3,1003,headon,vfield,c9e8ad5610,ok,0,0,0,0,0,0,1.9339,2.843,2.7258,2.0438,1.555,1,1,,8450,3.67
grid2:fineNorm,,,PR8_x1,holdout,3,1005,headon,vfield,c9e8ad5610,ok,0,0,0,0,0,0,2.7674,6.0656,2.7258,2.0438,1.555,1,1,,8450,3.43
grid2:fineNorm,,,PR8_x1,holdout,3,1007,headon,vfield,c9e8ad5610,ok,0,0,0,0,0,0,2.9158,6.17,2.7258,2.0438,1.555,1,1,,8450,3.39
grid2:fineNorm,,,PR8_x1,holdout,3,1009,headon,vfield,c9e8ad5610,ok,0,0,0,0,0,0,2.3658,1.0104,2.7258,2.0438,1.555,1,1,,8450,3.9
grid2:fineNorm,,,PR8_x1,holdout,3,1011,headon,vfield,c9e8ad5610,ok,1,0,1,0,0,0,3.0856,0.8542,2.7258,2.0438,1.555,1,1,5.07,8450,3.33
grid2:fineNorm,,,PR8_x1,holdout,3,1013,headon,vfield,c9e8ad5610,ok,0,0,0,0,0,0,1.6794,1.9124,2.7258,2.0438,1.555,1,1,,8450,3.33
grid2:fineNorm,,,PR8_x1,holdout,3,1015,headon,vfield,c9e8ad5610,ok,0,0,0,0,0,0,2.7873,3.1626,2.7258,2.0438,1.555,1,1,,8450,3.43
grid2:fineNorm,,,PR8_x1,holdout,3,1017,headon,vfield,c9e8ad5610,ok,0,0,0,0,0,0,3.7137,6.1091,2.7258,2.0438,1.555,1,1,,8450,3.34
grid2:fineNorm,,,PR8_x1,holdout,3,1019,headon,vfield,c9e8ad5610,ok,0,0,0,0,0,0,3.6771,3.5342,2.7258,2.0438,1.555,1,1,,8450,3.36
grid2:fineNorm,,,PR8_x1,holdout,3,1021,headon,vfield,c9e8ad5610,ok,0,0,0,0,0,0,2.9859,4.2632,2.7258,2.0438,1.555,1,1,,8450,3.33
grid2:fineNorm,,,PR8_x1,holdout,3,1023,headon,vfield,c9e8ad5610,ok,0,0,0,0,0,0,3.524,6.1765,2.7258,2.0438,1.555,1,1,,8450,3.44
grid2:fineNorm,,,PR8_x1,holdout,3,1025,headon,vfield,c9e8ad5610,ok,0,0,0,0,0,0,2.5831,2.096,2.7258,2.0438,1.555,1,1,,8450,3.33
grid2:fineNorm,,,PR8_x1,holdout,3,1027,headon,vfield,c9e8ad5610,ok,0,0,0,0,0,0,1.5299,1.9249,2.7258,2.0438,1.555,1,1,,8450,3.33
grid2:fineNorm,,,PR8_x1,holdout,3,1029,headon,vfield,c9e8ad5610,ok,0,0,0,0,0,0,2.3575,5.7518,2.7258,2.0438,1.555,1,1,,8450,3.33
grid2:fineNorm,,,PR8_x1,holdout,3,1031,headon,vfield,c9e8ad5610,ok,1,0,1,0,0,0,3.2975,0.4984,2.7258,2.0438,1.555,1,1,11.41,8450,3.32
grid2:fineNorm,,,PR8_x1,holdout,3,1033,headon,vfield,c9e8ad5610,ok,0,0,0,0,0,0,5.1779,2.4082,2.7258,2.0438,1.555,1,1,,8450,3.32
grid2:fineNorm,,,PR8_x1,holdout,3,1035,headon,vfield,c9e8ad5610,ok,0,0,0,0,0,0,3.5554,3.197,2.7258,2.0438,1.555,1,1,,8450,3.3
grid2:fineNorm,,,PR8_x1,holdout,3,1037,headon,vfield,c9e8ad5610,ok,0,0,0,0,0,0,3.2187,5.6276,2.7258,2.0438,1.555,1,1,,8450,3.33
grid2:fineNorm,,,PR8_x1,holdout,3,1039,headon,vfield,c9e8ad5610,ok,0,0,0,0,0,0,2.1992,5.3432,2.7258,2.0438,1.555,1,1,,8450,3.32
grid2:fineNorm,,,PR8_x1,holdout,3,1041,headon,vfield,c9e8ad5610,ok,0,0,0,0,0,0,2.5824,1.6365,2.7258,2.0438,1.555,1,1,,8450,3.32
grid2:fineNorm,,,PR8_x1,holdout,3,1043,headon,vfield,c9e8ad5610,ok,0,0,0,0,0,0,3.7498,5.2781,2.7258,2.0438,1.555,1,1,,8450,3.36
grid2:fineNorm,,,PR8_x1,holdout,3,1045,headon,vfield,c9e8ad5610,ok,0,0,0,0,0,0,3.0994,3.8999,2.7258,2.0438,1.555,1,1,,8450,3.36
grid2:fineNorm,,,PR8_x1,holdout,3,1047,headon,vfield,c9e8ad5610,ok,1,0,1,0,0,0,2.3057,0.5234,2.7258,2.0438,1.555,1,1,5.84,8450,3.32
grid2:fineNorm,,,PR8_x1,holdout,3,1049,headon,vfield,c9e8ad5610,ok,0,0,0,0,0,0,3.8683,4.8465,2.7258,2.0438,1.555,1,1,,8450,3.32
grid2:fineNorm,,,PR8_x1,holdout,3,1051,headon,vfield,c9e8ad5610,ok,1,0,0,1,0,0,0.9033,1.2466,2.7258,2.0438,1.555,1,1,28.19,8450,3.31
grid2:fineNorm,,,PR8_x1,holdout,3,1053,headon,vfield,c9e8ad5610,ok,2,0,1,1,0,0,0.8376,0.8522,2.7258,2.0438,1.555,1,1,9.33,8450,3.32
grid2:fineNorm,,,PR8_x1,holdout,3,1055,headon,vfield,c9e8ad5610,ok,0,0,0,0,0,0,3.5151,5.4315,2.7258,2.0438,1.555,1,1,,8450,3.31
grid2:fineNorm,,,PR8_x1,holdout,3,1057,headon,vfield,c9e8ad5610,ok,0,0,0,0,0,0,4.7151,1.9814,2.7258,2.0438,1.555,1,1,,8450,3.35
grid2:fineNorm,,,PR8_x1,holdout,3,1059,headon,vfield,c9e8ad5610,ok,0,0,0,0,0,0,1.2515,2.3102,2.7258,2.0438,1.555,1,1,,8450,3.33
grid2:fineNorm,,,PR8_x1.25,holdout,3,1001,headon,vfield,9358c74f12,ok,0,0,0,0,0,0,3.9433,5.7853,2.7258,2.0438,1.555,1,1,,8450,3.33
grid2:fineNorm,,,PR8_x1.25,holdout,3,1003,headon,vfield,9358c74f12,ok,0,0,0,0,0,0,2.2133,5.3398,2.7258,2.0438,1.555,1,1,,8450,3.33
grid2:fineNorm,,,PR8_x1.25,holdout,3,1005,headon,vfield,9358c74f12,ok,0,0,0,0,0,0,2.7911,2.441,2.7258,2.0438,1.555,1,1,,8450,3.61
grid2:fineNorm,,,PR8_x1.25,holdout,3,1007,headon,vfield,9358c74f12,ok,0,0,0,0,0,0,3.5644,5.8088,2.7258,2.0438,1.555,1,1,,8450,3.43
grid2:fineNorm,,,PR8_x1.25,holdout,3,1009,headon,vfield,9358c74f12,ok,0,0,0,0,0,0,3.6494,5.2334,2.7258,2.0438,1.555,1,1,,8450,3.33
grid2:fineNorm,,,PR8_x1.25,holdout,3,1011,headon,vfield,9358c74f12,ok,0,0,0,0,0,0,3.1205,6.3377,2.7258,2.0438,1.555,1,1,,8450,3.35
grid2:fineNorm,,,PR8_x1.25,holdout,3,1013,headon,vfield,9358c74f12,ok,0,0,0,0,0,0,1.78,2.9015,2.7258,2.0438,1.555,1,1,,8450,3.36
grid2:fineNorm,,,PR8_x1.25,holdout,3,1015,headon,vfield,9358c74f12,ok,0,0,0,0,0,0,2.0046,1.0696,2.7258,2.0438,1.555,1,1,,8450,3.38
grid2:fineNorm,,,PR8_x1.25,holdout,3,1017,headon,vfield,9358c74f12,ok,0,0,0,0,0,0,2.903,6.2355,2.7258,2.0438,1.555,1,1,,8450,3.39
grid2:fineNorm,,,PR8_x1.25,holdout,3,1019,headon,vfield,9358c74f12,ok,0,0,0,0,0,0,4.2828,5.2548,2.7258,2.0438,1.555,1,1,,8450,3.38
grid2:fineNorm,,,PR8_x1.25,holdout,3,1021,headon,vfield,9358c74f12,ok,0,0,0,0,0,0,4.5959,6.106,2.7258,2.0438,1.555,1,1,,8450,3.42
grid2:fineNorm,,,PR8_x1.25,holdout,3,1023,headon,vfield,9358c74f12,ok,0,0,0,0,0,0,3.9386,5.3605,2.7258,2.0438,1.555,1,1,,8450,3.41
grid2:fineNorm,,,PR8_x1.25,holdout,3,1025,headon,vfield,9358c74f12,ok,0,0,0,0,0,0,2.3426,1.7585,2.7258,2.0438,1.555,1,1,,8450,3.5
grid2:fineNorm,,,PR8_x1.25,holdout,3,1027,headon,vfield,9358c74f12,ok,0,0,0,0,0,0,2.9639,1.277,2.7258,2.0438,1.555,1,1,,8450,3.4
grid2:fineNorm,,,PR8_x1.25,holdout,3,1029,headon,vfield,9358c74f12,ok,0,0,0,0,0,0,5.1286,5.7258,2.7258,2.0438,1.555,1,1,,8450,3.44
grid2:fineNorm,,,PR8_x1.25,holdout,3,1031,headon,vfield,9358c74f12,ok,0,0,0,0,0,0,3.534,6.3962,2.7258,2.0438,1.555,1,1,,8450,3.37
grid2:fineNorm,,,PR8_x1.25,holdout,3,1033,headon,vfield,9358c74f12,ok,0,0,0,0,0,0,3.591,6.2184,2.7258,2.0438,1.555,1,1,,8450,3.34
grid2:fineNorm,,,PR8_x1.25,holdout,3,1035,headon,vfield,9358c74f12,ok,1,0,1,0,0,0,1.7479,0.6613,2.7258,2.0438,1.555,1,1,13.45,8450,3.33
grid2:fineNorm,,,PR8_x1.25,holdout,3,1037,headon,vfield,9358c74f12,ok,0,0,0,0,0,0,2.6521,4.777,2.7258,2.0438,1.555,1,1,,8450,3.36
grid2:fineNorm,,,PR8_x1.25,holdout,3,1039,headon,vfield,9358c74f12,ok,0,0,0,0,0,0,3.5376,5.5059,2.7258,2.0438,1.555,1,1,,8450,3.33
grid2:fineNorm,,,PR8_x1.25,holdout,3,1041,headon,vfield,9358c74f12,ok,0,0,0,0,0,0,2.1464,1.0562,2.7258,2.0438,1.555,1,1,,8450,3.35
grid2:fineNorm,,,PR8_x1.25,holdout,3,1043,headon,vfield,9358c74f12,ok,0,0,0,0,0,0,2.1011,5.8064,2.7258,2.0438,1.555,1,1,,8450,3.31
grid2:fineNorm,,,PR8_x1.25,holdout,3,1045,headon,vfield,9358c74f12,ok,0,0,0,0,0,0,3.6245,5.6732,2.7258,2.0438,1.555,1,1,,8450,3.34
grid2:fineNorm,,,PR8_x1.25,holdout,3,1047,headon,vfield,9358c74f12,ok,0,0,0,0,0,0,3.0807,3.4935,2.7258,2.0438,1.555,1,1,,8450,3.45
grid2:fineNorm,,,PR8_x1.25,holdout,3,1049,headon,vfield,9358c74f12,ok,0,0,0,0,0,0,3.2184,1.8331,2.7258,2.0438,1.555,1,1,,8450,3.36
grid2:fineNorm,,,PR8_x1.25,holdout,3,1051,headon,vfield,9358c74f12,ok,0,0,0,0,0,0,3.3806,4.0226,2.7258,2.0438,1.555,1,1,,8450,3.37
grid2:fineNorm,,,PR8_x1.25,holdout,3,1053,headon,vfield,9358c74f12,ok,0,0,0,0,0,0,1.1926,1.8934,2.7258,2.0438,1.555,1,1,,8450,3.36
grid2:fineNorm,,,PR8_x1.25,holdout,3,1055,headon,vfield,9358c74f12,ok,0,0,0,0,0,0,2.7072,3.6067,2.7258,2.0438,1.555,1,1,,8450,3.38
grid2:fineNorm,,,PR8_x1.25,holdout,3,1057,headon,vfield,9358c74f12,ok,0,0,0,0,0,0,3.1814,1.5175,2.7258,2.0438,1.555,1,1,,8450,3.39
grid2:fineNorm,,,PR8_x1.25,holdout,3,1059,headon,vfield,9358c74f12,ok,1,0,1,0,0,0,1.5709,0.8293,2.7258,2.0438,1.555,1,1,4.41,8450,3.36
grid2:fineNorm,,,PR8_x1.5,holdout,3,1001,headon,vfield,7fc96d523e,ok,0,0,0,0,0,0,2.8204,6.3476,2.7258,2.0438,1.555,1,1,,8450,3.39
grid2:fineNorm,,,PR8_x1.5,holdout,3,1003,headon,vfield,7fc96d523e,ok,0,0,0,0,0,0,1.732,5.3697,2.7258,2.0438,1.555,1,1,,8450,3.37
grid2:fineNorm,,,PR8_x1.5,holdout,3,1005,headon,vfield,7fc96d523e,ok,0,0,0,0,0,0,3.0125,5.2284,2.7258,2.0438,1.555,1,1,,8450,3.4
grid2:fineNorm,,,PR8_x1.5,holdout,3,1007,headon,vfield,7fc96d523e,ok,0,0,0,0,0,0,4.3877,6.3166,2.7258,2.0438,1.555,1,1,,8450,3.35
grid2:fineNorm,,,PR8_x1.5,holdout,3,1009,headon,vfield,7fc96d523e,ok,0,0,0,0,0,0,5.0725,5.6748,2.7258,2.0438,1.555,1,1,,8450,3.33
grid2:fineNorm,,,PR8_x1.5,holdout,3,1011,headon,vfield,7fc96d523e,ok,0,0,0,0,0,0,5.2255,6.1132,2.7258,2.0438,1.555,1,1,,8450,3.39
grid2:fineNorm,,,PR8_x1.5,holdout,3,1013,headon,vfield,7fc96d523e,ok,0,0,0,0,0,0,1.2677,1.0545,2.7258,2.0438,1.555,1,1,,8450,3.37
grid2:fineNorm,,,PR8_x1.5,holdout,3,1015,headon,vfield,7fc96d523e,ok,2,0,2,0,0,0,4.61,0.6557,2.7258,2.0438,1.555,1,1,5.33,8450,3.35
grid2:fineNorm,,,PR8_x1.5,holdout,3,1017,headon,vfield,7fc96d523e,ok,0,0,0,0,0,0,5.3768,5.8437,2.7258,2.0438,1.555,1,1,,8450,3.35
grid2:fineNorm,,,PR8_x1.5,holdout,3,1019,headon,vfield,7fc96d523e,ok,0,0,0,0,0,0,3.1784,3.2421,2.7258,2.0438,1.555,1,1,,8450,3.32
grid2:fineNorm,,,PR8_x1.5,holdout,3,1021,headon,vfield,7fc96d523e,ok,0,0,0,0,0,0,3.9584,6.0839,2.7258,2.0438,1.555,1,1,,8450,3.36
grid2:fineNorm,,,PR8_x1.5,holdout,3,1023,headon,vfield,7fc96d523e,ok,0,0,0,0,0,0,4.1052,6.2161,2.7258,2.0438,1.555,1,1,,8450,3.36
grid2:fineNorm,,,PR8_x1.5,holdout,3,1025,headon,vfield,7fc96d523e,ok,1,0,1,0,0,0,1.7986,0.4236,2.7258,2.0438,1.555,1,1,6.13,8450,3.35
grid2:fineNorm,,,PR8_x1.5,holdout,3,1027,headon,vfield,7fc96d523e,ok,0,0,0,0,0,0,3.884,6.0285,2.7258,2.0438,1.555,1,1,,8450,3.33
grid2:fineNorm,,,PR8_x1.5,holdout,3,1029,headon,vfield,7fc96d523e,ok,0,0,0,0,0,0,2.024,6.131,2.7258,2.0438,1.555,1,1,,8450,3.33
grid2:fineNorm,,,PR8_x1.5,holdout,3,1031,headon,vfield,7fc96d523e,ok,0,0,0,0,0,0,4.9071,6.0387,2.7258,2.0438,1.555,1,1,,8450,3.34
grid2:fineNorm,,,PR8_x1.5,holdout,3,1033,headon,vfield,7fc96d523e,ok,0,0,0,0,0,0,3.2472,6.5949,2.7258,2.0438,1.555,1,1,,8450,3.34
grid2:fineNorm,,,PR8_x1.5,holdout,3,1035,headon,vfield,7fc96d523e,ok,1,0,0,1,0,0,0.5723,1.014,2.7258,2.0438,1.555,1,1,16.89,8450,3.38
grid2:fineNorm,,,PR8_x1.5,holdout,3,1037,headon,vfield,7fc96d523e,ok,0,0,0,0,0,0,5.5228,6.0945,2.7258,2.0438,1.555,1,1,,8450,3.47
grid2:fineNorm,,,PR8_x1.5,holdout,3,1039,headon,vfield,7fc96d523e,ok,0,0,0,0,0,0,2.8402,5.4604,2.7258,2.0438,1.555,1,1,,8450,3.35
grid2:fineNorm,,,PR8_x1.5,holdout,3,1041,headon,vfield,7fc96d523e,ok,0,0,0,0,0,0,3.995,5.7716,2.7258,2.0438,1.555,1,1,,8450,3.38
grid2:fineNorm,,,PR8_x1.5,holdout,3,1043,headon,vfield,7fc96d523e,ok,0,0,0,0,0,0,2.768,1.8282,2.7258,2.0438,1.555,1,1,,8450,3.37
grid2:fineNorm,,,PR8_x1.5,holdout,3,1045,headon,vfield,7fc96d523e,ok,0,0,0,0,0,0,2.8663,3.5607,2.7258,2.0438,1.555,1,1,,8450,3.37
grid2:fineNorm,,,PR8_x1.5,holdout,3,1047,headon,vfield,7fc96d523e,ok,0,0,0,0,0,0,4.9522,6.0445,2.7258,2.0438,1.555,1,1,,8450,3.37
grid2:fineNorm,,,PR8_x1.5,holdout,3,1049,headon,vfield,7fc96d523e,ok,1,0,1,0,0,0,2.2597,0.7513,2.7258,2.0438,1.555,1,1,7.31,8450,3.34
grid2:fineNorm,,,PR8_x1.5,holdout,3,1051,headon,vfield,7fc96d523e,ok,0,0,0,0,0,0,5.2511,5.2811,2.7258,2.0438,1.555,1,1,,8450,3.32
grid2:fineNorm,,,PR8_x1.5,holdout,3,1053,headon,vfield,7fc96d523e,ok,0,0,0,0,0,0,2.6328,3.2658,2.7258,2.0438,1.555,1,1,,8450,3.4
grid2:fineNorm,,,PR8_x1.5,holdout,3,1055,headon,vfield,7fc96d523e,ok,0,0,0,0,0,0,3.3127,5.8277,2.7258,2.0438,1.555,1,1,,8450,3.34
grid2:fineNorm,,,PR8_x1.5,holdout,3,1057,headon,vfield,7fc96d523e,ok,0,0,0,0,0,0,4.3859,6.1799,2.7258,2.0438,1.555,1,1,,8450,3.34
grid2:fineNorm,,,PR8_x1.5,holdout,3,1059,headon,vfield,7fc96d523e,ok,0,0,0,0,0,0,4.2184,3.5652,2.7258,2.0438,1.555,1,1,,8450,3.34
grid2:fineNorm,,,PR8_x2,holdout,3,1001,headon,vfield,fafc7095ee,ok,0,0,0,0,0,0,3.6336,6.0441,2.7258,2.0438,1.555,1,1,,8450,3.34
grid2:fineNorm,,,PR8_x2,holdout,3,1003,headon,vfield,fafc7095ee,ok,0,0,0,0,0,0,4.4921,1.2782,2.7258,2.0438,1.555,1,1,,8450,3.34
grid2:fineNorm,,,PR8_x2,holdout,3,1005,headon,vfield,fafc7095ee,ok,0,0,0,0,0,0,3.7285,4.6509,2.7258,2.0438,1.555,1,1,,8450,3.35
grid2:fineNorm,,,PR8_x2,holdout,3,1007,headon,vfield,fafc7095ee,ok,0,0,0,0,0,0,3.8351,6.3202,2.7258,2.0438,1.555,1,1,,8450,3.35
grid2:fineNorm,,,PR8_x2,holdout,3,1009,headon,vfield,fafc7095ee,ok,0,0,0,0,0,0,4.6056,5.845,2.7258,2.0438,1.555,1,1,,8450,3.34
grid2:fineNorm,,,PR8_x2,holdout,3,1011,headon,vfield,fafc7095ee,ok,0,0,0,0,0,0,2.8866,5.9294,2.7258,2.0438,1.555,1,1,,8450,3.39
grid2:fineNorm,,,PR8_x2,holdout,3,1013,headon,vfield,fafc7095ee,ok,0,0,0,0,0,0,2.9852,5.2919,2.7258,2.0438,1.555,1,1,,8450,3.33
grid2:fineNorm,,,PR8_x2,holdout,3,1015,headon,vfield,fafc7095ee,ok,1,0,1,0,0,0,2.4425,0.0677,2.7258,2.0438,1.555,1,1,11.91,8450,3.36
grid2:fineNorm,,,PR8_x2,holdout,3,1017,headon,vfield,fafc7095ee,ok,0,0,0,0,0,0,3.1075,5.7751,2.7258,2.0438,1.555,1,1,,8450,3.37
grid2:fineNorm,,,PR8_x2,holdout,3,1019,headon,vfield,fafc7095ee,ok,0,0,0,0,0,0,3.8851,5.8857,2.7258,2.0438,1.555,1,1,,8450,3.37
grid2:fineNorm,,,PR8_x2,holdout,3,1021,headon,vfield,fafc7095ee,ok,0,0,0,0,0,0,4.0492,6.1951,2.7258,2.0438,1.555,1,1,,8450,3.36
grid2:fineNorm,,,PR8_x2,holdout,3,1023,headon,vfield,fafc7095ee,ok,1,0,0,0,1,0,0.477,6.0482,2.7258,2.0438,1.555,1,1,14.62,8450,3.37
grid2:fineNorm,,,PR8_x2,holdout,3,1025,headon,vfield,fafc7095ee,ok,1,0,1,0,0,0,2.9649,0.4369,2.7258,2.0438,1.555,1,1,6.11,8450,3.36
grid2:fineNorm,,,PR8_x2,holdout,3,1027,headon,vfield,fafc7095ee,ok,0,0,0,0,0,0,3.7606,5.9111,2.7258,2.0438,1.555,1,1,,8450,3.35
grid2:fineNorm,,,PR8_x2,holdout,3,1029,headon,vfield,fafc7095ee,ok,0,0,0,0,0,0,4.159,6.4885,2.7258,2.0438,1.555,1,1,,8450,3.33
grid2:fineNorm,,,PR8_x2,holdout,3,1031,headon,vfield,fafc7095ee,ok,0,0,0,0,0,0,5.1629,5.9515,2.7258,2.0438,1.555,1,1,,8450,3.35
grid2:fineNorm,,,PR8_x2,holdout,3,1033,headon,vfield,fafc7095ee,ok,0,0,0,0,0,0,3.3839,6.385,2.7258,2.0438,1.555,1,1,,8450,3.34
grid2:fineNorm,,,PR8_x2,holdout,3,1035,headon,vfield,fafc7095ee,ok,0,0,0,0,0,0,4.0185,5.9897,2.7258,2.0438,1.555,1,1,,8450,3.34
grid2:fineNorm,,,PR8_x2,holdout,3,1037,headon,vfield,fafc7095ee,ok,0,0,0,0,0,0,4.5431,5.8403,2.7258,2.0438,1.555,1,1,,8450,3.36
grid2:fineNorm,,,PR8_x2,holdout,3,1039,headon,vfield,fafc7095ee,ok,0,0,0,0,0,0,2.9092,1.5298,2.7258,2.0438,1.555,1,1,,8450,3.34
grid2:fineNorm,,,PR8_x2,holdout,3,1041,headon,vfield,fafc7095ee,ok,0,0,0,0,0,0,3.8076,6.4211,2.7258,2.0438,1.555,1,1,,8450,3.35
grid2:fineNorm,,,PR8_x2,holdout,3,1043,headon,vfield,fafc7095ee,ok,0,0,0,0,0,0,3.7917,6.1982,2.7258,2.0438,1.555,1,1,,8450,3.39
grid2:fineNorm,,,PR8_x2,holdout,3,1045,headon,vfield,fafc7095ee,ok,0,0,0,0,0,0,3.7408,5.7582,2.7258,2.0438,1.555,1,1,,8450,3.35
grid2:fineNorm,,,PR8_x2,holdout,3,1047,headon,vfield,fafc7095ee,ok,0,0,0,0,0,0,3.6221,5.3148,2.7258,2.0438,1.555,1,1,,8450,3.37
grid2:fineNorm,,,PR8_x2,holdout,3,1049,headon,vfield,fafc7095ee,ok,0,0,0,0,0,0,1.4341,6.2051,2.7258,2.0438,1.555,1,1,,8450,3.35
grid2:fineNorm,,,PR8_x2,holdout,3,1051,headon,vfield,fafc7095ee,ok,0,0,0,0,0,0,1.4118,6.523,2.7258,2.0438,1.555,1,1,,8450,3.36
grid2:fineNorm,,,PR8_x2,holdout,3,1053,headon,vfield,fafc7095ee,ok,0,0,0,0,0,0,2.7196,2.8569,2.7258,2.0438,1.555,1,1,,8450,3.34
grid2:fineNorm,,,PR8_x2,holdout,3,1055,headon,vfield,fafc7095ee,ok,0,0,0,0,0,0,2.3773,5.9099,2.7258,2.0438,1.555,1,1,,8450,3.33
grid2:fineNorm,,,PR8_x2,holdout,3,1057,headon,vfield,fafc7095ee,ok,0,0,0,0,0,0,3.0054,6.6626,2.7258,2.0438,1.555,1,1,,8450,3.32
grid2:fineNorm,,,PR8_x2,holdout,3,1059,headon,vfield,fafc7095ee,ok,1,0,0,0,1,0,0.5669,3.3174,2.7258,2.0438,1.555,1,1,22.27,8450,3.39
grid2:fineNorm,,,PR9_x1,holdout,3,1001,headon,vfield,6a21e891f9,ok,0,0,0,0,0,0,1.7587,5.9495,2.7258,2.0438,1.555,1,1,,8450,3.33
grid2:fineNorm,,,PR9_x1,holdout,3,1003,headon,vfield,6a21e891f9,ok,0,0,0,0,0,0,1.251,1.322,2.7258,2.0438,1.555,1,1,,8450,3.35
grid2:fineNorm,,,PR9_x1,holdout,3,1005,headon,vfield,6a21e891f9,ok,1,0,0,0,1,0,0.9811,2.6067,2.7258,2.0438,1.555,1,1,14.1,8450,3.42
grid2:fineNorm,,,PR9_x1,holdout,3,1007,headon,vfield,6a21e891f9,ok,0,0,0,0,0,0,1.8594,3.3674,2.7258,2.0438,1.555,1,1,,8450,3.33
grid2:fineNorm,,,PR9_x1,holdout,3,1009,headon,vfield,6a21e891f9,ok,0,0,0,0,0,0,2.1421,3.7484,2.7258,2.0438,1.555,1,1,,8450,3.35
grid2:fineNorm,,,PR9_x1,holdout,3,1011,headon,vfield,6a21e891f9,ok,0,0,0,0,0,0,1.3282,2.6696,2.7258,2.0438,1.555,1,1,,8450,3.34
grid2:fineNorm,,,PR9_x1,holdout,3,1013,headon,vfield,6a21e891f9,ok,0,0,0,0,0,0,1.5784,3.0051,2.7258,2.0438,1.555,1,1,,8450,3.35
grid2:fineNorm,,,PR9_x1,holdout,3,1015,headon,vfield,6a21e891f9,ok,0,0,0,0,0,0,2.3642,2.0203,2.7258,2.0438,1.555,1,1,,8450,3.34
grid2:fineNorm,,,PR9_x1,holdout,3,1017,headon,vfield,6a21e891f9,ok,1,0,0,1,0,0,0.3031,5.3585,2.7258,2.0438,1.555,1,1,20.45,8450,3.38
grid2:fineNorm,,,PR9_x1,holdout,3,1019,headon,vfield,6a21e891f9,ok,1,0,1,0,0,0,3.6502,0.3276,2.7258,2.0438,1.555,1,1,8.21,8450,3.45
grid2:fineNorm,,,PR9_x1,holdout,3,1021,headon,vfield,6a21e891f9,ok,0,0,0,0,0,0,1.4504,6.0284,2.7258,2.0438,1.555,1,1,,8450,3.39
grid2:fineNorm,,,PR9_x1,holdout,3,1023,headon,vfield,6a21e891f9,ok,0,0,0,0,0,0,1.7899,4.8054,2.7258,2.0438,1.555,1,1,,8450,3.39
grid2:fineNorm,,,PR9_x1,holdout,3,1025,headon,vfield,6a21e891f9,ok,0,0,0,0,0,0,2.7308,4.3344,2.7258,2.0438,1.555,1,1,,8450,3.41
grid2:fineNorm,,,PR9_x1,holdout,3,1027,headon,vfield,6a21e891f9,ok,1,0,0,1,0,0,0.6915,5.1374,2.7258,2.0438,1.555,1,1,19.63,8450,3.34
grid2:fineNorm,,,PR9_x1,holdout,3,1029,headon,vfield,6a21e891f9,ok,0,0,0,0,0,0,2.2673,6.0356,2.7258,2.0438,1.555,1,1,,8450,3.36
grid2:fineNorm,,,PR9_x1,holdout,3,1031,headon,vfield,6a21e891f9,ok,0,0,0,0,0,0,1.3937,4.6948,2.7258,2.0438,1.555,1,1,,8450,3.33
grid2:fineNorm,,,PR9_x1,holdout,3,1033,headon,vfield,6a21e891f9,ok,0,0,0,0,0,0,1.6105,1.7532,2.7258,2.0438,1.555,1,1,,8450,3.33
grid2:fineNorm,,,PR9_x1,holdout,3,1035,headon,vfield,6a21e891f9,ok,0,0,0,0,0,0,3.2137,5.005,2.7258,2.0438,1.555,1,1,,8450,3.34
grid2:fineNorm,,,PR9_x1,holdout,3,1037,headon,vfield,6a21e891f9,ok,1,0,1,0,0,0,2.5102,0.1705,2.7258,2.0438,1.555,1,1,11.61,8450,3.33
grid2:fineNorm,,,PR9_x1,holdout,3,1039,headon,vfield,6a21e891f9,ok,0,0,0,0,0,0,1.2614,3.7852,2.7258,2.0438,1.555,1,1,,8450,3.34
grid2:fineNorm,,,PR9_x1,holdout,3,1041,headon,vfield,6a21e891f9,ok,0,0,0,0,0,0,1.4619,4.8935,2.7258,2.0438,1.555,1,1,,8450,3.36
grid2:fineNorm,,,PR9_x1,holdout,3,1043,headon,vfield,6a21e891f9,ok,0,0,0,0,0,0,2.1032,5.8636,2.7258,2.0438,1.555,1,1,,8450,3.35
grid2:fineNorm,,,PR9_x1,holdout,3,1045,headon,vfield,6a21e891f9,ok,1,0,1,0,0,0,3.5883,0.9917,2.7258,2.0438,1.555,1,1,11.34,8450,3.34
grid2:fineNorm,,,PR9_x1,holdout,3,1047,headon,vfield,6a21e891f9,ok,0,0,0,0,0,0,2.1052,3.4991,2.7258,2.0438,1.555,1,1,,8450,3.34
grid2:fineNorm,,,PR9_x1,holdout,3,1049,headon,vfield,6a21e891f9,ok,0,0,0,0,0,0,2.6276,2.0323,2.7258,2.0438,1.555,1,1,,8450,3.36
grid2:fineNorm,,,PR9_x1,holdout,3,1051,headon,vfield,6a21e891f9,ok,2,0,1,1,0,0,0.9218,0.2135,2.7258,2.0438,1.555,1,1,5.91,8450,3.35
grid2:fineNorm,,,PR9_x1,holdout,3,1053,headon,vfield,6a21e891f9,ok,1,0,1,0,0,0,1.4294,0.6437,2.7258,2.0438,1.555,1,1,5.33,8450,3.37
grid2:fineNorm,,,PR9_x1,holdout,3,1055,headon,vfield,6a21e891f9,ok,1,0,1,0,0,0,1.6102,0.194,2.7258,2.0438,1.555,1,1,5.89,8450,3.46
grid2:fineNorm,,,PR9_x1,holdout,3,1057,headon,vfield,6a21e891f9,ok,0,0,0,0,0,0,2.3662,1.8907,2.7258,2.0438,1.555,1,1,,8450,3.38
grid2:fineNorm,,,PR9_x1,holdout,3,1059,headon,vfield,6a21e891f9,ok,0,0,0,0,0,0,4.4462,2.3704,2.7258,2.0438,1.555,1,1,,8450,3.35
grid2:fineNorm,,,PR9_x1.25,holdout,3,1001,headon,vfield,84a5260fdf,ok,2,0,0,2,0,0,0.3641,4.6242,2.7258,2.0438,1.555,1,1,18.71,8450,3.38
grid2:fineNorm,,,PR9_x1.25,holdout,3,1003,headon,vfield,84a5260fdf,ok,1,0,1,0,0,0,1.6538,0.7152,2.7258,2.0438,1.555,1,1,13.29,8450,3.34
grid2:fineNorm,,,PR9_x1.25,holdout,3,1005,headon,vfield,84a5260fdf,ok,0,0,0,0,0,0,3.4547,5.6971,2.7258,2.0438,1.555,1,1,,8450,3.4
grid2:fineNorm,,,PR9_x1.25,holdout,3,1007,headon,vfield,84a5260fdf,ok,0,0,0,0,0,0,2.8331,5.1158,2.7258,2.0438,1.555,1,1,,8450,3.36
grid2:fineNorm,,,PR9_x1.25,holdout,3,1009,headon,vfield,84a5260fdf,ok,0,0,0,0,0,0,2.0704,5.505,2.7258,2.0438,1.555,1,1,,8450,3.35
grid2:fineNorm,,,PR9_x1.25,holdout,3,1011,headon,vfield,84a5260fdf,ok,0,0,0,0,0,0,2.4646,3.9948,2.7258,2.0438,1.555,1,1,,8450,3.36
grid2:fineNorm,,,PR9_x1.25,holdout,3,1013,headon,vfield,84a5260fdf,ok,0,0,0,0,0,0,2.5746,3.916,2.7258,2.0438,1.555,1,1,,8450,3.36
grid2:fineNorm,,,PR9_x1.25,holdout,3,1015,headon,vfield,84a5260fdf,ok,1,0,1,0,0,0,3.4804,0.7505,2.7258,2.0438,1.555,1,1,7.94,8450,3.44
grid2:fineNorm,,,PR9_x1.25,holdout,3,1017,headon,vfield,84a5260fdf,ok,0,0,0,0,0,0,3.0604,5.4491,2.7258,2.0438,1.555,1,1,,8450,3.45
grid2:fineNorm,,,PR9_x1.25,holdout,3,1019,headon,vfield,84a5260fdf,ok,1,0,1,0,0,0,2.5201,0.8789,2.7258,2.0438,1.555,1,1,8.26,8450,3.4
grid2:fineNorm,,,PR9_x1.25,holdout,3,1021,headon,vfield,84a5260fdf,ok,0,0,0,0,0,0,3.1836,5.3716,2.7258,2.0438,1.555,1,1,,8450,3.34
grid2:fineNorm,,,PR9_x1.25,holdout,3,1023,headon,vfield,84a5260fdf,ok,0,0,0,0,0,0,2.949,4.4291,2.7258,2.0438,1.555,1,1,,8450,3.37
grid2:fineNorm,,,PR9_x1.25,holdout,3,1025,headon,vfield,84a5260fdf,ok,0,0,0,0,0,0,3.0564,2.5354,2.7258,2.0438,1.555,1,1,,8450,3.39
grid2:fineNorm,,,PR9_x1.25,holdout,3,1027,headon,vfield,84a5260fdf,ok,0,0,0,0,0,0,2.3802,5.8209,2.7258,2.0438,1.555,1,1,,8450,3.37
grid2:fineNorm,,,PR9_x1.25,holdout,3,1029,headon,vfield,84a5260fdf,ok,0,0,0,0,0,0,1.8043,2.8852,2.7258,2.0438,1.555,1,1,,8450,3.36
grid2:fineNorm,,,PR9_x1.25,holdout,3,1031,headon,vfield,84a5260fdf,ok,0,0,0,0,0,0,2.6229,5.5275,2.7258,2.0438,1.555,1,1,,8450,3.4
grid2:fineNorm,,,PR9_x1.25,holdout,3,1033,headon,vfield,84a5260fdf,ok,0,0,0,0,0,0,4.2895,6.4837,2.7258,2.0438,1.555,1,1,,8450,3.39
grid2:fineNorm,,,PR9_x1.25,holdout,3,1035,headon,vfield,84a5260fdf,ok,0,0,0,0,0,0,3.1867,4.7692,2.7258,2.0438,1.555,1,1,,8450,3.39
grid2:fineNorm,,,PR9_x1.25,holdout,3,1037,headon,vfield,84a5260fdf,ok,0,0,0,0,0,0,1.3656,5.1039,2.7258,2.0438,1.555,1,1,,8450,3.34
grid2:fineNorm,,,PR9_x1.25,holdout,3,1039,headon,vfield,84a5260fdf,ok,0,0,0,0,0,0,1.2023,1.165,2.7258,2.0438,1.555,1,1,,8450,3.36
grid2:fineNorm,,,PR9_x1.25,holdout,3,1041,headon,vfield,84a5260fdf,ok,1,0,1,0,0,0,1.2949,0.5061,2.7258,2.0438,1.555,1,1,5.2,8450,3.37
grid2:fineNorm,,,PR9_x1.25,holdout,3,1043,headon,vfield,84a5260fdf,ok,0,0,0,0,0,0,2.3947,4.5662,2.7258,2.0438,1.555,1,1,,8450,3.54
grid2:fineNorm,,,PR9_x1.25,holdout,3,1045,headon,vfield,84a5260fdf,ok,0,0,0,0,0,0,1.0378,4.2694,2.7258,2.0438,1.555,1,1,,8450,3.44
grid2:fineNorm,,,PR9_x1.25,holdout,3,1047,headon,vfield,84a5260fdf,ok,1,0,1,0,0,0,1.2021,0.4095,2.7258,2.0438,1.555,1,1,5.03,8450,3.64
grid2:fineNorm,,,PR9_x1.25,holdout,3,1049,headon,vfield,84a5260fdf,ok,0,0,0,0,0,0,2.6534,4.5566,2.7258,2.0438,1.555,1,1,,8450,3.45
grid2:fineNorm,,,PR9_x1.25,holdout,3,1051,headon,vfield,84a5260fdf,ok,0,0,0,0,0,0,4.5791,5.8663,2.7258,2.0438,1.555,1,1,,8450,3.36
grid2:fineNorm,,,PR9_x1.25,holdout,3,1053,headon,vfield,84a5260fdf,ok,0,0,0,0,0,0,1.5087,2.3908,2.7258,2.0438,1.555,1,1,,8450,3.33
grid2:fineNorm,,,PR9_x1.25,holdout,3,1055,headon,vfield,84a5260fdf,ok,0,0,0,0,0,0,4.1569,3.1904,2.7258,2.0438,1.555,1,1,,8450,3.32
grid2:fineNorm,,,PR9_x1.25,holdout,3,1057,headon,vfield,84a5260fdf,ok,0,0,0,0,0,0,4.2066,5.4034,2.7258,2.0438,1.555,1,1,,8450,3.32
grid2:fineNorm,,,PR9_x1.25,holdout,3,1059,headon,vfield,84a5260fdf,ok,0,0,0,0,0,0,1.5206,2.9051,2.7258,2.0438,1.555,1,1,,8450,3.34
grid2:fineNorm,,,PR9_x1.5,holdout,3,1001,headon,vfield,4eef1e34f9,ok,1,0,0,0,1,0,0.6176,6.067,2.7258,2.0438,1.555,1,1,13.76,8450,3.39
grid2:fineNorm,,,PR9_x1.5,holdout,3,1003,headon,vfield,4eef1e34f9,ok,0,0,0,0,0,0,3.8893,4.1238,2.7258,2.0438,1.555,1,1,,8450,3.37
grid2:fineNorm,,,PR9_x1.5,holdout,3,1005,headon,vfield,4eef1e34f9,ok,0,0,0,0,0,0,3.7797,5.9705,2.7258,2.0438,1.555,1,1,,8450,3.35
grid2:fineNorm,,,PR9_x1.5,holdout,3,1007,headon,vfield,4eef1e34f9,ok,0,0,0,0,0,0,3.3481,5.6587,2.7258,2.0438,1.555,1,1,,8450,3.33
grid2:fineNorm,,,PR9_x1.5,holdout,3,1009,headon,vfield,4eef1e34f9,ok,0,0,0,0,0,0,5.0183,5.99,2.7258,2.0438,1.555,1,1,,8450,3.52
grid2:fineNorm,,,PR9_x1.5,holdout,3,1011,headon,vfield,4eef1e34f9,ok,0,0,0,0,0,0,1.2657,5.6966,2.7258,2.0438,1.555,1,1,,8450,3.37
grid2:fineNorm,,,PR9_x1.5,holdout,3,1013,headon,vfield,4eef1e34f9,ok,2,0,1,1,0,0,0.2258,0.8351,2.7258,2.0438,1.555,1,1,5.73,8450,3.35
grid2:fineNorm,,,PR9_x1.5,holdout,3,1015,headon,vfield,4eef1e34f9,ok,1,0,1,0,0,0,4.3577,0.8855,2.7258,2.0438,1.555,1,1,10.56,8450,3.33
grid2:fineNorm,,,PR9_x1.5,holdout,3,1017,headon,vfield,4eef1e34f9,ok,0,0,0,0,0,0,1.4561,5.7028,2.7258,2.0438,1.555,1,1,,8450,3.34
grid2:fineNorm,,,PR9_x1.5,holdout,3,1019,headon,vfield,4eef1e34f9,ok,0,0,0,0,0,0,2.8472,3.4678,2.7258,2.0438,1.555,1,1,,8450,3.34
grid2:fineNorm,,,PR9_x1.5,holdout,3,1021,headon,vfield,4eef1e34f9,ok,0,0,0,0,0,0,2.79,5.9029,2.7258,2.0438,1.555,1,1,,8450,3.34
grid2:fineNorm,,,PR9_x1.5,holdout,3,1023,headon,vfield,4eef1e34f9,ok,0,0,0,0,0,0,1.5736,5.5943,2.7258,2.0438,1.555,1,1,,8450,3.34
grid2:fineNorm,,,PR9_x1.5,holdout,3,1025,headon,vfield,4eef1e34f9,ok,1,0,0,1,0,0,0.2087,1.8454,2.7258,2.0438,1.555,1,1,11.91,8450,3.34
grid2:fineNorm,,,PR9_x1.5,holdout,3,1027,headon,vfield,4eef1e34f9,ok,0,0,0,0,0,0,2.363,4.2893,2.7258,2.0438,1.555,1,1,,8450,3.34
grid2:fineNorm,,,PR9_x1.5,holdout,3,1029,headon,vfield,4eef1e34f9,ok,0,0,0,0,0,0,1.6836,5.9311,2.7258,2.0438,1.555,1,1,,8450,3.39
grid2:fineNorm,,,PR9_x1.5,holdout,3,1031,headon,vfield,4eef1e34f9,ok,1,0,0,0,1,0,0.9719,5.7634,2.7258,2.0438,1.555,1,1,13.95,8450,3.4
grid2:fineNorm,,,PR9_x1.5,holdout,3,1033,headon,vfield,4eef1e34f9,ok,0,0,0,0,0,0,1.9431,5.4861,2.7258,2.0438,1.555,1,1,,8450,3.35
grid2:fineNorm,,,PR9_x1.5,holdout,3,1035,headon,vfield,4eef1e34f9,ok,0,0,0,0,0,0,2.1558,3.9347,2.7258,2.0438,1.555,1,1,,8450,3.37
grid2:fineNorm,,,PR9_x1.5,holdout,3,1037,headon,vfield,4eef1e34f9,ok,0,0,0,0,0,0,1.3767,5.5784,2.7258,2.0438,1.555,1,1,,8450,3.34
grid2:fineNorm,,,PR9_x1.5,holdout,3,1039,headon,vfield,4eef1e34f9,ok,0,0,0,0,0,0,2.1903,5.2007,2.7258,2.0438,1.555,1,1,,8450,3.4
grid2:fineNorm,,,PR9_x1.5,holdout,3,1041,headon,vfield,4eef1e34f9,ok,0,0,0,0,0,0,3.6275,5.7799,2.7258,2.0438,1.555,1,1,,8450,3.39
grid2:fineNorm,,,PR9_x1.5,holdout,3,1043,headon,vfield,4eef1e34f9,ok,0,0,0,0,0,0,2.379,5.6507,2.7258,2.0438,1.555,1,1,,8450,3.34
grid2:fineNorm,,,PR9_x1.5,holdout,3,1045,headon,vfield,4eef1e34f9,ok,0,0,0,0,0,0,1.63,5.6328,2.7258,2.0438,1.555,1,1,,8450,3.34
grid2:fineNorm,,,PR9_x1.5,holdout,3,1047,headon,vfield,4eef1e34f9,ok,0,0,0,0,0,0,4.4954,4.1906,2.7258,2.0438,1.555,1,1,,8450,3.36
grid2:fineNorm,,,PR9_x1.5,holdout,3,1049,headon,vfield,4eef1e34f9,ok,0,0,0,0,0,0,2.519,5.6892,2.7258,2.0438,1.555,1,1,,8450,3.34
grid2:fineNorm,,,PR9_x1.5,holdout,3,1051,headon,vfield,4eef1e34f9,ok,0,0,0,0,0,0,5.1706,1.3935,2.7258,2.0438,1.555,1,1,,8450,3.35
grid2:fineNorm,,,PR9_x1.5,holdout,3,1053,headon,vfield,4eef1e34f9,ok,0,0,0,0,0,0,3.3213,2.9459,2.7258,2.0438,1.555,1,1,,8450,3.34
grid2:fineNorm,,,PR9_x1.5,holdout,3,1055,headon,vfield,4eef1e34f9,ok,0,0,0,0,0,0,2.5003,5.933,2.7258,2.0438,1.555,1,1,,8450,3.38
grid2:fineNorm,,,PR9_x1.5,holdout,3,1057,headon,vfield,4eef1e34f9,ok,0,0,0,0,0,0,2.9474,5.9403,2.7258,2.0438,1.555,1,1,,8450,3.35
grid2:fineNorm,,,PR9_x1.5,holdout,3,1059,headon,vfield,4eef1e34f9,ok,0,0,0,0,0,0,4.0337,1.0699,2.7258,2.0438,1.555,1,1,,8450,3.32
grid2:fineNorm,,,PR9_x2,holdout,3,1001,headon,vfield,4b0efc3703,ok,0,0,0,0,0,0,4.7189,1.648,2.7258,2.0438,1.555,1,1,,8450,3.38
grid2:fineNorm,,,PR9_x2,holdout,3,1003,headon,vfield,4b0efc3703,ok,0,0,0,0,0,0,3.0988,4.2306,2.7258,2.0438,1.555,1,1,,8450,3.42
grid2:fineNorm,,,PR9_x2,holdout,3,1005,headon,vfield,4b0efc3703,ok,0,0,0,0,0,0,2.4564,4.3481,2.7258,2.0438,1.555,1,1,,8450,3.32
grid2:fineNorm,,,PR9_x2,holdout,3,1007,headon,vfield,4b0efc3703,ok,0,0,0,0,0,0,2.9076,6.0862,2.7258,2.0438,1.555,1,1,,8450,3.33
grid2:fineNorm,,,PR9_x2,holdout,3,1009,headon,vfield,4b0efc3703,ok,0,0,0,0,0,0,1.7034,2.7029,2.7258,2.0438,1.555,1,1,,8450,3.33
grid2:fineNorm,,,PR9_x2,holdout,3,1011,headon,vfield,4b0efc3703,ok,0,0,0,0,0,0,1.3355,1.6224,2.7258,2.0438,1.555,1,1,,8450,3.36
grid2:fineNorm,,,PR9_x2,holdout,3,1013,headon,vfield,4b0efc3703,ok,0,0,0,0,0,0,2.164,5.7052,2.7258,2.0438,1.555,1,1,,8450,3.35
grid2:fineNorm,,,PR9_x2,holdout,3,1015,headon,vfield,4b0efc3703,ok,0,0,0,0,0,0,1.14,1.8198,2.7258,2.0438,1.555,1,1,,8450,3.39
grid2:fineNorm,,,PR9_x2,holdout,3,1017,headon,vfield,4b0efc3703,ok,0,0,0,0,0,0,3.0041,4.6367,2.7258,2.0438,1.555,1,1,,8450,3.35
grid2:fineNorm,,,PR9_x2,holdout,3,1019,headon,vfield,4b0efc3703,ok,0,0,0,0,0,0,2.7678,4.7313,2.7258,2.0438,1.555,1,1,,8450,3.36
grid2:fineNorm,,,PR9_x2,holdout,3,1021,headon,vfield,4b0efc3703,ok,0,0,0,0,0,0,2.619,5.9738,2.7258,2.0438,1.555,1,1,,8450,3.39
grid2:fineNorm,,,PR9_x2,holdout,3,1023,headon,vfield,4b0efc3703,ok,0,0,0,0,0,0,1.1916,6.0619,2.7258,2.0438,1.555,1,1,,8450,3.34
grid2:fineNorm,,,PR9_x2,holdout,3,1025,headon,vfield,4b0efc3703,ok,0,0,0,0,0,0,3.8464,2.2497,2.7258,2.0438,1.555,1,1,,8450,3.34
grid2:fineNorm,,,PR9_x2,holdout,3,1027,headon,vfield,4b0efc3703,ok,0,0,0,0,0,0,4.5294,2.1504,2.7258,2.0438,1.555,1,1,,8450,3.34
grid2:fineNorm,,,PR9_x2,holdout,3,1029,headon,vfield,4b0efc3703,ok,1,0,1,0,0,0,1.7178,0.2579,2.7258,2.0438,1.555,1,1,11.39,8450,3.34
grid2:fineNorm,,,PR9_x2,holdout,3,1031,headon,vfield,4b0efc3703,ok,0,0,0,0,0,0,3.4544,2.4421,2.7258,2.0438,1.555,1,1,,8450,3.38
grid2:fineNorm,,,PR9_x2,holdout,3,1033,headon,vfield,4b0efc3703,ok,0,0,0,0,0,0,2.4018,2.4085,2.7258,2.0438,1.555,1,1,,8450,3.33
grid2:fineNorm,,,PR9_x2,holdout,3,1035,headon,vfield,4b0efc3703,ok,1,0,0,0,1,0,0.8427,6.0458,2.7258,2.0438,1.555,1,1,13.76,8450,3.32
grid2:fineNorm,,,PR9_x2,holdout,3,1037,headon,vfield,4b0efc3703,ok,0,0,0,0,0,0,4.8607,2.6057,2.7258,2.0438,1.555,1,1,,8450,3.36
grid2:fineNorm,,,PR9_x2,holdout,3,1039,headon,vfield,4b0efc3703,ok,3,0,2,0,1,0,0.8125,0.2439,2.7258,2.0438,1.555,1,1,21.46,8450,3.34
grid2:fineNorm,,,PR9_x2,holdout,3,1041,headon,vfield,4b0efc3703,ok,0,0,0,0,0,0,2.6295,5.4429,2.7258,2.0438,1.555,1,1,,8450,3.33
grid2:fineNorm,,,PR9_x2,holdout,3,1043,headon,vfield,4b0efc3703,ok,0,0,0,0,0,0,1.1422,4.8947,2.7258,2.0438,1.555,1,1,,8450,3.33
grid2:fineNorm,,,PR9_x2,holdout,3,1045,headon,vfield,4b0efc3703,ok,0,0,0,0,0,0,4.6069,4.7286,2.7258,2.0438,1.555,1,1,,8450,3.42
grid2:fineNorm,,,PR9_x2,holdout,3,1047,headon,vfield,4b0efc3703,ok,0,0,0,0,0,0,2.8099,1.6148,2.7258,2.0438,1.555,1,1,,8450,3.44
grid2:fineNorm,,,PR9_x2,holdout,3,1049,headon,vfield,4b0efc3703,ok,0,0,0,0,0,0,3.6739,4.9025,2.7258,2.0438,1.555,1,1,,8450,3.35
grid2:fineNorm,,,PR9_x2,holdout,3,1051,headon,vfield,4b0efc3703,ok,0,0,0,0,0,0,2.483,6.2401,2.7258,2.0438,1.555,1,1,,8450,3.35
grid2:fineNorm,,,PR9_x2,holdout,3,1053,headon,vfield,4b0efc3703,ok,0,0,0,0,0,0,1.3839,1.7974,2.7258,2.0438,1.555,1,1,,8450,3.37
grid2:fineNorm,,,PR9_x2,holdout,3,1055,headon,vfield,4b0efc3703,ok,3,0,2,1,0,0,0.4599,0.4517,2.7258,2.0438,1.555,1,1,4.77,8450,3.38
grid2:fineNorm,,,PR9_x2,holdout,3,1057,headon,vfield,4b0efc3703,ok,0,0,0,0,0,0,2.8428,1.9404,2.7258,2.0438,1.555,1,1,,8450,3.35
grid2:fineNorm,,,PR9_x2,holdout,3,1059,headon,vfield,4b0efc3703,ok,0,0,0,0,0,0,2.3926,5.1894,2.7258,2.0438,1.555,1,1,,8450,3.37
grid2:fineNorm,,,PR10_x1,holdout,3,1001,headon,vfield,e8d1ad2469,ok,0,0,0,0,0,0,2.2431,2.1314,2.7258,2.0438,1.555,1,1,,8450,3.37
grid2:fineNorm,,,PR10_x1,holdout,3,1003,headon,vfield,e8d1ad2469,ok,0,0,0,0,0,0,2.1078,5.0346,2.7258,2.0438,1.555,1,1,,8450,3.36
grid2:fineNorm,,,PR10_x1,holdout,3,1005,headon,vfield,e8d1ad2469,ok,1,0,1,0,0,0,2.095,0.5825,2.7258,2.0438,1.555,1,1,11.81,8450,3.35
grid2:fineNorm,,,PR10_x1,holdout,3,1007,headon,vfield,e8d1ad2469,ok,1,0,1,0,0,0,2.399,0.8385,2.7258,2.0438,1.555,1,1,14.35,8450,3.34
grid2:fineNorm,,,PR10_x1,holdout,3,1009,headon,vfield,e8d1ad2469,ok,1,0,1,0,0,0,3.998,0.9539,2.7258,2.0438,1.555,1,1,12.58,8450,3.33
grid2:fineNorm,,,PR10_x1,holdout,3,1011,headon,vfield,e8d1ad2469,ok,1,0,1,0,0,0,2.4209,0.744,2.7258,2.0438,1.555,1,1,13.57,8450,3.34
grid2:fineNorm,,,PR10_x1,holdout,3,1013,headon,vfield,e8d1ad2469,ok,1,0,0,1,0,0,0.733,6.135,2.7258,2.0438,1.555,1,1,18.43,8450,3.41
grid2:fineNorm,,,PR10_x1,holdout,3,1015,headon,vfield,e8d1ad2469,ok,1,0,1,0,0,0,2.297,0.8078,2.7258,2.0438,1.555,1,1,7.94,8450,3.84
grid2:fineNorm,,,PR10_x1,holdout,3,1017,headon,vfield,e8d1ad2469,ok,1,0,0,1,0,0,0.7386,1.8453,2.7258,2.0438,1.555,1,1,21.91,8450,3.45
grid2:fineNorm,,,PR10_x1,holdout,3,1019,headon,vfield,e8d1ad2469,ok,0,0,0,0,0,0,3.3008,3.2494,2.7258,2.0438,1.555,1,1,,8450,3.48
grid2:fineNorm,,,PR10_x1,holdout,3,1021,headon,vfield,e8d1ad2469,ok,1,0,1,0,0,0,2.0913,0.732,2.7258,2.0438,1.555,1,1,12.41,8450,3.37
grid2:fineNorm,,,PR10_x1,holdout,3,1023,headon,vfield,e8d1ad2469,ok,2,0,1,1,0,0,0.804,0.1947,2.7258,2.0438,1.555,1,1,13.98,8450,3.35
grid2:fineNorm,,,PR10_x1,holdout,3,1025,headon,vfield,e8d1ad2469,ok,1,0,1,0,0,0,2.3233,0.7671,2.7258,2.0438,1.555,1,1,6.2,8450,3.42
grid2:fineNorm,,,PR10_x1,holdout,3,1027,headon,vfield,e8d1ad2469,ok,0,0,0,0,0,0,3.6154,1.7349,2.7258,2.0438,1.555,1,1,,8450,3.42
grid2:fineNorm,,,PR10_x1,holdout,3,1029,headon,vfield,e8d1ad2469,ok,1,0,1,0,0,0,2.5238,0.6185,2.7258,2.0438,1.555,1,1,11.83,8450,3.32
grid2:fineNorm,,,PR10_x1,holdout,3,1031,headon,vfield,e8d1ad2469,ok,1,0,1,0,0,0,2.2103,0.775,2.7258,2.0438,1.555,1,1,11.85,8450,3.34
grid2:fineNorm,,,PR10_x1,holdout,3,1033,headon,vfield,e8d1ad2469,ok,0,0,0,0,0,0,1.2634,1.2486,2.7258,2.0438,1.555,1,1,,8450,3.37
grid2:fineNorm,,,PR10_x1,holdout,3,1035,headon,vfield,e8d1ad2469,ok,1,0,1,0,0,0,4.2252,0.8369,2.7258,2.0438,1.555,1,1,12.69,8450,3.34
grid2:fineNorm,,,PR10_x1,holdout,3,1037,headon,vfield,e8d1ad2469,ok,0,0,0,0,0,0,3.1165,1.0287,2.7258,2.0438,1.555,1,1,,8450,3.33
grid2:fineNorm,,,PR10_x1,holdout,3,1039,headon,vfield,e8d1ad2469,ok,0,0,0,0,0,0,3.053,1.0058,2.7258,2.0438,1.555,1,1,,8450,3.38
grid2:fineNorm,,,PR10_x1,holdout,3,1041,headon,vfield,e8d1ad2469,ok,0,0,0,0,0,0,4.0045,1.6107,2.7258,2.0438,1.555,1,1,,8450,3.34
grid2:fineNorm,,,PR10_x1,holdout,3,1043,headon,vfield,e8d1ad2469,ok,1,0,1,0,0,0,1.982,0.0243,2.7258,2.0438,1.555,1,1,12.15,8450,3.33
grid2:fineNorm,,,PR10_x1,holdout,3,1045,headon,vfield,e8d1ad2469,ok,1,0,1,0,0,0,2.1761,0.8044,2.7258,2.0438,1.555,1,1,11.89,8450,3.33
grid2:fineNorm,,,PR10_x1,holdout,3,1047,headon,vfield,e8d1ad2469,ok,1,0,1,0,0,0,4.222,0.5164,2.7258,2.0438,1.555,1,1,11.54,8450,3.32
grid2:fineNorm,,,PR10_x1,holdout,3,1049,headon,vfield,e8d1ad2469,ok,2,0,2,0,0,0,2.1901,0.0166,2.7258,2.0438,1.555,1,1,11.8,8450,3.32
grid2:fineNorm,,,PR10_x1,holdout,3,1051,headon,vfield,e8d1ad2469,ok,1,0,1,0,0,0,4.2376,0.9014,2.7258,2.0438,1.555,1,1,5.69,8450,3.34
grid2:fineNorm,,,PR10_x1,holdout,3,1053,headon,vfield,e8d1ad2469,ok,0,0,0,0,0,0,1.557,1.7336,2.7258,2.0438,1.555,1,1,,8450,3.35
grid2:fineNorm,,,PR10_x1,holdout,3,1055,headon,vfield,e8d1ad2469,ok,1,0,1,0,0,0,2.2264,0.9919,2.7258,2.0438,1.555,1,1,7.4,8450,3.33
grid2:fineNorm,,,PR10_x1,holdout,3,1057,headon,vfield,e8d1ad2469,ok,1,0,1,0,0,0,1.0418,0.8641,2.7258,2.0438,1.555,1,1,13.73,8450,3.33
grid2:fineNorm,,,PR10_x1,holdout,3,1059,headon,vfield,e8d1ad2469,ok,0,0,0,0,0,0,2.6935,2.2107,2.7258,2.0438,1.555,1,1,,8450,3.33
grid2:fineNorm,,,PR10_x1.25,holdout,3,1001,headon,vfield,7d7c5dd06a,ok,1,0,0,1,0,0,0.6725,1.8917,2.7258,2.0438,1.555,1,1,20.5,8450,3.32
grid2:fineNorm,,,PR10_x1.25,holdout,3,1003,headon,vfield,7d7c5dd06a,ok,0,0,0,0,0,0,3.4507,1.9783,2.7258,2.0438,1.555,1,1,,8450,3.33
grid2:fineNorm,,,PR10_x1.25,holdout,3,1005,headon,vfield,7d7c5dd06a,ok,1,0,0,0,1,0,0.4767,4.9758,2.7258,2.0438,1.555,1,1,15.02,8450,3.32
grid2:fineNorm,,,PR10_x1.25,holdout,3,1007,headon,vfield,7d7c5dd06a,ok,0,0,0,0,0,0,3.0356,1.1374,2.7258,2.0438,1.555,1,1,,8450,3.31
grid2:fineNorm,,,PR10_x1.25,holdout,3,1009,headon,vfield,7d7c5dd06a,ok,0,0,0,0,0,0,3.643,4.1479,2.7258,2.0438,1.555,1,1,,8450,3.37
grid2:fineNorm,,,PR10_x1.25,holdout,3,1011,headon,vfield,7d7c5dd06a,ok,0,0,0,0,0,0,3.7172,1.579,2.7258,2.0438,1.555,1,1,,8450,3.35
grid2:fineNorm,,,PR10_x1.25,holdout,3,1013,headon,vfield,7d7c5dd06a,ok,2,0,2,0,0,0,2.5898,0.0447,2.7258,2.0438,1.555,1,1,11.87,8450,3.34
grid2:fineNorm,,,PR10_x1.25,holdout,3,1015,headon,vfield,7d7c5dd06a,ok,0,0,0,0,0,0,2.8209,2.2564,2.7258,2.0438,1.555,1,1,,8450,3.34
grid2:fineNorm,,,PR10_x1.25,holdout,3,1017,headon,vfield,7d7c5dd06a,ok,0,0,0,0,0,0,2.0,1.5096,2.7258,2.0438,1.555,1,1,,8450,3.34
grid2:fineNorm,,,PR10_x1.25,holdout,3,1019,headon,vfield,7d7c5dd06a,ok,0,0,0,0,0,0,4.6339,2.0709,2.7258,2.0438,1.555,1,1,,8450,3.33
grid2:fineNorm,,,PR10_x1.25,holdout,3,1021,headon,vfield,7d7c5dd06a,ok,2,0,2,0,0,0,1.6303,0.6098,2.7258,2.0438,1.555,1,1,12.2,8450,3.33
grid2:fineNorm,,,PR10_x1.25,holdout,3,1023,headon,vfield,7d7c5dd06a,ok,0,0,0,0,0,0,1.7848,1.4232,2.7258,2.0438,1.555,1,1,,8450,3.35
grid2:fineNorm,,,PR10_x1.25,holdout,3,1025,headon,vfield,7d7c5dd06a,ok,1,0,1,0,0,0,3.9916,0.0306,2.7258,2.0438,1.555,1,1,12.22,8450,3.37
grid2:fineNorm,,,PR10_x1.25,holdout,3,1027,headon,vfield,7d7c5dd06a,ok,1,0,1,0,0,0,3.126,0.9748,2.7258,2.0438,1.555,1,1,12.81,8450,3.32
grid2:fineNorm,,,PR10_x1.25,holdout,3,1029,headon,vfield,7d7c5dd06a,ok,0,0,0,0,0,0,3.5522,1.9296,2.7258,2.0438,1.555,1,1,,8450,3.35
grid2:fineNorm,,,PR10_x1.25,holdout,3,1031,headon,vfield,7d7c5dd06a,ok,0,0,0,0,0,0,3.0306,2.1442,2.7258,2.0438,1.555,1,1,,8450,3.32
grid2:fineNorm,,,PR10_x1.25,holdout,3,1033,headon,vfield,7d7c5dd06a,ok,0,0,0,0,0,0,2.771,5.5128,2.7258,2.0438,1.555,1,1,,8450,3.33
grid2:fineNorm,,,PR10_x1.25,holdout,3,1035,headon,vfield,7d7c5dd06a,ok,0,0,0,0,0,0,1.4669,5.3542,2.7258,2.0438,1.555,1,1,,8450,3.36
grid2:fineNorm,,,PR10_x1.25,holdout,3,1037,headon,vfield,7d7c5dd06a,ok,1,0,1,0,0,0,2.8885,0.1145,2.7258,2.0438,1.555,1,1,11.99,8450,3.33
grid2:fineNorm,,,PR10_x1.25,holdout,3,1039,headon,vfield,7d7c5dd06a,ok,1,0,1,0,0,0,1.6133,0.0819,2.7258,2.0438,1.555,1,1,12.18,8450,3.37
grid2:fineNorm,,,PR10_x1.25,holdout,3,1041,headon,vfield,7d7c5dd06a,ok,0,0,0,0,0,0,2.487,4.8123,2.7258,2.0438,1.555,1,1,,8450,3.34
grid2:fineNorm,,,PR10_x1.25,holdout,3,1043,headon,vfield,7d7c5dd06a,ok,2,0,2,0,0,0,2.7557,0.4467,2.7258,2.0438,1.555,1,1,11.89,8450,3.34
grid2:fineNorm,,,PR10_x1.25,holdout,3,1045,headon,vfield,7d7c5dd06a,ok,0,0,0,0,0,0,1.8637,2.7686,2.7258,2.0438,1.555,1,1,,8450,3.35
grid2:fineNorm,,,PR10_x1.25,holdout,3,1047,headon,vfield,7d7c5dd06a,ok,0,0,0,0,0,0,3.6879,5.3274,2.7258,2.0438,1.555,1,1,,8450,3.32
grid2:fineNorm,,,PR10_x1.25,holdout,3,1049,headon,vfield,7d7c5dd06a,ok,0,0,0,0,0,0,2.9022,1.7354,2.7258,2.0438,1.555,1,1,,8450,3.31
grid2:fineNorm,,,PR10_x1.25,holdout,3,1051,headon,vfield,7d7c5dd06a,ok,1,0,0,1,0,0,0.1033,4.2331,2.7258,2.0438,1.555,1,1,17.74,8450,3.31
grid2:fineNorm,,,PR10_x1.25,holdout,3,1053,headon,vfield,7d7c5dd06a,ok,0,0,0,0,0,0,3.9951,1.1963,2.7258,2.0438,1.555,1,1,,8450,3.32
grid2:fineNorm,,,PR10_x1.25,holdout,3,1055,headon,vfield,7d7c5dd06a,ok,1,0,1,0,0,0,3.6068,0.9116,2.7258,2.0438,1.555,1,1,14.55,8450,3.33
grid2:fineNorm,,,PR10_x1.25,holdout,3,1057,headon,vfield,7d7c5dd06a,ok,0,0,0,0,0,0,4.1872,4.9583,2.7258,2.0438,1.555,1,1,,8450,3.34
grid2:fineNorm,,,PR10_x1.25,holdout,3,1059,headon,vfield,7d7c5dd06a,ok,1,0,0,1,0,0,0.6066,2.5581,2.7258,2.0438,1.555,1,1,18.81,8450,3.31
grid2:fineNorm,,,PR10_x1.5,holdout,3,1001,headon,vfield,8680a8801d,ok,0,0,0,0,0,0,2.5483,2.0281,2.7258,2.0438,1.555,1,1,,8450,3.38
grid2:fineNorm,,,PR10_x1.5,holdout,3,1003,headon,vfield,8680a8801d,ok,0,0,0,0,0,0,2.26,1.7065,2.7258,2.0438,1.555,1,1,,8450,3.41
grid2:fineNorm,,,PR10_x1.5,holdout,3,1005,headon,vfield,8680a8801d,ok,0,0,0,0,0,0,2.9919,5.0547,2.7258,2.0438,1.555,1,1,,8450,3.32
grid2:fineNorm,,,PR10_x1.5,holdout,3,1007,headon,vfield,8680a8801d,ok,0,0,0,0,0,0,5.4454,1.3895,2.7258,2.0438,1.555,1,1,,8450,3.33
grid2:fineNorm,,,PR10_x1.5,holdout,3,1009,headon,vfield,8680a8801d,ok,0,0,0,0,0,0,4.1084,2.6042,2.7258,2.0438,1.555,1,1,,8450,3.68
grid2:fineNorm,,,PR10_x1.5,holdout,3,1011,headon,vfield,8680a8801d,ok,1,0,1,0,0,0,2.9113,0.9812,2.7258,2.0438,1.555,1,1,12.86,8450,3.36
grid2:fineNorm,,,PR10_x1.5,holdout,3,1013,headon,vfield,8680a8801d,ok,0,0,0,0,0,0,2.8671,4.6755,2.7258,2.0438,1.555,1,1,,8450,3.37
grid2:fineNorm,,,PR10_x1.5,holdout,3,1015,headon,vfield,8680a8801d,ok,0,0,0,0,0,0,1.9463,1.1181,2.7258,2.0438,1.555,1,1,,8450,3.37
grid2:fineNorm,,,PR10_x1.5,holdout,3,1017,headon,vfield,8680a8801d,ok,1,0,1,0,0,0,1.9736,0.9215,2.7258,2.0438,1.555,1,1,14.56,8450,3.34
grid2:fineNorm,,,PR10_x1.5,holdout,3,1019,headon,vfield,8680a8801d,ok,1,0,1,0,0,0,3.5567,0.8067,2.7258,2.0438,1.555,1,1,13.79,8450,3.33
grid2:fineNorm,,,PR10_x1.5,holdout,3,1021,headon,vfield,8680a8801d,ok,1,0,0,1,0,0,0.2095,1.6614,2.7258,2.0438,1.555,1,1,21.83,8450,3.34
grid2:fineNorm,,,PR10_x1.5,holdout,3,1023,headon,vfield,8680a8801d,ok,1,0,1,0,0,0,2.3441,0.6523,2.7258,2.0438,1.555,1,1,12.28,8450,3.37
grid2:fineNorm,,,PR10_x1.5,holdout,3,1025,headon,vfield,8680a8801d,ok,1,0,1,0,0,0,1.5819,0.0101,2.7258,2.0438,1.555,1,1,12.16,8450,3.35
grid2:fineNorm,,,PR10_x1.5,holdout,3,1027,headon,vfield,8680a8801d,ok,1,0,1,0,0,0,2.2196,0.3088,2.7258,2.0438,1.555,1,1,12.02,8450,3.41
grid2:fineNorm,,,PR10_x1.5,holdout,3,1029,headon,vfield,8680a8801d,ok,0,0,0,0,0,0,1.5853,2.4176,2.7258,2.0438,1.555,1,1,,8450,3.38
grid2:fineNorm,,,PR10_x1.5,holdout,3,1031,headon,vfield,8680a8801d,ok,0,0,0,0,0,0,4.2074,1.4935,2.7258,2.0438,1.555,1,1,,8450,3.34
grid2:fineNorm,,,PR10_x1.5,holdout,3,1033,headon,vfield,8680a8801d,ok,0,0,0,0,0,0,4.6174,1.0483,2.7258,2.0438,1.555,1,1,,8450,3.34
grid2:fineNorm,,,PR10_x1.5,holdout,3,1035,headon,vfield,8680a8801d,ok,1,0,1,0,0,0,3.5381,0.74,2.7258,2.0438,1.555,1,1,13.56,8450,3.35
grid2:fineNorm,,,PR10_x1.5,holdout,3,1037,headon,vfield,8680a8801d,ok,0,0,0,0,0,0,3.8126,4.9647,2.7258,2.0438,1.555,1,1,,8450,3.38
grid2:fineNorm,,,PR10_x1.5,holdout,3,1039,headon,vfield,8680a8801d,ok,2,0,2,0,0,0,2.7001,0.3233,2.7258,2.0438,1.555,1,1,12.17,8450,3.35
grid2:fineNorm,,,PR10_x1.5,holdout,3,1041,headon,vfield,8680a8801d,ok,0,0,0,0,0,0,2.1468,2.3953,2.7258,2.0438,1.555,1,1,,8450,3.32
grid2:fineNorm,,,PR10_x1.5,holdout,3,1043,headon,vfield,8680a8801d,ok,0,0,0,0,0,0,3.0441,5.3187,2.7258,2.0438,1.555,1,1,,8450,3.35
grid2:fineNorm,,,PR10_x1.5,holdout,3,1045,headon,vfield,8680a8801d,ok,1,0,1,0,0,0,2.196,0.7597,2.7258,2.0438,1.555,1,1,12.18,8450,3.33
grid2:fineNorm,,,PR10_x1.5,holdout,3,1047,headon,vfield,8680a8801d,ok,1,0,1,0,0,0,1.6502,0.706,2.7258,2.0438,1.555,1,1,13.84,8450,3.31
grid2:fineNorm,,,PR10_x1.5,holdout,3,1049,headon,vfield,8680a8801d,ok,1,0,1,0,0,0,2.2561,0.7269,2.7258,2.0438,1.555,1,1,12.06,8450,3.35
grid2:fineNorm,,,PR10_x1.5,holdout,3,1051,headon,vfield,8680a8801d,ok,0,0,0,0,0,0,6.0071,2.6689,2.7258,2.0438,1.555,1,1,,8450,3.34
grid2:fineNorm,,,PR10_x1.5,holdout,3,1053,headon,vfield,8680a8801d,ok,0,0,0,0,0,0,1.5667,2.2834,2.7258,2.0438,1.555,1,1,,8450,3.47
grid2:fineNorm,,,PR10_x1.5,holdout,3,1055,headon,vfield,8680a8801d,ok,1,0,1,0,0,0,5.8466,0.5385,2.7258,2.0438,1.555,1,1,13.79,8450,3.39
grid2:fineNorm,,,PR10_x1.5,holdout,3,1057,headon,vfield,8680a8801d,ok,0,0,0,0,0,0,2.4669,1.7072,2.7258,2.0438,1.555,1,1,,8450,3.4
grid2:fineNorm,,,PR10_x1.5,holdout,3,1059,headon,vfield,8680a8801d,ok,0,0,0,0,0,0,2.0934,4.268,2.7258,2.0438,1.555,1,1,,8450,3.37
grid2:fineNorm,,,PR10_x2,holdout,3,1001,headon,vfield,8b8841a0ee,ok,0,0,0,0,0,0,1.7173,1.1976,2.7258,2.0438,1.555,1,1,,8450,3.33
grid2:fineNorm,,,PR10_x2,holdout,3,1003,headon,vfield,8b8841a0ee,ok,0,0,0,0,0,0,7.4024,1.8309,2.7258,2.0438,1.555,1,1,,8450,3.35
grid2:fineNorm,,,PR10_x2,holdout,3,1005,headon,vfield,8b8841a0ee,ok,0,0,0,0,0,0,4.38,4.0639,2.7258,2.0438,1.555,1,1,,8450,3.34
grid2:fineNorm,,,PR10_x2,holdout,3,1007,headon,vfield,8b8841a0ee,ok,2,0,1,1,0,0,0.0739,0.8318,2.7258,2.0438,1.555,1,1,11.86,8450,3.35
grid2:fineNorm,,,PR10_x2,holdout,3,1009,headon,vfield,8b8841a0ee,ok,1,0,1,0,0,0,6.3976,0.7676,2.7258,2.0438,1.555,1,1,13.8,8450,3.31
grid2:fineNorm,,,PR10_x2,holdout,3,1011,headon,vfield,8b8841a0ee,ok,0,0,0,0,0,0,5.4826,1.1226,2.7258,2.0438,1.555,1,1,,8450,3.34
grid2:fineNorm,,,PR10_x2,holdout,3,1013,headon,vfield,8b8841a0ee,ok,0,0,0,0,0,0,1.1668,1.7915,2.7258,2.0438,1.555,1,1,,8450,3.35
grid2:fineNorm,,,PR10_x2,holdout,3,1015,headon,vfield,8b8841a0ee,ok,0,0,0,0,0,0,3.0509,4.7269,2.7258,2.0438,1.555,1,1,,8450,3.35
grid2:fineNorm,,,PR10_x2,holdout,3,1017,headon,vfield,8b8841a0ee,ok,1,0,1,0,0,0,1.4976,0.7145,2.7258,2.0438,1.555,1,1,12.11,8450,3.35
grid2:fineNorm,,,PR10_x2,holdout,3,1019,headon,vfield,8b8841a0ee,ok,1,0,1,0,0,0,4.0117,0.8968,2.7258,2.0438,1.555,1,1,12.04,8450,3.36
grid2:fineNorm,,,PR10_x2,holdout,3,1021,headon,vfield,8b8841a0ee,ok,0,0,0,0,0,0,3.6098,2.4474,2.7258,2.0438,1.555,1,1,,8450,3.33
grid2:fineNorm,,,PR10_x2,holdout,3,1023,headon,vfield,8b8841a0ee,ok,1,0,1,0,0,0,4.7537,0.8313,2.7258,2.0438,1.555,1,1,14.08,8450,3.32
grid2:fineNorm,,,PR10_x2,holdout,3,1025,headon,vfield,8b8841a0ee,ok,0,0,0,0,0,0,2.7097,2.0675,2.7258,2.0438,1.555,1,1,,8450,3.31
grid2:fineNorm,,,PR10_x2,holdout,3,1027,headon,vfield,8b8841a0ee,ok,0,0,0,0,0,0,4.0334,1.906,2.7258,2.0438,1.555,1,1,,8450,3.39
grid2:fineNorm,,,PR10_x2,holdout,3,1029,headon,vfield,8b8841a0ee,ok,0,0,0,0,0,0,4.6868,4.714,2.7258,2.0438,1.555,1,1,,8450,3.37
grid2:fineNorm,,,PR10_x2,holdout,3,1031,headon,vfield,8b8841a0ee,ok,0,0,0,0,0,0,5.6652,1.1546,2.7258,2.0438,1.555,1,1,,8450,3.34
grid2:fineNorm,,,PR10_x2,holdout,3,1033,headon,vfield,8b8841a0ee,ok,1,0,1,0,0,0,3.3086,0.6338,2.7258,2.0438,1.555,1,1,12.39,8450,3.32
grid2:fineNorm,,,PR10_x2,holdout,3,1035,headon,vfield,8b8841a0ee,ok,0,0,0,0,0,0,3.6872,1.1317,2.7258,2.0438,1.555,1,1,,8450,3.36
grid2:fineNorm,,,PR10_x2,holdout,3,1037,headon,vfield,8b8841a0ee,ok,0,0,0,0,0,0,3.9261,1.8357,2.7258,2.0438,1.555,1,1,,8450,3.43
grid2:fineNorm,,,PR10_x2,holdout,3,1039,headon,vfield,8b8841a0ee,ok,0,0,0,0,0,0,3.4509,1.0133,2.7258,2.0438,1.555,1,1,,8450,3.62
grid2:fineNorm,,,PR10_x2,holdout,3,1041,headon,vfield,8b8841a0ee,ok,1,0,1,0,0,0,3.8262,0.4703,2.7258,2.0438,1.555,1,1,12.08,8450,3.52
grid2:fineNorm,,,PR10_x2,holdout,3,1043,headon,vfield,8b8841a0ee,ok,0,0,0,0,0,0,3.7108,5.3132,2.7258,2.0438,1.555,1,1,,8450,3.53
grid2:fineNorm,,,PR10_x2,holdout,3,1045,headon,vfield,8b8841a0ee,ok,2,0,2,0,0,0,4.8282,0.4987,2.7258,2.0438,1.555,1,1,12.16,8450,3.6
grid2:fineNorm,,,PR10_x2,holdout,3,1047,headon,vfield,8b8841a0ee,ok,0,0,0,0,0,0,7.7993,1.9378,2.7258,2.0438,1.555,1,1,,8450,3.38
grid2:fineNorm,,,PR10_x2,holdout,3,1049,headon,vfield,8b8841a0ee,ok,0,0,0,0,0,0,5.2654,2.2928,2.7258,2.0438,1.555,1,1,,8450,3.35
grid2:fineNorm,,,PR10_x2,holdout,3,1051,headon,vfield,8b8841a0ee,ok,1,0,1,0,0,0,7.6347,0.9677,2.7258,2.0438,1.555,1,1,12.03,8450,3.36
grid2:fineNorm,,,PR10_x2,holdout,3,1053,headon,vfield,8b8841a0ee,ok,1,0,0,0,1,0,0.9427,1.0784,2.7258,2.0438,1.555,1,1,35.16,8450,3.33
grid2:fineNorm,,,PR10_x2,holdout,3,1055,headon,vfield,8b8841a0ee,ok,0,0,0,0,0,0,2.0136,2.9045,2.7258,2.0438,1.555,1,1,,8450,3.33
grid2:fineNorm,,,PR10_x2,holdout,3,1057,headon,vfield,8b8841a0ee,ok,0,0,0,0,0,0,4.9871,2.3172,2.7258,2.0438,1.555,1,1,,8450,3.35
grid2:fineNorm,,,PR10_x2,holdout,3,1059,headon,vfield,8b8841a0ee,ok,0,0,0,0,0,0,3.571,4.9653,2.7258,2.0438,1.555,1,1,,8450,3.3
grid2:fineNorm,,,PR11_x1,holdout,3,1001,headon,vfield,f4c4e7dd55,ok,0,0,0,0,0,0,3.3582,2.8551,2.7258,2.0438,1.555,1,1,,8450,3.34
grid2:fineNorm,,,PR11_x1,holdout,3,1003,headon,vfield,f4c4e7dd55,ok,1,0,1,0,0,0,1.5448,0.3562,2.7258,2.0438,1.555,1,1,14.55,8450,3.34
grid2:fineNorm,,,PR11_x1,holdout,3,1005,headon,vfield,f4c4e7dd55,ok,1,0,1,0,0,0,1.3234,0.8573,2.7258,2.0438,1.555,1,1,12.52,8450,3.41
grid2:fineNorm,,,PR11_x1,holdout,3,1007,headon,vfield,f4c4e7dd55,ok,0,0,0,0,0,0,3.7174,1.8687,2.7258,2.0438,1.555,1,1,,8450,3.46
grid2:fineNorm,,,PR11_x1,holdout,3,1009,headon,vfield,f4c4e7dd55,ok,1,0,1,0,0,0,3.7308,0.1448,2.7258,2.0438,1.555,1,1,13.12,8450,3.32
grid2:fineNorm,,,PR11_x1,holdout,3,1011,headon,vfield,f4c4e7dd55,ok,0,0,0,0,0,0,1.8916,1.0763,2.7258,2.0438,1.555,1,1,,8450,3.34
grid2:fineNorm,,,PR11_x1,holdout,3,1013,headon,vfield,f4c4e7dd55,ok,1,0,1,0,0,0,2.6296,0.6344,2.7258,2.0438,1.555,1,1,14.26,8450,3.35
grid2:fineNorm,,,PR11_x1,holdout,3,1015,headon,vfield,f4c4e7dd55,ok,1,0,1,0,0,0,3.4533,0.5968,2.7258,2.0438,1.555,1,1,15.06,8450,3.37
grid2:fineNorm,,,PR11_x1,holdout,3,1017,headon,vfield,f4c4e7dd55,ok,0,0,0,0,0,0,1.652,1.3295,2.7258,2.0438,1.555,1,1,,8450,3.37
grid2:fineNorm,,,PR11_x1,holdout,3,1019,headon,vfield,f4c4e7dd55,ok,0,0,0,0,0,0,3.4068,1.0765,2.7258,2.0438,1.555,1,1,,8450,3.35
grid2:fineNorm,,,PR11_x1,holdout,3,1021,headon,vfield,f4c4e7dd55,ok,0,0,0,0,0,0,2.0669,1.4838,2.7258,2.0438,1.555,1,1,,8450,3.33
grid2:fineNorm,,,PR11_x1,holdout,3,1023,headon,vfield,f4c4e7dd55,ok,0,0,0,0,0,0,1.734,1.3129,2.7258,2.0438,1.555,1,1,,8450,3.36
grid2:fineNorm,,,PR11_x1,holdout,3,1025,headon,vfield,f4c4e7dd55,ok,0,0,0,0,0,0,2.1116,1.3341,2.7258,2.0438,1.555,1,1,,8450,3.32
grid2:fineNorm,,,PR11_x1,holdout,3,1027,headon,vfield,f4c4e7dd55,ok,2,0,1,1,0,0,0.9961,0.6988,2.7258,2.0438,1.555,1,1,13.09,8450,3.36
grid2:fineNorm,,,PR11_x1,holdout,3,1029,headon,vfield,f4c4e7dd55,ok,0,0,0,0,0,0,3.1935,3.5281,2.7258,2.0438,1.555,1,1,,8450,3.32
grid2:fineNorm,,,PR11_x1,holdout,3,1031,headon,vfield,f4c4e7dd55,ok,0,0,0,0,0,0,5.0967,1.81,2.7258,2.0438,1.555,1,1,,8450,3.32
grid2:fineNorm,,,PR11_x1,holdout,3,1033,headon,vfield,f4c4e7dd55,ok,1,0,1,0,0,0,1.9311,0.9806,2.7258,2.0438,1.555,1,1,15.63,8450,3.36
grid2:fineNorm,,,PR11_x1,holdout,3,1035,headon,vfield,f4c4e7dd55,ok,0,0,0,0,0,0,1.6394,2.3202,2.7258,2.0438,1.555,1,1,,8450,3.33
grid2:fineNorm,,,PR11_x1,holdout,3,1037,headon,vfield,f4c4e7dd55,ok,0,0,0,0,0,0,3.3653,1.3361,2.7258,2.0438,1.555,1,1,,8450,3.36
grid2:fineNorm,,,PR11_x1,holdout,3,1039,headon,vfield,f4c4e7dd55,ok,0,0,0,0,0,0,2.5743,1.0161,2.7258,2.0438,1.555,1,1,,8450,3.36
grid2:fineNorm,,,PR11_x1,holdout,3,1041,headon,vfield,f4c4e7dd55,ok,0,0,0,0,0,0,2.4398,1.6733,2.7258,2.0438,1.555,1,1,,8450,3.34
grid2:fineNorm,,,PR11_x1,holdout,3,1043,headon,vfield,f4c4e7dd55,ok,1,0,1,0,0,0,1.4211,0.0755,2.7258,2.0438,1.555,1,1,12.68,8450,3.35
grid2:fineNorm,,,PR11_x1,holdout,3,1045,headon,vfield,f4c4e7dd55,ok,2,0,1,1,0,0,0.7388,0.2318,2.7258,2.0438,1.555,1,1,13.23,8450,3.33
grid2:fineNorm,,,PR11_x1,holdout,3,1047,headon,vfield,f4c4e7dd55,ok,1,0,1,0,0,0,2.6253,0.9894,2.7258,2.0438,1.555,1,1,13.55,8450,3.33
grid2:fineNorm,,,PR11_x1,holdout,3,1049,headon,vfield,f4c4e7dd55,ok,3,0,3,0,0,0,4.4856,0.6767,2.7258,2.0438,1.555,1,1,6.1,8450,3.34
grid2:fineNorm,,,PR11_x1,holdout,3,1051,headon,vfield,f4c4e7dd55,ok,1,0,0,0,1,0,0.7863,3.1071,2.7258,2.0438,1.555,1,1,34.35,8450,3.32
grid2:fineNorm,,,PR11_x1,holdout,3,1053,headon,vfield,f4c4e7dd55,ok,0,0,0,0,0,0,3.075,1.3536,2.7258,2.0438,1.555,1,1,,8450,3.34
grid2:fineNorm,,,PR11_x1,holdout,3,1055,headon,vfield,f4c4e7dd55,ok,0,0,0,0,0,0,4.728,1.1498,2.7258,2.0438,1.555,1,1,,8450,3.33
grid2:fineNorm,,,PR11_x1,holdout,3,1057,headon,vfield,f4c4e7dd55,ok,1,0,1,0,0,0,1.7469,0.336,2.7258,2.0438,1.555,1,1,13.07,8450,3.33
grid2:fineNorm,,,PR11_x1,holdout,3,1059,headon,vfield,f4c4e7dd55,ok,1,0,1,0,0,0,1.029,0.8093,2.7258,2.0438,1.555,1,1,12.79,8450,3.32
grid2:fineNorm,,,PR11_x1.25,holdout,3,1001,headon,vfield,ba39d8d2c1,ok,0,0,0,0,0,0,3.4552,2.6783,2.7258,2.0438,1.555,1,1,,8450,3.37
grid2:fineNorm,,,PR11_x1.25,holdout,3,1003,headon,vfield,ba39d8d2c1,ok,0,0,0,0,0,0,3.2026,1.4431,2.7258,2.0438,1.555,1,1,,8450,3.31
grid2:fineNorm,,,PR11_x1.25,holdout,3,1005,headon,vfield,ba39d8d2c1,ok,1,0,1,0,0,0,4.2472,0.9739,2.7258,2.0438,1.555,1,1,13.53,8450,3.33
grid2:fineNorm,,,PR11_x1.25,holdout,3,1007,headon,vfield,ba39d8d2c1,ok,0,0,0,0,0,0,4.3767,1.8972,2.7258,2.0438,1.555,1,1,,8450,3.34
grid2:fineNorm,,,PR11_x1.25,holdout,3,1009,headon,vfield,ba39d8d2c1,ok,1,0,1,0,0,0,2.0805,0.6865,2.7258,2.0438,1.555,1,1,12.55,8450,3.32
grid2:fineNorm,,,PR11_x1.25,holdout,3,1011,headon,vfield,ba39d8d2c1,ok,2,0,2,0,0,0,3.4997,0.1168,2.7258,2.0438,1.555,1,1,12.87,8450,3.33
grid2:fineNorm,,,PR11_x1.25,holdout,3,1013,headon,vfield,ba39d8d2c1,ok,0,0,0,0,0,0,3.9752,1.8507,2.7258,2.0438,1.555,1,1,,8450,3.34
grid2:fineNorm,,,PR11_x1.25,holdout,3,1015,headon,vfield,ba39d8d2c1,ok,0,0,0,0,0,0,2.0132,4.2943,2.7258,2.0438,1.555,1,1,,8450,3.36
grid2:fineNorm,,,PR11_x1.25,holdout,3,1017,headon,vfield,ba39d8d2c1,ok,1,0,1,0,0,0,1.5477,0.6652,2.7258,2.0438,1.555,1,1,14.82,8450,3.32
grid2:fineNorm,,,PR11_x1.25,holdout,3,1019,headon,vfield,ba39d8d2c1,ok,1,0,1,0,0,0,2.3359,0.6926,2.7258,2.0438,1.555,1,1,13.04,8450,3.41
grid2:fineNorm,,,PR11_x1.25,holdout,3,1021,headon,vfield,ba39d8d2c1,ok,0,0,0,0,0,0,3.2099,1.0799,2.7258,2.0438,1.555,1,1,,8450,3.33
grid2:fineNorm,,,PR11_x1.25,holdout,3,1023,headon,vfield,ba39d8d2c1,ok,0,0,0,0,0,0,3.504,1.1823,2.7258,2.0438,1.555,1,1,,8450,3.31
grid2:fineNorm,,,PR11_x1.25,holdout,3,1025,headon,vfield,ba39d8d2c1,ok,0,0,0,0,0,0,1.5937,1.7949,2.7258,2.0438,1.555,1,1,,8450,3.34
grid2:fineNorm,,,PR11_x1.25,holdout,3,1027,headon,vfield,ba39d8d2c1,ok,0,0,0,0,0,0,3.0812,1.0535,2.7258,2.0438,1.555,1,1,,8450,3.32
grid2:fineNorm,,,PR11_x1.25,holdout,3,1029,headon,vfield,ba39d8d2c1,ok,0,0,0,0,0,0,3.1613,1.0201,2.7258,2.0438,1.555,1,1,,8450,3.34
grid2:fineNorm,,,PR11_x1.25,holdout,3,1031,headon,vfield,ba39d8d2c1,ok,2,0,2,0,0,0,3.5963,0.6386,2.7258,2.0438,1.555,1,1,13.23,8450,3.38
grid2:fineNorm,,,PR11_x1.25,holdout,3,1033,headon,vfield,ba39d8d2c1,ok,0,0,0,0,0,0,2.5273,1.0385,2.7258,2.0438,1.555,1,1,,8450,3.38
grid2:fineNorm,,,PR11_x1.25,holdout,3,1035,headon,vfield,ba39d8d2c1,ok,2,0,2,0,0,0,3.2599,0.3936,2.7258,2.0438,1.555,1,1,12.56,8450,3.37
grid2:fineNorm,,,PR11_x1.25,holdout,3,1037,headon,vfield,ba39d8d2c1,ok,1,0,1,0,0,0,2.3713,0.6165,2.7258,2.0438,1.555,1,1,12.5,8450,3.35
grid2:fineNorm,,,PR11_x1.25,holdout,3,1039,headon,vfield,ba39d8d2c1,ok,1,0,1,0,0,0,4.1263,0.9851,2.7258,2.0438,1.555,1,1,13.55,8450,3.33
grid2:fineNorm,,,PR11_x1.25,holdout,3,1041,headon,vfield,ba39d8d2c1,ok,1,0,1,0,0,0,1.6613,0.3703,2.7258,2.0438,1.555,1,1,12.55,8450,3.35
grid2:fineNorm,,,PR11_x1.25,holdout,3,1043,headon,vfield,ba39d8d2c1,ok,0,0,0,0,0,0,3.0345,1.9542,2.7258,2.0438,1.555,1,1,,8450,3.32
grid2:fineNorm,,,PR11_x1.25,holdout,3,1045,headon,vfield,ba39d8d2c1,ok,1,0,1,0,0,0,1.392,0.6657,2.7258,2.0438,1.555,1,1,12.52,8450,3.32
grid2:fineNorm,,,PR11_x1.25,holdout,3,1047,headon,vfield,ba39d8d2c1,ok,0,0,0,0,0,0,3.4564,1.4873,2.7258,2.0438,1.555,1,1,,8450,3.36
grid2:fineNorm,,,PR11_x1.25,holdout,3,1049,headon,vfield,ba39d8d2c1,ok,1,0,1,0,0,0,1.87,0.1219,2.7258,2.0438,1.555,1,1,14.54,8450,3.36
grid2:fineNorm,,,PR11_x1.25,holdout,3,1051,headon,vfield,ba39d8d2c1,ok,0,0,0,0,0,0,5.2359,3.8942,2.7258,2.0438,1.555,1,1,,8450,3.38
grid2:fineNorm,,,PR11_x1.25,holdout,3,1053,headon,vfield,ba39d8d2c1,ok,1,0,1,0,0,0,3.8646,0.6347,2.7258,2.0438,1.555,1,1,14.64,8450,3.41
grid2:fineNorm,,,PR11_x1.25,holdout,3,1055,headon,vfield,ba39d8d2c1,ok,1,0,1,0,0,0,2.3329,0.5002,2.7258,2.0438,1.555,1,1,12.52,8450,3.39
grid2:fineNorm,,,PR11_x1.25,holdout,3,1057,headon,vfield,ba39d8d2c1,ok,0,0,0,0,0,0,4.2052,3.6364,2.7258,2.0438,1.555,1,1,,8450,3.36
grid2:fineNorm,,,PR11_x1.25,holdout,3,1059,headon,vfield,ba39d8d2c1,ok,1,0,0,1,0,0,0.8671,1.0629,2.7258,2.0438,1.555,1,1,19.49,8450,3.34
grid2:fineNorm,,,PR11_x1.5,holdout,3,1001,headon,vfield,e70bc68b72,ok,2,0,2,0,0,0,4.9243,0.7755,2.7258,2.0438,1.555,1,1,12.55,8450,3.34
grid2:fineNorm,,,PR11_x1.5,holdout,3,1003,headon,vfield,e70bc68b72,ok,0,0,0,0,0,0,4.0842,1.1146,2.7258,2.0438,1.555,1,1,,8450,3.35
grid2:fineNorm,,,PR11_x1.5,holdout,3,1005,headon,vfield,e70bc68b72,ok,2,0,2,0,0,0,3.0742,0.7668,2.7258,2.0438,1.555,1,1,13.27,8450,3.31
grid2:fineNorm,,,PR11_x1.5,holdout,3,1007,headon,vfield,e70bc68b72,ok,1,0,1,0,0,0,2.9752,0.9054,2.7258,2.0438,1.555,1,1,15.47,8450,3.33
grid2:fineNorm,,,PR11_x1.5,holdout,3,1009,headon,vfield,e70bc68b72,ok,0,0,0,0,0,0,1.8738,2.5748,2.7258,2.0438,1.555,1,1,,8450,3.35
grid2:fineNorm,,,PR11_x1.5,holdout,3,1011,headon,vfield,e70bc68b72,ok,1,0,1,0,0,0,5.2243,0.2132,2.7258,2.0438,1.555,1,1,14.46,8450,3.35
grid2:fineNorm,,,PR11_x1.5,holdout,3,1013,headon,vfield,e70bc68b72,ok,1,0,1,0,0,0,1.2781,0.9177,2.7258,2.0438,1.555,1,1,14.91,8450,3.4
grid2:fineNorm,,,PR11_x1.5,holdout,3,1015,headon,vfield,e70bc68b72,ok,0,0,0,0,0,0,5.8611,3.0957,2.7258,2.0438,1.555,1,1,,8450,3.38
grid2:fineNorm,,,PR11_x1.5,holdout,3,1017,headon,vfield,e70bc68b72,ok,0,0,0,0,0,0,4.7581,1.0009,2.7258,2.0438,1.555,1,1,,8450,3.34
grid2:fineNorm,,,PR11_x1.5,holdout,3,1019,headon,vfield,e70bc68b72,ok,1,0,1,0,0,0,2.4885,0.7976,2.7258,2.0438,1.555,1,1,13.1,8450,3.36
grid2:fineNorm,,,PR11_x1.5,holdout,3,1021,headon,vfield,e70bc68b72,ok,2,0,2,0,0,0,1.694,0.6112,2.7258,2.0438,1.555,1,1,13.6,8450,3.39
grid2:fineNorm,,,PR11_x1.5,holdout,3,1023,headon,vfield,e70bc68b72,ok,1,0,1,0,0,0,4.2356,0.1917,2.7258,2.0438,1.555,1,1,14.49,8450,3.36
grid2:fineNorm,,,PR11_x1.5,holdout,3,1025,headon,vfield,e70bc68b72,ok,0,0,0,0,0,0,4.6647,1.3282,2.7258,2.0438,1.555,1,1,,8450,3.37
grid2:fineNorm,,,PR11_x1.5,holdout,3,1027,headon,vfield,e70bc68b72,ok,2,0,2,0,0,0,4.3334,0.3763,2.7258,2.0438,1.555,1,1,13.59,8450,3.36
grid2:fineNorm,,,PR11_x1.5,holdout,3,1029,headon,vfield,e70bc68b72,ok,0,0,0,0,0,0,5.1377,1.2458,2.7258,2.0438,1.555,1,1,,8450,3.32
grid2:fineNorm,,,PR11_x1.5,holdout,3,1031,headon,vfield,e70bc68b72,ok,0,0,0,0,0,0,3.1487,1.6271,2.7258,2.0438,1.555,1,1,,8450,3.33
grid2:fineNorm,,,PR11_x1.5,holdout,3,1033,headon,vfield,e70bc68b72,ok,1,0,1,0,0,0,6.4515,0.6138,2.7258,2.0438,1.555,1,1,14.69,8450,3.33
grid2:fineNorm,,,PR11_x1.5,holdout,3,1035,headon,vfield,e70bc68b72,ok,0,0,0,0,0,0,4.9751,1.0796,2.7258,2.0438,1.555,1,1,,8450,3.33
grid2:fineNorm,,,PR11_x1.5,holdout,3,1037,headon,vfield,e70bc68b72,ok,0,0,0,0,0,0,2.1955,1.9939,2.7258,2.0438,1.555,1,1,,8450,3.33
grid2:fineNorm,,,PR11_x1.5,holdout,3,1039,headon,vfield,e70bc68b72,ok,1,0,1,0,0,0,2.6263,0.3829,2.7258,2.0438,1.555,1,1,12.66,8450,3.37
grid2:fineNorm,,,PR11_x1.5,holdout,3,1041,headon,vfield,e70bc68b72,ok,0,0,0,0,0,0,5.2679,2.8735,2.7258,2.0438,1.555,1,1,,8450,3.34
grid2:fineNorm,,,PR11_x1.5,holdout,3,1043,headon,vfield,e70bc68b72,ok,1,0,1,0,0,0,3.4392,0.382,2.7258,2.0438,1.555,1,1,14.39,8450,3.33
grid2:fineNorm,,,PR11_x1.5,holdout,3,1045,headon,vfield,e70bc68b72,ok,1,0,1,0,0,0,3.9047,0.2783,2.7258,2.0438,1.555,1,1,14.91,8450,3.33
grid2:fineNorm,,,PR11_x1.5,holdout,3,1047,headon,vfield,e70bc68b72,ok,1,0,1,0,0,0,2.4436,0.4973,2.7258,2.0438,1.555,1,1,13.03,8450,3.34
grid2:fineNorm,,,PR11_x1.5,holdout,3,1049,headon,vfield,e70bc68b72,ok,1,0,1,0,0,0,3.3953,0.611,2.7258,2.0438,1.555,1,1,12.94,8450,3.39
grid2:fineNorm,,,PR11_x1.5,holdout,3,1051,headon,vfield,e70bc68b72,ok,0,0,0,0,0,0,3.4649,5.3467,2.7258,2.0438,1.555,1,1,,8450,3.41
grid2:fineNorm,,,PR11_x1.5,holdout,3,1053,headon,vfield,e70bc68b72,ok,0,0,0,0,0,0,6.3507,4.1554,2.7258,2.0438,1.555,1,1,,8450,3.32
grid2:fineNorm,,,PR11_x1.5,holdout,3,1055,headon,vfield,e70bc68b72,ok,0,0,0,0,0,0,2.2208,1.0306,2.7258,2.0438,1.555,1,1,,8450,3.35
grid2:fineNorm,,,PR11_x1.5,holdout,3,1057,headon,vfield,e70bc68b72,ok,0,0,0,0,0,0,1.426,1.2253,2.7258,2.0438,1.555,1,1,,8450,3.34
grid2:fineNorm,,,PR11_x1.5,holdout,3,1059,headon,vfield,e70bc68b72,ok,1,0,1,0,0,0,1.3283,0.9613,2.7258,2.0438,1.555,1,1,12.86,8450,3.34
grid2:fineNorm,,,PR11_x2,holdout,3,1001,headon,vfield,ef252ad4ae,ok,1,0,1,0,0,0,3.0282,0.9909,2.7258,2.0438,1.555,1,1,15.16,8450,3.36
grid2:fineNorm,,,PR11_x2,holdout,3,1003,headon,vfield,ef252ad4ae,ok,0,0,0,0,0,0,6.647,1.6876,2.7258,2.0438,1.555,1,1,,8450,3.33
grid2:fineNorm,,,PR11_x2,holdout,3,1005,headon,vfield,ef252ad4ae,ok,0,0,0,0,0,0,4.8126,1.2783,2.7258,2.0438,1.555,1,1,,8450,3.33
grid2:fineNorm,,,PR11_x2,holdout,3,1007,headon,vfield,ef252ad4ae,ok,0,0,0,0,0,0,2.8527,1.7929,2.7258,2.0438,1.555,1,1,,8450,3.34
grid2:fineNorm,,,PR11_x2,holdout,3,1009,headon,vfield,ef252ad4ae,ok,0,0,0,0,0,0,6.2394,3.6547,2.7258,2.0438,1.555,1,1,,8450,3.35
grid2:fineNorm,,,PR11_x2,holdout,3,1011,headon,vfield,ef252ad4ae,ok,2,0,2,0,0,0,5.5881,0.725,2.7258,2.0438,1.555,1,1,12.95,8450,3.34
grid2:fineNorm,,,PR11_x2,holdout,3,1013,headon,vfield,ef252ad4ae,ok,0,0,0,0,0,0,4.366,2.3451,2.7258,2.0438,1.555,1,1,,8450,3.33
grid2:fineNorm,,,PR11_x2,holdout,3,1015,headon,vfield,ef252ad4ae,ok,0,0,0,0,0,0,3.4737,3.1353,2.7258,2.0438,1.555,1,1,,8450,3.32
grid2:fineNorm,,,PR11_x2,holdout,3,1017,headon,vfield,ef252ad4ae,ok,1,0,1,0,0,0,3.8387,0.7999,2.7258,2.0438,1.555,1,1,14.78,8450,3.33
grid2:fineNorm,,,PR11_x2,holdout,3,1019,headon,vfield,ef252ad4ae,ok,0,0,0,0,0,0,5.418,2.0736,2.7258,2.0438,1.555,1,1,,8450,3.33
grid2:fineNorm,,,PR11_x2,holdout,3,1021,headon,vfield,ef252ad4ae,ok,0,0,0,0,0,0,5.7229,5.4981,2.7258,2.0438,1.555,1,1,,8450,3.34
grid2:fineNorm,,,PR11_x2,holdout,3,1023,headon,vfield,ef252ad4ae,ok,0,0,0,0,0,0,3.3957,1.7545,2.7258,2.0438,1.555,1,1,,8450,3.36
grid2:fineNorm,,,PR11_x2,holdout,3,1025,headon,vfield,ef252ad4ae,ok,1,0,1,0,0,0,1.8469,0.3704,2.7258,2.0438,1.555,1,1,12.61,8450,3.35
grid2:fineNorm,,,PR11_x2,holdout,3,1027,headon,vfield,ef252ad4ae,ok,0,0,0,0,0,0,2.6709,4.2562,2.7258,2.0438,1.555,1,1,,8450,3.33
grid2:fineNorm,,,PR11_x2,holdout,3,1029,headon,vfield,ef252ad4ae,ok,0,0,0,0,0,0,5.3338,5.2981,2.7258,2.0438,1.555,1,1,,8450,3.36
grid2:fineNorm,,,PR11_x2,holdout,3,1031,headon,vfield,ef252ad4ae,ok,1,0,1,0,0,0,3.0957,0.7722,2.7258,2.0438,1.555,1,1,13.35,8450,3.33
grid2:fineNorm,,,PR11_x2,holdout,3,1033,headon,vfield,ef252ad4ae,ok,0,0,0,0,0,0,5.3133,3.656,2.7258,2.0438,1.555,1,1,,8450,3.35
grid2:fineNorm,,,PR11_x2,holdout,3,1035,headon,vfield,ef252ad4ae,ok,0,0,0,0,0,0,4.8575,4.5093,2.7258,2.0438,1.555,1,1,,8450,3.33
grid2:fineNorm,,,PR11_x2,holdout,3,1037,headon,vfield,ef252ad4ae,ok,1,0,1,0,0,0,1.9223,0.7898,2.7258,2.0438,1.555,1,1,13.05,8450,3.35
grid2:fineNorm,,,PR11_x2,holdout,3,1039,headon,vfield,ef252ad4ae,ok,0,0,0,0,0,0,4.9233,2.4624,2.7258,2.0438,1.555,1,1,,8450,3.35
grid2:fineNorm,,,PR11_x2,holdout,3,1041,headon,vfield,ef252ad4ae,ok,0,0,0,0,0,0,5.6716,1.7728,2.7258,2.0438,1.555,1,1,,8450,3.33
grid2:fineNorm,,,PR11_x2,holdout,3,1043,headon,vfield,ef252ad4ae,ok,2,0,2,0,0,0,6.1257,0.2255,2.7258,2.0438,1.555,1,1,12.49,8450,3.32
grid2:fineNorm,,,PR11_x2,holdout,3,1045,headon,vfield,ef252ad4ae,ok,1,0,1,0,0,0,2.6903,0.1449,2.7258,2.0438,1.555,1,1,12.81,8450,3.33
grid2:fineNorm,,,PR11_x2,holdout,3,1047,headon,vfield,ef252ad4ae,ok,0,0,0,0,0,0,6.2691,3.7194,2.7258,2.0438,1.555,1,1,,8450,3.33
grid2:fineNorm,,,PR11_x2,holdout,3,1049,headon,vfield,ef252ad4ae,ok,1,0,1,0,0,0,5.7629,0.7396,2.7258,2.0438,1.555,1,1,13.01,8450,3.38
grid2:fineNorm,,,PR11_x2,holdout,3,1051,headon,vfield,ef252ad4ae,ok,0,0,0,0,0,0,3.1471,1.665,2.7258,2.0438,1.555,1,1,,8450,3.37
grid2:fineNorm,,,PR11_x2,holdout,3,1053,headon,vfield,ef252ad4ae,ok,2,0,2,0,0,0,5.6926,0.8985,2.7258,2.0438,1.555,1,1,15.38,8450,3.35
grid2:fineNorm,,,PR11_x2,holdout,3,1055,headon,vfield,ef252ad4ae,ok,0,0,0,0,0,0,2.7676,1.5134,2.7258,2.0438,1.555,1,1,,8450,3.34
grid2:fineNorm,,,PR11_x2,holdout,3,1057,headon,vfield,ef252ad4ae,ok,0,0,0,0,0,0,5.1143,1.1353,2.7258,2.0438,1.555,1,1,,8450,3.33
grid2:fineNorm,,,PR11_x2,holdout,3,1059,headon,vfield,ef252ad4ae,ok,1,0,1,0,0,0,4.4,0.3195,2.7258,2.0438,1.555,1,1,12.93,8450,3.33
grid2:fineNorm,,,PR12_x1,holdout,3,1001,headon,vfield,e6e86280c5,ok,0,0,0,0,0,0,5.3232,1.8429,2.7258,2.0438,1.555,1,1,,8450,3.42
grid2:fineNorm,,,PR12_x1,holdout,3,1003,headon,vfield,e6e86280c5,ok,0,0,0,0,0,0,2.4267,1.638,2.7258,2.0438,1.555,1,1,,8450,3.32
grid2:fineNorm,,,PR12_x1,holdout,3,1005,headon,vfield,e6e86280c5,ok,1,0,1,0,0,0,2.6794,0.8392,2.7258,2.0438,1.555,1,1,15.59,8450,3.44
grid2:fineNorm,,,PR12_x1,holdout,3,1007,headon,vfield,e6e86280c5,ok,1,0,1,0,0,0,2.6693,0.8239,2.7258,2.0438,1.555,1,1,14.28,8450,3.35
grid2:fineNorm,,,PR12_x1,holdout,3,1009,headon,vfield,e6e86280c5,ok,1,0,1,0,0,0,2.9569,0.8944,2.7258,2.0438,1.555,1,1,14.45,8450,3.34
grid2:fineNorm,,,PR12_x1,holdout,3,1011,headon,vfield,e6e86280c5,ok,0,0,0,0,0,0,1.3924,1.1202,2.7258,2.0438,1.555,1,1,,8450,3.33
grid2:fineNorm,,,PR12_x1,holdout,3,1013,headon,vfield,e6e86280c5,ok,1,0,1,0,0,0,1.5608,0.103,2.7258,2.0438,1.555,1,1,13.72,8450,3.33
grid2:fineNorm,,,PR12_x1,holdout,3,1015,headon,vfield,e6e86280c5,ok,0,0,0,0,0,0,5.8759,1.9745,2.7258,2.0438,1.555,1,1,,8450,3.33
grid2:fineNorm,,,PR12_x1,holdout,3,1017,headon,vfield,e6e86280c5,ok,0,0,0,0,0,0,4.1555,1.4093,2.7258,2.0438,1.555,1,1,,8450,3.33
grid2:fineNorm,,,PR12_x1,holdout,3,1019,headon,vfield,e6e86280c5,ok,0,0,0,0,0,0,5.9625,1.1861,2.7258,2.0438,1.555,1,1,,8450,3.34
grid2:fineNorm,,,PR12_x1,holdout,3,1021,headon,vfield,e6e86280c5,ok,0,0,0,0,0,0,3.2565,1.6666,2.7258,2.0438,1.555,1,1,,8450,3.42
grid2:fineNorm,,,PR12_x1,holdout,3,1023,headon,vfield,e6e86280c5,ok,0,0,0,0,0,0,4.4152,1.6242,2.7258,2.0438,1.555,1,1,,8450,3.34
grid2:fineNorm,,,PR12_x1,holdout,3,1025,headon,vfield,e6e86280c5,ok,0,0,0,0,0,0,4.8133,1.3543,2.7258,2.0438,1.555,1,1,,8450,3.33
grid2:fineNorm,,,PR12_x1,holdout,3,1027,headon,vfield,e6e86280c5,ok,0,0,0,0,0,0,4.7373,1.7195,2.7258,2.0438,1.555,1,1,,8450,3.35
grid2:fineNorm,,,PR12_x1,holdout,3,1029,headon,vfield,e6e86280c5,ok,2,0,2,0,0,0,2.461,0.6283,2.7258,2.0438,1.555,1,1,6.65,8450,3.34
grid2:fineNorm,,,PR12_x1,holdout,3,1031,headon,vfield,e6e86280c5,ok,0,0,0,0,0,0,3.0614,1.5545,2.7258,2.0438,1.555,1,1,,8450,3.36
grid2:fineNorm,,,PR12_x1,holdout,3,1033,headon,vfield,e6e86280c5,ok,0,0,0,0,0,0,1.9394,1.2257,2.7258,2.0438,1.555,1,1,,8450,3.35
grid2:fineNorm,,,PR12_x1,holdout,3,1035,headon,vfield,e6e86280c5,ok,0,0,0,0,0,0,2.0711,1.6514,2.7258,2.0438,1.555,1,1,,8450,3.37
grid2:fineNorm,,,PR12_x1,holdout,3,1037,headon,vfield,e6e86280c5,ok,1,0,0,0,1,0,0.5079,1.716,2.7258,2.0438,1.555,1,1,27.88,8450,3.37
grid2:fineNorm,,,PR12_x1,holdout,3,1039,headon,vfield,e6e86280c5,ok,0,0,0,0,0,0,4.3433,1.8903,2.7258,2.0438,1.555,1,1,,8450,3.35
grid2:fineNorm,,,PR12_x1,holdout,3,1041,headon,vfield,e6e86280c5,ok,1,0,1,0,0,0,3.3576,0.1569,2.7258,2.0438,1.555,1,1,13.82,8450,3.35
grid2:fineNorm,,,PR12_x1,holdout,3,1043,headon,vfield,e6e86280c5,ok,1,0,1,0,0,0,2.2654,0.2737,2.7258,2.0438,1.555,1,1,13.5,8450,3.34
grid2:fineNorm,,,PR12_x1,holdout,3,1045,headon,vfield,e6e86280c5,ok,1,0,1,0,0,0,2.1673,0.815,2.7258,2.0438,1.555,1,1,13.71,8450,3.36
grid2:fineNorm,,,PR12_x1,holdout,3,1047,headon,vfield,e6e86280c5,ok,0,0,0,0,0,0,3.4418,2.2689,2.7258,2.0438,1.555,1,1,,8450,3.35
grid2:fineNorm,,,PR12_x1,holdout,3,1049,headon,vfield,e6e86280c5,ok,0,0,0,0,0,0,2.1695,1.3773,2.7258,2.0438,1.555,1,1,,8450,3.38
grid2:fineNorm,,,PR12_x1,holdout,3,1051,headon,vfield,e6e86280c5,ok,1,0,1,0,0,0,2.9967,0.7123,2.7258,2.0438,1.555,1,1,13.61,8450,3.37
grid2:fineNorm,,,PR12_x1,holdout,3,1053,headon,vfield,e6e86280c5,ok,0,0,0,0,0,0,1.1803,2.656,2.7258,2.0438,1.555,1,1,,8450,3.39
grid2:fineNorm,,,PR12_x1,holdout,3,1055,headon,vfield,e6e86280c5,ok,0,0,0,0,0,0,4.8424,2.2406,2.7258,2.0438,1.555,1,1,,8450,3.37
grid2:fineNorm,,,PR12_x1,holdout,3,1057,headon,vfield,e6e86280c5,ok,0,0,0,0,0,0,4.4793,1.5729,2.7258,2.0438,1.555,1,1,,8450,3.36
grid2:fineNorm,,,PR12_x1,holdout,3,1059,headon,vfield,e6e86280c5,ok,1,0,1,0,0,0,4.3033,0.8729,2.7258,2.0438,1.555,1,1,13.6,8450,3.33
grid2:fineNorm,,,PR12_x1.25,holdout,3,1001,headon,vfield,e844fd3302,ok,0,0,0,0,0,0,4.9332,1.1864,2.7258,2.0438,1.555,1,1,,8450,3.33
grid2:fineNorm,,,PR12_x1.25,holdout,3,1003,headon,vfield,e844fd3302,ok,0,0,0,0,0,0,2.5198,1.559,2.7258,2.0438,1.555,1,1,,8450,3.35
grid2:fineNorm,,,PR12_x1.25,holdout,3,1005,headon,vfield,e844fd3302,ok,1,0,0,0,1,0,0.614,1.5031,2.7258,2.0438,1.555,1,1,34.1,8450,3.34
grid2:fineNorm,,,PR12_x1.25,holdout,3,1007,headon,vfield,e844fd3302,ok,1,0,1,0,0,0,1.3608,0.743,2.7258,2.0438,1.555,1,1,14.19,8450,3.33
grid2:fineNorm,,,PR12_x1.25,holdout,3,1009,headon,vfield,e844fd3302,ok,0,0,0,0,0,0,5.3987,4.0714,2.7258,2.0438,1.555,1,1,,8450,3.33
grid2:fineNorm,,,PR12_x1.25,holdout,3,1011,headon,vfield,e844fd3302,ok,1,0,1,0,0,0,2.697,0.9786,2.7258,2.0438,1.555,1,1,13.67,8450,3.34
grid2:fineNorm,,,PR12_x1.25,holdout,3,1013,headon,vfield,e844fd3302,ok,1,0,0,1,0,0,0.9612,1.414,2.7258,2.0438,1.555,1,1,35.51,8450,3.35
grid2:fineNorm,,,PR12_x1.25,holdout,3,1015,headon,vfield,e844fd3302,ok,0,0,0,0,0,0,1.5744,1.8868,2.7258,2.0438,1.555,1,1,,8450,3.35
grid2:fineNorm,,,PR12_x1.25,holdout,3,1017,headon,vfield,e844fd3302,ok,0,0,0,0,0,0,4.8298,1.326,2.7258,2.0438,1.555,1,1,,8450,3.34
grid2:fineNorm,,,PR12_x1.25,holdout,3,1019,headon,vfield,e844fd3302,ok,0,0,0,0,0,0,3.2823,1.5761,2.7258,2.0438,1.555,1,1,,8450,3.33
grid2:fineNorm,,,PR12_x1.25,holdout,3,1021,headon,vfield,e844fd3302,ok,1,0,1,0,0,0,3.9658,0.7963,2.7258,2.0438,1.555,1,1,13.43,8450,3.34
grid2:fineNorm,,,PR12_x1.25,holdout,3,1023,headon,vfield,e844fd3302,ok,1,0,1,0,0,0,3.5814,0.6149,2.7258,2.0438,1.555,1,1,13.54,8450,3.35
grid2:fineNorm,,,PR12_x1.25,holdout,3,1025,headon,vfield,e844fd3302,ok,0,0,0,0,0,0,5.0576,1.345,2.7258,2.0438,1.555,1,1,,8450,3.32
grid2:fineNorm,,,PR12_x1.25,holdout,3,1027,headon,vfield,e844fd3302,ok,0,0,0,0,0,0,2.7924,2.2494,2.7258,2.0438,1.555,1,1,,8450,3.35
grid2:fineNorm,,,PR12_x1.25,holdout,3,1029,headon,vfield,e844fd3302,ok,0,0,0,0,0,0,4.5904,1.1606,2.7258,2.0438,1.555,1,1,,8450,3.39
grid2:fineNorm,,,PR12_x1.25,holdout,3,1031,headon,vfield,e844fd3302,ok,0,0,0,0,0,0,6.1144,1.832,2.7258,2.0438,1.555,1,1,,8450,3.39
grid2:fineNorm,,,PR12_x1.25,holdout,3,1033,headon,vfield,e844fd3302,ok,2,0,1,0,1,0,0.439,0.4111,2.7258,2.0438,1.555,1,1,15.53,8450,3.35
grid2:fineNorm,,,PR12_x1.25,holdout,3,1035,headon,vfield,e844fd3302,ok,0,0,0,0,0,0,4.4793,2.4615,2.7258,2.0438,1.555,1,1,,8450,3.35
grid2:fineNorm,,,PR12_x1.25,holdout,3,1037,headon,vfield,e844fd3302,ok,1,0,1,0,0,0,5.965,0.2508,2.7258,2.0438,1.555,1,1,15.76,8450,3.33
grid2:fineNorm,,,PR12_x1.25,holdout,3,1039,headon,vfield,e844fd3302,ok,0,0,0,0,0,0,1.101,2.329,2.7258,2.0438,1.555,1,1,,8450,3.39
grid2:fineNorm,,,PR12_x1.25,holdout,3,1041,headon,vfield,e844fd3302,ok,1,0,1,0,0,0,4.2083,0.7683,2.7258,2.0438,1.555,1,1,15.52,8450,3.4
grid2:fineNorm,,,PR12_x1.25,holdout,3,1043,headon,vfield,e844fd3302,ok,0,0,0,0,0,0,3.305,1.0402,2.7258,2.0438,1.555,1,1,,8450,3.6
grid2:fineNorm,,,PR12_x1.25,holdout,3,1045,headon,vfield,e844fd3302,ok,0,0,0,0,0,0,4.4472,2.0089,2.7258,2.0438,1.555,1,1,,8450,3.48
grid2:fineNorm,,,PR12_x1.25,holdout,3,1047,headon,vfield,e844fd3302,ok,1,0,1,0,0,0,2.4997,0.9554,2.7258,2.0438,1.555,1,1,14.39,8450,3.53
grid2:fineNorm,,,PR12_x1.25,holdout,3,1049,headon,vfield,e844fd3302,ok,0,0,0,0,0,0,3.6695,1.4569,2.7258,2.0438,1.555,1,1,,8450,3.35
grid2:fineNorm,,,PR12_x1.25,holdout,3,1051,headon,vfield,e844fd3302,ok,0,0,0,0,0,0,1.0179,3.1566,2.7258,2.0438,1.555,1,1,,8450,3.33
grid2:fineNorm,,,PR12_x1.25,holdout,3,1053,headon,vfield,e844fd3302,ok,0,0,0,0,0,0,5.4395,1.7126,2.7258,2.0438,1.555,1,1,,8450,3.38
grid2:fineNorm,,,PR12_x1.25,holdout,3,1055,headon,vfield,e844fd3302,ok,0,0,0,0,0,0,7.4647,2.4454,2.7258,2.0438,1.555,1,1,,8450,3.38
grid2:fineNorm,,,PR12_x1.25,holdout,3,1057,headon,vfield,e844fd3302,ok,0,0,0,0,0,0,4.5363,1.0306,2.7258,2.0438,1.555,1,1,,8450,3.39
grid2:fineNorm,,,PR12_x1.25,holdout,3,1059,headon,vfield,e844fd3302,ok,0,0,0,0,0,0,5.2066,1.458,2.7258,2.0438,1.555,1,1,,8450,3.33
grid2:fineNorm,,,PR12_x1.5,holdout,3,1001,headon,vfield,63df4406ba,ok,0,0,0,0,0,0,7.0766,1.786,2.7258,2.0438,1.555,1,1,,8450,3.32
grid2:fineNorm,,,PR12_x1.5,holdout,3,1003,headon,vfield,63df4406ba,ok,0,0,0,0,0,0,4.1458,2.0332,2.7258,2.0438,1.555,1,1,,8450,3.34
grid2:fineNorm,,,PR12_x1.5,holdout,3,1005,headon,vfield,63df4406ba,ok,0,0,0,0,0,0,3.7569,1.2239,2.7258,2.0438,1.555,1,1,,8450,3.42
grid2:fineNorm,,,PR12_x1.5,holdout,3,1007,headon,vfield,63df4406ba,ok,1,0,1,0,0,0,3.4036,0.2155,2.7258,2.0438,1.555,1,1,13.98,8450,3.38
grid2:fineNorm,,,PR12_x1.5,holdout,3,1009,headon,vfield,63df4406ba,ok,0,0,0,0,0,0,6.6123,4.081,2.7258,2.0438,1.555,1,1,,8450,3.4
grid2:fineNorm,,,PR12_x1.5,holdout,3,1011,headon,vfield,63df4406ba,ok,1,0,0,0,1,0,0.469,2.2674,2.7258,2.0438,1.555,1,1,29.88,8450,3.36
grid2:fineNorm,,,PR12_x1.5,holdout,3,1013,headon,vfield,63df4406ba,ok,0,0,0,0,0,0,5.292,1.5345,2.7258,2.0438,1.555,1,1,,8450,3.34
grid2:fineNorm,,,PR12_x1.5,holdout,3,1015,headon,vfield,63df4406ba,ok,0,0,0,0,0,0,5.5895,2.6587,2.7258,2.0438,1.555,1,1,,8450,3.34
grid2:fineNorm,,,PR12_x1.5,holdout,3,1017,headon,vfield,63df4406ba,ok,0,0,0,0,0,0,6.4779,1.2335,2.7258,2.0438,1.555,1,1,,8450,3.39
grid2:fineNorm,,,PR12_x1.5,holdout,3,1019,headon,vfield,63df4406ba,ok,2,0,2,0,0,0,3.6522,0.41,2.7258,2.0438,1.555,1,1,14.09,8450,3.34
grid2:fineNorm,,,PR12_x1.5,holdout,3,1021,headon,vfield,63df4406ba,ok,1,0,1,0,0,0,5.6987,0.8815,2.7258,2.0438,1.555,1,1,14.2,8450,3.37
grid2:fineNorm,,,PR12_x1.5,holdout,3,1023,headon,vfield,63df4406ba,ok,0,0,0,0,0,0,6.8813,1.0566,2.7258,2.0438,1.555,1,1,,8450,3.37
grid2:fineNorm,,,PR12_x1.5,holdout,3,1025,headon,vfield,63df4406ba,ok,1,0,1,0,0,0,3.6667,0.592,2.7258,2.0438,1.555,1,1,13.63,8450,3.34
grid2:fineNorm,,,PR12_x1.5,holdout,3,1027,headon,vfield,63df4406ba,ok,1,0,1,0,0,0,4.033,0.6537,2.7258,2.0438,1.555,1,1,15.84,8450,3.35
grid2:fineNorm,,,PR12_x1.5,holdout,3,1029,headon,vfield,63df4406ba,ok,0,0,0,0,0,0,6.4923,1.4464,2.7258,2.0438,1.555,1,1,,8450,3.33
grid2:fineNorm,,,PR12_x1.5,holdout,3,1031,headon,vfield,63df4406ba,ok,1,0,1,0,0,0,6.3952,0.686,2.7258,2.0438,1.555,1,1,13.69,8450,3.34
grid2:fineNorm,,,PR12_x1.5,holdout,3,1033,headon,vfield,63df4406ba,ok,0,0,0,0,0,0,8.2311,4.7665,2.7258,2.0438,1.555,1,1,,8450,3.32
grid2:fineNorm,,,PR12_x1.5,holdout,3,1035,headon,vfield,63df4406ba,ok,1,0,1,0,0,0,5.6765,0.9466,2.7258,2.0438,1.555,1,1,14.57,8450,3.34
grid2:fineNorm,,,PR12_x1.5,holdout,3,1037,headon,vfield,63df4406ba,ok,0,0,0,0,0,0,4.0283,1.3645,2.7258,2.0438,1.555,1,1,,8450,3.4
grid2:fineNorm,,,PR12_x1.5,holdout,3,1039,headon,vfield,63df4406ba,ok,0,0,0,0,0,0,5.4907,1.3691,2.7258,2.0438,1.555,1,1,,8450,3.34
grid2:fineNorm,,,PR12_x1.5,holdout,3,1041,headon,vfield,63df4406ba,ok,0,0,0,0,0,0,5.037,1.8963,2.7258,2.0438,1.555,1,1,,8450,3.43
grid2:fineNorm,,,PR12_x1.5,holdout,3,1043,headon,vfield,63df4406ba,ok,1,0,1,0,0,0,4.1708,0.1684,2.7258,2.0438,1.555,1,1,13.59,8450,3.39
grid2:fineNorm,,,PR12_x1.5,holdout,3,1045,headon,vfield,63df4406ba,ok,0,0,0,0,0,0,3.4591,1.0253,2.7258,2.0438,1.555,1,1,,8450,3.39
grid2:fineNorm,,,PR12_x1.5,holdout,3,1047,headon,vfield,63df4406ba,ok,0,0,0,0,0,0,4.097,1.3282,2.7258,2.0438,1.555,1,1,,8450,3.39
grid2:fineNorm,,,PR12_x1.5,holdout,3,1049,headon,vfield,63df4406ba,ok,1,0,1,0,0,0,3.8628,0.951,2.7258,2.0438,1.555,1,1,15.18,8450,3.36
grid2:fineNorm,,,PR12_x1.5,holdout,3,1051,headon,vfield,63df4406ba,ok,0,0,0,0,0,0,2.7832,1.6063,2.7258,2.0438,1.555,1,1,,8450,3.32
grid2:fineNorm,,,PR12_x1.5,holdout,3,1053,headon,vfield,63df4406ba,ok,1,0,1,0,0,0,1.228,0.8553,2.7258,2.0438,1.555,1,1,15.34,8450,3.39
grid2:fineNorm,,,PR12_x1.5,holdout,3,1055,headon,vfield,63df4406ba,ok,1,0,1,0,0,0,1.6282,0.4261,2.7258,2.0438,1.555,1,1,15.3,8450,3.41
grid2:fineNorm,,,PR12_x1.5,holdout,3,1057,headon,vfield,63df4406ba,ok,0,0,0,0,0,0,3.4557,1.2015,2.7258,2.0438,1.555,1,1,,8450,3.4
grid2:fineNorm,,,PR12_x1.5,holdout,3,1059,headon,vfield,63df4406ba,ok,1,0,1,0,0,0,3.9412,0.509,2.7258,2.0438,1.555,1,1,13.68,8450,3.57
grid2:fineNorm,,,PR12_x2,holdout,3,1001,headon,vfield,f1c857ff2d,ok,0,0,0,0,0,0,4.6345,1.3636,2.7258,2.0438,1.555,1,1,,8450,3.64
grid2:fineNorm,,,PR12_x2,holdout,3,1003,headon,vfield,f1c857ff2d,ok,1,0,1,0,0,0,5.3685,0.9123,2.7258,2.0438,1.555,1,1,15.57,8450,3.35
grid2:fineNorm,,,PR12_x2,holdout,3,1005,headon,vfield,f1c857ff2d,ok,0,0,0,0,0,0,3.7895,7.3365,2.7258,2.0438,1.555,1,1,,8450,3.36
grid2:fineNorm,,,PR12_x2,holdout,3,1007,headon,vfield,f1c857ff2d,ok,3,0,1,1,1,0,0.468,0.5832,2.7258,2.0438,1.555,1,1,13.79,8450,3.35
grid2:fineNorm,,,PR12_x2,holdout,3,1009,headon,vfield,f1c857ff2d,ok,1,0,1,0,0,0,7.6376,0.986,2.7258,2.0438,1.555,1,1,14.97,8450,3.32
grid2:fineNorm,,,PR12_x2,holdout,3,1011,headon,vfield,f1c857ff2d,ok,1,0,1,0,0,0,8.3044,0.8144,2.7258,2.0438,1.555,1,1,13.4,8450,3.32
grid2:fineNorm,,,PR12_x2,holdout,3,1013,headon,vfield,f1c857ff2d,ok,0,0,0,0,0,0,3.8118,2.083,2.7258,2.0438,1.555,1,1,,8450,3.35
grid2:fineNorm,,,PR12_x2,holdout,3,1015,headon,vfield,f1c857ff2d,ok,0,0,0,0,0,0,3.5222,2.9837,2.7258,2.0438,1.555,1,1,,8450,3.35
grid2:fineNorm,,,PR12_x2,holdout,3,1017,headon,vfield,f1c857ff2d,ok,0,0,0,0,0,0,5.3266,1.2126,2.7258,2.0438,1.555,1,1,,8450,3.32
grid2:fineNorm,,,PR12_x2,holdout,3,1019,headon,vfield,f1c857ff2d,ok,0,0,0,0,0,0,5.8653,1.4521,2.7258,2.0438,1.555,1,1,,8450,3.37
grid2:fineNorm,,,PR12_x2,holdout,3,1021,headon,vfield,f1c857ff2d,ok,0,0,0,0,0,0,7.2369,5.0221,2.7258,2.0438,1.555,1,1,,8450,3.37
grid2:fineNorm,,,PR12_x2,holdout,3,1023,headon,vfield,f1c857ff2d,ok,1,0,1,0,0,0,3.2466,0.2014,2.7258,2.0438,1.555,1,1,13.65,8450,3.39
grid2:fineNorm,,,PR12_x2,holdout,3,1025,headon,vfield,f1c857ff2d,ok,0,0,0,0,0,0,4.4277,1.6722,2.7258,2.0438,1.555,1,1,,8450,3.4
grid2:fineNorm,,,PR12_x2,holdout,3,1027,headon,vfield,f1c857ff2d,ok,0,0,0,0,0,0,7.2509,2.0351,2.7258,2.0438,1.555,1,1,,8450,3.33
grid2:fineNorm,,,PR12_x2,holdout,3,1029,headon,vfield,f1c857ff2d,ok,0,0,0,0,0,0,5.4168,5.0229,2.7258,2.0438,1.555,1,1,,8450,3.34
grid2:fineNorm,,,PR12_x2,holdout,3,1031,headon,vfield,f1c857ff2d,ok,0,0,0,0,0,0,2.9363,1.0767,2.7258,2.0438,1.555,1,1,,8450,3.33
grid2:fineNorm,,,PR12_x2,holdout,3,1033,headon,vfield,f1c857ff2d,ok,1,0,1,0,0,0,2.5228,0.9145,2.7258,2.0438,1.555,1,1,14.1,8450,3.35
grid2:fineNorm,,,PR12_x2,holdout,3,1035,headon,vfield,f1c857ff2d,ok,0,0,0,0,0,0,3.4013,4.5763,2.7258,2.0438,1.555,1,1,,8450,3.35
grid2:fineNorm,,,PR12_x2,holdout,3,1037,headon,vfield,f1c857ff2d,ok,0,0,0,0,0,0,6.2916,3.2617,2.7258,2.0438,1.555,1,1,,8450,3.33
grid2:fineNorm,,,PR12_x2,holdout,3,1039,headon,vfield,f1c857ff2d,ok,0,0,0,0,0,0,5.5581,6.5452,2.7258,2.0438,1.555,1,1,,8450,3.33
grid2:fineNorm,,,PR12_x2,holdout,3,1041,headon,vfield,f1c857ff2d,ok,0,0,0,0,0,0,7.801,1.3673,2.7258,2.0438,1.555,1,1,,8450,3.35
grid2:fineNorm,,,PR12_x2,holdout,3,1043,headon,vfield,f1c857ff2d,ok,1,0,1,0,0,0,5.6663,0.6662,2.7258,2.0438,1.555,1,1,13.33,8450,3.31
grid2:fineNorm,,,PR12_x2,holdout,3,1045,headon,vfield,f1c857ff2d,ok,0,0,0,0,0,0,4.4708,3.4232,2.7258,2.0438,1.555,1,1,,8450,3.44
grid2:fineNorm,,,PR12_x2,holdout,3,1047,headon,vfield,f1c857ff2d,ok,0,0,0,0,0,0,7.7801,4.2775,2.7258,2.0438,1.555,1,1,,8450,3.42
grid2:fineNorm,,,PR12_x2,holdout,3,1049,headon,vfield,f1c857ff2d,ok,0,0,0,0,0,0,6.2333,1.1218,2.7258,2.0438,1.555,1,1,,8450,3.35
grid2:fineNorm,,,PR12_x2,holdout,3,1051,headon,vfield,f1c857ff2d,ok,1,0,1,0,0,0,8.3533,0.5967,2.7258,2.0438,1.555,1,1,13.45,8450,3.33
grid2:fineNorm,,,PR12_x2,holdout,3,1053,headon,vfield,f1c857ff2d,ok,0,0,0,0,0,0,3.3019,2.1186,2.7258,2.0438,1.555,1,1,,8450,3.33
grid2:fineNorm,,,PR12_x2,holdout,3,1055,headon,vfield,f1c857ff2d,ok,1,0,1,0,0,0,4.7081,0.5814,2.7258,2.0438,1.555,1,1,15.68,8450,3.34
grid2:fineNorm,,,PR12_x2,holdout,3,1057,headon,vfield,f1c857ff2d,ok,0,0,0,0,0,0,5.2528,5.5037,2.7258,2.0438,1.555,1,1,,8450,3.34
grid2:fineNorm,,,PR12_x2,holdout,3,1059,headon,vfield,f1c857ff2d,ok,1,0,1,0,0,0,4.9428,0.554,2.7258,2.0438,1.555,1,1,14.0,8450,3.39
grid2:fineNorm,,,PR13_x1,holdout,3,1001,headon,vfield,a1b21b3f06,ok,0,0,0,0,0,0,2.267,1.7849,2.7258,2.0438,1.555,1,1,,8450,3.37
grid2:fineNorm,,,PR13_x1,holdout,3,1003,headon,vfield,a1b21b3f06,ok,0,0,0,0,0,0,2.9271,1.7847,2.7258,2.0438,1.555,1,1,,8450,3.4
grid2:fineNorm,,,PR13_x1,holdout,3,1005,headon,vfield,a1b21b3f06,ok,0,0,0,0,0,0,1.3741,1.9353,2.7258,2.0438,1.555,1,1,,8450,3.36
grid2:fineNorm,,,PR13_x1,holdout,3,1007,headon,vfield,a1b21b3f06,ok,0,0,0,0,0,0,3.9569,1.7847,2.7258,2.0438,1.555,1,1,,8450,3.36
grid2:fineNorm,,,PR13_x1,holdout,3,1009,headon,vfield,a1b21b3f06,ok,0,0,0,0,0,0,3.5258,1.8061,2.7258,2.0438,1.555,1,1,,8450,3.32
grid2:fineNorm,,,PR13_x1,holdout,3,1011,headon,vfield,a1b21b3f06,ok,0,0,0,0,0,0,3.2419,1.7847,2.7258,2.0438,1.555,1,1,,8450,3.36
grid2:fineNorm,,,PR13_x1,holdout,3,1013,headon,vfield,a1b21b3f06,ok,0,0,0,0,0,0,1.6294,1.9634,2.7258,2.0438,1.555,1,1,,8450,3.35
grid2:fineNorm,,,PR13_x1,holdout,3,1015,headon,vfield,a1b21b3f06,ok,0,0,0,0,0,0,3.4041,2.5545,2.7258,2.0438,1.555,1,1,,8450,3.33
grid2:fineNorm,,,PR13_x1,holdout,3,1017,headon,vfield,a1b21b3f06,ok,0,0,0,0,0,0,3.9183,1.7847,2.7258,2.0438,1.555,1,1,,8450,3.34
grid2:fineNorm,,,PR13_x1,holdout,3,1019,headon,vfield,a1b21b3f06,ok,0,0,0,0,0,0,2.8378,1.7764,2.7258,2.0438,1.555,1,1,,8450,3.33
grid2:fineNorm,,,PR13_x1,holdout,3,1021,headon,vfield,a1b21b3f06,ok,0,0,0,0,0,0,2.2314,1.7847,2.7258,2.0438,1.555,1,1,,8450,3.35
grid2:fineNorm,,,PR13_x1,holdout,3,1023,headon,vfield,a1b21b3f06,ok,0,0,0,0,0,0,2.5322,1.7847,2.7258,2.0438,1.555,1,1,,8450,3.35
grid2:fineNorm,,,PR13_x1,holdout,3,1025,headon,vfield,a1b21b3f06,ok,0,0,0,0,0,0,3.1514,1.7847,2.7258,2.0438,1.555,1,1,,8450,3.34
grid2:fineNorm,,,PR13_x1,holdout,3,1027,headon,vfield,a1b21b3f06,ok,0,0,0,0,0,0,3.533,1.7847,2.7258,2.0438,1.555,1,1,,8450,3.35
grid2:fineNorm,,,PR13_x1,holdout,3,1029,headon,vfield,a1b21b3f06,ok,0,0,0,0,0,0,2.5423,1.786,2.7258,2.0438,1.555,1,1,,8450,3.32
grid2:fineNorm,,,PR13_x1,holdout,3,1031,headon,vfield,a1b21b3f06,ok,0,0,0,0,0,0,2.2765,1.7847,2.7258,2.0438,1.555,1,1,,8450,3.32
grid2:fineNorm,,,PR13_x1,holdout,3,1033,headon,vfield,a1b21b3f06,ok,0,0,0,0,0,0,2.2741,1.7847,2.7258,2.0438,1.555,1,1,,8450,3.37
grid2:fineNorm,,,PR13_x1,holdout,3,1035,headon,vfield,a1b21b3f06,ok,0,0,0,0,0,0,3.1889,1.7847,2.7258,2.0438,1.555,1,1,,8450,3.36
grid2:fineNorm,,,PR13_x1,holdout,3,1037,headon,vfield,a1b21b3f06,ok,0,0,0,0,0,0,3.1945,1.7847,2.7258,2.0438,1.555,1,1,,8450,3.42
grid2:fineNorm,,,PR13_x1,holdout,3,1039,headon,vfield,a1b21b3f06,ok,0,0,0,0,0,0,2.7419,1.7871,2.7258,2.0438,1.555,1,1,,8450,3.34
grid2:fineNorm,,,PR13_x1,holdout,3,1041,headon,vfield,a1b21b3f06,ok,0,0,0,0,0,0,3.191,2.1679,2.7258,2.0438,1.555,1,1,,8450,3.35
grid2:fineNorm,,,PR13_x1,holdout,3,1043,headon,vfield,a1b21b3f06,ok,0,0,0,0,0,0,2.2531,1.7847,2.7258,2.0438,1.555,1,1,,8450,3.39
grid2:fineNorm,,,PR13_x1,holdout,3,1045,headon,vfield,a1b21b3f06,ok,0,0,0,0,0,0,2.4873,1.7847,2.7258,2.0438,1.555,1,1,,8450,3.41
grid2:fineNorm,,,PR13_x1,holdout,3,1047,headon,vfield,a1b21b3f06,ok,0,0,0,0,0,0,2.1898,1.7851,2.7258,2.0438,1.555,1,1,,8450,3.36
grid2:fineNorm,,,PR13_x1,holdout,3,1049,headon,vfield,a1b21b3f06,ok,0,0,0,0,0,0,2.2819,1.7851,2.7258,2.0438,1.555,1,1,,8450,3.35
grid2:fineNorm,,,PR13_x1,holdout,3,1051,headon,vfield,a1b21b3f06,ok,0,0,0,0,0,0,3.6626,1.783,2.7258,2.0438,1.555,1,1,,8450,3.34
grid2:fineNorm,,,PR13_x1,holdout,3,1053,headon,vfield,a1b21b3f06,ok,0,0,0,0,0,0,1.7844,2.0066,2.7258,2.0438,1.555,1,1,,8450,3.35
grid2:fineNorm,,,PR13_x1,holdout,3,1055,headon,vfield,a1b21b3f06,ok,0,0,0,0,0,0,1.7441,2.2315,2.7258,2.0438,1.555,1,1,,8450,3.4
grid2:fineNorm,,,PR13_x1,holdout,3,1057,headon,vfield,a1b21b3f06,ok,0,0,0,0,0,0,2.2589,1.8573,2.7258,2.0438,1.555,1,1,,8450,3.39
grid2:fineNorm,,,PR13_x1,holdout,3,1059,headon,vfield,a1b21b3f06,ok,0,0,0,0,0,0,2.8647,1.7847,2.7258,2.0438,1.555,1,1,,8450,3.4
grid2:fineNorm,,,PR13_x1.25,holdout,3,1001,headon,vfield,5fb0cd270c,ok,0,0,0,0,0,0,4.341,1.8061,2.7258,2.0438,1.555,1,1,,8450,3.38
grid2:fineNorm,,,PR13_x1.25,holdout,3,1003,headon,vfield,5fb0cd270c,ok,0,0,0,0,0,0,6.2706,1.7847,2.7258,2.0438,1.555,1,1,,8450,3.33
grid2:fineNorm,,,PR13_x1.25,holdout,3,1005,headon,vfield,5fb0cd270c,ok,0,0,0,0,0,0,4.8775,1.2234,2.7258,2.0438,1.555,1,1,,8450,3.34
grid2:fineNorm,,,PR13_x1.25,holdout,3,1007,headon,vfield,5fb0cd270c,ok,0,0,0,0,0,0,1.9993,1.8154,2.7258,2.0438,1.555,1,1,,8450,3.35
grid2:fineNorm,,,PR13_x1.25,holdout,3,1009,headon,vfield,5fb0cd270c,ok,0,0,0,0,0,0,4.9307,1.8109,2.7258,2.0438,1.555,1,1,,8450,3.4
grid2:fineNorm,,,PR13_x1.25,holdout,3,1011,headon,vfield,5fb0cd270c,ok,0,0,0,0,0,0,3.5402,1.8033,2.7258,2.0438,1.555,1,1,,8450,3.38
grid2:fineNorm,,,PR13_x1.25,holdout,3,1013,headon,vfield,5fb0cd270c,ok,0,0,0,0,0,0,1.1882,2.6266,2.7258,2.0438,1.555,1,1,,8450,3.35
grid2:fineNorm,,,PR13_x1.25,holdout,3,1015,headon,vfield,5fb0cd270c,ok,0,0,0,0,0,0,4.1394,5.7068,2.7258,2.0438,1.555,1,1,,8450,3.32
grid2:fineNorm,,,PR13_x1.25,holdout,3,1017,headon,vfield,5fb0cd270c,ok,0,0,0,0,0,0,3.6052,1.7867,2.7258,2.0438,1.555,1,1,,8450,3.32
grid2:fineNorm,,,PR13_x1.25,holdout,3,1019,headon,vfield,5fb0cd270c,ok,0,0,0,0,0,0,4.2122,1.7847,2.7258,2.0438,1.555,1,1,,8450,3.33
grid2:fineNorm,,,PR13_x1.25,holdout,3,1021,headon,vfield,5fb0cd270c,ok,0,0,0,0,0,0,2.8357,1.7606,2.7258,2.0438,1.555,1,1,,8450,3.34
grid2:fineNorm,,,PR13_x1.25,holdout,3,1023,headon,vfield,5fb0cd270c,ok,0,0,0,0,0,0,9.6849,1.8128,2.7258,2.0438,1.555,1,1,,8450,3.32
grid2:fineNorm,,,PR13_x1.25,holdout,3,1025,headon,vfield,5fb0cd270c,ok,0,0,0,0,0,0,1.6028,1.7847,2.7258,2.0438,1.555,1,1,,8450,3.32
grid2:fineNorm,,,PR13_x1.25,holdout,3,1027,headon,vfield,5fb0cd270c,ok,0,0,0,0,0,0,4.0756,1.7675,2.7258,2.0438,1.555,1,1,,8450,3.34
grid2:fineNorm,,,PR13_x1.25,holdout,3,1029,headon,vfield,5fb0cd270c,ok,0,0,0,0,0,0,6.8501,1.8518,2.7258,2.0438,1.555,1,1,,8450,3.33
grid2:fineNorm,,,PR13_x1.25,holdout,3,1031,headon,vfield,5fb0cd270c,ok,0,0,0,0,0,0,3.8758,1.7953,2.7258,2.0438,1.555,1,1,,8450,3.42
grid2:fineNorm,,,PR13_x1.25,holdout,3,1033,headon,vfield,5fb0cd270c,ok,0,0,0,0,0,0,5.1125,1.8149,2.7258,2.0438,1.555,1,1,,8450,3.48
grid2:fineNorm,,,PR13_x1.25,holdout,3,1035,headon,vfield,5fb0cd270c,ok,0,0,0,0,0,0,5.773,1.8245,2.7258,2.0438,1.555,1,1,,8450,3.35
grid2:fineNorm,,,PR13_x1.25,holdout,3,1037,headon,vfield,5fb0cd270c,ok,0,0,0,0,0,0,6.5805,1.7855,2.7258,2.0438,1.555,1,1,,8450,3.4
grid2:fineNorm,,,PR13_x1.25,holdout,3,1039,headon,vfield,5fb0cd270c,ok,0,0,0,0,0,0,6.5403,1.4963,2.7258,2.0438,1.555,1,1,,8450,3.34
grid2:fineNorm,,,PR13_x1.25,holdout,3,1041,headon,vfield,5fb0cd270c,ok,0,0,0,0,0,0,4.687,1.788,2.7258,2.0438,1.555,1,1,,8450,3.35
grid2:fineNorm,,,PR13_x1.25,holdout,3,1043,headon,vfield,5fb0cd270c,ok,0,0,0,0,0,0,9.6658,1.8006,2.7258,2.0438,1.555,1,1,,8450,3.35
grid2:fineNorm,,,PR13_x1.25,holdout,3,1045,headon,vfield,5fb0cd270c,ok,0,0,0,0,0,0,4.5762,1.8265,2.7258,2.0438,1.555,1,1,,8450,3.38
grid2:fineNorm,,,PR13_x1.25,holdout,3,1047,headon,vfield,5fb0cd270c,ok,0,0,0,0,0,0,3.1654,1.9875,2.7258,2.0438,1.555,1,1,,8450,3.37
grid2:fineNorm,,,PR13_x1.25,holdout,3,1049,headon,vfield,5fb0cd270c,ok,0,0,0,0,0,0,5.2623,1.817,2.7258,2.0438,1.555,1,1,,8450,3.36
grid2:fineNorm,,,PR13_x1.25,holdout,3,1051,headon,vfield,5fb0cd270c,ok,0,0,0,0,0,0,7.0247,1.7839,2.7258,2.0438,1.555,1,1,,8450,3.36
grid2:fineNorm,,,PR13_x1.25,holdout,3,1053,headon,vfield,5fb0cd270c,ok,0,0,0,0,0,0,2.4122,1.9825,2.7258,2.0438,1.555,1,1,,8450,3.33
grid2:fineNorm,,,PR13_x1.25,holdout,3,1055,headon,vfield,5fb0cd270c,ok,0,0,0,0,0,0,5.9424,2.0199,2.7258,2.0438,1.555,1,1,,8450,3.4
grid2:fineNorm,,,PR13_x1.25,holdout,3,1057,headon,vfield,5fb0cd270c,ok,0,0,0,0,0,0,5.1786,2.0299,2.7258,2.0438,1.555,1,1,,8450,3.34
grid2:fineNorm,,,PR13_x1.25,holdout,3,1059,headon,vfield,5fb0cd270c,ok,0,0,0,0,0,0,6.4704,1.7847,2.7258,2.0438,1.555,1,1,,8450,3.61
grid2:fineNorm,,,PR13_x1.5,holdout,3,1001,headon,vfield,f2245ced3a,ok,0,0,0,0,0,0,6.9618,1.8542,2.7258,2.0438,1.555,1,1,,8450,3.34
grid2:fineNorm,,,PR13_x1.5,holdout,3,1003,headon,vfield,f2245ced3a,ok,0,0,0,0,0,0,6.8429,1.7847,2.7258,2.0438,1.555,1,1,,8450,3.36
grid2:fineNorm,,,PR13_x1.5,holdout,3,1005,headon,vfield,f2245ced3a,ok,0,0,0,0,0,0,5.1876,2.2797,2.7258,2.0438,1.555,1,1,,8450,3.32
grid2:fineNorm,,,PR13_x1.5,holdout,3,1007,headon,vfield,f2245ced3a,ok,0,0,0,0,0,0,8.0758,1.7847,2.7258,2.0438,1.555,1,1,,8450,3.32
grid2:fineNorm,,,PR13_x1.5,holdout,3,1009,headon,vfield,f2245ced3a,ok,0,0,0,0,0,0,7.0734,1.9997,2.7258,2.0438,1.555,1,1,,8450,3.33
grid2:fineNorm,,,PR13_x1.5,holdout,3,1011,headon,vfield,f2245ced3a,ok,0,0,0,0,0,0,6.3511,1.7869,2.7258,2.0438,1.555,1,1,,8450,3.34
grid2:fineNorm,,,PR13_x1.5,holdout,3,1013,headon,vfield,f2245ced3a,ok,0,0,0,0,0,0,5.6155,1.9803,2.7258,2.0438,1.555,1,1,,8450,3.37
grid2:fineNorm,,,PR13_x1.5,holdout,3,1015,headon,vfield,f2245ced3a,ok,1,0,1,0,0,0,3.0035,0.7357,2.7258,2.0438,1.555,1,1,23.79,8450,3.34
grid2:fineNorm,,,PR13_x1.5,holdout,3,1017,headon,vfield,f2245ced3a,ok,0,0,0,0,0,0,5.3284,1.6645,2.7258,2.0438,1.555,1,1,,8450,3.4
grid2:fineNorm,,,PR13_x1.5,holdout,3,1019,headon,vfield,f2245ced3a,ok,0,0,0,0,0,0,5.4784,1.7847,2.7258,2.0438,1.555,1,1,,8450,3.38
grid2:fineNorm,,,PR13_x1.5,holdout,3,1021,headon,vfield,f2245ced3a,ok,0,0,0,0,0,0,6.4134,1.9777,2.7258,2.0438,1.555,1,1,,8450,3.37
grid2:fineNorm,,,PR13_x1.5,holdout,3,1023,headon,vfield,f2245ced3a,ok,0,0,0,0,0,0,8.8693,1.7847,2.7258,2.0438,1.555,1,1,,8450,3.33
grid2:fineNorm,,,PR13_x1.5,holdout,3,1025,headon,vfield,f2245ced3a,ok,1,0,0,0,1,0,0.3473,1.7847,2.7258,2.0438,1.555,1,1,27.34,8450,3.34
grid2:fineNorm,,,PR13_x1.5,holdout,3,1027,headon,vfield,f2245ced3a,ok,0,0,0,0,0,0,4.8819,1.574,2.7258,2.0438,1.555,1,1,,8450,3.34
grid2:fineNorm,,,PR13_x1.5,holdout,3,1029,headon,vfield,f2245ced3a,ok,0,0,0,0,0,0,6.5321,1.943,2.7258,2.0438,1.555,1,1,,8450,3.35
grid2:fineNorm,,,PR13_x1.5,holdout,3,1031,headon,vfield,f2245ced3a,ok,0,0,0,0,0,0,5.3925,1.7847,2.7258,2.0438,1.555,1,1,,8450,3.35
grid2:fineNorm,,,PR13_x1.5,holdout,3,1033,headon,vfield,f2245ced3a,ok,0,0,0,0,0,0,6.8099,1.7774,2.7258,2.0438,1.555,1,1,,8450,3.34
grid2:fineNorm,,,PR13_x1.5,holdout,3,1035,headon,vfield,f2245ced3a,ok,0,0,0,0,0,0,7.4407,1.8388,2.7258,2.0438,1.555,1,1,,8450,3.33
grid2:fineNorm,,,PR13_x1.5,holdout,3,1037,headon,vfield,f2245ced3a,ok,0,0,0,0,0,0,3.1768,1.3851,2.7258,2.0438,1.555,1,1,,8450,3.32
grid2:fineNorm,,,PR13_x1.5,holdout,3,1039,headon,vfield,f2245ced3a,ok,0,0,0,0,0,0,5.3887,1.5986,2.7258,2.0438,1.555,1,1,,8450,3.47
grid2:fineNorm,,,PR13_x1.5,holdout,3,1041,headon,vfield,f2245ced3a,ok,0,0,0,0,0,0,6.8578,1.7882,2.7258,2.0438,1.555,1,1,,8450,3.35
grid2:fineNorm,,,PR13_x1.5,holdout,3,1043,headon,vfield,f2245ced3a,ok,0,0,0,0,0,0,6.3946,1.7847,2.7258,2.0438,1.555,1,1,,8450,3.38
grid2:fineNorm,,,PR13_x1.5,holdout,3,1045,headon,vfield,f2245ced3a,ok,0,0,0,0,0,0,7.8664,2.0048,2.7258,2.0438,1.555,1,1,,8450,3.36
grid2:fineNorm,,,PR13_x1.5,holdout,3,1047,headon,vfield,f2245ced3a,ok,0,0,0,0,0,0,6.0952,2.0801,2.7258,2.0438,1.555,1,1,,8450,3.36
grid2:fineNorm,,,PR13_x1.5,holdout,3,1049,headon,vfield,f2245ced3a,ok,0,0,0,0,0,0,5.7326,1.7927,2.7258,2.0438,1.555,1,1,,8450,3.36
grid2:fineNorm,,,PR13_x1.5,holdout,3,1051,headon,vfield,f2245ced3a,ok,0,0,0,0,0,0,7.047,1.7847,2.7258,2.0438,1.555,1,1,,8450,3.43
grid2:fineNorm,,,PR13_x1.5,holdout,3,1053,headon,vfield,f2245ced3a,ok,0,0,0,0,0,0,6.8624,1.9964,2.7258,2.0438,1.555,1,1,,8450,3.36
grid2:fineNorm,,,PR13_x1.5,holdout,3,1055,headon,vfield,f2245ced3a,ok,0,0,0,0,0,0,3.3753,1.9937,2.7258,2.0438,1.555,1,1,,8450,3.34
grid2:fineNorm,,,PR13_x1.5,holdout,3,1057,headon,vfield,f2245ced3a,ok,0,0,0,0,0,0,5.6991,2.0131,2.7258,2.0438,1.555,1,1,,8450,3.35
grid2:fineNorm,,,PR13_x1.5,holdout,3,1059,headon,vfield,f2245ced3a,ok,0,0,0,0,0,0,4.693,1.7847,2.7258,2.0438,1.555,1,1,,8450,3.35
grid2:fineNorm,,,PR13_x2,holdout,3,1001,headon,vfield,85cc463575,ok,0,0,0,0,0,0,4.6204,1.7847,2.7258,2.0438,1.555,1,1,,8450,3.35
grid2:fineNorm,,,PR13_x2,holdout,3,1003,headon,vfield,85cc463575,ok,0,0,0,0,0,0,6.9768,1.7847,2.7258,2.0438,1.555,1,1,,8450,3.33
grid2:fineNorm,,,PR13_x2,holdout,3,1005,headon,vfield,85cc463575,ok,0,0,0,0,0,0,5.0938,7.7251,2.7258,2.0438,1.555,1,1,,8450,3.34
grid2:fineNorm,,,PR13_x2,holdout,3,1007,headon,vfield,85cc463575,ok,0,0,0,0,0,0,7.2855,1.7847,2.7258,2.0438,1.555,1,1,,8450,3.34
grid2:fineNorm,,,PR13_x2,holdout,3,1009,headon,vfield,85cc463575,ok,0,0,0,0,0,0,3.2863,2.0315,2.7258,2.0438,1.555,1,1,,8450,3.34
grid2:fineNorm,,,PR13_x2,holdout,3,1011,headon,vfield,85cc463575,ok,0,0,0,0,0,0,6.9421,2.0315,2.7258,2.0438,1.555,1,1,,8450,3.36
grid2:fineNorm,,,PR13_x2,holdout,3,1013,headon,vfield,85cc463575,ok,0,0,0,0,0,0,4.6333,1.4843,2.7258,2.0438,1.555,1,1,,8450,3.35
grid2:fineNorm,,,PR13_x2,holdout,3,1015,headon,vfield,85cc463575,ok,0,0,0,0,0,0,5.8912,5.1669,2.7258,2.0438,1.555,1,1,,8450,3.36
grid2:fineNorm,,,PR13_x2,holdout,3,1017,headon,vfield,85cc463575,ok,0,0,0,0,0,0,5.2663,5.1118,2.7258,2.0438,1.555,1,1,,8450,3.38
grid2:fineNorm,,,PR13_x2,holdout,3,1019,headon,vfield,85cc463575,ok,0,0,0,0,0,0,2.7603,1.7847,2.7258,2.0438,1.555,1,1,,8450,3.35
grid2:fineNorm,,,PR13_x2,holdout,3,1021,headon,vfield,85cc463575,ok,0,0,0,0,0,0,3.7066,2.1036,2.7258,2.0438,1.555,1,1,,8450,3.38
grid2:fineNorm,,,PR13_x2,holdout,3,1023,headon,vfield,85cc463575,ok,0,0,0,0,0,0,8.4808,1.9777,2.7258,2.0438,1.555,1,1,,8450,3.39
grid2:fineNorm,,,PR13_x2,holdout,3,1025,headon,vfield,85cc463575,ok,0,0,0,0,0,0,5.2987,1.7847,2.7258,2.0438,1.555,1,1,,8450,3.33
grid2:fineNorm,,,PR13_x2,holdout,3,1027,headon,vfield,85cc463575,ok,0,0,0,0,0,0,8.4579,2.5706,2.7258,2.0438,1.555,1,1,,8450,3.36
grid2:fineNorm,,,PR13_x2,holdout,3,1029,headon,vfield,85cc463575,ok,0,0,0,0,0,0,3.9264,2.1562,2.7258,2.0438,1.555,1,1,,8450,3.32
grid2:fineNorm,,,PR13_x2,holdout,3,1031,headon,vfield,85cc463575,ok,0,0,0,0,0,0,5.2132,1.9557,2.7258,2.0438,1.555,1,1,,8450,3.34
grid2:fineNorm,,,PR13_x2,holdout,3,1033,headon,vfield,85cc463575,ok,0,0,0,0,0,0,3.0661,1.7847,2.7258,2.0438,1.555,1,1,,8450,3.33
grid2:fineNorm,,,PR13_x2,holdout,3,1035,headon,vfield,85cc463575,ok,0,0,0,0,0,0,7.9965,4.7171,2.7258,2.0438,1.555,1,1,,8450,3.35
grid2:fineNorm,,,PR13_x2,holdout,3,1037,headon,vfield,85cc463575,ok,0,0,0,0,0,0,2.7946,1.7859,2.7258,2.0438,1.555,1,1,,8450,3.34
grid2:fineNorm,,,PR13_x2,holdout,3,1039,headon,vfield,85cc463575,ok,0,0,0,0,0,0,4.6819,4.8015,2.7258,2.0438,1.555,1,1,,8450,3.51
grid2:fineNorm,,,PR13_x2,holdout,3,1041,headon,vfield,85cc463575,ok,0,0,0,0,0,0,6.9445,2.0105,2.7258,2.0438,1.555,1,1,,8450,3.31
grid2:fineNorm,,,PR13_x2,holdout,3,1043,headon,vfield,85cc463575,ok,0,0,0,0,0,0,1.7042,1.7847,2.7258,2.0438,1.555,1,1,,8450,3.49
grid2:fineNorm,,,PR13_x2,holdout,3,1045,headon,vfield,85cc463575,ok,0,0,0,0,0,0,5.0417,1.8157,2.7258,2.0438,1.555,1,1,,8450,3.33
grid2:fineNorm,,,PR13_x2,holdout,3,1047,headon,vfield,85cc463575,ok,1,0,1,0,0,0,9.7679,0.2067,2.7258,2.0438,1.555,1,1,27.04,8450,3.36
grid2:fineNorm,,,PR13_x2,holdout,3,1049,headon,vfield,85cc463575,ok,0,0,0,0,0,0,5.0625,1.0695,2.7258,2.0438,1.555,1,1,,8450,3.35
grid2:fineNorm,,,PR13_x2,holdout,3,1051,headon,vfield,85cc463575,ok,0,0,0,0,0,0,6.0405,1.785,2.7258,2.0438,1.555,1,1,,8450,3.32
grid2:fineNorm,,,PR13_x2,holdout,3,1053,headon,vfield,85cc463575,ok,0,0,0,0,0,0,6.5723,1.1854,2.7258,2.0438,1.555,1,1,,8450,3.38
grid2:fineNorm,,,PR13_x2,holdout,3,1055,headon,vfield,85cc463575,ok,0,0,0,0,0,0,3.8562,2.0029,2.7258,2.0438,1.555,1,1,,8450,3.34
grid2:fineNorm,,,PR13_x2,holdout,3,1057,headon,vfield,85cc463575,ok,0,0,0,0,0,0,2.341,3.2327,2.7258,2.0438,1.555,1,1,,8450,3.42
grid2:fineNorm,,,PR13_x2,holdout,3,1059,headon,vfield,85cc463575,ok,0,0,0,0,0,0,5.3143,1.7848,2.7258,2.0438,1.555,1,1,,8450,3.4
grid2:fineNorm,,,PR8_x1,holdout,4,1001,headon,vfield,c9e8ad5610,ok,3,0,2,0,1,0,0.8174,0.073,2.7258,2.0438,1.555,1,1,4.44,8450,3.35
grid2:fineNorm,,,PR8_x1,holdout,4,1003,headon,vfield,c9e8ad5610,ok,0,0,0,0,0,0,2.6617,2.2237,2.7258,2.0438,1.555,1,1,,8450,3.41
grid2:fineNorm,,,PR8_x1,holdout,4,1005,headon,vfield,c9e8ad5610,ok,2,0,1,0,1,0,0.6795,0.2459,2.7258,2.0438,1.555,1,1,5.38,8450,3.35
grid2:fineNorm,,,PR8_x1,holdout,4,1007,headon,vfield,c9e8ad5610,ok,0,0,0,0,0,0,2.25,1.8566,2.7258,2.0438,1.555,1,1,,8450,3.48
grid2:fineNorm,,,PR8_x1,holdout,4,1009,headon,vfield,c9e8ad5610,ok,0,0,0,0,0,0,1.7606,1.1444,2.7258,2.0438,1.555,1,1,,8450,3.39
grid2:fineNorm,,,PR8_x1,holdout,4,1011,headon,vfield,c9e8ad5610,ok,0,0,0,0,0,0,2.781,5.0746,2.7258,2.0438,1.555,1,1,,8450,3.41
grid2:fineNorm,,,PR8_x1,holdout,4,1013,headon,vfield,c9e8ad5610,ok,2,0,0,1,1,0,0.9212,2.5704,2.7258,2.0438,1.555,1,1,-30.33,8450,3.36
grid2:fineNorm,,,PR8_x1,holdout,4,1015,headon,vfield,c9e8ad5610,ok,1,0,1,0,0,0,3.077,0.3632,2.7258,2.0438,1.555,1,1,5.4,8450,3.38
grid2:fineNorm,,,PR8_x1,holdout,4,1017,headon,vfield,c9e8ad5610,ok,0,0,0,0,0,0,2.9313,4.7035,2.7258,2.0438,1.555,1,1,,8450,3.37
grid2:fineNorm,,,PR8_x1,holdout,4,1019,headon,vfield,c9e8ad5610,ok,0,0,0,0,0,0,1.8931,2.773,2.7258,2.0438,1.555,1,1,,8450,3.38
grid2:fineNorm,,,PR8_x1,holdout,4,1021,headon,vfield,c9e8ad5610,ok,0,0,0,0,0,0,3.8238,4.66,2.7258,2.0438,1.555,1,1,,8450,3.36
grid2:fineNorm,,,PR8_x1,holdout,4,1023,headon,vfield,c9e8ad5610,ok,0,0,0,0,0,0,1.6717,4.698,2.7258,2.0438,1.555,1,1,,8450,3.34
grid2:fineNorm,,,PR8_x1,holdout,4,1025,headon,vfield,c9e8ad5610,ok,0,0,0,0,0,0,1.1207,4.402,2.7258,2.0438,1.555,1,1,,8450,3.38
grid2:fineNorm,,,PR8_x1,holdout,4,1027,headon,vfield,c9e8ad5610,ok,0,0,0,0,0,0,1.5361,2.5108,2.7258,2.0438,1.555,1,1,,8450,3.36
grid2:fineNorm,,,PR8_x1,holdout,4,1029,headon,vfield,c9e8ad5610,ok,0,0,0,0,0,0,2.3553,1.561,2.7258,2.0438,1.555,1,1,,8450,3.4
grid2:fineNorm,,,PR8_x1,holdout,4,1031,headon,vfield,c9e8ad5610,ok,0,0,0,0,0,0,2.2878,2.7231,2.7258,2.0438,1.555,1,1,,8450,3.4
grid2:fineNorm,,,PR8_x1,holdout,4,1033,headon,vfield,c9e8ad5610,ok,1,0,1,0,0,0,3.1381,0.545,2.7258,2.0438,1.555,1,1,5.61,8450,3.43
grid2:fineNorm,,,PR8_x1,holdout,4,1035,headon,vfield,c9e8ad5610,ok,0,0,0,0,0,0,2.4059,1.1577,2.7258,2.0438,1.555,1,1,,8450,3.4
grid2:fineNorm,,,PR8_x1,holdout,4,1037,headon,vfield,c9e8ad5610,ok,1,0,1,0,0,0,1.2131,0.8381,2.7258,2.0438,1.555,1,1,4.56,8450,3.39
grid2:fineNorm,,,PR8_x1,holdout,4,1039,headon,vfield,c9e8ad5610,ok,1,0,0,1,0,0,0.8054,1.3001,2.7258,2.0438,1.555,1,1,-28.5,8450,3.4
grid2:fineNorm,,,PR8_x1,holdout,4,1041,headon,vfield,c9e8ad5610,ok,2,0,1,0,1,0,0.6461,0.4441,2.7258,2.0438,1.555,1,1,5.8,8450,3.44
grid2:fineNorm,,,PR8_x1,holdout,4,1043,headon,vfield,c9e8ad5610,ok,1,0,1,0,0,0,1.8596,0.0647,2.7258,2.0438,1.555,1,1,4.25,8450,3.4
grid2:fineNorm,,,PR8_x1,holdout,4,1045,headon,vfield,c9e8ad5610,ok,1,0,1,0,0,0,1.0969,0.8441,2.7258,2.0438,1.555,1,1,4.71,8450,3.4
grid2:fineNorm,,,PR8_x1,holdout,4,1047,headon,vfield,c9e8ad5610,ok,0,0,0,0,0,0,4.9216,3.0378,2.7258,2.0438,1.555,1,1,,8450,3.39
grid2:fineNorm,,,PR8_x1,holdout,4,1049,headon,vfield,c9e8ad5610,ok,0,0,0,0,0,0,4.2511,3.766,2.7258,2.0438,1.555,1,1,,8450,3.36
grid2:fineNorm,,,PR8_x1,holdout,4,1051,headon,vfield,c9e8ad5610,ok,0,0,0,0,0,0,2.7297,1.08,2.7258,2.0438,1.555,1,1,,8450,3.42
grid2:fineNorm,,,PR8_x1,holdout,4,1053,headon,vfield,c9e8ad5610,ok,2,0,1,0,1,0,0.3103,0.5816,2.7258,2.0438,1.555,1,1,8.16,8450,3.39
grid2:fineNorm,,,PR8_x1,holdout,4,1055,headon,vfield,c9e8ad5610,ok,0,0,0,0,0,0,1.1877,3.1922,2.7258,2.0438,1.555,1,1,,8450,3.35
grid2:fineNorm,,,PR8_x1,holdout,4,1057,headon,vfield,c9e8ad5610,ok,1,0,0,1,0,0,0.4709,4.6554,2.7258,2.0438,1.555,1,1,-30.56,8450,3.65
grid2:fineNorm,,,PR8_x1,holdout,4,1059,headon,vfield,c9e8ad5610,ok,0,0,0,0,0,0,1.8422,4.5344,2.7258,2.0438,1.555,1,1,,8450,3.37
grid2:fineNorm,,,PR8_x1.25,holdout,4,1001,headon,vfield,9358c74f12,ok,1,0,1,0,0,0,2.1741,0.3964,2.7258,2.0438,1.555,1,1,13.34,8450,3.38
grid2:fineNorm,,,PR8_x1.25,holdout,4,1003,headon,vfield,9358c74f12,ok,0,0,0,0,0,0,1.4565,5.9367,2.7258,2.0438,1.555,1,1,,8450,3.38
grid2:fineNorm,,,PR8_x1.25,holdout,4,1005,headon,vfield,9358c74f12,ok,2,0,1,0,1,0,0.7443,0.116,2.7258,2.0438,1.555,1,1,13.81,8450,3.38
grid2:fineNorm,,,PR8_x1.25,holdout,4,1007,headon,vfield,9358c74f12,ok,0,0,0,0,0,0,2.4313,2.631,2.7258,2.0438,1.555,1,1,,8450,3.36
grid2:fineNorm,,,PR8_x1.25,holdout,4,1009,headon,vfield,9358c74f12,ok,0,0,0,0,0,0,2.5386,5.0944,2.7258,2.0438,1.555,1,1,,8450,3.34
grid2:fineNorm,,,PR8_x1.25,holdout,4,1011,headon,vfield,9358c74f12,ok,0,0,0,0,0,0,2.4409,1.3771,2.7258,2.0438,1.555,1,1,,8450,3.37
grid2:fineNorm,,,PR8_x1.25,holdout,4,1013,headon,vfield,9358c74f12,ok,1,0,1,0,0,0,2.7374,0.4295,2.7258,2.0438,1.555,1,1,5.33,8450,3.37
grid2:fineNorm,,,PR8_x1.25,holdout,4,1015,headon,vfield,9358c74f12,ok,0,0,0,0,0,0,2.5032,2.9841,2.7258,2.0438,1.555,1,1,,8450,3.35
grid2:fineNorm,,,PR8_x1.25,holdout,4,1017,headon,vfield,9358c74f12,ok,0,0,0,0,0,0,3.5546,5.9547,2.7258,2.0438,1.555,1,1,,8450,3.38
grid2:fineNorm,,,PR8_x1.25,holdout,4,1019,headon,vfield,9358c74f12,ok,0,0,0,0,0,0,3.3982,2.6506,2.7258,2.0438,1.555,1,1,,8450,3.38
grid2:fineNorm,,,PR8_x1.25,holdout,4,1021,headon,vfield,9358c74f12,ok,1,0,1,0,0,0,1.1154,0.6363,2.7258,2.0438,1.555,1,1,12.39,8450,3.35
grid2:fineNorm,,,PR8_x1.25,holdout,4,1023,headon,vfield,9358c74f12,ok,1,0,0,0,1,0,0.5218,5.8522,2.7258,2.0438,1.555,1,1,11.88,8450,3.35
grid2:fineNorm,,,PR8_x1.25,holdout,4,1025,headon,vfield,9358c74f12,ok,1,0,0,0,1,0,0.8307,6.3863,2.7258,2.0438,1.555,1,1,13.9,8450,3.33
grid2:fineNorm,,,PR8_x1.25,holdout,4,1027,headon,vfield,9358c74f12,ok,1,0,0,0,1,0,0.5161,2.4671,2.7258,2.0438,1.555,1,1,15.04,8450,3.36
grid2:fineNorm,,,PR8_x1.25,holdout,4,1029,headon,vfield,9358c74f12,ok,0,0,0,0,0,0,3.3481,5.342,2.7258,2.0438,1.555,1,1,,8450,3.36
grid2:fineNorm,,,PR8_x1.25,holdout,4,1031,headon,vfield,9358c74f12,ok,0,0,0,0,0,0,2.1885,5.3306,2.7258,2.0438,1.555,1,1,,8450,3.36
grid2:fineNorm,,,PR8_x1.25,holdout,4,1033,headon,vfield,9358c74f12,ok,1,0,0,0,1,0,0.8197,1.1677,2.7258,2.0438,1.555,1,1,10.39,8450,3.37
grid2:fineNorm,,,PR8_x1.25,holdout,4,1035,headon,vfield,9358c74f12,ok,0,0,0,0,0,0,4.0186,5.1275,2.7258,2.0438,1.555,1,1,,8450,3.36
grid2:fineNorm,,,PR8_x1.25,holdout,4,1037,headon,vfield,9358c74f12,ok,0,0,0,0,0,0,2.388,4.286,2.7258,2.0438,1.555,1,1,,8450,3.37
grid2:fineNorm,,,PR8_x1.25,holdout,4,1039,headon,vfield,9358c74f12,ok,0,0,0,0,0,0,1.4953,5.4153,2.7258,2.0438,1.555,1,1,,8450,3.36
grid2:fineNorm,,,PR8_x1.25,holdout,4,1041,headon,vfield,9358c74f12,ok,0,0,0,0,0,0,3.5824,5.0952,2.7258,2.0438,1.555,1,1,,8450,3.36
grid2:fineNorm,,,PR8_x1.25,holdout,4,1043,headon,vfield,9358c74f12,ok,1,0,1,0,0,0,2.876,0.1576,2.7258,2.0438,1.555,1,1,4.43,8450,3.37
grid2:fineNorm,,,PR8_x1.25,holdout,4,1045,headon,vfield,9358c74f12,ok,0,0,0,0,0,0,2.564,1.4997,2.7258,2.0438,1.555,1,1,,8450,3.37
grid2:fineNorm,,,PR8_x1.25,holdout,4,1047,headon,vfield,9358c74f12,ok,2,0,1,0,1,0,0.2163,0.4424,2.7258,2.0438,1.555,1,1,11.48,8450,3.35
grid2:fineNorm,,,PR8_x1.25,holdout,4,1049,headon,vfield,9358c74f12,ok,1,0,0,0,1,0,0.8855,1.8826,2.7258,2.0438,1.555,1,1,37.94,8450,3.36
grid2:fineNorm,,,PR8_x1.25,holdout,4,1051,headon,vfield,9358c74f12,ok,0,0,0,0,0,0,2.1296,5.311,2.7258,2.0438,1.555,1,1,,8450,3.36
grid2:fineNorm,,,PR8_x1.25,holdout,4,1053,headon,vfield,9358c74f12,ok,0,0,0,0,0,0,1.1187,3.1205,2.7258,2.0438,1.555,1,1,,8450,3.35
grid2:fineNorm,,,PR8_x1.25,holdout,4,1055,headon,vfield,9358c74f12,ok,1,0,1,0,0,0,2.0842,0.5066,2.7258,2.0438,1.555,1,1,21.98,8450,3.36
grid2:fineNorm,,,PR8_x1.25,holdout,4,1057,headon,vfield,9358c74f12,ok,0,0,0,0,0,0,1.0308,2.4322,2.7258,2.0438,1.555,1,1,,8450,3.35
grid2:fineNorm,,,PR8_x1.25,holdout,4,1059,headon,vfield,9358c74f12,ok,0,0,0,0,0,0,2.9008,4.6,2.7258,2.0438,1.555,1,1,,8450,3.48
grid2:fineNorm,,,PR8_x1.5,holdout,4,1001,headon,vfield,7fc96d523e,ok,0,0,0,0,0,0,3.3037,6.1828,2.7258,2.0438,1.555,1,1,,8450,3.36
grid2:fineNorm,,,PR8_x1.5,holdout,4,1003,headon,vfield,7fc96d523e,ok,0,0,0,0,0,0,1.6608,6.4078,2.7258,2.0438,1.555,1,1,,8450,3.37
grid2:fineNorm,,,PR8_x1.5,holdout,4,1005,headon,vfield,7fc96d523e,ok,1,0,0,0,1,0,0.0737,2.4407,2.7258,2.0438,1.555,1,1,13.19,8450,3.36
grid2:fineNorm,,,PR8_x1.5,holdout,4,1007,headon,vfield,7fc96d523e,ok,0,0,0,0,0,0,1.839,6.2858,2.7258,2.0438,1.555,1,1,,8450,3.38
grid2:fineNorm,,,PR8_x1.5,holdout,4,1009,headon,vfield,7fc96d523e,ok,0,0,0,0,0,0,2.1571,5.5352,2.7258,2.0438,1.555,1,1,,8450,4.02
grid2:fineNorm,,,PR8_x1.5,holdout,4,1011,headon,vfield,7fc96d523e,ok,0,0,0,0,0,0,3.0706,2.9045,2.7258,2.0438,1.555,1,1,,8450,4.13
grid2:fineNorm,,,PR8_x1.5,holdout,4,1013,headon,vfield,7fc96d523e,ok,0,0,0,0,0,0,2.114,1.0544,2.7258,2.0438,1.555,1,1,,8450,4.02
grid2:fineNorm,,,PR8_x1.5,holdout,4,1015,headon,vfield,7fc96d523e,ok,0,0,0,0,0,0,1.3565,2.7976,2.7258,2.0438,1.555,1,1,,8450,3.56
grid2:fineNorm,,,PR8_x1.5,holdout,4,1017,headon,vfield,7fc96d523e,ok,0,0,0,0,0,0,3.1226,1.2795,2.7258,2.0438,1.555,1,1,,8450,3.44
grid2:fineNorm,,,PR8_x1.5,holdout,4,1019,headon,vfield,7fc96d523e,ok,0,0,0,0,0,0,1.2996,5.7189,2.7258,2.0438,1.555,1,1,,8450,3.4
grid2:fineNorm,,,PR8_x1.5,holdout,4,1021,headon,vfield,7fc96d523e,ok,0,0,0,0,0,0,1.5681,5.514,2.7258,2.0438,1.555,1,1,,8450,3.4
grid2:fineNorm,,,PR8_x1.5,holdout,4,1023,headon,vfield,7fc96d523e,ok,0,0,0,0,0,0,3.7983,5.8618,2.7258,2.0438,1.555,1,1,,8450,3.39
grid2:fineNorm,,,PR8_x1.5,holdout,4,1025,headon,vfield,7fc96d523e,ok,0,0,0,0,0,0,2.9396,3.0068,2.7258,2.0438,1.555,1,1,,8450,3.39
grid2:fineNorm,,,PR8_x1.5,holdout,4,1027,headon,vfield,7fc96d523e,ok,1,0,1,0,0,0,3.5053,0.7263,2.7258,2.0438,1.555,1,1,7.78,8450,3.41
grid2:fineNorm,,,PR8_x1.5,holdout,4,1029,headon,vfield,7fc96d523e,ok,1,0,1,0,0,0,1.4227,0.4267,2.7258,2.0438,1.555,1,1,6.12,8450,3.45
grid2:fineNorm,,,PR8_x1.5,holdout,4,1031,headon,vfield,7fc96d523e,ok,0,0,0,0,0,0,1.3889,6.2211,2.7258,2.0438,1.555,1,1,,8450,3.45
grid2:fineNorm,,,PR8_x1.5,holdout,4,1033,headon,vfield,7fc96d523e,ok,0,0,0,0,0,0,1.7078,2.4251,2.7258,2.0438,1.555,1,1,,8450,3.41
grid2:fineNorm,,,PR8_x1.5,holdout,4,1035,headon,vfield,7fc96d523e,ok,0,0,0,0,0,0,3.1893,5.4881,2.7258,2.0438,1.555,1,1,,8450,3.53
grid2:fineNorm,,,PR8_x1.5,holdout,4,1037,headon,vfield,7fc96d523e,ok,0,0,0,0,0,0,3.6249,4.6268,2.7258,2.0438,1.555,1,1,,8450,3.39
grid2:fineNorm,,,PR8_x1.5,holdout,4,1039,headon,vfield,7fc96d523e,ok,1,0,0,1,0,0,0.8946,2.4153,2.7258,2.0438,1.555,1,1,-29.74,8450,3.38
grid2:fineNorm,,,PR8_x1.5,holdout,4,1041,headon,vfield,7fc96d523e,ok,0,0,0,0,0,0,1.2172,1.027,2.7258,2.0438,1.555,1,1,,8450,3.38
grid2:fineNorm,,,PR8_x1.5,holdout,4,1043,headon,vfield,7fc96d523e,ok,0,0,0,0,0,0,3.4583,6.2161,2.7258,2.0438,1.555,1,1,,8450,3.41
grid2:fineNorm,,,PR8_x1.5,holdout,4,1045,headon,vfield,7fc96d523e,ok,0,0,0,0,0,0,3.3743,5.9121,2.7258,2.0438,1.555,1,1,,8450,3.44
grid2:fineNorm,,,PR8_x1.5,holdout,4,1047,headon,vfield,7fc96d523e,ok,0,0,0,0,0,0,1.5264,2.0236,2.7258,2.0438,1.555,1,1,,8450,3.37
grid2:fineNorm,,,PR8_x1.5,holdout,4,1049,headon,vfield,7fc96d523e,ok,0,0,0,0,0,0,4.3155,6.1421,2.7258,2.0438,1.555,1,1,,8450,3.37
grid2:fineNorm,,,PR8_x1.5,holdout,4,1051,headon,vfield,7fc96d523e,ok,0,0,0,0,0,0,5.1501,1.9222,2.7258,2.0438,1.555,1,1,,8450,3.43
grid2:fineNorm,,,PR8_x1.5,holdout,4,1053,headon,vfield,7fc96d523e,ok,0,0,0,0,0,0,2.7245,3.7526,2.7258,2.0438,1.555,1,1,,8450,3.49
grid2:fineNorm,,,PR8_x1.5,holdout,4,1055,headon,vfield,7fc96d523e,ok,0,0,0,0,0,0,1.6754,5.8518,2.7258,2.0438,1.555,1,1,,8450,3.39
grid2:fineNorm,,,PR8_x1.5,holdout,4,1057,headon,vfield,7fc96d523e,ok,0,0,0,0,0,0,2.9149,5.9832,2.7258,2.0438,1.555,1,1,,8450,3.38
grid2:fineNorm,,,PR8_x1.5,holdout,4,1059,headon,vfield,7fc96d523e,ok,1,0,1,0,0,0,3.6732,0.4434,2.7258,2.0438,1.555,1,1,19.1,8450,3.39
grid2:fineNorm,,,PR8_x2,holdout,4,1001,headon,vfield,fafc7095ee,ok,0,0,0,0,0,0,1.9749,5.8181,2.7258,2.0438,1.555,1,1,,8450,3.39
grid2:fineNorm,,,PR8_x2,holdout,4,1003,headon,vfield,fafc7095ee,ok,0,0,0,0,0,0,1.456,6.2525,2.7258,2.0438,1.555,1,1,,8450,3.39
grid2:fineNorm,,,PR8_x2,holdout,4,1005,headon,vfield,fafc7095ee,ok,0,0,0,0,0,0,3.2561,4.3372,2.7258,2.0438,1.555,1,1,,8450,3.39
grid2:fineNorm,,,PR8_x2,holdout,4,1007,headon,vfield,fafc7095ee,ok,0,0,0,0,0,0,3.0698,6.4051,2.7258,2.0438,1.555,1,1,,8450,3.37
grid2:fineNorm,,,PR8_x2,holdout,4,1009,headon,vfield,fafc7095ee,ok,0,0,0,0,0,0,3.7177,1.282,2.7258,2.0438,1.555,1,1,,8450,3.35
grid2:fineNorm,,,PR8_x2,holdout,4,1011,headon,vfield,fafc7095ee,ok,0,0,0,0,0,0,2.7885,6.2636,2.7258,2.0438,1.555,1,1,,8450,3.39
grid2:fineNorm,,,PR8_x2,holdout,4,1013,headon,vfield,fafc7095ee,ok,0,0,0,0,0,0,1.5584,5.3747,2.7258,2.0438,1.555,1,1,,8450,3.37
grid2:fineNorm,,,PR8_x2,holdout,4,1015,headon,vfield,fafc7095ee,ok,0,0,0,0,0,0,2.4222,2.5318,2.7258,2.0438,1.555,1,1,,8450,3.39
grid2:fineNorm,,,PR8_x2,holdout,4,1017,headon,vfield,fafc7095ee,ok,0,0,0,0,0,0,2.8544,5.9731,2.7258,2.0438,1.555,1,1,,8450,3.43
grid2:fineNorm,,,PR8_x2,holdout,4,1019,headon,vfield,fafc7095ee,ok,0,0,0,0,0,0,2.4544,5.9719,2.7258,2.0438,1.555,1,1,,8450,3.42
grid2:fineNorm,,,PR8_x2,holdout,4,1021,headon,vfield,fafc7095ee,ok,0,0,0,0,0,0,4.7761,5.1715,2.7258,2.0438,1.555,1,1,,8450,3.39
grid2:fineNorm,,,PR8_x2,holdout,4,1023,headon,vfield,fafc7095ee,ok,0,0,0,0,0,0,4.1945,2.3067,2.7258,2.0438,1.555,1,1,,8450,3.36
grid2:fineNorm,,,PR8_x2,holdout,4,1025,headon,vfield,fafc7095ee,ok,0,0,0,0,0,0,3.0308,6.2443,2.7258,2.0438,1.555,1,1,,8450,3.36
grid2:fineNorm,,,PR8_x2,holdout,4,1027,headon,vfield,fafc7095ee,ok,1,0,1,0,0,0,3.5303,0.3535,2.7258,2.0438,1.555,1,1,5.27,8450,3.41
grid2:fineNorm,,,PR8_x2,holdout,4,1029,headon,vfield,fafc7095ee,ok,1,0,0,0,1,0,0.0452,3.8481,2.7258,2.0438,1.555,1,1,29.18,8450,3.36
grid2:fineNorm,,,PR8_x2,holdout,4,1031,headon,vfield,fafc7095ee,ok,0,0,0,0,0,0,2.7834,5.8344,2.7258,2.0438,1.555,1,1,,8450,3.37
grid2:fineNorm,,,PR8_x2,holdout,4,1033,headon,vfield,fafc7095ee,ok,0,0,0,0,0,0,2.6654,3.7957,2.7258,2.0438,1.555,1,1,,8450,3.38
grid2:fineNorm,,,PR8_x2,holdout,4,1035,headon,vfield,fafc7095ee,ok,0,0,0,0,0,0,2.6187,5.9184,2.7258,2.0438,1.555,1,1,,8450,3.38
grid2:fineNorm,,,PR8_x2,holdout,4,1037,headon,vfield,fafc7095ee,ok,1,0,1,0,0,0,1.8189,0.5858,2.7258,2.0438,1.555,1,1,10.11,8450,3.38
grid2:fineNorm,,,PR8_x2,holdout,4,1039,headon,vfield,fafc7095ee,ok,0,0,0,0,0,0,2.3484,6.3207,2.7258,2.0438,1.555,1,1,,8450,3.38
grid2:fineNorm,,,PR8_x2,holdout,4,1041,headon,vfield,fafc7095ee,ok,0,0,0,0,0,0,1.0147,4.0996,2.7258,2.0438,1.555,1,1,,8450,3.37
grid2:fineNorm,,,PR8_x2,holdout,4,1043,headon,vfield,fafc7095ee,ok,0,0,0,0,0,0,3.2531,6.3911,2.7258,2.0438,1.555,1,1,,8450,3.4
grid2:fineNorm,,,PR8_x2,holdout,4,1045,headon,vfield,fafc7095ee,ok,1,0,0,0,1,0,0.9729,6.0073,2.7258,2.0438,1.555,1,1,28.74,8450,3.35
grid2:fineNorm,,,PR8_x2,holdout,4,1047,headon,vfield,fafc7095ee,ok,0,0,0,0,0,0,3.8889,1.4664,2.7258,2.0438,1.555,1,1,,8450,3.38
grid2:fineNorm,,,PR8_x2,holdout,4,1049,headon,vfield,fafc7095ee,ok,1,0,1,0,0,0,1.8531,0.7438,2.7258,2.0438,1.555,1,1,23.15,8450,3.38
grid2:fineNorm,,,PR8_x2,holdout,4,1051,headon,vfield,fafc7095ee,ok,0,0,0,0,0,0,2.1123,6.2639,2.7258,2.0438,1.555,1,1,,8450,3.35
grid2:fineNorm,,,PR8_x2,holdout,4,1053,headon,vfield,fafc7095ee,ok,1,0,1,0,0,0,2.1532,0.6669,2.7258,2.0438,1.555,1,1,8.85,8450,3.59
grid2:fineNorm,,,PR8_x2,holdout,4,1055,headon,vfield,fafc7095ee,ok,0,0,0,0,0,0,2.505,1.8498,2.7258,2.0438,1.555,1,1,,8450,3.41
grid2:fineNorm,,,PR8_x2,holdout,4,1057,headon,vfield,fafc7095ee,ok,1,0,1,0,0,0,1.6449,0.4154,2.7258,2.0438,1.555,1,1,4.38,8450,3.37
grid2:fineNorm,,,PR8_x2,holdout,4,1059,headon,vfield,fafc7095ee,ok,0,0,0,0,0,0,3.7501,6.2402,2.7258,2.0438,1.555,1,1,,8450,3.35
grid2:fineNorm,,,PR9_x1,holdout,4,1001,headon,vfield,6a21e891f9,ok,0,0,0,0,0,0,2.3273,1.2628,2.7258,2.0438,1.555,1,1,,8450,3.37
grid2:fineNorm,,,PR9_x1,holdout,4,1003,headon,vfield,6a21e891f9,ok,0,0,0,0,0,0,3.2456,4.1834,2.7258,2.0438,1.555,1,1,,8450,3.37
grid2:fineNorm,,,PR9_x1,holdout,4,1005,headon,vfield,6a21e891f9,ok,1,0,0,0,1,0,0.7658,1.111,2.7258,2.0438,1.555,1,1,24.43,8450,3.38
grid2:fineNorm,,,PR9_x1,holdout,4,1007,headon,vfield,6a21e891f9,ok,0,0,0,0,0,0,2.0061,4.0317,2.7258,2.0438,1.555,1,1,,8450,3.37
grid2:fineNorm,,,PR9_x1,holdout,4,1009,headon,vfield,6a21e891f9,ok,1,0,1,0,0,0,1.1585,0.6955,2.7258,2.0438,1.555,1,1,5.12,8450,3.37
grid2:fineNorm,,,PR9_x1,holdout,4,1011,headon,vfield,6a21e891f9,ok,2,0,2,0,0,0,3.102,0.8323,2.7258,2.0438,1.555,1,1,5.23,8450,3.34
grid2:fineNorm,,,PR9_x1,holdout,4,1013,headon,vfield,6a21e891f9,ok,2,0,1,1,0,0,0.4216,0.2295,2.7258,2.0438,1.555,1,1,13.49,8450,3.37
grid2:fineNorm,,,PR9_x1,holdout,4,1015,headon,vfield,6a21e891f9,ok,0,0,0,0,0,0,1.0101,1.5872,2.7258,2.0438,1.555,1,1,,8450,3.43
grid2:fineNorm,,,PR9_x1,holdout,4,1017,headon,vfield,6a21e891f9,ok,0,0,0,0,0,0,3.2664,1.8399,2.7258,2.0438,1.555,1,1,,8450,3.36
grid2:fineNorm,,,PR9_x1,holdout,4,1019,headon,vfield,6a21e891f9,ok,0,0,0,0,0,0,2.9856,4.6511,2.7258,2.0438,1.555,1,1,,8450,3.43
grid2:fineNorm,,,PR9_x1,holdout,4,1021,headon,vfield,6a21e891f9,ok,0,0,0,0,0,0,1.7181,5.0257,2.7258,2.0438,1.555,1,1,,8450,3.36
grid2:fineNorm,,,PR9_x1,holdout,4,1023,headon,vfield,6a21e891f9,ok,0,0,0,0,0,0,3.0402,1.831,2.7258,2.0438,1.555,1,1,,8450,3.36
grid2:fineNorm,,,PR9_x1,holdout,4,1025,headon,vfield,6a21e891f9,ok,1,0,0,0,1,0,0.2253,3.9267,2.7258,2.0438,1.555,1,1,12.94,8450,3.46
grid2:fineNorm,,,PR9_x1,holdout,4,1027,headon,vfield,6a21e891f9,ok,1,0,1,0,0,0,1.2959,0.2005,2.7258,2.0438,1.555,1,1,9.43,8450,3.5
grid2:fineNorm,,,PR9_x1,holdout,4,1029,headon,vfield,6a21e891f9,ok,0,0,0,0,0,0,2.0297,1.5077,2.7258,2.0438,1.555,1,1,,8450,3.43
grid2:fineNorm,,,PR9_x1,holdout,4,1031,headon,vfield,6a21e891f9,ok,1,0,1,0,0,0,1.9899,0.7952,2.7258,2.0438,1.555,1,1,7.35,8450,3.42
grid2:fineNorm,,,PR9_x1,holdout,4,1033,headon,vfield,6a21e891f9,ok,0,0,0,0,0,0,1.7203,1.2031,2.7258,2.0438,1.555,1,1,,8450,3.39
grid2:fineNorm,,,PR9_x1,holdout,4,1035,headon,vfield,6a21e891f9,ok,0,0,0,0,0,0,1.5065,3.9023,2.7258,2.0438,1.555,1,1,,8450,3.39
grid2:fineNorm,,,PR9_x1,holdout,4,1037,headon,vfield,6a21e891f9,ok,0,0,0,0,0,0,2.8234,2.3926,2.7258,2.0438,1.555,1,1,,8450,3.34
grid2:fineNorm,,,PR9_x1,holdout,4,1039,headon,vfield,6a21e891f9,ok,0,0,0,0,0,0,1.2246,4.2094,2.7258,2.0438,1.555,1,1,,8450,3.36
grid2:fineNorm,,,PR9_x1,holdout,4,1041,headon,vfield,6a21e891f9,ok,0,0,0,0,0,0,2.2801,4.2742,2.7258,2.0438,1.555,1,1,,8450,3.35
grid2:fineNorm,,,PR9_x1,holdout,4,1043,headon,vfield,6a21e891f9,ok,0,0,0,0,0,0,3.7867,1.0647,2.7258,2.0438,1.555,1,1,,8450,3.35
grid2:fineNorm,,,PR9_x1,holdout,4,1045,headon,vfield,6a21e891f9,ok,0,0,0,0,0,0,3.204,1.1401,2.7258,2.0438,1.555,1,1,,8450,3.34
grid2:fineNorm,,,PR9_x1,holdout,4,1047,headon,vfield,6a21e891f9,ok,0,0,0,0,0,0,1.265,1.3009,2.7258,2.0438,1.555,1,1,,8450,3.37
grid2:fineNorm,,,PR9_x1,holdout,4,1049,headon,vfield,6a21e891f9,ok,1,0,0,1,0,0,0.702,1.9788,2.7258,2.0438,1.555,1,1,8.75,8450,3.39
grid2:fineNorm,,,PR9_x1,holdout,4,1051,headon,vfield,6a21e891f9,ok,2,0,1,0,1,0,0.6741,0.6105,2.7258,2.0438,1.555,1,1,6.4,8450,3.44
grid2:fineNorm,,,PR9_x1,holdout,4,1053,headon,vfield,6a21e891f9,ok,1,0,1,0,0,0,4.2063,0.3389,2.7258,2.0438,1.555,1,1,4.89,8450,3.38
grid2:fineNorm,,,PR9_x1,holdout,4,1055,headon,vfield,6a21e891f9,ok,0,0,0,0,0,0,2.4348,1.0739,2.7258,2.0438,1.555,1,1,,8450,3.48
grid2:fineNorm,,,PR9_x1,holdout,4,1057,headon,vfield,6a21e891f9,ok,1,0,0,1,0,0,0.5247,5.3613,2.7258,2.0438,1.555,1,1,-30.06,8450,3.37
grid2:fineNorm,,,PR9_x1,holdout,4,1059,headon,vfield,6a21e891f9,ok,1,0,0,1,0,0,0.378,3.8939,2.7258,2.0438,1.555,1,1,24.31,8450,3.41
grid2:fineNorm,,,PR9_x1.25,holdout,4,1001,headon,vfield,84a5260fdf,ok,1,0,0,1,0,0,0.1914,1.4976,2.7258,2.0438,1.555,1,1,21.13,8450,3.42
grid2:fineNorm,,,PR9_x1.25,holdout,4,1003,headon,vfield,84a5260fdf,ok,0,0,0,0,0,0,1.4688,4.1827,2.7258,2.0438,1.555,1,1,,8450,3.36
grid2:fineNorm,,,PR9_x1.25,holdout,4,1005,headon,vfield,84a5260fdf,ok,0,0,0,0,0,0,1.9383,1.6657,2.7258,2.0438,1.555,1,1,,8450,3.38
grid2:fineNorm,,,PR9_x1.25,holdout,4,1007,headon,vfield,84a5260fdf,ok,0,0,0,0,0,0,3.5072,3.123,2.7258,2.0438,1.555,1,1,,8450,3.37
grid2:fineNorm,,,PR9_x1.25,holdout,4,1009,headon,vfield,84a5260fdf,ok,0,0,0,0,0,0,2.3976,5.8565,2.7258,2.0438,1.555,1,1,,8450,3.36
grid2:fineNorm,,,PR9_x1.25,holdout,4,1011,headon,vfield,84a5260fdf,ok,1,0,1,0,0,0,2.3487,0.8566,2.7258,2.0438,1.555,1,1,13.98,8450,3.38
grid2:fineNorm,,,PR9_x1.25,holdout,4,1013,headon,vfield,84a5260fdf,ok,2,0,1,1,0,0,0.75,0.3135,2.7258,2.0438,1.555,1,1,5.83,8450,3.34
grid2:fineNorm,,,PR9_x1.25,holdout,4,1015,headon,vfield,84a5260fdf,ok,0,0,0,0,0,0,1.3491,1.2577,2.7258,2.0438,1.555,1,1,,8450,3.36
grid2:fineNorm,,,PR9_x1.25,holdout,4,1017,headon,vfield,84a5260fdf,ok,0,0,0,0,0,0,1.2987,5.9432,2.7258,2.0438,1.555,1,1,,8450,3.37
grid2:fineNorm,,,PR9_x1.25,holdout,4,1019,headon,vfield,84a5260fdf,ok,0,0,0,0,0,0,1.5057,1.5838,2.7258,2.0438,1.555,1,1,,8450,3.36
grid2:fineNorm,,,PR9_x1.25,holdout,4,1021,headon,vfield,84a5260fdf,ok,0,0,0,0,0,0,1.5705,5.574,2.7258,2.0438,1.555,1,1,,8450,3.39
grid2:fineNorm,,,PR9_x1.25,holdout,4,1023,headon,vfield,84a5260fdf,ok,0,0,0,0,0,0,1.2758,3.7688,2.7258,2.0438,1.555,1,1,,8450,3.42
grid2:fineNorm,,,PR9_x1.25,holdout,4,1025,headon,vfield,84a5260fdf,ok,0,0,0,0,0,0,1.0292,5.741,2.7258,2.0438,1.555,1,1,,8450,3.46
grid2:fineNorm,,,PR9_x1.25,holdout,4,1027,headon,vfield,84a5260fdf,ok,1,0,0,1,0,0,0.1102,2.0619,2.7258,2.0438,1.555,1,1,12.93,8450,3.41
grid2:fineNorm,,,PR9_x1.25,holdout,4,1029,headon,vfield,84a5260fdf,ok,1,0,1,0,0,0,2.1432,0.1609,2.7258,2.0438,1.555,1,1,10.4,8450,3.38
grid2:fineNorm,,,PR9_x1.25,holdout,4,1031,headon,vfield,84a5260fdf,ok,0,0,0,0,0,0,2.8585,5.6203,2.7258,2.0438,1.555,1,1,,8450,3.59
grid2:fineNorm,,,PR9_x1.25,holdout,4,1033,headon,vfield,84a5260fdf,ok,0,0,0,0,0,0,1.314,2.9572,2.7258,2.0438,1.555,1,1,,8450,3.36
grid2:fineNorm,,,PR9_x1.25,holdout,4,1035,headon,vfield,84a5260fdf,ok,0,0,0,0,0,0,1.8659,6.3559,2.7258,2.0438,1.555,1,1,,8450,3.53
grid2:fineNorm,,,PR9_x1.25,holdout,4,1037,headon,vfield,84a5260fdf,ok,0,0,0,0,0,0,3.1676,1.3302,2.7258,2.0438,1.555,1,1,,8450,3.36
grid2:fineNorm,,,PR9_x1.25,holdout,4,1039,headon,vfield,84a5260fdf,ok,0,0,0,0,0,0,1.6462,1.9031,2.7258,2.0438,1.555,1,1,,8450,3.37
grid2:fineNorm,,,PR9_x1.25,holdout,4,1041,headon,vfield,84a5260fdf,ok,1,0,1,0,0,0,2.0784,0.7397,2.7258,2.0438,1.555,1,1,12.99,8450,3.37
grid2:fineNorm,,,PR9_x1.25,holdout,4,1043,headon,vfield,84a5260fdf,ok,0,0,0,0,0,0,1.5704,4.4018,2.7258,2.0438,1.555,1,1,,8450,3.4
grid2:fineNorm,,,PR9_x1.25,holdout,4,1045,headon,vfield,84a5260fdf,ok,0,0,0,0,0,0,1.6698,5.828,2.7258,2.0438,1.555,1,1,,8450,3.36
grid2:fineNorm,,,PR9_x1.25,holdout,4,1047,headon,vfield,84a5260fdf,ok,0,0,0,0,0,0,1.6757,4.8131,2.7258,2.0438,1.555,1,1,,8450,3.38
grid2:fineNorm,,,PR9_x1.25,holdout,4,1049,headon,vfield,84a5260fdf,ok,1,0,1,0,0,0,3.1733,0.7204,2.7258,2.0438,1.555,1,1,4.96,8450,3.41
grid2:fineNorm,,,PR9_x1.25,holdout,4,1051,headon,vfield,84a5260fdf,ok,0,0,0,0,0,0,3.1725,1.1047,2.7258,2.0438,1.555,1,1,,8450,3.36
grid2:fineNorm,,,PR9_x1.25,holdout,4,1053,headon,vfield,84a5260fdf,ok,0,0,0,0,0,0,2.1958,1.4431,2.7258,2.0438,1.555,1,1,,8450,3.36
grid2:fineNorm,,,PR9_x1.25,holdout,4,1055,headon,vfield,84a5260fdf,ok,1,0,1,0,0,0,1.2944,0.5466,2.7258,2.0438,1.555,1,1,14.84,8450,3.44
grid2:fineNorm,,,PR9_x1.25,holdout,4,1057,headon,vfield,84a5260fdf,ok,0,0,0,0,0,0,1.1231,5.5485,2.7258,2.0438,1.555,1,1,,8450,3.41
grid2:fineNorm,,,PR9_x1.25,holdout,4,1059,headon,vfield,84a5260fdf,ok,0,0,0,0,0,0,2.9424,2.2299,2.7258,2.0438,1.555,1,1,,8450,3.4
grid2:fineNorm,,,PR9_x1.5,holdout,4,1001,headon,vfield,4eef1e34f9,ok,1,0,0,1,0,0,0.8569,5.3283,2.7258,2.0438,1.555,1,1,21.41,8450,3.37
grid2:fineNorm,,,PR9_x1.5,holdout,4,1003,headon,vfield,4eef1e34f9,ok,0,0,0,0,0,0,2.7571,5.5113,2.7258,2.0438,1.555,1,1,,8450,3.38
grid2:fineNorm,,,PR9_x1.5,holdout,4,1005,headon,vfield,4eef1e34f9,ok,0,0,0,0,0,0,1.3032,5.7578,2.7258,2.0438,1.555,1,1,,8450,3.41
grid2:fineNorm,,,PR9_x1.5,holdout,4,1007,headon,vfield,4eef1e34f9,ok,0,0,0,0,0,0,1.0227,5.3658,2.7258,2.0438,1.555,1,1,,8450,3.46
grid2:fineNorm,,,PR9_x1.5,holdout,4,1009,headon,vfield,4eef1e34f9,ok,1,0,1,0,0,0,4.0331,0.8935,2.7258,2.0438,1.555,1,1,11.96,8450,3.4
grid2:fineNorm,,,PR9_x1.5,holdout,4,1011,headon,vfield,4eef1e34f9,ok,0,0,0,0,0,0,2.5114,3.0237,2.7258,2.0438,1.555,1,1,,8450,3.38
grid2:fineNorm,,,PR9_x1.5,holdout,4,1013,headon,vfield,4eef1e34f9,ok,0,0,0,0,0,0,3.7316,1.2438,2.7258,2.0438,1.555,1,1,,8450,3.37
grid2:fineNorm,,,PR9_x1.5,holdout,4,1015,headon,vfield,4eef1e34f9,ok,0,0,0,0,0,0,1.8712,1.5642,2.7258,2.0438,1.555,1,1,,8450,3.36
grid2:fineNorm,,,PR9_x1.5,holdout,4,1017,headon,vfield,4eef1e34f9,ok,0,0,0,0,0,0,3.7176,5.56,2.7258,2.0438,1.555,1,1,,8450,3.35
grid2:fineNorm,,,PR9_x1.5,holdout,4,1019,headon,vfield,4eef1e34f9,ok,0,0,0,0,0,0,2.5087,6.1498,2.7258,2.0438,1.555,1,1,,8450,3.36
grid2:fineNorm,,,PR9_x1.5,holdout,4,1021,headon,vfield,4eef1e34f9,ok,0,0,0,0,0,0,1.8216,6.2013,2.7258,2.0438,1.555,1,1,,8450,3.33
grid2:fineNorm,,,PR9_x1.5,holdout,4,1023,headon,vfield,4eef1e34f9,ok,1,0,0,0,1,0,0.3666,5.291,2.7258,2.0438,1.555,1,1,13.54,8450,3.37
grid2:fineNorm,,,PR9_x1.5,holdout,4,1025,headon,vfield,4eef1e34f9,ok,0,0,0,0,0,0,1.1476,3.5378,2.7258,2.0438,1.555,1,1,,8450,3.34
grid2:fineNorm,,,PR9_x1.5,holdout,4,1027,headon,vfield,4eef1e34f9,ok,1,0,1,0,0,0,2.7758,0.4667,2.7258,2.0438,1.555,1,1,8.11,8450,3.33
grid2:fineNorm,,,PR9_x1.5,holdout,4,1029,headon,vfield,4eef1e34f9,ok,1,0,1,0,0,0,3.0761,0.0129,2.7258,2.0438,1.555,1,1,5.94,8450,3.35
grid2:fineNorm,,,PR9_x1.5,holdout,4,1031,headon,vfield,4eef1e34f9,ok,0,0,0,0,0,0,1.613,5.7601,2.7258,2.0438,1.555,1,1,,8450,3.35
grid2:fineNorm,,,PR9_x1.5,holdout,4,1033,headon,vfield,4eef1e34f9,ok,0,0,0,0,0,0,1.0506,1.3857,2.7258,2.0438,1.555,1,1,,8450,3.37
grid2:fineNorm,,,PR9_x1.5,holdout,4,1035,headon,vfield,4eef1e34f9,ok,0,0,0,0,0,0,4.2672,4.6228,2.7258,2.0438,1.555,1,1,,8450,3.45
grid2:fineNorm,,,PR9_x1.5,holdout,4,1037,headon,vfield,4eef1e34f9,ok,0,0,0,0,0,0,2.5171,4.7163,2.7258,2.0438,1.555,1,1,,8450,3.38
grid2:fineNorm,,,PR9_x1.5,holdout,4,1039,headon,vfield,4eef1e34f9,ok,0,0,0,0,0,0,3.2072,5.485,2.7258,2.0438,1.555,1,1,,8450,3.37
grid2:fineNorm,,,PR9_x1.5,holdout,4,1041,headon,vfield,4eef1e34f9,ok,0,0,0,0,0,0,2.5835,1.6425,2.7258,2.0438,1.555,1,1,,8450,3.36
grid2:fineNorm,,,PR9_x1.5,holdout,4,1043,headon,vfield,4eef1e34f9,ok,1,0,0,1,0,0,0.3056,5.8619,2.7258,2.0438,1.555,1,1,21.12,8450,3.35
grid2:fineNorm,,,PR9_x1.5,holdout,4,1045,headon,vfield,4eef1e34f9,ok,0,0,0,0,0,0,2.0714,5.7024,2.7258,2.0438,1.555,1,1,,8450,3.37
grid2:fineNorm,,,PR9_x1.5,holdout,4,1047,headon,vfield,4eef1e34f9,ok,0,0,0,0,0,0,1.8247,3.8062,2.7258,2.0438,1.555,1,1,,8450,3.36
grid2:fineNorm,,,PR9_x1.5,holdout,4,1049,headon,vfield,4eef1e34f9,ok,1,0,0,1,0,0,0.4532,2.5136,2.7258,2.0438,1.555,1,1,16.25,8450,3.35
grid2:fineNorm,,,PR9_x1.5,holdout,4,1051,headon,vfield,4eef1e34f9,ok,0,0,0,0,0,0,4.7036,2.2949,2.7258,2.0438,1.555,1,1,,8450,3.6
grid2:fineNorm,,,PR9_x1.5,holdout,4,1053,headon,vfield,4eef1e34f9,ok,0,0,0,0,0,0,3.3373,3.1108,2.7258,2.0438,1.555,1,1,,8450,3.37
grid2:fineNorm,,,PR9_x1.5,holdout,4,1055,headon,vfield,4eef1e34f9,ok,0,0,0,0,0,0,1.06,5.9007,2.7258,2.0438,1.555,1,1,,8450,3.38
grid2:fineNorm,,,PR9_x1.5,holdout,4,1057,headon,vfield,4eef1e34f9,ok,1,0,1,0,0,0,2.3828,0.1293,2.7258,2.0438,1.555,1,1,4.11,8450,3.47
grid2:fineNorm,,,PR9_x1.5,holdout,4,1059,headon,vfield,4eef1e34f9,ok,0,0,0,0,0,0,3.9049,5.3224,2.7258,2.0438,1.555,1,1,,8450,3.36
grid2:fineNorm,,,PR9_x2,holdout,4,1001,headon,vfield,4b0efc3703,ok,0,0,0,0,0,0,2.3392,5.7114,2.7258,2.0438,1.555,1,1,,8450,3.39
grid2:fineNorm,,,PR9_x2,holdout,4,1003,headon,vfield,4b0efc3703,ok,0,0,0,0,0,0,1.0756,6.0973,2.7258,2.0438,1.555,1,1,,8450,3.37
grid2:fineNorm,,,PR9_x2,holdout,4,1005,headon,vfield,4b0efc3703,ok,0,0,0,0,0,0,2.6775,1.5183,2.7258,2.0438,1.555,1,1,,8450,3.37
grid2:fineNorm,,,PR9_x2,holdout,4,1007,headon,vfield,4b0efc3703,ok,0,0,0,0,0,0,2.9762,3.3779,2.7258,2.0438,1.555,1,1,,8450,3.4
grid2:fineNorm,,,PR9_x2,holdout,4,1009,headon,vfield,4b0efc3703,ok,2,0,2,0,0,0,2.6367,0.2545,2.7258,2.0438,1.555,1,1,9.24,8450,3.36
grid2:fineNorm,,,PR9_x2,holdout,4,1011,headon,vfield,4b0efc3703,ok,0,0,0,0,0,0,1.5179,1.0318,2.7258,2.0438,1.555,1,1,,8450,3.42
grid2:fineNorm,,,PR9_x2,holdout,4,1013,headon,vfield,4b0efc3703,ok,0,0,0,0,0,0,1.5471,6.0321,2.7258,2.0438,1.555,1,1,,8450,3.42
grid2:fineNorm,,,PR9_x2,holdout,4,1015,headon,vfield,4b0efc3703,ok,1,0,1,0,0,0,2.0492,0.6242,2.7258,2.0438,1.555,1,1,7.96,8450,3.39
grid2:fineNorm,,,PR9_x2,holdout,4,1017,headon,vfield,4b0efc3703,ok,0,0,0,0,0,0,2.794,4.3378,2.7258,2.0438,1.555,1,1,,8450,3.37
grid2:fineNorm,,,PR9_x2,holdout,4,1019,headon,vfield,4b0efc3703,ok,1,0,1,0,0,0,2.1748,0.0129,2.7258,2.0438,1.555,1,1,13.34,8450,3.36
grid2:fineNorm,,,PR9_x2,holdout,4,1021,headon,vfield,4b0efc3703,ok,0,0,0,0,0,0,2.7529,1.2464,2.7258,2.0438,1.555,1,1,,8450,3.4
grid2:fineNorm,,,PR9_x2,holdout,4,1023,headon,vfield,4b0efc3703,ok,1,0,1,0,0,0,3.3703,0.5355,2.7258,2.0438,1.555,1,1,7.11,8450,3.41
grid2:fineNorm,,,PR9_x2,holdout,4,1025,headon,vfield,4b0efc3703,ok,0,0,0,0,0,0,3.4959,5.84,2.7258,2.0438,1.555,1,1,,8450,3.39
grid2:fineNorm,,,PR9_x2,holdout,4,1027,headon,vfield,4b0efc3703,ok,0,0,0,0,0,0,3.1368,3.3772,2.7258,2.0438,1.555,1,1,,8450,3.35
grid2:fineNorm,,,PR9_x2,holdout,4,1029,headon,vfield,4b0efc3703,ok,1,0,1,0,0,0,1.9095,0.4038,2.7258,2.0438,1.555,1,1,10.98,8450,3.38
grid2:fineNorm,,,PR9_x2,holdout,4,1031,headon,vfield,4b0efc3703,ok,0,0,0,0,0,0,2.2567,4.3404,2.7258,2.0438,1.555,1,1,,8450,3.34
grid2:fineNorm,,,PR9_x2,holdout,4,1033,headon,vfield,4b0efc3703,ok,1,0,0,1,0,0,0.735,3.3075,2.7258,2.0438,1.555,1,1,24.81,8450,3.34
grid2:fineNorm,,,PR9_x2,holdout,4,1035,headon,vfield,4b0efc3703,ok,0,0,0,0,0,0,3.0506,4.1379,2.7258,2.0438,1.555,1,1,,8450,3.32
grid2:fineNorm,,,PR9_x2,holdout,4,1037,headon,vfield,4b0efc3703,ok,0,0,0,0,0,0,1.6418,5.5798,2.7258,2.0438,1.555,1,1,,8450,3.3
grid2:fineNorm,,,PR9_x2,holdout,4,1039,headon,vfield,4b0efc3703,ok,0,0,0,0,0,0,2.3789,2.4962,2.7258,2.0438,1.555,1,1,,8450,3.3
grid2:fineNorm,,,PR9_x2,holdout,4,1041,headon,vfield,4b0efc3703,ok,0,0,0,0,0,0,2.3877,1.1475,2.7258,2.0438,1.555,1,1,,8450,3.31
grid2:fineNorm,,,PR9_x2,holdout,4,1043,headon,vfield,4b0efc3703,ok,1,0,0,0,1,0,0.7976,5.1151,2.7258,2.0438,1.555,1,1,34.77,8450,3.31
grid2:fineNorm,,,PR9_x2,holdout,4,1045,headon,vfield,4b0efc3703,ok,1,0,1,0,0,0,2.7839,0.0793,2.7258,2.0438,1.555,1,1,6.04,8450,3.32
grid2:fineNorm,,,PR9_x2,holdout,4,1047,headon,vfield,4b0efc3703,ok,1,0,1,0,0,0,3.183,0.4062,2.7258,2.0438,1.555,1,1,9.27,8450,3.36
grid2:fineNorm,,,PR9_x2,holdout,4,1049,headon,vfield,4b0efc3703,ok,0,0,0,0,0,0,1.9994,5.8994,2.7258,2.0438,1.555,1,1,,8450,3.38
grid2:fineNorm,,,PR9_x2,holdout,4,1051,headon,vfield,4b0efc3703,ok,0,0,0,0,0,0,2.4282,4.2806,2.7258,2.0438,1.555,1,1,,8450,3.35
grid2:fineNorm,,,PR9_x2,holdout,4,1053,headon,vfield,4b0efc3703,ok,0,0,0,0,0,0,3.9602,4.2095,2.7258,2.0438,1.555,1,1,,8450,3.3
grid2:fineNorm,,,PR9_x2,holdout,4,1055,headon,vfield,4b0efc3703,ok,0,0,0,0,0,0,1.8359,1.4264,2.7258,2.0438,1.555,1,1,,8450,3.32
grid2:fineNorm,,,PR9_x2,holdout,4,1057,headon,vfield,4b0efc3703,ok,0,0,0,0,0,0,3.2274,6.2932,2.7258,2.0438,1.555,1,1,,8450,3.34
grid2:fineNorm,,,PR9_x2,holdout,4,1059,headon,vfield,4b0efc3703,ok,0,0,0,0,0,0,3.2991,5.1928,2.7258,2.0438,1.555,1,1,,8450,3.38
grid2:fineNorm,,,PR10_x1,holdout,4,1001,headon,vfield,e8d1ad2469,ok,1,0,0,1,0,0,0.3108,1.1457,2.7258,2.0438,1.555,1,1,21.85,8450,3.35
grid2:fineNorm,,,PR10_x1,holdout,4,1003,headon,vfield,e8d1ad2469,ok,1,0,1,0,0,0,2.8538,0.6508,2.7258,2.0438,1.555,1,1,11.59,8450,3.37
grid2:fineNorm,,,PR10_x1,holdout,4,1005,headon,vfield,e8d1ad2469,ok,1,0,1,0,0,0,3.5096,0.928,2.7258,2.0438,1.555,1,1,13.55,8450,3.35
grid2:fineNorm,,,PR10_x1,holdout,4,1007,headon,vfield,e8d1ad2469,ok,0,0,0,0,0,0,3.3525,2.0877,2.7258,2.0438,1.555,1,1,,8450,3.36
grid2:fineNorm,,,PR10_x1,holdout,4,1009,headon,vfield,e8d1ad2469,ok,1,0,0,1,0,0,0.0587,1.2216,2.7258,2.0438,1.555,1,1,32.72,8450,3.37
grid2:fineNorm,,,PR10_x1,holdout,4,1011,headon,vfield,e8d1ad2469,ok,0,0,0,0,0,0,4.1698,3.1267,2.7258,2.0438,1.555,1,1,,8450,3.36
grid2:fineNorm,,,PR10_x1,holdout,4,1013,headon,vfield,e8d1ad2469,ok,1,0,0,0,1,0,0.8992,1.2437,2.7258,2.0438,1.555,1,1,25.49,8450,3.33
grid2:fineNorm,,,PR10_x1,holdout,4,1015,headon,vfield,e8d1ad2469,ok,1,0,0,0,1,0,0.0487,2.5741,2.7258,2.0438,1.555,1,1,15.29,8450,3.32
grid2:fineNorm,,,PR10_x1,holdout,4,1017,headon,vfield,e8d1ad2469,ok,0,0,0,0,0,0,2.7516,1.674,2.7258,2.0438,1.555,1,1,,8450,3.37
grid2:fineNorm,,,PR10_x1,holdout,4,1019,headon,vfield,e8d1ad2469,ok,0,0,0,0,0,0,3.0353,1.2324,2.7258,2.0438,1.555,1,1,,8450,3.36
grid2:fineNorm,,,PR10_x1,holdout,4,1021,headon,vfield,e8d1ad2469,ok,1,0,1,0,0,0,1.5986,0.929,2.7258,2.0438,1.555,1,1,11.17,8450,3.33
grid2:fineNorm,,,PR10_x1,holdout,4,1023,headon,vfield,e8d1ad2469,ok,2,0,1,0,1,0,0.2898,0.6416,2.7258,2.0438,1.555,1,1,13.37,8450,3.31
grid2:fineNorm,,,PR10_x1,holdout,4,1025,headon,vfield,e8d1ad2469,ok,0,0,0,0,0,0,1.9899,4.3431,2.7258,2.0438,1.555,1,1,,8450,3.39
grid2:fineNorm,,,PR10_x1,holdout,4,1027,headon,vfield,e8d1ad2469,ok,0,0,0,0,0,0,1.8739,4.8148,2.7258,2.0438,1.555,1,1,,8450,3.4
grid2:fineNorm,,,PR10_x1,holdout,4,1029,headon,vfield,e8d1ad2469,ok,0,0,0,0,0,0,2.2681,1.1731,2.7258,2.0438,1.555,1,1,,8450,3.34
grid2:fineNorm,,,PR10_x1,holdout,4,1031,headon,vfield,e8d1ad2469,ok,0,0,0,0,0,0,2.9072,1.8532,2.7258,2.0438,1.555,1,1,,8450,3.3
grid2:fineNorm,,,PR10_x1,holdout,4,1033,headon,vfield,e8d1ad2469,ok,0,0,0,0,0,0,3.7962,1.2348,2.7258,2.0438,1.555,1,1,,8450,3.3
grid2:fineNorm,,,PR10_x1,holdout,4,1035,headon,vfield,e8d1ad2469,ok,1,0,1,0,0,0,3.2307,0.5992,2.7258,2.0438,1.555,1,1,12.77,8450,3.33
grid2:fineNorm,,,PR10_x1,holdout,4,1037,headon,vfield,e8d1ad2469,ok,0,0,0,0,0,0,2.5658,1.6205,2.7258,2.0438,1.555,1,1,,8450,3.29
grid2:fineNorm,,,PR10_x1,holdout,4,1039,headon,vfield,e8d1ad2469,ok,0,0,0,0,0,0,1.228,1.2779,2.7258,2.0438,1.555,1,1,,8450,3.32
grid2:fineNorm,,,PR10_x1,holdout,4,1041,headon,vfield,e8d1ad2469,ok,0,0,0,0,0,0,2.4443,1.5426,2.7258,2.0438,1.555,1,1,,8450,3.35
grid2:fineNorm,,,PR10_x1,holdout,4,1043,headon,vfield,e8d1ad2469,ok,2,0,1,1,0,0,0.2402,0.1799,2.7258,2.0438,1.555,1,1,13.75,8450,3.33
grid2:fineNorm,,,PR10_x1,holdout,4,1045,headon,vfield,e8d1ad2469,ok,0,0,0,0,0,0,4.7821,1.2107,2.7258,2.0438,1.555,1,1,,8450,3.3
grid2:fineNorm,,,PR10_x1,holdout,4,1047,headon,vfield,e8d1ad2469,ok,0,0,0,0,0,0,3.0928,3.6187,2.7258,2.0438,1.555,1,1,,8450,3.31
grid2:fineNorm,,,PR10_x1,holdout,4,1049,headon,vfield,e8d1ad2469,ok,2,0,1,0,1,0,0.8528,0.0557,2.7258,2.0438,1.555,1,1,12.12,8450,3.3
grid2:fineNorm,,,PR10_x1,holdout,4,1051,headon,vfield,e8d1ad2469,ok,0,0,0,0,0,0,1.0085,4.0155,2.7258,2.0438,1.555,1,1,,8450,3.33
grid2:fineNorm,,,PR10_x1,holdout,4,1053,headon,vfield,e8d1ad2469,ok,0,0,0,0,0,0,2.6787,1.1271,2.7258,2.0438,1.555,1,1,,8450,3.34
grid2:fineNorm,,,PR10_x1,holdout,4,1055,headon,vfield,e8d1ad2469,ok,0,0,0,0,0,0,4.3138,2.6164,2.7258,2.0438,1.555,1,1,,8450,3.32
grid2:fineNorm,,,PR10_x1,holdout,4,1057,headon,vfield,e8d1ad2469,ok,1,0,0,1,0,0,0.8033,4.1784,2.7258,2.0438,1.555,1,1,-29.43,8450,3.31
grid2:fineNorm,,,PR10_x1,holdout,4,1059,headon,vfield,e8d1ad2469,ok,1,0,1,0,0,0,2.2376,0.8004,2.7258,2.0438,1.555,1,1,13.63,8450,3.32
grid2:fineNorm,,,PR10_x1.25,holdout,4,1001,headon,vfield,7d7c5dd06a,ok,0,0,0,0,0,0,2.5685,4.2516,2.7258,2.0438,1.555,1,1,,8450,3.35
grid2:fineNorm,,,PR10_x1.25,holdout,4,1003,headon,vfield,7d7c5dd06a,ok,0,0,0,0,0,0,2.4804,1.0857,2.7258,2.0438,1.555,1,1,,8450,3.35
grid2:fineNorm,,,PR10_x1.25,holdout,4,1005,headon,vfield,7d7c5dd06a,ok,1,0,1,0,0,0,1.9992,0.3027,2.7258,2.0438,1.555,1,1,12.28,8450,3.36
grid2:fineNorm,,,PR10_x1.25,holdout,4,1007,headon,vfield,7d7c5dd06a,ok,1,0,1,0,0,0,2.5779,0.6924,2.7258,2.0438,1.555,1,1,11.64,8450,3.3
grid2:fineNorm,,,PR10_x1.25,holdout,4,1009,headon,vfield,7d7c5dd06a,ok,0,0,0,0,0,0,2.0256,2.4399,2.7258,2.0438,1.555,1,1,,8450,3.39
grid2:fineNorm,,,PR10_x1.25,holdout,4,1011,headon,vfield,7d7c5dd06a,ok,0,0,0,0,0,0,2.3276,2.5798,2.7258,2.0438,1.555,1,1,,8450,3.33
grid2:fineNorm,,,PR10_x1.25,holdout,4,1013,headon,vfield,7d7c5dd06a,ok,1,0,0,1,0,0,0.6881,1.6463,2.7258,2.0438,1.555,1,1,32.5,8450,3.36
grid2:fineNorm,,,PR10_x1.25,holdout,4,1015,headon,vfield,7d7c5dd06a,ok,0,0,0,0,0,0,1.7967,1.1,2.7258,2.0438,1.555,1,1,,8450,3.33
grid2:fineNorm,,,PR10_x1.25,holdout,4,1017,headon,vfield,7d7c5dd06a,ok,1,0,0,1,0,0,0.2683,1.7601,2.7258,2.0438,1.555,1,1,20.28,8450,3.31
grid2:fineNorm,,,PR10_x1.25,holdout,4,1019,headon,vfield,7d7c5dd06a,ok,0,0,0,0,0,0,1.804,3.4659,2.7258,2.0438,1.555,1,1,,8450,3.36
grid2:fineNorm,,,PR10_x1.25,holdout,4,1021,headon,vfield,7d7c5dd06a,ok,0,0,0,0,0,0,3.3097,1.8891,2.7258,2.0438,1.555,1,1,,8450,3.38
grid2:fineNorm,,,PR10_x1.25,holdout,4,1023,headon,vfield,7d7c5dd06a,ok,0,0,0,0,0,0,4.4426,3.8901,2.7258,2.0438,1.555,1,1,,8450,3.35
grid2:fineNorm,,,PR10_x1.25,holdout,4,1025,headon,vfield,7d7c5dd06a,ok,1,0,1,0,0,0,1.042,0.4525,2.7258,2.0438,1.555,1,1,12.02,8450,3.32
grid2:fineNorm,,,PR10_x1.25,holdout,4,1027,headon,vfield,7d7c5dd06a,ok,0,0,0,0,0,0,2.5975,3.6716,2.7258,2.0438,1.555,1,1,,8450,3.32
grid2:fineNorm,,,PR10_x1.25,holdout,4,1029,headon,vfield,7d7c5dd06a,ok,0,0,0,0,0,0,1.0347,1.1865,2.7258,2.0438,1.555,1,1,,8450,3.31
grid2:fineNorm,,,PR10_x1.25,holdout,4,1031,headon,vfield,7d7c5dd06a,ok,0,0,0,0,0,0,1.8746,2.0437,2.7258,2.0438,1.555,1,1,,8450,3.3
grid2:fineNorm,,,PR10_x1.25,holdout,4,1033,headon,vfield,7d7c5dd06a,ok,0,0,0,0,0,0,4.081,3.4545,2.7258,2.0438,1.555,1,1,,8450,3.3
grid2:fineNorm,,,PR10_x1.25,holdout,4,1035,headon,vfield,7d7c5dd06a,ok,1,0,1,0,0,0,4.7295,0.0783,2.7258,2.0438,1.555,1,1,14.6,8450,3.33
grid2:fineNorm,,,PR10_x1.25,holdout,4,1037,headon,vfield,7d7c5dd06a,ok,0,0,0,0,0,0,1.9237,1.1609,2.7258,2.0438,1.555,1,1,,8450,3.41
grid2:fineNorm,,,PR10_x1.25,holdout,4,1039,headon,vfield,7d7c5dd06a,ok,1,0,1,0,0,0,1.8056,0.1024,2.7258,2.0438,1.555,1,1,14.13,8450,3.37
grid2:fineNorm,,,PR10_x1.25,holdout,4,1041,headon,vfield,7d7c5dd06a,ok,0,0,0,0,0,0,1.0468,1.0767,2.7258,2.0438,1.555,1,1,,8450,3.37
grid2:fineNorm,,,PR10_x1.25,holdout,4,1043,headon,vfield,7d7c5dd06a,ok,1,0,0,1,0,0,0.3929,2.3928,2.7258,2.0438,1.555,1,1,21.19,8450,3.37
grid2:fineNorm,,,PR10_x1.25,holdout,4,1045,headon,vfield,7d7c5dd06a,ok,0,0,0,0,0,0,1.8435,1.0134,2.7258,2.0438,1.555,1,1,,8450,3.34
grid2:fineNorm,,,PR10_x1.25,holdout,4,1047,headon,vfield,7d7c5dd06a,ok,0,0,0,0,0,0,1.8346,3.2671,2.7258,2.0438,1.555,1,1,,8450,3.32
grid2:fineNorm,,,PR10_x1.25,holdout,4,1049,headon,vfield,7d7c5dd06a,ok,0,0,0,0,0,0,2.3226,1.4137,2.7258,2.0438,1.555,1,1,,8450,3.31
grid2:fineNorm,,,PR10_x1.25,holdout,4,1051,headon,vfield,7d7c5dd06a,ok,1,0,0,0,1,0,0.9098,2.3495,2.7258,2.0438,1.555,1,1,32.33,8450,3.47
grid2:fineNorm,,,PR10_x1.25,holdout,4,1053,headon,vfield,7d7c5dd06a,ok,0,0,0,0,0,0,1.2112,3.1131,2.7258,2.0438,1.555,1,1,,8450,3.35
grid2:fineNorm,,,PR10_x1.25,holdout,4,1055,headon,vfield,7d7c5dd06a,ok,0,0,0,0,0,0,1.4847,2.0583,2.7258,2.0438,1.555,1,1,,8450,3.33
grid2:fineNorm,,,PR10_x1.25,holdout,4,1057,headon,vfield,7d7c5dd06a,ok,0,0,0,0,0,0,1.3525,1.0589,2.7258,2.0438,1.555,1,1,,8450,3.41
grid2:fineNorm,,,PR10_x1.25,holdout,4,1059,headon,vfield,7d7c5dd06a,ok,0,0,0,0,0,0,1.1731,3.2369,2.7258,2.0438,1.555,1,1,,8450,3.35
grid2:fineNorm,,,PR10_x1.5,holdout,4,1001,headon,vfield,8680a8801d,ok,0,0,0,0,0,0,3.2933,2.3199,2.7258,2.0438,1.555,1,1,,8450,3.35
grid2:fineNorm,,,PR10_x1.5,holdout,4,1003,headon,vfield,8680a8801d,ok,0,0,0,0,0,0,2.0258,1.399,2.7258,2.0438,1.555,1,1,,8450,3.31
grid2:fineNorm,,,PR10_x1.5,holdout,4,1005,headon,vfield,8680a8801d,ok,0,0,0,0,0,0,2.4592,4.4851,2.7258,2.0438,1.555,1,1,,8450,3.34
grid2:fineNorm,,,PR10_x1.5,holdout,4,1007,headon,vfield,8680a8801d,ok,1,0,1,0,0,0,2.4513,0.9313,2.7258,2.0438,1.555,1,1,11.93,8450,3.31
grid2:fineNorm,,,PR10_x1.5,holdout,4,1009,headon,vfield,8680a8801d,ok,1,0,1,0,0,0,2.0722,0.2489,2.7258,2.0438,1.555,1,1,13.67,8450,3.32
grid2:fineNorm,,,PR10_x1.5,holdout,4,1011,headon,vfield,8680a8801d,ok,0,0,0,0,0,0,3.3122,5.2875,2.7258,2.0438,1.555,1,1,,8450,3.34
grid2:fineNorm,,,PR10_x1.5,holdout,4,1013,headon,vfield,8680a8801d,ok,1,0,0,0,1,0,0.8252,4.0048,2.7258,2.0438,1.555,1,1,35.45,8450,3.31
grid2:fineNorm,,,PR10_x1.5,holdout,4,1015,headon,vfield,8680a8801d,ok,0,0,0,0,0,0,2.6726,3.857,2.7258,2.0438,1.555,1,1,,8450,3.32
grid2:fineNorm,,,PR10_x1.5,holdout,4,1017,headon,vfield,8680a8801d,ok,1,0,1,0,0,0,4.3359,0.0484,2.7258,2.0438,1.555,1,1,11.08,8450,3.38
grid2:fineNorm,,,PR10_x1.5,holdout,4,1019,headon,vfield,8680a8801d,ok,1,0,1,0,0,0,2.4954,0.417,2.7258,2.0438,1.555,1,1,12.26,8450,3.32
grid2:fineNorm,,,PR10_x1.5,holdout,4,1021,headon,vfield,8680a8801d,ok,1,0,0,0,1,0,0.8862,4.8881,2.7258,2.0438,1.555,1,1,14.64,8450,3.41
grid2:fineNorm,,,PR10_x1.5,holdout,4,1023,headon,vfield,8680a8801d,ok,0,0,0,0,0,0,2.1953,1.2514,2.7258,2.0438,1.555,1,1,,8450,3.37
grid2:fineNorm,,,PR10_x1.5,holdout,4,1025,headon,vfield,8680a8801d,ok,1,0,0,1,0,0,0.6859,1.7038,2.7258,2.0438,1.555,1,1,22.17,8450,3.37
grid2:fineNorm,,,PR10_x1.5,holdout,4,1027,headon,vfield,8680a8801d,ok,1,0,1,0,0,0,3.9703,0.8689,2.7258,2.0438,1.555,1,1,8.05,8450,3.38
grid2:fineNorm,,,PR10_x1.5,holdout,4,1029,headon,vfield,8680a8801d,ok,0,0,0,0,0,0,1.1515,1.2976,2.7258,2.0438,1.555,1,1,,8450,3.36
grid2:fineNorm,,,PR10_x1.5,holdout,4,1031,headon,vfield,8680a8801d,ok,1,0,1,0,0,0,4.2202,0.1815,2.7258,2.0438,1.555,1,1,12.26,8450,3.38
grid2:fineNorm,,,PR10_x1.5,holdout,4,1033,headon,vfield,8680a8801d,ok,0,0,0,0,0,0,3.4183,3.6118,2.7258,2.0438,1.555,1,1,,8450,3.35
grid2:fineNorm,,,PR10_x1.5,holdout,4,1035,headon,vfield,8680a8801d,ok,0,0,0,0,0,0,1.8175,2.4253,2.7258,2.0438,1.555,1,1,,8450,3.38
grid2:fineNorm,,,PR10_x1.5,holdout,4,1037,headon,vfield,8680a8801d,ok,1,0,1,0,0,0,2.2322,0.6101,2.7258,2.0438,1.555,1,1,11.84,8450,3.38
grid2:fineNorm,,,PR10_x1.5,holdout,4,1039,headon,vfield,8680a8801d,ok,0,0,0,0,0,0,3.8973,4.9694,2.7258,2.0438,1.555,1,1,,8450,3.35
grid2:fineNorm,,,PR10_x1.5,holdout,4,1041,headon,vfield,8680a8801d,ok,0,0,0,0,0,0,3.6228,1.9352,2.7258,2.0438,1.555,1,1,,8450,3.35
grid2:fineNorm,,,PR10_x1.5,holdout,4,1043,headon,vfield,8680a8801d,ok,0,0,0,0,0,0,2.1708,3.4734,2.7258,2.0438,1.555,1,1,,8450,3.34
grid2:fineNorm,,,PR10_x1.5,holdout,4,1045,headon,vfield,8680a8801d,ok,0,0,0,0,0,0,2.6925,5.1242,2.7258,2.0438,1.555,1,1,,8450,3.33
grid2:fineNorm,,,PR10_x1.5,holdout,4,1047,headon,vfield,8680a8801d,ok,1,0,1,0,0,0,1.4778,0.0445,2.7258,2.0438,1.555,1,1,11.89,8450,3.33
grid2:fineNorm,,,PR10_x1.5,holdout,4,1049,headon,vfield,8680a8801d,ok,0,0,0,0,0,0,1.3209,1.5868,2.7258,2.0438,1.555,1,1,,8450,3.41
grid2:fineNorm,,,PR10_x1.5,holdout,4,1051,headon,vfield,8680a8801d,ok,0,0,0,0,0,0,3.6191,1.2847,2.7258,2.0438,1.555,1,1,,8450,3.37
grid2:fineNorm,,,PR10_x1.5,holdout,4,1053,headon,vfield,8680a8801d,ok,1,0,1,0,0,0,2.5067,0.2449,2.7258,2.0438,1.555,1,1,13.99,8450,3.34
grid2:fineNorm,,,PR10_x1.5,holdout,4,1055,headon,vfield,8680a8801d,ok,0,0,0,0,0,0,2.4802,3.1155,2.7258,2.0438,1.555,1,1,,8450,3.3
grid2:fineNorm,,,PR10_x1.5,holdout,4,1057,headon,vfield,8680a8801d,ok,0,0,0,0,0,0,3.0261,4.8151,2.7258,2.0438,1.555,1,1,,8450,3.35
grid2:fineNorm,,,PR10_x1.5,holdout,4,1059,headon,vfield,8680a8801d,ok,0,0,0,0,0,0,3.0526,4.9558,2.7258,2.0438,1.555,1,1,,8450,3.39
grid2:fineNorm,,,PR10_x2,holdout,4,1001,headon,vfield,8b8841a0ee,ok,0,0,0,0,0,0,3.2242,2.1564,2.7258,2.0438,1.555,1,1,,8450,3.41
grid2:fineNorm,,,PR10_x2,holdout,4,1003,headon,vfield,8b8841a0ee,ok,1,0,1,0,0,0,1.4723,0.7514,2.7258,2.0438,1.555,1,1,11.81,8450,3.36
grid2:fineNorm,,,PR10_x2,holdout,4,1005,headon,vfield,8b8841a0ee,ok,0,0,0,0,0,0,4.6056,2.9946,2.7258,2.0438,1.555,1,1,,8450,3.39
grid2:fineNorm,,,PR10_x2,holdout,4,1007,headon,vfield,8b8841a0ee,ok,1,0,1,0,0,0,1.5856,0.4326,2.7258,2.0438,1.555,1,1,11.82,8450,3.38
grid2:fineNorm,,,PR10_x2,holdout,4,1009,headon,vfield,8b8841a0ee,ok,0,0,0,0,0,0,4.6705,3.6793,2.7258,2.0438,1.555,1,1,,8450,3.31
grid2:fineNorm,,,PR10_x2,holdout,4,1011,headon,vfield,8b8841a0ee,ok,1,0,1,0,0,0,3.7281,0.7018,2.7258,2.0438,1.555,1,1,13.54,8450,3.32
grid2:fineNorm,,,PR10_x2,holdout,4,1013,headon,vfield,8b8841a0ee,ok,1,0,1,0,0,0,1.9316,0.8271,2.7258,2.0438,1.555,1,1,14.26,8450,3.32
grid2:fineNorm,,,PR10_x2,holdout,4,1015,headon,vfield,8b8841a0ee,ok,0,0,0,0,0,0,1.9118,3.0576,2.7258,2.0438,1.555,1,1,,8450,3.35
grid2:fineNorm,,,PR10_x2,holdout,4,1017,headon,vfield,8b8841a0ee,ok,0,0,0,0,0,0,4.8948,3.0852,2.7258,2.0438,1.555,1,1,,8450,3.36
grid2:fineNorm,,,PR10_x2,holdout,4,1019,headon,vfield,8b8841a0ee,ok,0,0,0,0,0,0,1.6647,1.0167,2.7258,2.0438,1.555,1,1,,8450,3.4
grid2:fineNorm,,,PR10_x2,holdout,4,1021,headon,vfield,8b8841a0ee,ok,0,0,0,0,0,0,3.0723,1.1769,2.7258,2.0438,1.555,1,1,,8450,3.34
grid2:fineNorm,,,PR10_x2,holdout,4,1023,headon,vfield,8b8841a0ee,ok,0,0,0,0,0,0,3.1052,3.2233,2.7258,2.0438,1.555,1,1,,8450,3.38
grid2:fineNorm,,,PR10_x2,holdout,4,1025,headon,vfield,8b8841a0ee,ok,0,0,0,0,0,0,4.0751,1.3743,2.7258,2.0438,1.555,1,1,,8450,3.33
grid2:fineNorm,,,PR10_x2,holdout,4,1027,headon,vfield,8b8841a0ee,ok,0,0,0,0,0,0,2.9801,1.6741,2.7258,2.0438,1.555,1,1,,8450,3.31
grid2:fineNorm,,,PR10_x2,holdout,4,1029,headon,vfield,8b8841a0ee,ok,0,0,0,0,0,0,3.3588,4.9223,2.7258,2.0438,1.555,1,1,,8450,3.53
grid2:fineNorm,,,PR10_x2,holdout,4,1031,headon,vfield,8b8841a0ee,ok,0,0,0,0,0,0,2.4723,1.8395,2.7258,2.0438,1.555,1,1,,8450,3.4
grid2:fineNorm,,,PR10_x2,holdout,4,1033,headon,vfield,8b8841a0ee,ok,0,0,0,0,0,0,2.5184,4.1878,2.7258,2.0438,1.555,1,1,,8450,3.58
grid2:fineNorm,,,PR10_x2,holdout,4,1035,headon,vfield,8b8841a0ee,ok,0,0,0,0,0,0,4.3101,3.4545,2.7258,2.0438,1.555,1,1,,8450,3.37
grid2:fineNorm,,,PR10_x2,holdout,4,1037,headon,vfield,8b8841a0ee,ok,0,0,0,0,0,0,1.5924,1.6492,2.7258,2.0438,1.555,1,1,,8450,3.43
grid2:fineNorm,,,PR10_x2,holdout,4,1039,headon,vfield,8b8841a0ee,ok,0,0,0,0,0,0,1.7936,1.4327,2.7258,2.0438,1.555,1,1,,8450,3.36
grid2:fineNorm,,,PR10_x2,holdout,4,1041,headon,vfield,8b8841a0ee,ok,1,0,1,0,0,0,3.3248,0.8846,2.7258,2.0438,1.555,1,1,10.88,8450,3.34
grid2:fineNorm,,,PR10_x2,holdout,4,1043,headon,vfield,8b8841a0ee,ok,0,0,0,0,0,0,1.8656,4.593,2.7258,2.0438,1.555,1,1,,8450,3.33
grid2:fineNorm,,,PR10_x2,holdout,4,1045,headon,vfield,8b8841a0ee,ok,0,0,0,0,0,0,4.2795,2.9762,2.7258,2.0438,1.555,1,1,,8450,3.35
grid2:fineNorm,,,PR10_x2,holdout,4,1047,headon,vfield,8b8841a0ee,ok,0,0,0,0,0,0,4.8629,1.4102,2.7258,2.0438,1.555,1,1,,8450,3.34
grid2:fineNorm,,,PR10_x2,holdout,4,1049,headon,vfield,8b8841a0ee,ok,0,0,0,0,0,0,3.6901,1.4841,2.7258,2.0438,1.555,1,1,,8450,3.31
grid2:fineNorm,,,PR10_x2,holdout,4,1051,headon,vfield,8b8841a0ee,ok,0,0,0,0,0,0,3.5385,2.1951,2.7258,2.0438,1.555,1,1,,8450,3.34
grid2:fineNorm,,,PR10_x2,holdout,4,1053,headon,vfield,8b8841a0ee,ok,1,0,1,0,0,0,1.7464,0.2399,2.7258,2.0438,1.555,1,1,13.99,8450,3.36
grid2:fineNorm,,,PR10_x2,holdout,4,1055,headon,vfield,8b8841a0ee,ok,1,0,1,0,0,0,1.3728,0.8266,2.7258,2.0438,1.555,1,1,14.19,8450,3.32
grid2:fineNorm,,,PR10_x2,holdout,4,1057,headon,vfield,8b8841a0ee,ok,0,0,0,0,0,0,3.1961,6.3563,2.7258,2.0438,1.555,1,1,,8450,3.31
grid2:fineNorm,,,PR10_x2,holdout,4,1059,headon,vfield,8b8841a0ee,ok,0,0,0,0,0,0,3.2058,5.4136,2.7258,2.0438,1.555,1,1,,8450,3.33
grid2:fineNorm,,,PR11_x1,holdout,4,1001,headon,vfield,f4c4e7dd55,ok,1,0,1,0,0,0,1.0911,0.0502,2.7258,2.0438,1.555,1,1,12.76,8450,3.34
grid2:fineNorm,,,PR11_x1,holdout,4,1003,headon,vfield,f4c4e7dd55,ok,3,0,2,1,0,0,0.2441,0.5575,2.7258,2.0438,1.555,1,1,13.34,8450,3.32
grid2:fineNorm,,,PR11_x1,holdout,4,1005,headon,vfield,f4c4e7dd55,ok,0,0,0,0,0,0,1.9853,1.9489,2.7258,2.0438,1.555,1,1,,8450,3.31
grid2:fineNorm,,,PR11_x1,holdout,4,1007,headon,vfield,f4c4e7dd55,ok,0,0,0,0,0,0,1.4101,1.305,2.7258,2.0438,1.555,1,1,,8450,3.33
grid2:fineNorm,,,PR11_x1,holdout,4,1009,headon,vfield,f4c4e7dd55,ok,0,0,0,0,0,0,3.0484,1.331,2.7258,2.0438,1.555,1,1,,8450,3.32
grid2:fineNorm,,,PR11_x1,holdout,4,1011,headon,vfield,f4c4e7dd55,ok,1,0,1,0,0,0,1.8589,0.8203,2.7258,2.0438,1.555,1,1,25.6,8450,3.31
grid2:fineNorm,,,PR11_x1,holdout,4,1013,headon,vfield,f4c4e7dd55,ok,0,0,0,0,0,0,3.9777,1.41,2.7258,2.0438,1.555,1,1,,8450,3.34
grid2:fineNorm,,,PR11_x1,holdout,4,1015,headon,vfield,f4c4e7dd55,ok,1,0,1,0,0,0,3.0314,0.3707,2.7258,2.0438,1.555,1,1,13.9,8450,3.78
grid2:fineNorm,,,PR11_x1,holdout,4,1017,headon,vfield,f4c4e7dd55,ok,1,0,1,0,0,0,3.6521,0.3953,2.7258,2.0438,1.555,1,1,12.65,8450,3.63
grid2:fineNorm,,,PR11_x1,holdout,4,1019,headon,vfield,f4c4e7dd55,ok,1,0,1,0,0,0,2.7943,0.8047,2.7258,2.0438,1.555,1,1,12.67,8450,3.35
grid2:fineNorm,,,PR11_x1,holdout,4,1021,headon,vfield,f4c4e7dd55,ok,0,0,0,0,0,0,3.1409,1.1067,2.7258,2.0438,1.555,1,1,,8450,3.35
grid2:fineNorm,,,PR11_x1,holdout,4,1023,headon,vfield,f4c4e7dd55,ok,0,0,0,0,0,0,2.4898,1.0788,2.7258,2.0438,1.555,1,1,,8450,3.35
grid2:fineNorm,,,PR11_x1,holdout,4,1025,headon,vfield,f4c4e7dd55,ok,0,0,0,0,0,0,3.7328,2.3626,2.7258,2.0438,1.555,1,1,,8450,3.37
grid2:fineNorm,,,PR11_x1,holdout,4,1027,headon,vfield,f4c4e7dd55,ok,0,0,0,0,0,0,2.427,1.048,2.7258,2.0438,1.555,1,1,,8450,3.32
grid2:fineNorm,,,PR11_x1,holdout,4,1029,headon,vfield,f4c4e7dd55,ok,1,0,1,0,0,0,3.506,0.9936,2.7258,2.0438,1.555,1,1,13.51,8450,3.34
grid2:fineNorm,,,PR11_x1,holdout,4,1031,headon,vfield,f4c4e7dd55,ok,1,0,1,0,0,0,1.7606,0.6013,2.7258,2.0438,1.555,1,1,12.45,8450,3.46
grid2:fineNorm,,,PR11_x1,holdout,4,1033,headon,vfield,f4c4e7dd55,ok,1,0,1,0,0,0,1.5858,0.6304,2.7258,2.0438,1.555,1,1,12.49,8450,3.37
grid2:fineNorm,,,PR11_x1,holdout,4,1035,headon,vfield,f4c4e7dd55,ok,0,0,0,0,0,0,2.6058,5.4906,2.7258,2.0438,1.555,1,1,,8450,3.33
grid2:fineNorm,,,PR11_x1,holdout,4,1037,headon,vfield,f4c4e7dd55,ok,1,0,0,0,1,0,0.3884,2.2062,2.7258,2.0438,1.555,1,1,37.92,8450,3.34
grid2:fineNorm,,,PR11_x1,holdout,4,1039,headon,vfield,f4c4e7dd55,ok,0,0,0,0,0,0,2.8613,1.0809,2.7258,2.0438,1.555,1,1,,8450,3.32
grid2:fineNorm,,,PR11_x1,holdout,4,1041,headon,vfield,f4c4e7dd55,ok,0,0,0,0,0,0,2.7959,2.0353,2.7258,2.0438,1.555,1,1,,8450,3.32
grid2:fineNorm,,,PR11_x1,holdout,4,1043,headon,vfield,f4c4e7dd55,ok,4,0,1,0,3,0,0.3338,0.4875,2.7258,2.0438,1.555,1,1,12.46,8450,3.31
grid2:fineNorm,,,PR11_x1,holdout,4,1045,headon,vfield,f4c4e7dd55,ok,1,0,1,0,0,0,4.148,0.1996,2.7258,2.0438,1.555,1,1,12.73,8450,3.32
grid2:fineNorm,,,PR11_x1,holdout,4,1047,headon,vfield,f4c4e7dd55,ok,0,0,0,0,0,0,4.1478,1.6434,2.7258,2.0438,1.555,1,1,,8450,3.32
grid2:fineNorm,,,PR11_x1,holdout,4,1049,headon,vfield,f4c4e7dd55,ok,2,0,1,1,0,0,0.7021,0.8928,2.7258,2.0438,1.555,1,1,13.23,8450,3.37
grid2:fineNorm,,,PR11_x1,holdout,4,1051,headon,vfield,f4c4e7dd55,ok,0,0,0,0,0,0,2.4755,3.2039,2.7258,2.0438,1.555,1,1,,8450,3.3
grid2:fineNorm,,,PR11_x1,holdout,4,1053,headon,vfield,f4c4e7dd55,ok,0,0,0,0,0,0,3.4433,3.0769,2.7258,2.0438,1.555,1,1,,8450,3.33
grid2:fineNorm,,,PR11_x1,holdout,4,1055,headon,vfield,f4c4e7dd55,ok,1,0,1,0,0,0,3.4323,0.6611,2.7258,2.0438,1.555,1,1,12.56,8450,3.31
grid2:fineNorm,,,PR11_x1,holdout,4,1057,headon,vfield,f4c4e7dd55,ok,0,0,0,0,0,0,2.5399,2.1367,2.7258,2.0438,1.555,1,1,,8450,3.32
grid2:fineNorm,,,PR11_x1,holdout,4,1059,headon,vfield,f4c4e7dd55,ok,0,0,0,0,0,0,2.9836,1.3538,2.7258,2.0438,1.555,1,1,,8450,3.33
grid2:fineNorm,,,PR11_x1.25,holdout,4,1001,headon,vfield,ba39d8d2c1,ok,1,0,1,0,0,0,3.4689,0.7564,2.7258,2.0438,1.555,1,1,12.67,8450,3.37
grid2:fineNorm,,,PR11_x1.25,holdout,4,1003,headon,vfield,ba39d8d2c1,ok,0,0,0,0,0,0,1.1935,2.1078,2.7258,2.0438,1.555,1,1,,8450,3.33
grid2:fineNorm,,,PR11_x1.25,holdout,4,1005,headon,vfield,ba39d8d2c1,ok,1,0,1,0,0,0,1.1108,0.3931,2.7258,2.0438,1.555,1,1,12.91,8450,3.36
grid2:fineNorm,,,PR11_x1.25,holdout,4,1007,headon,vfield,ba39d8d2c1,ok,0,0,0,0,0,0,4.0311,2.0103,2.7258,2.0438,1.555,1,1,,8450,3.34
grid2:fineNorm,,,PR11_x1.25,holdout,4,1009,headon,vfield,ba39d8d2c1,ok,0,0,0,0,0,0,2.4068,1.0619,2.7258,2.0438,1.555,1,1,,8450,3.35
grid2:fineNorm,,,PR11_x1.25,holdout,4,1011,headon,vfield,ba39d8d2c1,ok,0,0,0,0,0,0,2.8642,4.559,2.7258,2.0438,1.555,1,1,,8450,3.31
grid2:fineNorm,,,PR11_x1.25,holdout,4,1013,headon,vfield,ba39d8d2c1,ok,1,0,0,0,1,0,0.6695,4.2937,2.7258,2.0438,1.555,1,1,32.61,8450,3.32
grid2:fineNorm,,,PR11_x1.25,holdout,4,1015,headon,vfield,ba39d8d2c1,ok,0,0,0,0,0,0,4.3474,1.663,2.7258,2.0438,1.555,1,1,,8450,3.33
grid2:fineNorm,,,PR11_x1.25,holdout,4,1017,headon,vfield,ba39d8d2c1,ok,0,0,0,0,0,0,2.0494,1.4638,2.7258,2.0438,1.555,1,1,,8450,3.36
grid2:fineNorm,,,PR11_x1.25,holdout,4,1019,headon,vfield,ba39d8d2c1,ok,1,0,1,0,0,0,1.535,0.9861,2.7258,2.0438,1.555,1,1,13.55,8450,3.36
grid2:fineNorm,,,PR11_x1.25,holdout,4,1021,headon,vfield,ba39d8d2c1,ok,0,0,0,0,0,0,1.5621,4.7984,2.7258,2.0438,1.555,1,1,,8450,3.34
grid2:fineNorm,,,PR11_x1.25,holdout,4,1023,headon,vfield,ba39d8d2c1,ok,2,0,2,0,0,0,4.4703,0.1326,2.7258,2.0438,1.555,1,1,12.77,8450,3.37
grid2:fineNorm,,,PR11_x1.25,holdout,4,1025,headon,vfield,ba39d8d2c1,ok,0,0,0,0,0,0,1.5783,1.1521,2.7258,2.0438,1.555,1,1,,8450,3.31
grid2:fineNorm,,,PR11_x1.25,holdout,4,1027,headon,vfield,ba39d8d2c1,ok,1,0,1,0,0,0,2.0548,0.3442,2.7258,2.0438,1.555,1,1,12.85,8450,3.33
grid2:fineNorm,,,PR11_x1.25,holdout,4,1029,headon,vfield,ba39d8d2c1,ok,1,0,1,0,0,0,1.557,0.0322,2.7258,2.0438,1.555,1,1,12.76,8450,3.32
grid2:fineNorm,,,PR11_x1.25,holdout,4,1031,headon,vfield,ba39d8d2c1,ok,0,0,0,0,0,0,3.18,3.211,2.7258,2.0438,1.555,1,1,,8450,3.32
grid2:fineNorm,,,PR11_x1.25,holdout,4,1033,headon,vfield,ba39d8d2c1,ok,1,0,1,0,0,0,1.4881,0.0739,2.7258,2.0438,1.555,1,1,12.39,8450,3.29
grid2:fineNorm,,,PR11_x1.25,holdout,4,1035,headon,vfield,ba39d8d2c1,ok,0,0,0,0,0,0,1.9909,1.2798,2.7258,2.0438,1.555,1,1,,8450,3.33
grid2:fineNorm,,,PR11_x1.25,holdout,4,1037,headon,vfield,ba39d8d2c1,ok,0,0,0,0,0,0,2.5321,3.0623,2.7258,2.0438,1.555,1,1,,8450,3.29
grid2:fineNorm,,,PR11_x1.25,holdout,4,1039,headon,vfield,ba39d8d2c1,ok,1,0,1,0,0,0,2.5246,0.4114,2.7258,2.0438,1.555,1,1,12.54,8450,3.32
grid2:fineNorm,,,PR11_x1.25,holdout,4,1041,headon,vfield,ba39d8d2c1,ok,0,0,0,0,0,0,4.0013,1.6483,2.7258,2.0438,1.555,1,1,,8450,3.38
grid2:fineNorm,,,PR11_x1.25,holdout,4,1043,headon,vfield,ba39d8d2c1,ok,0,0,0,0,0,0,3.7282,2.1265,2.7258,2.0438,1.555,1,1,,8450,3.34
grid2:fineNorm,,,PR11_x1.25,holdout,4,1045,headon,vfield,ba39d8d2c1,ok,1,0,1,0,0,0,2.2346,0.6321,2.7258,2.0438,1.555,1,1,12.93,8450,3.31
grid2:fineNorm,,,PR11_x1.25,holdout,4,1047,headon,vfield,ba39d8d2c1,ok,0,0,0,0,0,0,3.3505,2.5777,2.7258,2.0438,1.555,1,1,,8450,3.34
grid2:fineNorm,,,PR11_x1.25,holdout,4,1049,headon,vfield,ba39d8d2c1,ok,1,0,1,0,0,0,3.1826,0.7192,2.7258,2.0438,1.555,1,1,14.78,8450,3.38
grid2:fineNorm,,,PR11_x1.25,holdout,4,1051,headon,vfield,ba39d8d2c1,ok,0,0,0,0,0,0,4.3407,1.7203,2.7258,2.0438,1.555,1,1,,8450,3.34
grid2:fineNorm,,,PR11_x1.25,holdout,4,1053,headon,vfield,ba39d8d2c1,ok,0,0,0,0,0,0,1.6257,1.8719,2.7258,2.0438,1.555,1,1,,8450,3.31
grid2:fineNorm,,,PR11_x1.25,holdout,4,1055,headon,vfield,ba39d8d2c1,ok,0,0,0,0,0,0,2.3029,2.3996,2.7258,2.0438,1.555,1,1,,8450,3.32
grid2:fineNorm,,,PR11_x1.25,holdout,4,1057,headon,vfield,ba39d8d2c1,ok,1,0,1,0,0,0,2.0189,0.613,2.7258,2.0438,1.555,1,1,14.83,8450,3.5
grid2:fineNorm,,,PR11_x1.25,holdout,4,1059,headon,vfield,ba39d8d2c1,ok,0,0,0,0,0,0,1.9221,1.2271,2.7258,2.0438,1.555,1,1,,8450,3.36
grid2:fineNorm,,,PR11_x1.5,holdout,4,1001,headon,vfield,e70bc68b72,ok,0,0,0,0,0,0,1.1818,1.0809,2.7258,2.0438,1.555,1,1,,8450,3.32
grid2:fineNorm,,,PR11_x1.5,holdout,4,1003,headon,vfield,e70bc68b72,ok,0,0,0,0,0,0,2.0165,3.1207,2.7258,2.0438,1.555,1,1,,8450,3.31
grid2:fineNorm,,,PR11_x1.5,holdout,4,1005,headon,vfield,e70bc68b72,ok,0,0,0,0,0,0,3.5455,2.6287,2.7258,2.0438,1.555,1,1,,8450,3.35
grid2:fineNorm,,,PR11_x1.5,holdout,4,1007,headon,vfield,e70bc68b72,ok,0,0,0,0,0,0,2.7352,1.9984,2.7258,2.0438,1.555,1,1,,8450,3.35
grid2:fineNorm,,,PR11_x1.5,holdout,4,1009,headon,vfield,e70bc68b72,ok,0,0,0,0,0,0,2.1991,1.3361,2.7258,2.0438,1.555,1,1,,8450,3.36
grid2:fineNorm,,,PR11_x1.5,holdout,4,1011,headon,vfield,e70bc68b72,ok,0,0,0,0,0,0,4.4425,3.2019,2.7258,2.0438,1.555,1,1,,8450,3.36
grid2:fineNorm,,,PR11_x1.5,holdout,4,1013,headon,vfield,e70bc68b72,ok,2,0,2,0,0,0,1.1936,0.2435,2.7258,2.0438,1.555,1,1,12.6,8450,3.33
grid2:fineNorm,,,PR11_x1.5,holdout,4,1015,headon,vfield,e70bc68b72,ok,1,0,1,0,0,0,1.7823,0.8283,2.7258,2.0438,1.555,1,1,14.42,8450,3.41
grid2:fineNorm,,,PR11_x1.5,holdout,4,1017,headon,vfield,e70bc68b72,ok,1,0,1,0,0,0,2.3661,0.9031,2.7258,2.0438,1.555,1,1,13.23,8450,3.34
grid2:fineNorm,,,PR11_x1.5,holdout,4,1019,headon,vfield,e70bc68b72,ok,0,0,0,0,0,0,4.1886,3.7518,2.7258,2.0438,1.555,1,1,,8450,3.31
grid2:fineNorm,,,PR11_x1.5,holdout,4,1021,headon,vfield,e70bc68b72,ok,0,0,0,0,0,0,2.4877,4.9329,2.7258,2.0438,1.555,1,1,,8450,3.31
grid2:fineNorm,,,PR11_x1.5,holdout,4,1023,headon,vfield,e70bc68b72,ok,1,0,1,0,0,0,4.2211,0.8912,2.7258,2.0438,1.555,1,1,13.35,8450,3.33
grid2:fineNorm,,,PR11_x1.5,holdout,4,1025,headon,vfield,e70bc68b72,ok,0,0,0,0,0,0,5.7786,1.5394,2.7258,2.0438,1.555,1,1,,8450,3.32
grid2:fineNorm,,,PR11_x1.5,holdout,4,1027,headon,vfield,e70bc68b72,ok,0,0,0,0,0,0,3.2006,1.3656,2.7258,2.0438,1.555,1,1,,8450,3.32
grid2:fineNorm,,,PR11_x1.5,holdout,4,1029,headon,vfield,e70bc68b72,ok,0,0,0,0,0,0,3.0273,4.2551,2.7258,2.0438,1.555,1,1,,8450,3.39
grid2:fineNorm,,,PR11_x1.5,holdout,4,1031,headon,vfield,e70bc68b72,ok,0,0,0,0,0,0,1.8986,1.296,2.7258,2.0438,1.555,1,1,,8450,3.39
grid2:fineNorm,,,PR11_x1.5,holdout,4,1033,headon,vfield,e70bc68b72,ok,0,0,0,0,0,0,3.096,4.573,2.7258,2.0438,1.555,1,1,,8450,3.42
grid2:fineNorm,,,PR11_x1.5,holdout,4,1035,headon,vfield,e70bc68b72,ok,1,0,1,0,0,0,5.42,0.6879,2.7258,2.0438,1.555,1,1,12.67,8450,3.39
grid2:fineNorm,,,PR11_x1.5,holdout,4,1037,headon,vfield,e70bc68b72,ok,1,0,1,0,0,0,1.9198,0.2134,2.7258,2.0438,1.555,1,1,24.63,8450,3.4
grid2:fineNorm,,,PR11_x1.5,holdout,4,1039,headon,vfield,e70bc68b72,ok,0,0,0,0,0,0,1.0196,2.314,2.7258,2.0438,1.555,1,1,,8450,3.41
grid2:fineNorm,,,PR11_x1.5,holdout,4,1041,headon,vfield,e70bc68b72,ok,0,0,0,0,0,0,3.5067,1.6062,2.7258,2.0438,1.555,1,1,,8450,3.34
grid2:fineNorm,,,PR11_x1.5,holdout,4,1043,headon,vfield,e70bc68b72,ok,0,0,0,0,0,0,1.5308,1.02,2.7258,2.0438,1.555,1,1,,8450,3.33
grid2:fineNorm,,,PR11_x1.5,holdout,4,1045,headon,vfield,e70bc68b72,ok,1,0,1,0,0,0,4.5969,0.5642,2.7258,2.0438,1.555,1,1,12.57,8450,3.36
grid2:fineNorm,,,PR11_x1.5,holdout,4,1047,headon,vfield,e70bc68b72,ok,1,0,1,0,0,0,2.1153,0.772,2.7258,2.0438,1.555,1,1,15.15,8450,3.4
grid2:fineNorm,,,PR11_x1.5,holdout,4,1049,headon,vfield,e70bc68b72,ok,0,0,0,0,0,0,1.6084,1.6585,2.7258,2.0438,1.555,1,1,,8450,3.31
grid2:fineNorm,,,PR11_x1.5,holdout,4,1051,headon,vfield,e70bc68b72,ok,2,0,2,0,0,0,1.9032,0.721,2.7258,2.0438,1.555,1,1,13.83,8450,3.3
grid2:fineNorm,,,PR11_x1.5,holdout,4,1053,headon,vfield,e70bc68b72,ok,0,0,0,0,0,0,3.4281,6.0235,2.7258,2.0438,1.555,1,1,,8450,3.35
grid2:fineNorm,,,PR11_x1.5,holdout,4,1055,headon,vfield,e70bc68b72,ok,1,0,1,0,0,0,2.06,0.052,2.7258,2.0438,1.555,1,1,14.71,8450,3.32
grid2:fineNorm,,,PR11_x1.5,holdout,4,1057,headon,vfield,e70bc68b72,ok,0,0,0,0,0,0,2.8811,3.5813,2.7258,2.0438,1.555,1,1,,8450,3.32
grid2:fineNorm,,,PR11_x1.5,holdout,4,1059,headon,vfield,e70bc68b72,ok,1,0,1,0,0,0,2.4917,0.2902,2.7258,2.0438,1.555,1,1,12.68,8450,3.35
grid2:fineNorm,,,PR11_x2,holdout,4,1001,headon,vfield,ef252ad4ae,ok,0,0,0,0,0,0,3.2604,1.2952,2.7258,2.0438,1.555,1,1,,8450,3.31
grid2:fineNorm,,,PR11_x2,holdout,4,1003,headon,vfield,ef252ad4ae,ok,1,0,0,0,1,0,0.4802,1.5601,2.7258,2.0438,1.555,1,1,32.82,8450,3.32
grid2:fineNorm,,,PR11_x2,holdout,4,1005,headon,vfield,ef252ad4ae,ok,0,0,0,0,0,0,4.3051,5.8712,2.7258,2.0438,1.555,1,1,,8450,3.31
grid2:fineNorm,,,PR11_x2,holdout,4,1007,headon,vfield,ef252ad4ae,ok,0,0,0,0,0,0,2.8943,1.2949,2.7258,2.0438,1.555,1,1,,8450,3.36
grid2:fineNorm,,,PR11_x2,holdout,4,1009,headon,vfield,ef252ad4ae,ok,0,0,0,0,0,0,4.561,4.6334,2.7258,2.0438,1.555,1,1,,8450,3.3
grid2:fineNorm,,,PR11_x2,holdout,4,1011,headon,vfield,ef252ad4ae,ok,0,0,0,0,0,0,4.3248,4.0085,2.7258,2.0438,1.555,1,1,,8450,3.29
grid2:fineNorm,,,PR11_x2,holdout,4,1013,headon,vfield,ef252ad4ae,ok,0,0,0,0,0,0,1.7562,1.4523,2.7258,2.0438,1.555,1,1,,8450,3.29
grid2:fineNorm,,,PR11_x2,holdout,4,1015,headon,vfield,ef252ad4ae,ok,0,0,0,0,0,0,1.4251,2.9962,2.7258,2.0438,1.555,1,1,,8450,3.32
grid2:fineNorm,,,PR11_x2,holdout,4,1017,headon,vfield,ef252ad4ae,ok,0,0,0,0,0,0,5.3356,5.3679,2.7258,2.0438,1.555,1,1,,8450,3.32
grid2:fineNorm,,,PR11_x2,holdout,4,1019,headon,vfield,ef252ad4ae,ok,0,0,0,0,0,0,3.3755,2.1697,2.7258,2.0438,1.555,1,1,,8450,3.33
grid2:fineNorm,,,PR11_x2,holdout,4,1021,headon,vfield,ef252ad4ae,ok,0,0,0,0,0,0,3.5042,4.594,2.7258,2.0438,1.555,1,1,,8450,3.32
grid2:fineNorm,,,PR11_x2,holdout,4,1023,headon,vfield,ef252ad4ae,ok,1,0,1,0,0,0,4.0732,0.2746,2.7258,2.0438,1.555,1,1,13.08,8450,3.33
grid2:fineNorm,,,PR11_x2,holdout,4,1025,headon,vfield,ef252ad4ae,ok,1,0,1,0,0,0,4.9582,0.9747,2.7258,2.0438,1.555,1,1,12.89,8450,3.3
grid2:fineNorm,,,PR11_x2,holdout,4,1027,headon,vfield,ef252ad4ae,ok,0,0,0,0,0,0,4.3019,8.0513,2.7258,2.0438,1.555,1,1,,8450,3.31
grid2:fineNorm,,,PR11_x2,holdout,4,1029,headon,vfield,ef252ad4ae,ok,0,0,0,0,0,0,1.4534,2.1815,2.7258,2.0438,1.555,1,1,,8450,3.33
grid2:fineNorm,,,PR11_x2,holdout,4,1031,headon,vfield,ef252ad4ae,ok,0,0,0,0,0,0,2.9348,1.7771,2.7258,2.0438,1.555,1,1,,8450,3.31
grid2:fineNorm,,,PR11_x2,holdout,4,1033,headon,vfield,ef252ad4ae,ok,0,0,0,0,0,0,1.2168,1.1082,2.7258,2.0438,1.555,1,1,,8450,3.33
grid2:fineNorm,,,PR11_x2,holdout,4,1035,headon,vfield,ef252ad4ae,ok,0,0,0,0,0,0,3.3127,4.9252,2.7258,2.0438,1.555,1,1,,8450,3.35
grid2:fineNorm,,,PR11_x2,holdout,4,1037,headon,vfield,ef252ad4ae,ok,0,0,0,0,0,0,4.0855,2.3598,2.7258,2.0438,1.555,1,1,,8450,3.38
grid2:fineNorm,,,PR11_x2,holdout,4,1039,headon,vfield,ef252ad4ae,ok,0,0,0,0,0,0,4.4096,1.2203,2.7258,2.0438,1.555,1,1,,8450,3.34
grid2:fineNorm,,,PR11_x2,holdout,4,1041,headon,vfield,ef252ad4ae,ok,0,0,0,0,0,0,4.0842,1.9978,2.7258,2.0438,1.555,1,1,,8450,3.33
grid2:fineNorm,,,PR11_x2,holdout,4,1043,headon,vfield,ef252ad4ae,ok,2,0,2,0,0,0,1.6849,0.0445,2.7258,2.0438,1.555,1,1,12.95,8450,3.39
grid2:fineNorm,,,PR11_x2,holdout,4,1045,headon,vfield,ef252ad4ae,ok,0,0,0,0,0,0,4.8535,1.6532,2.7258,2.0438,1.555,1,1,,8450,3.37
grid2:fineNorm,,,PR11_x2,holdout,4,1047,headon,vfield,ef252ad4ae,ok,1,0,1,0,0,0,5.2433,0.4679,2.7258,2.0438,1.555,1,1,14.49,8450,3.34
grid2:fineNorm,,,PR11_x2,holdout,4,1049,headon,vfield,ef252ad4ae,ok,0,0,0,0,0,0,4.1384,5.3307,2.7258,2.0438,1.555,1,1,,8450,3.49
grid2:fineNorm,,,PR11_x2,holdout,4,1051,headon,vfield,ef252ad4ae,ok,1,0,1,0,0,0,1.104,0.8793,2.7258,2.0438,1.555,1,1,15.44,8450,3.61
grid2:fineNorm,,,PR11_x2,holdout,4,1053,headon,vfield,ef252ad4ae,ok,0,0,0,0,0,0,2.4556,2.4035,2.7258,2.0438,1.555,1,1,,8450,3.31
grid2:fineNorm,,,PR11_x2,holdout,4,1055,headon,vfield,ef252ad4ae,ok,0,0,0,0,0,0,5.4443,3.7311,2.7258,2.0438,1.555,1,1,,8450,3.32
grid2:fineNorm,,,PR11_x2,holdout,4,1057,headon,vfield,ef252ad4ae,ok,1,0,1,0,0,0,3.9392,0.5509,2.7258,2.0438,1.555,1,1,14.36,8450,3.31
grid2:fineNorm,,,PR11_x2,holdout,4,1059,headon,vfield,ef252ad4ae,ok,0,0,0,0,0,0,4.2006,3.5694,2.7258,2.0438,1.555,1,1,,8450,3.32
grid2:fineNorm,,,PR12_x1,holdout,4,1001,headon,vfield,e6e86280c5,ok,1,0,1,0,0,0,1.397,0.8642,2.7258,2.0438,1.555,1,1,13.18,8450,3.43
grid2:fineNorm,,,PR12_x1,holdout,4,1003,headon,vfield,e6e86280c5,ok,0,0,0,0,0,0,6.1002,1.842,2.7258,2.0438,1.555,1,1,,8450,3.32
grid2:fineNorm,,,PR12_x1,holdout,4,1005,headon,vfield,e6e86280c5,ok,0,0,0,0,0,0,4.2155,2.5237,2.7258,2.0438,1.555,1,1,,8450,3.3
grid2:fineNorm,,,PR12_x1,holdout,4,1007,headon,vfield,e6e86280c5,ok,0,0,0,0,0,0,4.4555,3.5934,2.7258,2.0438,1.555,1,1,,8450,3.36
grid2:fineNorm,,,PR12_x1,holdout,4,1009,headon,vfield,e6e86280c5,ok,0,0,0,0,0,0,5.1726,2.1489,2.7258,2.0438,1.555,1,1,,8450,3.31
grid2:fineNorm,,,PR12_x1,holdout,4,1011,headon,vfield,e6e86280c5,ok,0,0,0,0,0,0,2.4674,1.5155,2.7258,2.0438,1.555,1,1,,8450,3.3
grid2:fineNorm,,,PR12_x1,holdout,4,1013,headon,vfield,e6e86280c5,ok,0,0,0,0,0,0,4.4755,2.79,2.7258,2.0438,1.555,1,1,,8450,3.42
grid2:fineNorm,,,PR12_x1,holdout,4,1015,headon,vfield,e6e86280c5,ok,0,0,0,0,0,0,3.7398,1.789,2.7258,2.0438,1.555,1,1,,8450,3.36
grid2:fineNorm,,,PR12_x1,holdout,4,1017,headon,vfield,e6e86280c5,ok,1,0,1,0,0,0,1.1836,0.9675,2.7258,2.0438,1.555,1,1,14.3,8450,3.35
grid2:fineNorm,,,PR12_x1,holdout,4,1019,headon,vfield,e6e86280c5,ok,0,0,0,0,0,0,1.151,1.8232,2.7258,2.0438,1.555,1,1,,8450,3.32
grid2:fineNorm,,,PR12_x1,holdout,4,1021,headon,vfield,e6e86280c5,ok,0,0,0,0,0,0,2.3171,1.3075,2.7258,2.0438,1.555,1,1,,8450,3.33
grid2:fineNorm,,,PR12_x1,holdout,4,1023,headon,vfield,e6e86280c5,ok,0,0,0,0,0,0,5.2544,3.117,2.7258,2.0438,1.555,1,1,,8450,3.3
grid2:fineNorm,,,PR12_x1,holdout,4,1025,headon,vfield,e6e86280c5,ok,0,0,0,0,0,0,3.7075,3.6749,2.7258,2.0438,1.555,1,1,,8450,3.32
grid2:fineNorm,,,PR12_x1,holdout,4,1027,headon,vfield,e6e86280c5,ok,0,0,0,0,0,0,2.5135,1.0221,2.7258,2.0438,1.555,1,1,,8450,3.33
grid2:fineNorm,,,PR12_x1,holdout,4,1029,headon,vfield,e6e86280c5,ok,0,0,0,0,0,0,1.9061,2.6688,2.7258,2.0438,1.555,1,1,,8450,3.32
grid2:fineNorm,,,PR12_x1,holdout,4,1031,headon,vfield,e6e86280c5,ok,0,0,0,0,0,0,2.8571,2.0337,2.7258,2.0438,1.555,1,1,,8450,3.31
grid2:fineNorm,,,PR12_x1,holdout,4,1033,headon,vfield,e6e86280c5,ok,0,0,0,0,0,0,1.3803,1.5638,2.7258,2.0438,1.555,1,1,,8450,3.34
grid2:fineNorm,,,PR12_x1,holdout,4,1035,headon,vfield,e6e86280c5,ok,1,0,0,0,1,0,0.2493,3.6332,2.7258,2.0438,1.555,1,1,35.82,8450,3.33
grid2:fineNorm,,,PR12_x1,holdout,4,1037,headon,vfield,e6e86280c5,ok,2,0,0,0,2,0,0.197,1.1427,2.7258,2.0438,1.555,1,1,29.56,8450,3.32
grid2:fineNorm,,,PR12_x1,holdout,4,1039,headon,vfield,e6e86280c5,ok,0,0,0,0,0,0,3.2737,1.2654,2.7258,2.0438,1.555,1,1,,8450,3.32
grid2:fineNorm,,,PR12_x1,holdout,4,1041,headon,vfield,e6e86280c5,ok,0,0,0,0,0,0,2.1305,4.8486,2.7258,2.0438,1.555,1,1,,8450,3.37
grid2:fineNorm,,,PR12_x1,holdout,4,1043,headon,vfield,e6e86280c5,ok,0,0,0,0,0,0,3.956,1.7919,2.7258,2.0438,1.555,1,1,,8450,3.31
grid2:fineNorm,,,PR12_x1,holdout,4,1045,headon,vfield,e6e86280c5,ok,0,0,0,0,0,0,6.1176,4.4344,2.7258,2.0438,1.555,1,1,,8450,3.33
grid2:fineNorm,,,PR12_x1,holdout,4,1047,headon,vfield,e6e86280c5,ok,0,0,0,0,0,0,3.5586,4.1297,2.7258,2.0438,1.555,1,1,,8450,3.34
grid2:fineNorm,,,PR12_x1,holdout,4,1049,headon,vfield,e6e86280c5,ok,0,0,0,0,0,0,4.9902,2.6066,2.7258,2.0438,1.555,1,1,,8450,3.37
grid2:fineNorm,,,PR12_x1,holdout,4,1051,headon,vfield,e6e86280c5,ok,1,0,0,0,1,0,0.8485,4.5546,2.7258,2.0438,1.555,1,1,17.25,8450,3.34
grid2:fineNorm,,,PR12_x1,holdout,4,1053,headon,vfield,e6e86280c5,ok,0,0,0,0,0,0,1.4719,1.1407,2.7258,2.0438,1.555,1,1,,8450,3.4
grid2:fineNorm,,,PR12_x1,holdout,4,1055,headon,vfield,e6e86280c5,ok,0,0,0,0,0,0,1.1189,4.2921,2.7258,2.0438,1.555,1,1,,8450,3.35
grid2:fineNorm,,,PR12_x1,holdout,4,1057,headon,vfield,e6e86280c5,ok,1,0,1,0,0,0,1.6541,0.6292,2.7258,2.0438,1.555,1,1,12.47,8450,3.37
grid2:fineNorm,,,PR12_x1,holdout,4,1059,headon,vfield,e6e86280c5,ok,0,0,0,0,0,0,5.5896,3.8331,2.7258,2.0438,1.555,1,1,,8450,3.39
grid2:fineNorm,,,PR12_x1.25,holdout,4,1001,headon,vfield,e844fd3302,ok,0,0,0,0,0,0,3.1955,1.6285,2.7258,2.0438,1.555,1,1,,8450,3.33
grid2:fineNorm,,,PR12_x1.25,holdout,4,1003,headon,vfield,e844fd3302,ok,0,0,0,0,0,0,1.8769,1.8876,2.7258,2.0438,1.555,1,1,,8450,3.38
grid2:fineNorm,,,PR12_x1.25,holdout,4,1005,headon,vfield,e844fd3302,ok,1,0,1,0,0,0,3.2607,0.8918,2.7258,2.0438,1.555,1,1,14.83,8450,3.32
grid2:fineNorm,,,PR12_x1.25,holdout,4,1007,headon,vfield,e844fd3302,ok,1,0,1,0,0,0,2.1687,0.3382,2.7258,2.0438,1.555,1,1,14.07,8450,3.33
grid2:fineNorm,,,PR12_x1.25,holdout,4,1009,headon,vfield,e844fd3302,ok,0,0,0,0,0,0,3.4296,2.0488,2.7258,2.0438,1.555,1,1,,8450,3.36
grid2:fineNorm,,,PR12_x1.25,holdout,4,1011,headon,vfield,e844fd3302,ok,0,0,0,0,0,0,4.9451,1.9403,2.7258,2.0438,1.555,1,1,,8450,3.32
grid2:fineNorm,,,PR12_x1.25,holdout,4,1013,headon,vfield,e844fd3302,ok,0,0,0,0,0,0,2.5063,5.0901,2.7258,2.0438,1.555,1,1,,8450,3.32
grid2:fineNorm,,,PR12_x1.25,holdout,4,1015,headon,vfield,e844fd3302,ok,0,0,0,0,0,0,3.5685,1.6095,2.7258,2.0438,1.555,1,1,,8450,3.29
grid2:fineNorm,,,PR12_x1.25,holdout,4,1017,headon,vfield,e844fd3302,ok,1,0,1,0,0,0,3.8303,0.7459,2.7258,2.0438,1.555,1,1,14.21,8450,3.3
grid2:fineNorm,,,PR12_x1.25,holdout,4,1019,headon,vfield,e844fd3302,ok,0,0,0,0,0,0,1.9467,1.4047,2.7258,2.0438,1.555,1,1,,8450,3.33
grid2:fineNorm,,,PR12_x1.25,holdout,4,1021,headon,vfield,e844fd3302,ok,0,0,0,0,0,0,1.0953,1.9539,2.7258,2.0438,1.555,1,1,,8450,3.34
grid2:fineNorm,,,PR12_x1.25,holdout,4,1023,headon,vfield,e844fd3302,ok,0,0,0,0,0,0,3.3467,1.0639,2.7258,2.0438,1.555,1,1,,8450,3.33
grid2:fineNorm,,,PR12_x1.25,holdout,4,1025,headon,vfield,e844fd3302,ok,1,0,1,0,0,0,1.0562,0.6516,2.7258,2.0438,1.555,1,1,13.64,8450,3.36
grid2:fineNorm,,,PR12_x1.25,holdout,4,1027,headon,vfield,e844fd3302,ok,1,0,1,0,0,0,1.6204,0.9995,2.7258,2.0438,1.555,1,1,13.69,8450,3.52
grid2:fineNorm,,,PR12_x1.25,holdout,4,1029,headon,vfield,e844fd3302,ok,0,0,0,0,0,0,2.1007,3.7945,2.7258,2.0438,1.555,1,1,,8450,3.32
grid2:fineNorm,,,PR12_x1.25,holdout,4,1031,headon,vfield,e844fd3302,ok,0,0,0,0,0,0,3.5571,1.778,2.7258,2.0438,1.555,1,1,,8450,3.49
grid2:fineNorm,,,PR12_x1.25,holdout,4,1033,headon,vfield,e844fd3302,ok,0,0,0,0,0,0,2.6809,3.5601,2.7258,2.0438,1.555,1,1,,8450,3.32
grid2:fineNorm,,,PR12_x1.25,holdout,4,1035,headon,vfield,e844fd3302,ok,1,0,1,0,0,0,3.0911,0.9834,2.7258,2.0438,1.555,1,1,15.61,8450,3.3
grid2:fineNorm,,,PR12_x1.25,holdout,4,1037,headon,vfield,e844fd3302,ok,0,0,0,0,0,0,1.3013,1.7999,2.7258,2.0438,1.555,1,1,,8450,3.3
grid2:fineNorm,,,PR12_x1.25,holdout,4,1039,headon,vfield,e844fd3302,ok,0,0,0,0,0,0,3.2383,2.1325,2.7258,2.0438,1.555,1,1,,8450,3.45
grid2:fineNorm,,,PR12_x1.25,holdout,4,1041,headon,vfield,e844fd3302,ok,0,0,0,0,0,0,3.7869,1.8667,2.7258,2.0438,1.555,1,1,,8450,3.36
grid2:fineNorm,,,PR12_x1.25,holdout,4,1043,headon,vfield,e844fd3302,ok,1,0,1,0,0,0,2.4595,0.2443,2.7258,2.0438,1.555,1,1,13.54,8450,3.34
grid2:fineNorm,,,PR12_x1.25,holdout,4,1045,headon,vfield,e844fd3302,ok,0,0,0,0,0,0,3.3838,1.2696,2.7258,2.0438,1.555,1,1,,8450,3.35
grid2:fineNorm,,,PR12_x1.25,holdout,4,1047,headon,vfield,e844fd3302,ok,0,0,0,0,0,0,2.456,1.8883,2.7258,2.0438,1.555,1,1,,8450,3.32
grid2:fineNorm,,,PR12_x1.25,holdout,4,1049,headon,vfield,e844fd3302,ok,0,0,0,0,0,0,2.1764,1.285,2.7258,2.0438,1.555,1,1,,8450,3.31
grid2:fineNorm,,,PR12_x1.25,holdout,4,1051,headon,vfield,e844fd3302,ok,1,0,1,0,0,0,4.9278,0.3513,2.7258,2.0438,1.555,1,1,15.6,8450,3.31
grid2:fineNorm,,,PR12_x1.25,holdout,4,1053,headon,vfield,e844fd3302,ok,0,0,0,0,0,0,4.479,1.8159,2.7258,2.0438,1.555,1,1,,8450,3.28
grid2:fineNorm,,,PR12_x1.25,holdout,4,1055,headon,vfield,e844fd3302,ok,0,0,0,0,0,0,2.2269,5.6914,2.7258,2.0438,1.555,1,1,,8450,3.34
grid2:fineNorm,,,PR12_x1.25,holdout,4,1057,headon,vfield,e844fd3302,ok,0,0,0,0,0,0,1.423,5.4201,2.7258,2.0438,1.555,1,1,,8450,3.31
grid2:fineNorm,,,PR12_x1.25,holdout,4,1059,headon,vfield,e844fd3302,ok,0,0,0,0,0,0,3.8985,1.6958,2.7258,2.0438,1.555,1,1,,8450,3.32
grid2:fineNorm,,,PR12_x1.5,holdout,4,1001,headon,vfield,63df4406ba,ok,0,0,0,0,0,0,4.7762,1.3659,2.7258,2.0438,1.555,1,1,,8450,3.33
grid2:fineNorm,,,PR12_x1.5,holdout,4,1003,headon,vfield,63df4406ba,ok,0,0,0,0,0,0,4.384,2.8221,2.7258,2.0438,1.555,1,1,,8450,3.32
grid2:fineNorm,,,PR12_x1.5,holdout,4,1005,headon,vfield,63df4406ba,ok,0,0,0,0,0,0,1.6083,5.8049,2.7258,2.0438,1.555,1,1,,8450,3.32
grid2:fineNorm,,,PR12_x1.5,holdout,4,1007,headon,vfield,63df4406ba,ok,1,0,1,0,0,0,1.8668,0.3757,2.7258,2.0438,1.555,1,1,13.88,8450,3.32
grid2:fineNorm,,,PR12_x1.5,holdout,4,1009,headon,vfield,63df4406ba,ok,1,0,0,0,1,0,0.7827,1.2556,2.7258,2.0438,1.555,1,1,39.63,8450,3.31
grid2:fineNorm,,,PR12_x1.5,holdout,4,1011,headon,vfield,63df4406ba,ok,0,0,0,0,0,0,4.3295,1.0739,2.7258,2.0438,1.555,1,1,,8450,3.3
grid2:fineNorm,,,PR12_x1.5,holdout,4,1013,headon,vfield,63df4406ba,ok,1,0,1,0,0,0,1.3381,0.6875,2.7258,2.0438,1.555,1,1,15.54,8450,3.32
grid2:fineNorm,,,PR12_x1.5,holdout,4,1015,headon,vfield,63df4406ba,ok,0,0,0,0,0,0,3.6011,2.9078,2.7258,2.0438,1.555,1,1,,8450,3.31
grid2:fineNorm,,,PR12_x1.5,holdout,4,1017,headon,vfield,63df4406ba,ok,1,0,1,0,0,0,2.5407,0.6577,2.7258,2.0438,1.555,1,1,13.84,8450,3.34
grid2:fineNorm,,,PR12_x1.5,holdout,4,1019,headon,vfield,63df4406ba,ok,1,0,1,0,0,0,2.3245,0.2013,2.7258,2.0438,1.555,1,1,13.91,8450,3.32
grid2:fineNorm,,,PR12_x1.5,holdout,4,1021,headon,vfield,63df4406ba,ok,2,0,2,0,0,0,2.5379,0.6899,2.7258,2.0438,1.555,1,1,15.26,8450,3.31
grid2:fineNorm,,,PR12_x1.5,holdout,4,1023,headon,vfield,63df4406ba,ok,0,0,0,0,0,0,1.3344,1.9626,2.7258,2.0438,1.555,1,1,,8450,3.34
grid2:fineNorm,,,PR12_x1.5,holdout,4,1025,headon,vfield,63df4406ba,ok,1,0,1,0,0,0,3.8241,0.9726,2.7258,2.0438,1.555,1,1,13.54,8450,3.33
grid2:fineNorm,,,PR12_x1.5,holdout,4,1027,headon,vfield,63df4406ba,ok,0,0,0,0,0,0,2.5999,1.9853,2.7258,2.0438,1.555,1,1,,8450,3.29
grid2:fineNorm,,,PR12_x1.5,holdout,4,1029,headon,vfield,63df4406ba,ok,0,0,0,0,0,0,2.3972,4.0706,2.7258,2.0438,1.555,1,1,,8450,3.33
grid2:fineNorm,,,PR12_x1.5,holdout,4,1031,headon,vfield,63df4406ba,ok,0,0,0,0,0,0,1.8121,3.0213,2.7258,2.0438,1.555,1,1,,8450,3.32
grid2:fineNorm,,,PR12_x1.5,holdout,4,1033,headon,vfield,63df4406ba,ok,0,0,0,0,0,0,4.4946,1.6759,2.7258,2.0438,1.555,1,1,,8450,3.3
grid2:fineNorm,,,PR12_x1.5,holdout,4,1035,headon,vfield,63df4406ba,ok,0,0,0,0,0,0,4.0363,1.2238,2.7258,2.0438,1.555,1,1,,8450,3.32
grid2:fineNorm,,,PR12_x1.5,holdout,4,1037,headon,vfield,63df4406ba,ok,0,0,0,0,0,0,2.5604,1.1041,2.7258,2.0438,1.555,1,1,,8450,3.31
grid2:fineNorm,,,PR12_x1.5,holdout,4,1039,headon,vfield,63df4406ba,ok,0,0,0,0,0,0,3.9258,1.341,2.7258,2.0438,1.555,1,1,,8450,3.29
grid2:fineNorm,,,PR12_x1.5,holdout,4,1041,headon,vfield,63df4406ba,ok,1,0,1,0,0,0,2.6672,0.5238,2.7258,2.0438,1.555,1,1,13.85,8450,3.31
grid2:fineNorm,,,PR12_x1.5,holdout,4,1043,headon,vfield,63df4406ba,ok,1,0,1,0,0,0,2.7423,0.3923,2.7258,2.0438,1.555,1,1,13.45,8450,3.3
grid2:fineNorm,,,PR12_x1.5,holdout,4,1045,headon,vfield,63df4406ba,ok,1,0,1,0,0,0,4.8395,0.3456,2.7258,2.0438,1.555,1,1,14.01,8450,3.3
grid2:fineNorm,,,PR12_x1.5,holdout,4,1047,headon,vfield,63df4406ba,ok,1,0,1,0,0,0,3.5819,0.5,2.7258,2.0438,1.555,1,1,15.49,8450,3.29
grid2:fineNorm,,,PR12_x1.5,holdout,4,1049,headon,vfield,63df4406ba,ok,1,0,1,0,0,0,1.7576,0.6188,2.7258,2.0438,1.555,1,1,13.76,8450,3.31
grid2:fineNorm,,,PR12_x1.5,holdout,4,1051,headon,vfield,63df4406ba,ok,0,0,0,0,0,0,5.4016,1.0427,2.7258,2.0438,1.555,1,1,,8450,3.51
grid2:fineNorm,,,PR12_x1.5,holdout,4,1053,headon,vfield,63df4406ba,ok,0,0,0,0,0,0,3.6204,5.0894,2.7258,2.0438,1.555,1,1,,8450,3.29
grid2:fineNorm,,,PR12_x1.5,holdout,4,1055,headon,vfield,63df4406ba,ok,2,0,2,0,0,0,2.5708,0.8614,2.7258,2.0438,1.555,1,1,15.63,8450,3.32
grid2:fineNorm,,,PR12_x1.5,holdout,4,1057,headon,vfield,63df4406ba,ok,0,0,0,0,0,0,3.441,1.5575,2.7258,2.0438,1.555,1,1,,8450,3.28
grid2:fineNorm,,,PR12_x1.5,holdout,4,1059,headon,vfield,63df4406ba,ok,0,0,0,0,0,0,3.6524,5.6142,2.7258,2.0438,1.555,1,1,,8450,3.3
grid2:fineNorm,,,PR12_x2,holdout,4,1001,headon,vfield,f1c857ff2d,ok,0,0,0,0,0,0,5.3153,1.3364,2.7258,2.0438,1.555,1,1,,8450,3.29
grid2:fineNorm,,,PR12_x2,holdout,4,1003,headon,vfield,f1c857ff2d,ok,0,0,0,0,0,0,2.2197,1.8844,2.7258,2.0438,1.555,1,1,,8450,3.29
grid2:fineNorm,,,PR12_x2,holdout,4,1005,headon,vfield,f1c857ff2d,ok,1,0,1,0,0,0,4.9448,0.6078,2.7258,2.0438,1.555,1,1,6.83,8450,3.29
grid2:fineNorm,,,PR12_x2,holdout,4,1007,headon,vfield,f1c857ff2d,ok,1,0,1,0,0,0,2.3553,0.7889,2.7258,2.0438,1.555,1,1,13.76,8450,3.3
grid2:fineNorm,,,PR12_x2,holdout,4,1009,headon,vfield,f1c857ff2d,ok,0,0,0,0,0,0,4.6685,4.0923,2.7258,2.0438,1.555,1,1,,8450,3.27
grid2:fineNorm,,,PR12_x2,holdout,4,1011,headon,vfield,f1c857ff2d,ok,0,0,0,0,0,0,1.7512,1.3093,2.7258,2.0438,1.555,1,1,,8450,3.29
grid2:fineNorm,,,PR12_x2,holdout,4,1013,headon,vfield,f1c857ff2d,ok,2,0,1,0,1,0,0.2162,0.8724,2.7258,2.0438,1.555,1,1,13.78,8450,3.3
grid2:fineNorm,,,PR12_x2,holdout,4,1015,headon,vfield,f1c857ff2d,ok,1,0,1,0,0,0,2.3502,0.7943,2.7258,2.0438,1.555,1,1,15.48,8450,3.3
grid2:fineNorm,,,PR12_x2,holdout,4,1017,headon,vfield,f1c857ff2d,ok,0,0,0,0,0,0,5.764,2.107,2.7258,2.0438,1.555,1,1,,8450,3.29
grid2:fineNorm,,,PR12_x2,holdout,4,1019,headon,vfield,f1c857ff2d,ok,0,0,0,0,0,0,2.7974,1.5192,2.7258,2.0438,1.555,1,1,,8450,3.29
grid2:fineNorm,,,PR12_x2,holdout,4,1021,headon,vfield,f1c857ff2d,ok,0,0,0,0,0,0,1.4989,6.9497,2.7258,2.0438,1.555,1,1,,8450,3.29
grid2:fineNorm,,,PR12_x2,holdout,4,1023,headon,vfield,f1c857ff2d,ok,0,0,0,0,0,0,3.831,1.5608,2.7258,2.0438,1.555,1,1,,8450,3.31
grid2:fineNorm,,,PR12_x2,holdout,4,1025,headon,vfield,f1c857ff2d,ok,1,0,1,0,0,0,3.1553,0.6375,2.7258,2.0438,1.555,1,1,13.66,8450,3.29
grid2:fineNorm,,,PR12_x2,holdout,4,1027,headon,vfield,f1c857ff2d,ok,0,0,0,0,0,0,3.9165,3.1889,2.7258,2.0438,1.555,1,1,,8450,3.29
grid2:fineNorm,,,PR12_x2,holdout,4,1029,headon,vfield,f1c857ff2d,ok,1,0,1,0,0,0,4.0695,0.8686,2.7258,2.0438,1.555,1,1,15.88,8450,3.28
grid2:fineNorm,,,PR12_x2,holdout,4,1031,headon,vfield,f1c857ff2d,ok,0,0,0,0,0,0,1.5667,1.7923,2.7258,2.0438,1.555,1,1,,8450,3.3
grid2:fineNorm,,,PR12_x2,holdout,4,1033,headon,vfield,f1c857ff2d,ok,0,0,0,0,0,0,2.987,1.6274,2.7258,2.0438,1.555,1,1,,8450,3.3
grid2:fineNorm,,,PR12_x2,holdout,4,1035,headon,vfield,f1c857ff2d,ok,0,0,0,0,0,0,2.5096,5.4978,2.7258,2.0438,1.555,1,1,,8450,3.29
grid2:fineNorm,,,PR12_x2,holdout,4,1037,headon,vfield,f1c857ff2d,ok,1,0,1,0,0,0,2.7746,0.8048,2.7258,2.0438,1.555,1,1,13.74,8450,3.28
grid2:fineNorm,,,PR12_x2,holdout,4,1039,headon,vfield,f1c857ff2d,ok,0,0,0,0,0,0,2.1907,2.7143,2.7258,2.0438,1.555,1,1,,8450,3.29
grid2:fineNorm,,,PR12_x2,holdout,4,1041,headon,vfield,f1c857ff2d,ok,0,0,0,0,0,0,2.9972,1.2977,2.7258,2.0438,1.555,1,1,,8450,3.29
grid2:fineNorm,,,PR12_x2,holdout,4,1043,headon,vfield,f1c857ff2d,ok,0,0,0,0,0,0,4.4562,1.8592,2.7258,2.0438,1.555,1,1,,8450,3.29
grid2:fineNorm,,,PR12_x2,holdout,4,1045,headon,vfield,f1c857ff2d,ok,0,0,0,0,0,0,5.0527,2.761,2.7258,2.0438,1.555,1,1,,8450,3.29
grid2:fineNorm,,,PR12_x2,holdout,4,1047,headon,vfield,f1c857ff2d,ok,0,0,0,0,0,0,4.795,1.7083,2.7258,2.0438,1.555,1,1,,8450,3.29
grid2:fineNorm,,,PR12_x2,holdout,4,1049,headon,vfield,f1c857ff2d,ok,0,0,0,0,0,0,6.2111,4.9872,2.7258,2.0438,1.555,1,1,,8450,3.47
grid2:fineNorm,,,PR12_x2,holdout,4,1051,headon,vfield,f1c857ff2d,ok,1,0,1,0,0,0,6.692,0.9952,2.7258,2.0438,1.555,1,1,15.61,8450,3.33
grid2:fineNorm,,,PR12_x2,holdout,4,1053,headon,vfield,f1c857ff2d,ok,0,0,0,0,0,0,3.679,5.5592,2.7258,2.0438,1.555,1,1,,8450,3.3
grid2:fineNorm,,,PR12_x2,holdout,4,1055,headon,vfield,f1c857ff2d,ok,0,0,0,0,0,0,2.5084,2.7762,2.7258,2.0438,1.555,1,1,,8450,3.28
grid2:fineNorm,,,PR12_x2,holdout,4,1057,headon,vfield,f1c857ff2d,ok,1,0,1,0,0,0,2.4895,0.6704,2.7258,2.0438,1.555,1,1,15.85,8450,3.3
grid2:fineNorm,,,PR12_x2,holdout,4,1059,headon,vfield,f1c857ff2d,ok,0,0,0,0,0,0,2.857,1.7775,2.7258,2.0438,1.555,1,1,,8450,3.3
grid2:fineNorm,,,PR13_x1,holdout,4,1001,headon,vfield,a1b21b3f06,ok,0,0,0,0,0,0,1.2781,2.1177,2.7258,2.0438,1.555,1,1,,8450,3.3
grid2:fineNorm,,,PR13_x1,holdout,4,1003,headon,vfield,a1b21b3f06,ok,0,0,0,0,0,0,4.2914,2.7281,2.7258,2.0438,1.555,1,1,,8450,3.29
grid2:fineNorm,,,PR13_x1,holdout,4,1005,headon,vfield,a1b21b3f06,ok,0,0,0,0,0,0,1.7992,2.1334,2.7258,2.0438,1.555,1,1,,8450,3.28
grid2:fineNorm,,,PR13_x1,holdout,4,1007,headon,vfield,a1b21b3f06,ok,0,0,0,0,0,0,2.5112,3.0086,2.7258,2.0438,1.555,1,1,,8450,3.3
grid2:fineNorm,,,PR13_x1,holdout,4,1009,headon,vfield,a1b21b3f06,ok,0,0,0,0,0,0,5.529,5.7327,2.7258,2.0438,1.555,1,1,,8450,3.3
grid2:fineNorm,,,PR13_x1,holdout,4,1011,headon,vfield,a1b21b3f06,ok,0,0,0,0,0,0,5.0046,3.1881,2.7258,2.0438,1.555,1,1,,8450,3.29
grid2:fineNorm,,,PR13_x1,holdout,4,1013,headon,vfield,a1b21b3f06,ok,0,0,0,0,0,0,2.8502,3.2344,2.7258,2.0438,1.555,1,1,,8450,3.29
grid2:fineNorm,,,PR13_x1,holdout,4,1015,headon,vfield,a1b21b3f06,ok,0,0,0,0,0,0,2.9522,2.8917,2.7258,2.0438,1.555,1,1,,8450,3.28
grid2:fineNorm,,,PR13_x1,holdout,4,1017,headon,vfield,a1b21b3f06,ok,0,0,0,0,0,0,5.1654,1.709,2.7258,2.0438,1.555,1,1,,8450,3.28
grid2:fineNorm,,,PR13_x1,holdout,4,1019,headon,vfield,a1b21b3f06,ok,0,0,0,0,0,0,2.1794,2.2887,2.7258,2.0438,1.555,1,1,,8450,3.3
grid2:fineNorm,,,PR13_x1,holdout,4,1021,headon,vfield,a1b21b3f06,ok,0,0,0,0,0,0,4.4689,2.9476,2.7258,2.0438,1.555,1,1,,8450,3.29
grid2:fineNorm,,,PR13_x1,holdout,4,1023,headon,vfield,a1b21b3f06,ok,0,0,0,0,0,0,3.1962,3.6253,2.7258,2.0438,1.555,1,1,,8450,3.28
grid2:fineNorm,,,PR13_x1,holdout,4,1025,headon,vfield,a1b21b3f06,ok,0,0,0,0,0,0,1.7212,2.0218,2.7258,2.0438,1.555,1,1,,8450,3.3
grid2:fineNorm,,,PR13_x1,holdout,4,1027,headon,vfield,a1b21b3f06,ok,0,0,0,0,0,0,2.5833,2.9078,2.7258,2.0438,1.555,1,1,,8450,3.3
grid2:fineNorm,,,PR13_x1,holdout,4,1029,headon,vfield,a1b21b3f06,ok,0,0,0,0,0,0,6.0062,2.8004,2.7258,2.0438,1.555,1,1,,8450,3.29
grid2:fineNorm,,,PR13_x1,holdout,4,1031,headon,vfield,a1b21b3f06,ok,0,0,0,0,0,0,5.1544,4.3233,2.7258,2.0438,1.555,1,1,,8450,3.29
grid2:fineNorm,,,PR13_x1,holdout,4,1033,headon,vfield,a1b21b3f06,ok,0,0,0,0,0,0,2.6021,2.3239,2.7258,2.0438,1.555,1,1,,8450,3.29
grid2:fineNorm,,,PR13_x1,holdout,4,1035,headon,vfield,a1b21b3f06,ok,0,0,0,0,0,0,2.2816,1.367,2.7258,2.0438,1.555,1,1,,8450,3.28
grid2:fineNorm,,,PR13_x1,holdout,4,1037,headon,vfield,a1b21b3f06,ok,0,0,0,0,0,0,3.3793,2.5408,2.7258,2.0438,1.555,1,1,,8450,3.3
grid2:fineNorm,,,PR13_x1,holdout,4,1039,headon,vfield,a1b21b3f06,ok,0,0,0,0,0,0,2.8803,2.5948,2.7258,2.0438,1.555,1,1,,8450,3.29
grid2:fineNorm,,,PR13_x1,holdout,4,1041,headon,vfield,a1b21b3f06,ok,0,0,0,0,0,0,4.1596,3.114,2.7258,2.0438,1.555,1,1,,8450,3.29
grid2:fineNorm,,,PR13_x1,holdout,4,1043,headon,vfield,a1b21b3f06,ok,0,0,0,0,0,0,3.989,2.3328,2.7258,2.0438,1.555,1,1,,8450,3.29
grid2:fineNorm,,,PR13_x1,holdout,4,1045,headon,vfield,a1b21b3f06,ok,0,0,0,0,0,0,3.5931,4.1309,2.7258,2.0438,1.555,1,1,,8450,3.28
grid2:fineNorm,,,PR13_x1,holdout,4,1047,headon,vfield,a1b21b3f06,ok,0,0,0,0,0,0,3.6242,2.5854,2.7258,2.0438,1.555,1,1,,8450,3.31
grid2:fineNorm,,,PR13_x1,holdout,4,1049,headon,vfield,a1b21b3f06,ok,0,0,0,0,0,0,4.4392,2.8894,2.7258,2.0438,1.555,1,1,,8450,3.29
grid2:fineNorm,,,PR13_x1,holdout,4,1051,headon,vfield,a1b21b3f06,ok,0,0,0,0,0,0,3.4082,3.3002,2.7258,2.0438,1.555,1,1,,8450,3.32
grid2:fineNorm,,,PR13_x1,holdout,4,1053,headon,vfield,a1b21b3f06,ok,0,0,0,0,0,0,3.932,2.8088,2.7258,2.0438,1.555,1,1,,8450,3.29
grid2:fineNorm,,,PR13_x1,holdout,4,1055,headon,vfield,a1b21b3f06,ok,0,0,0,0,0,0,6.1204,4.6106,2.7258,2.0438,1.555,1,1,,8450,3.29
grid2:fineNorm,,,PR13_x1,holdout,4,1057,headon,vfield,a1b21b3f06,ok,0,0,0,0,0,0,3.4702,1.537,2.7258,2.0438,1.555,1,1,,8450,3.31
grid2:fineNorm,,,PR13_x1,holdout,4,1059,headon,vfield,a1b21b3f06,ok,0,0,0,0,0,0,2.2478,1.0366,2.7258,2.0438,1.555,1,1,,8450,3.3
grid2:fineNorm,,,PR13_x1.25,holdout,4,1001,headon,vfield,5fb0cd270c,ok,0,0,0,0,0,0,3.9868,1.79,2.7258,2.0438,1.555,1,1,,8450,3.29
grid2:fineNorm,,,PR13_x1.25,holdout,4,1003,headon,vfield,5fb0cd270c,ok,0,0,0,0,0,0,3.8466,1.8143,2.7258,2.0438,1.555,1,1,,8450,3.33
grid2:fineNorm,,,PR13_x1.25,holdout,4,1005,headon,vfield,5fb0cd270c,ok,0,0,0,0,0,0,4.2542,2.105,2.7258,2.0438,1.555,1,1,,8450,3.31
grid2:fineNorm,,,PR13_x1.25,holdout,4,1007,headon,vfield,5fb0cd270c,ok,0,0,0,0,0,0,1.018,1.7847,2.7258,2.0438,1.555,1,1,,8450,3.36
grid2:fineNorm,,,PR13_x1.25,holdout,4,1009,headon,vfield,5fb0cd270c,ok,0,0,0,0,0,0,3.2943,5.0621,2.7258,2.0438,1.555,1,1,,8450,3.3
grid2:fineNorm,,,PR13_x1.25,holdout,4,1011,headon,vfield,5fb0cd270c,ok,0,0,0,0,0,0,2.069,2.129,2.7258,2.0438,1.555,1,1,,8450,3.29
grid2:fineNorm,,,PR13_x1.25,holdout,4,1013,headon,vfield,5fb0cd270c,ok,0,0,0,0,0,0,3.1716,3.4981,2.7258,2.0438,1.555,1,1,,8450,3.28
grid2:fineNorm,,,PR13_x1.25,holdout,4,1015,headon,vfield,5fb0cd270c,ok,0,0,0,0,0,0,3.7745,2.0486,2.7258,2.0438,1.555,1,1,,8450,3.3
grid2:fineNorm,,,PR13_x1.25,holdout,4,1017,headon,vfield,5fb0cd270c,ok,0,0,0,0,0,0,7.0914,1.8353,2.7258,2.0438,1.555,1,1,,8450,3.29
grid2:fineNorm,,,PR13_x1.25,holdout,4,1019,headon,vfield,5fb0cd270c,ok,0,0,0,0,0,0,2.8815,1.7901,2.7258,2.0438,1.555,1,1,,8450,3.32
grid2:fineNorm,,,PR13_x1.25,holdout,4,1021,headon,vfield,5fb0cd270c,ok,1,0,0,1,0,0,0.5757,2.0971,2.7258,2.0438,1.555,1,1,28.12,8450,3.32
grid2:fineNorm,,,PR13_x1.25,holdout,4,1023,headon,vfield,5fb0cd270c,ok,0,0,0,0,0,0,1.24,1.8155,2.7258,2.0438,1.555,1,1,,8450,3.33
grid2:fineNorm,,,PR13_x1.25,holdout,4,1025,headon,vfield,5fb0cd270c,ok,0,0,0,0,0,0,4.1963,1.7847,2.7258,2.0438,1.555,1,1,,8450,3.3
grid2:fineNorm,,,PR13_x1.25,holdout,4,1027,headon,vfield,5fb0cd270c,ok,0,0,0,0,0,0,4.3787,1.8301,2.7258,2.0438,1.555,1,1,,8450,3.32
grid2:fineNorm,,,PR13_x1.25,holdout,4,1029,headon,vfield,5fb0cd270c,ok,0,0,0,0,0,0,5.9451,1.7733,2.7258,2.0438,1.555,1,1,,8450,3.31
grid2:fineNorm,,,PR13_x1.25,holdout,4,1031,headon,vfield,5fb0cd270c,ok,0,0,0,0,0,0,4.2961,1.8785,2.7258,2.0438,1.555,1,1,,8450,3.31
grid2:fineNorm,,,PR13_x1.25,holdout,4,1033,headon,vfield,5fb0cd270c,ok,0,0,0,0,0,0,3.8438,1.8205,2.7258,2.0438,1.555,1,1,,8450,3.33
grid2:fineNorm,,,PR13_x1.25,holdout,4,1035,headon,vfield,5fb0cd270c,ok,0,0,0,0,0,0,5.178,1.1257,2.7258,2.0438,1.555,1,1,,8450,3.31
grid2:fineNorm,,,PR13_x1.25,holdout,4,1037,headon,vfield,5fb0cd270c,ok,1,0,0,0,1,0,0.2326,1.7374,2.7258,2.0438,1.555,1,1,34.44,8450,3.31
grid2:fineNorm,,,PR13_x1.25,holdout,4,1039,headon,vfield,5fb0cd270c,ok,0,0,0,0,0,0,3.9876,1.806,2.7258,2.0438,1.555,1,1,,8450,3.33
grid2:fineNorm,,,PR13_x1.25,holdout,4,1041,headon,vfield,5fb0cd270c,ok,0,0,0,0,0,0,5.2318,1.7803,2.7258,2.0438,1.555,1,1,,8450,3.33
grid2:fineNorm,,,PR13_x1.25,holdout,4,1043,headon,vfield,5fb0cd270c,ok,0,0,0,0,0,0,3.4511,1.7847,2.7258,2.0438,1.555,1,1,,8450,3.31
grid2:fineNorm,,,PR13_x1.25,holdout,4,1045,headon,vfield,5fb0cd270c,ok,0,0,0,0,0,0,4.0181,1.9007,2.7258,2.0438,1.555,1,1,,8450,3.31
grid2:fineNorm,,,PR13_x1.25,holdout,4,1047,headon,vfield,5fb0cd270c,ok,0,0,0,0,0,0,1.5621,1.5347,2.7258,2.0438,1.555,1,1,,8450,3.3
grid2:fineNorm,,,PR13_x1.25,holdout,4,1049,headon,vfield,5fb0cd270c,ok,0,0,0,0,0,0,5.8132,1.751,2.7258,2.0438,1.555,1,1,,8450,3.3
grid2:fineNorm,,,PR13_x1.25,holdout,4,1051,headon,vfield,5fb0cd270c,ok,0,0,0,0,0,0,4.5642,1.7928,2.7258,2.0438,1.555,1,1,,8450,3.29
grid2:fineNorm,,,PR13_x1.25,holdout,4,1053,headon,vfield,5fb0cd270c,ok,0,0,0,0,0,0,4.4717,2.0134,2.7258,2.0438,1.555,1,1,,8450,3.69
grid2:fineNorm,,,PR13_x1.25,holdout,4,1055,headon,vfield,5fb0cd270c,ok,0,0,0,0,0,0,4.3394,2.0093,2.7258,2.0438,1.555,1,1,,8450,3.29
grid2:fineNorm,,,PR13_x1.25,holdout,4,1057,headon,vfield,5fb0cd270c,ok,0,0,0,0,0,0,2.2372,2.0447,2.7258,2.0438,1.555,1,1,,8450,3.31
grid2:fineNorm,,,PR13_x1.25,holdout,4,1059,headon,vfield,5fb0cd270c,ok,0,0,0,0,0,0,3.6019,1.782,2.7258,2.0438,1.555,1,1,,8450,3.29
grid2:fineNorm,,,PR13_x1.5,holdout,4,1001,headon,vfield,f2245ced3a,ok,0,0,0,0,0,0,5.0322,1.7847,2.7258,2.0438,1.555,1,1,,8450,3.29
grid2:fineNorm,,,PR13_x1.5,holdout,4,1003,headon,vfield,f2245ced3a,ok,0,0,0,0,0,0,5.1818,1.7854,2.7258,2.0438,1.555,1,1,,8450,3.29
grid2:fineNorm,,,PR13_x1.5,holdout,4,1005,headon,vfield,f2245ced3a,ok,0,0,0,0,0,0,5.433,6.1484,2.7258,2.0438,1.555,1,1,,8450,3.28
grid2:fineNorm,,,PR13_x1.5,holdout,4,1007,headon,vfield,f2245ced3a,ok,0,0,0,0,0,0,4.2415,1.7847,2.7258,2.0438,1.555,1,1,,8450,3.33
grid2:fineNorm,,,PR13_x1.5,holdout,4,1009,headon,vfield,f2245ced3a,ok,0,0,0,0,0,0,6.7879,4.5229,2.7258,2.0438,1.555,1,1,,8450,3.28
grid2:fineNorm,,,PR13_x1.5,holdout,4,1011,headon,vfield,f2245ced3a,ok,1,0,1,0,0,0,3.4872,0.1331,2.7258,2.0438,1.555,1,1,14.58,8450,3.28
grid2:fineNorm,,,PR13_x1.5,holdout,4,1013,headon,vfield,f2245ced3a,ok,0,0,0,0,0,0,5.395,2.0175,2.7258,2.0438,1.555,1,1,,8450,3.31
grid2:fineNorm,,,PR13_x1.5,holdout,4,1015,headon,vfield,f2245ced3a,ok,0,0,0,0,0,0,3.5479,5.8093,2.7258,2.0438,1.555,1,1,,8450,3.31
grid2:fineNorm,,,PR13_x1.5,holdout,4,1017,headon,vfield,f2245ced3a,ok,0,0,0,0,0,0,6.0233,2.6007,2.7258,2.0438,1.555,1,1,,8450,3.3
grid2:fineNorm,,,PR13_x1.5,holdout,4,1019,headon,vfield,f2245ced3a,ok,0,0,0,0,0,0,5.0046,1.785,2.7258,2.0438,1.555,1,1,,8450,3.31
grid2:fineNorm,,,PR13_x1.5,holdout,4,1021,headon,vfield,f2245ced3a,ok,0,0,0,0,0,0,5.45,2.1276,2.7258,2.0438,1.555,1,1,,8450,3.3
grid2:fineNorm,,,PR13_x1.5,holdout,4,1023,headon,vfield,f2245ced3a,ok,0,0,0,0,0,0,3.1046,1.7871,2.7258,2.0438,1.555,1,1,,8450,3.31
grid2:fineNorm,,,PR13_x1.5,holdout,4,1025,headon,vfield,f2245ced3a,ok,0,0,0,0,0,0,4.4778,1.7847,2.7258,2.0438,1.555,1,1,,8450,3.3
grid2:fineNorm,,,PR13_x1.5,holdout,4,1027,headon,vfield,f2245ced3a,ok,0,0,0,0,0,0,6.2301,6.4567,2.7258,2.0438,1.555,1,1,,8450,3.3
grid2:fineNorm,,,PR13_x1.5,holdout,4,1029,headon,vfield,f2245ced3a,ok,0,0,0,0,0,0,3.5772,2.1598,2.7258,2.0438,1.555,1,1,,8450,3.29
grid2:fineNorm,,,PR13_x1.5,holdout,4,1031,headon,vfield,f2245ced3a,ok,0,0,0,0,0,0,4.2351,1.6687,2.7258,2.0438,1.555,1,1,,8450,3.31
grid2:fineNorm,,,PR13_x1.5,holdout,4,1033,headon,vfield,f2245ced3a,ok,0,0,0,0,0,0,2.164,1.7847,2.7258,2.0438,1.555,1,1,,8450,3.31
grid2:fineNorm,,,PR13_x1.5,holdout,4,1035,headon,vfield,f2245ced3a,ok,0,0,0,0,0,0,3.8115,1.9953,2.7258,2.0438,1.555,1,1,,8450,3.3
grid2:fineNorm,,,PR13_x1.5,holdout,4,1037,headon,vfield,f2245ced3a,ok,0,0,0,0,0,0,5.3432,1.8775,2.7258,2.0438,1.555,1,1,,8450,3.34
grid2:fineNorm,,,PR13_x1.5,holdout,4,1039,headon,vfield,f2245ced3a,ok,0,0,0,0,0,0,4.9043,1.7847,2.7258,2.0438,1.555,1,1,,8450,3.38
grid2:fineNorm,,,PR13_x1.5,holdout,4,1041,headon,vfield,f2245ced3a,ok,0,0,0,0,0,0,3.1257,1.8101,2.7258,2.0438,1.555,1,1,,8450,3.34
grid2:fineNorm,,,PR13_x1.5,holdout,4,1043,headon,vfield,f2245ced3a,ok,0,0,0,0,0,0,2.5147,1.7847,2.7258,2.0438,1.555,1,1,,8450,3.33
grid2:fineNorm,,,PR13_x1.5,holdout,4,1045,headon,vfield,f2245ced3a,ok,0,0,0,0,0,0,7.1193,2.0315,2.7258,2.0438,1.555,1,1,,8450,3.33
grid2:fineNorm,,,PR13_x1.5,holdout,4,1047,headon,vfield,f2245ced3a,ok,0,0,0,0,0,0,4.5962,2.0062,2.7258,2.0438,1.555,1,1,,8450,3.31
grid2:fineNorm,,,PR13_x1.5,holdout,4,1049,headon,vfield,f2245ced3a,ok,0,0,0,0,0,0,5.1408,1.8114,2.7258,2.0438,1.555,1,1,,8450,3.32
grid2:fineNorm,,,PR13_x1.5,holdout,4,1051,headon,vfield,f2245ced3a,ok,0,0,0,0,0,0,2.2162,1.7847,2.7258,2.0438,1.555,1,1,,8450,3.32
grid2:fineNorm,,,PR13_x1.5,holdout,4,1053,headon,vfield,f2245ced3a,ok,0,0,0,0,0,0,4.4642,2.0315,2.7258,2.0438,1.555,1,1,,8450,3.34
grid2:fineNorm,,,PR13_x1.5,holdout,4,1055,headon,vfield,f2245ced3a,ok,1,0,1,0,0,0,3.1968,0.7883,2.7258,2.0438,1.555,1,1,24.78,8450,3.3
grid2:fineNorm,,,PR13_x1.5,holdout,4,1057,headon,vfield,f2245ced3a,ok,0,0,0,0,0,0,2.8241,2.0415,2.7258,2.0438,1.555,1,1,,8450,3.3
grid2:fineNorm,,,PR13_x1.5,holdout,4,1059,headon,vfield,f2245ced3a,ok,0,0,0,0,0,0,2.3949,1.7847,2.7258,2.0438,1.555,1,1,,8450,3.3
grid2:fineNorm,,,PR13_x2,holdout,4,1001,headon,vfield,85cc463575,ok,0,0,0,0,0,0,5.4516,1.7847,2.7258,2.0438,1.555,1,1,,8450,3.3
grid2:fineNorm,,,PR13_x2,holdout,4,1003,headon,vfield,85cc463575,ok,0,0,0,0,0,0,2.5558,1.7847,2.7258,2.0438,1.555,1,1,,8450,3.32
grid2:fineNorm,,,PR13_x2,holdout,4,1005,headon,vfield,85cc463575,ok,0,0,0,0,0,0,1.9642,1.6759,2.7258,2.0438,1.555,1,1,,8450,3.32
grid2:fineNorm,,,PR13_x2,holdout,4,1007,headon,vfield,85cc463575,ok,1,0,1,0,0,0,2.2006,0.923,2.7258,2.0438,1.555,1,1,16.79,8450,3.29
grid2:fineNorm,,,PR13_x2,holdout,4,1009,headon,vfield,85cc463575,ok,0,0,0,0,0,0,4.0137,3.174,2.7258,2.0438,1.555,1,1,,8450,3.31
grid2:fineNorm,,,PR13_x2,holdout,4,1011,headon,vfield,85cc463575,ok,0,0,0,0,0,0,2.6296,7.386,2.7258,2.0438,1.555,1,1,,8450,3.3
grid2:fineNorm,,,PR13_x2,holdout,4,1013,headon,vfield,85cc463575,ok,0,0,0,0,0,0,5.2026,2.1392,2.7258,2.0438,1.555,1,1,,8450,3.34
grid2:fineNorm,,,PR13_x2,holdout,4,1015,headon,vfield,85cc463575,ok,0,0,0,0,0,0,4.5647,8.6588,2.7258,2.0438,1.555,1,1,,8450,3.32
grid2:fineNorm,,,PR13_x2,holdout,4,1017,headon,vfield,85cc463575,ok,0,0,0,0,0,0,3.9226,5.08,2.7258,2.0438,1.555,1,1,,8450,3.32
grid2:fineNorm,,,PR13_x2,holdout,4,1019,headon,vfield,85cc463575,ok,0,0,0,0,0,0,3.9136,1.7847,2.7258,2.0438,1.555,1,1,,8450,3.3
grid2:fineNorm,,,PR13_x2,holdout,4,1021,headon,vfield,85cc463575,ok,0,0,0,0,0,0,5.1553,4.3421,2.7258,2.0438,1.555,1,1,,8450,3.3
grid2:fineNorm,,,PR13_x2,holdout,4,1023,headon,vfield,85cc463575,ok,0,0,0,0,0,0,5.7001,9.2995,2.7258,2.0438,1.555,1,1,,8450,3.3
grid2:fineNorm,,,PR13_x2,holdout,4,1025,headon,vfield,85cc463575,ok,0,0,0,0,0,0,4.1976,1.7847,2.7258,2.0438,1.555,1,1,,8450,3.34
grid2:fineNorm,,,PR13_x2,holdout,4,1027,headon,vfield,85cc463575,ok,0,0,0,0,0,0,2.347,8.368,2.7258,2.0438,1.555,1,1,,8450,3.37
grid2:fineNorm,,,PR13_x2,holdout,4,1029,headon,vfield,85cc463575,ok,0,0,0,0,0,0,1.2798,2.0982,2.7258,2.0438,1.555,1,1,,8450,3.82
grid2:fineNorm,,,PR13_x2,holdout,4,1031,headon,vfield,85cc463575,ok,0,0,0,0,0,0,1.0831,1.9952,2.7258,2.0438,1.555,1,1,,8450,3.56
grid2:fineNorm,,,PR13_x2,holdout,4,1033,headon,vfield,85cc463575,ok,0,0,0,0,0,0,4.3939,1.7847,2.7258,2.0438,1.555,1,1,,8450,3.52
grid2:fineNorm,,,PR13_x2,holdout,4,1035,headon,vfield,85cc463575,ok,0,0,0,0,0,0,4.2038,2.2441,2.7258,2.0438,1.555,1,1,,8450,3.32
grid2:fineNorm,,,PR13_x2,holdout,4,1037,headon,vfield,85cc463575,ok,0,0,0,0,0,0,5.2226,1.8082,2.7258,2.0438,1.555,1,1,,8450,3.34
grid2:fineNorm,,,PR13_x2,holdout,4,1039,headon,vfield,85cc463575,ok,0,0,0,0,0,0,3.1035,1.7856,2.7258,2.0438,1.555,1,1,,8450,3.37
grid2:fineNorm,,,PR13_x2,holdout,4,1041,headon,vfield,85cc463575,ok,0,0,0,0,0,0,3.073,5.033,2.7258,2.0438,1.555,1,1,,8450,3.38
grid2:fineNorm,,,PR13_x2,holdout,4,1043,headon,vfield,85cc463575,ok,0,0,0,0,0,0,5.234,1.7847,2.7258,2.0438,1.555,1,1,,8450,3.34
grid2:fineNorm,,,PR13_x2,holdout,4,1045,headon,vfield,85cc463575,ok,1,0,0,1,0,0,0.8152,1.5694,2.7258,2.0438,1.555,1,1,29.58,8450,3.34
grid2:fineNorm,,,PR13_x2,holdout,4,1047,headon,vfield,85cc463575,ok,0,0,0,0,0,0,4.7983,2.1867,2.7258,2.0438,1.555,1,1,,8450,3.35
grid2:fineNorm,,,PR13_x2,holdout,4,1049,headon,vfield,85cc463575,ok,0,0,0,0,0,0,5.4214,6.1762,2.7258,2.0438,1.555,1,1,,8450,3.34
grid2:fineNorm,,,PR13_x2,holdout,4,1051,headon,vfield,85cc463575,ok,0,0,0,0,0,0,3.8936,1.8037,2.7258,2.0438,1.555,1,1,,8450,3.36
grid2:fineNorm,,,PR13_x2,holdout,4,1053,headon,vfield,85cc463575,ok,0,0,0,0,0,0,3.7466,2.0315,2.7258,2.0438,1.555,1,1,,8450,3.36
grid2:fineNorm,,,PR13_x2,holdout,4,1055,headon,vfield,85cc463575,ok,0,0,0,0,0,0,3.0969,8.5544,2.7258,2.0438,1.555,1,1,,8450,3.31
grid2:fineNorm,,,PR13_x2,holdout,4,1057,headon,vfield,85cc463575,ok,0,0,0,0,0,0,1.5684,2.8542,2.7258,2.0438,1.555,1,1,,8450,3.32
grid2:fineNorm,,,PR13_x2,holdout,4,1059,headon,vfield,85cc463575,ok,0,0,0,0,0,0,3.4304,1.6876,2.7258,2.0438,1.555,1,1,,8450,3.33
