mode,param,value,label,split,nFan,seed,geometry,guidance,configHash,status,totalCollisions,fanOwnCap,fanForeignCap,fanFanSame,fanFanCross,leaderLeader,minFanFanGap,minFanCapGap,minLeaderGap,redRMS,goldRMS,redArrived,goldArrived,firstCollisionRelCPA,steps,runtimeSec
grid2:halfR,,,PR4_x1,holdout,3,1001,headon,vfield,3f1396e4c0,ok,2,0,0,1,1,0,0.2332,2.6271,2.7258,2.0438,1.555,1,1,-34.16,8450,3.65
grid2:halfR,,,PR4_x1,holdout,3,1003,headon,vfield,3f1396e4c0,ok,0,0,0,0,0,0,3.2893,1.3485,2.7258,2.0438,1.555,1,1,,8450,3.59
grid2:halfR,,,PR4_x1,holdout,3,1005,headon,vfield,3f1396e4c0,ok,0,0,0,0,0,0,1.6081,1.9072,2.7258,2.0438,1.555,1,1,,8450,3.57
grid2:halfR,,,PR4_x1,holdout,3,1007,headon,vfield,3f1396e4c0,ok,0,0,0,0,0,0,1.886,1.7209,2.7258,2.0438,1.555,1,1,,8450,3.5
grid2:halfR,,,PR4_x1,holdout,3,1009,headon,vfield,3f1396e4c0,ok,0,0,0,0,0,0,1.5341,2.0368,2.7258,2.0438,1.555,1,1,,8450,3.56
grid2:halfR,,,PR4_x1,holdout,3,1011,headon,vfield,3f1396e4c0,ok,0,0,0,0,0,0,1.7691,2.7818,2.7258,2.0438,1.555,1,1,,8450,3.57
grid2:halfR,,,PR4_x1,holdout,3,1013,headon,vfield,3f1396e4c0,ok,1,0,0,0,1,0,0.4337,1.165,2.7258,2.0438,1.555,1,1,6.71,8450,3.57
grid2:halfR,,,PR4_x1,holdout,3,1015,headon,vfield,3f1396e4c0,ok,1,0,0,0,1,0,0.2154,2.7534,2.7258,2.0438,1.555,1,1,5.86,8450,3.57
grid2:halfR,,,PR4_x1,holdout,3,1017,headon,vfield,3f1396e4c0,ok,0,0,0,0,0,0,1.2786,1.6026,2.7258,2.0438,1.555,1,1,,8450,3.55
grid2:halfR,,,PR4_x1,holdout,3,1019,headon,vfield,3f1396e4c0,ok,0,0,0,0,0,0,2.1847,2.2433,2.7258,2.0438,1.555,1,1,,8450,3.59
grid2:halfR,,,PR4_x1,holdout,3,1021,headon,vfield,3f1396e4c0,ok,2,0,0,1,1,0,0.4506,2.1693,2.7258,2.0438,1.555,1,1,4.78,8450,3.57
grid2:halfR,,,PR4_x1,holdout,3,1023,headon,vfield,3f1396e4c0,ok,1,0,0,0,1,0,0.5562,1.1132,2.7258,2.0438,1.555,1,1,7.22,8450,3.6
grid2:halfR,,,PR4_x1,holdout,3,1025,headon,vfield,3f1396e4c0,ok,1,0,0,0,1,0,0.9346,3.6787,2.7258,2.0438,1.555,1,1,6.47,8450,3.55
grid2:halfR,,,PR4_x1,holdout,3,1027,headon,vfield,3f1396e4c0,ok,0,0,0,0,0,0,3.1193,2.7623,2.7258,2.0438,1.555,1,1,,8450,3.56
grid2:halfR,,,PR4_x1,holdout,3,1029,headon,vfield,3f1396e4c0,ok,1,0,1,0,0,0,1.8722,0.7223,2.7258,2.0438,1.555,1,1,4.6,8450,3.57
grid2:halfR,,,PR4_x1,holdout,3,1031,headon,vfield,3f1396e4c0,ok,2,0,0,0,2,0,0.2643,3.0416,2.7258,2.0438,1.555,1,1,6.34,8450,3.57
grid2:halfR,,,PR4_x1,holdout,3,1033,headon,vfield,3f1396e4c0,ok,1,0,0,0,1,0,0.6222,3.082,2.7258,2.0438,1.555,1,1,6.79,8450,3.59
grid2:halfR,,,PR4_x1,holdout,3,1035,headon,vfield,3f1396e4c0,ok,0,0,0,0,0,0,2.7527,1.6154,2.7258,2.0438,1.555,1,1,,8450,3.57
grid2:halfR,,,PR4_x1,holdout,3,1037,headon,vfield,3f1396e4c0,ok,2,0,0,2,0,0,0.4069,1.1132,2.7258,2.0438,1.555,1,1,4.52,8450,3.6
grid2:halfR,,,PR4_x1,holdout,3,1039,headon,vfield,3f1396e4c0,ok,0,0,0,0,0,0,2.9586,3.9555,2.7258,2.0438,1.555,1,1,,8450,3.56
grid2:halfR,,,PR4_x1,holdout,3,1041,headon,vfield,3f1396e4c0,ok,2,0,0,0,2,0,0.0197,2.1972,2.7258,2.0438,1.555,1,1,4.76,8450,3.55
grid2:halfR,,,PR4_x1,holdout,3,1043,headon,vfield,3f1396e4c0,ok,1,0,0,0,1,0,0.3456,1.6808,2.7258,2.0438,1.555,1,1,7.12,8450,3.61
grid2:halfR,,,PR4_x1,holdout,3,1045,headon,vfield,3f1396e4c0,ok,0,0,0,0,0,0,1.4286,3.5961,2.7258,2.0438,1.555,1,1,,8450,3.54
grid2:halfR,,,PR4_x1,holdout,3,1047,headon,vfield,3f1396e4c0,ok,1,0,0,0,1,0,0.0912,3.629,2.7258,2.0438,1.555,1,1,5.41,8450,3.51
grid2:halfR,,,PR4_x1,holdout,3,1049,headon,vfield,3f1396e4c0,ok,0,0,0,0,0,0,2.6818,2.5279,2.7258,2.0438,1.555,1,1,,8450,3.64
grid2:halfR,,,PR4_x1,holdout,3,1051,headon,vfield,3f1396e4c0,ok,0,0,0,0,0,0,1.3985,1.9558,2.7258,2.0438,1.555,1,1,,8450,3.59
grid2:halfR,,,PR4_x1,holdout,3,1053,headon,vfield,3f1396e4c0,ok,2,0,1,1,0,0,0.0714,0.6863,2.7258,2.0438,1.555,1,1,4.62,8450,3.58
grid2:halfR,,,PR4_x1,holdout,3,1055,headon,vfield,3f1396e4c0,ok,0,0,0,0,0,0,2.1339,2.6618,2.7258,2.0438,1.555,1,1,,8450,3.59
grid2:halfR,,,PR4_x1,holdout,3,1057,headon,vfield,3f1396e4c0,ok,0,0,0,0,0,0,1.5525,3.4778,2.7258,2.0438,1.555,1,1,,8450,3.53
grid2:halfR,,,PR4_x1,holdout,3,1059,headon,vfield,3f1396e4c0,ok,1,0,0,0,1,0,0.452,2.6596,2.7258,2.0438,1.555,1,1,6.42,8450,3.59
grid2:halfR,,,PR4_x1.25,holdout,3,1001,headon,vfield,c199ace5db,ok,0,0,0,0,0,0,2.449,1.5709,2.7258,2.0438,1.555,1,1,,8450,3.59
grid2:halfR,,,PR4_x1.25,holdout,3,1003,headon,vfield,c199ace5db,ok,0,0,0,0,0,0,2.8948,3.4407,2.7258,2.0438,1.555,1,1,,8450,3.55
grid2:halfR,,,PR4_x1.25,holdout,3,1005,headon,vfield,c199ace5db,ok,2,0,0,1,1,0,0.1395,3.4133,2.7258,2.0438,1.555,1,1,8.99,8450,3.55
grid2:halfR,,,PR4_x1.25,holdout,3,1007,headon,vfield,c199ace5db,ok,1,0,0,1,0,0,0.0289,1.531,2.7258,2.0438,1.555,1,1,14.16,8450,3.56
grid2:halfR,,,PR4_x1.25,holdout,3,1009,headon,vfield,c199ace5db,ok,0,0,0,0,0,0,2.9143,3.4213,2.7258,2.0438,1.555,1,1,,8450,3.57
grid2:halfR,,,PR4_x1.25,holdout,3,1011,headon,vfield,c199ace5db,ok,0,0,0,0,0,0,2.5679,1.4008,2.7258,2.0438,1.555,1,1,,8450,3.57
grid2:halfR,,,PR4_x1.25,holdout,3,1013,headon,vfield,c199ace5db,ok,2,0,1,1,0,0,0.388,0.159,2.7258,2.0438,1.555,1,1,7.87,8450,3.57
grid2:halfR,,,PR4_x1.25,holdout,3,1015,headon,vfield,c199ace5db,ok,0,0,0,0,0,0,2.6957,3.8245,2.7258,2.0438,1.555,1,1,,8450,3.53
grid2:halfR,,,PR4_x1.25,holdout,3,1017,headon,vfield,c199ace5db,ok,1,0,0,0,1,0,0.2112,2.6274,2.7258,2.0438,1.555,1,1,5.48,8450,3.55
grid2:halfR,,,PR4_x1.25,holdout,3,1019,headon,vfield,c199ace5db,ok,0,0,0,0,0,0,2.5134,1.3623,2.7258,2.0438,1.555,1,1,,8450,3.57
grid2:halfR,,,PR4_x1.25,holdout,3,1021,headon,vfield,c199ace5db,ok,1,0,1,0,0,0,1.0257,0.6516,2.7258,2.0438,1.555,1,1,8.3,8450,3.64
grid2:halfR,,,PR4_x1.25,holdout,3,1023,headon,vfield,c199ace5db,ok,0,0,0,0,0,0,2.3659,1.7373,2.7258,2.0438,1.555,1,1,,8450,3.58
grid2:halfR,,,PR4_x1.25,holdout,3,1025,headon,vfield,c199ace5db,ok,0,0,0,0,0,0,2.8308,3.8214,2.7258,2.0438,1.555,1,1,,8450,3.54
grid2:halfR,,,PR4_x1.25,holdout,3,1027,headon,vfield,c199ace5db,ok,0,0,0,0,0,0,2.922,3.437,2.7258,2.0438,1.555,1,1,,8450,3.54
grid2:halfR,,,PR4_x1.25,holdout,3,1029,headon,vfield,c199ace5db,ok,0,0,0,0,0,0,2.9358,3.8226,2.7258,2.0438,1.555,1,1,,8450,3.59
grid2:halfR,,,PR4_x1.25,holdout,3,1031,headon,vfield,c199ace5db,ok,0,0,0,0,0,0,2.4278,2.0315,2.7258,2.0438,1.555,1,1,,8450,3.56
grid2:halfR,,,PR4_x1.25,holdout,3,1033,headon,vfield,c199ace5db,ok,3,0,0,1,2,0,0.317,1.9865,2.7258,2.0438,1.555,1,1,6.86,8450,3.53
grid2:halfR,,,PR4_x1.25,holdout,3,1035,headon,vfield,c199ace5db,ok,0,0,0,0,0,0,2.9025,3.7494,2.7258,2.0438,1.555,1,1,,8450,3.57
grid2:halfR,,,PR4_x1.25,holdout,3,1037,headon,vfield,c199ace5db,ok,0,0,0,0,0,0,2.8311,3.8228,2.7258,2.0438,1.555,1,1,,8450,3.54
grid2:halfR,,,PR4_x1.25,holdout,3,1039,headon,vfield,c199ace5db,ok,0,0,0,0,0,0,1.7536,1.9849,2.7258,2.0438,1.555,1,1,,8450,3.56
grid2:halfR,,,PR4_x1.25,holdout,3,1041,headon,vfield,c199ace5db,ok,0,0,0,0,0,0,2.8189,3.8237,2.7258,2.0438,1.555,1,1,,8450,3.59
grid2:halfR,,,PR4_x1.25,holdout,3,1043,headon,vfield,c199ace5db,ok,0,0,0,0,0,0,1.9795,3.3813,2.7258,2.0438,1.555,1,1,,8450,3.56
grid2:halfR,,,PR4_x1.25,holdout,3,1045,headon,vfield,c199ace5db,ok,0,0,0,0,0,0,2.9089,3.4611,2.7258,2.0438,1.555,1,1,,8450,3.57
grid2:halfR,,,PR4_x1.25,holdout,3,1047,headon,vfield,c199ace5db,ok,1,0,0,0,1,0,0.5678,3.4329,2.7258,2.0438,1.555,1,1,4.97,8450,3.64
grid2:halfR,,,PR4_x1.25,holdout,3,1049,headon,vfield,c199ace5db,ok,0,0,0,0,0,0,2.7504,3.9873,2.7258,2.0438,1.555,1,1,,8450,3.59
grid2:halfR,,,PR4_x1.25,holdout,3,1051,headon,vfield,c199ace5db,ok,0,0,0,0,0,0,2.5724,2.8187,2.7258,2.0438,1.555,1,1,,8450,3.57
grid2:halfR,,,PR4_x1.25,holdout,3,1053,headon,vfield,c199ace5db,ok,0,0,0,0,0,0,2.9023,3.4085,2.7258,2.0438,1.555,1,1,,8450,3.58
grid2:halfR,,,PR4_x1.25,holdout,3,1055,headon,vfield,c199ace5db,ok,1,0,0,1,0,0,0.6381,2.0366,2.7258,2.0438,1.555,1,1,-32.67,8450,3.55
grid2:halfR,,,PR4_x1.25,holdout,3,1057,headon,vfield,c199ace5db,ok,0,0,0,0,0,0,2.9125,3.4345,2.7258,2.0438,1.555,1,1,,8450,3.64
grid2:halfR,,,PR4_x1.25,holdout,3,1059,headon,vfield,c199ace5db,ok,0,0,0,0,0,0,2.6024,3.4458,2.7258,2.0438,1.555,1,1,,8450,3.57
grid2:halfR,,,PR4_x1.5,holdout,3,1001,headon,vfield,34984763df,ok,0,0,0,0,0,0,2.7812,2.3669,2.7258,2.0438,1.555,1,1,,8450,3.58
grid2:halfR,,,PR4_x1.5,holdout,3,1003,headon,vfield,34984763df,ok,0,0,0,0,0,0,2.7816,2.3679,2.7258,2.0438,1.555,1,1,,8450,3.52
grid2:halfR,,,PR4_x1.5,holdout,3,1005,headon,vfield,34984763df,ok,2,0,0,2,0,0,0.0042,3.4133,2.7258,2.0438,1.555,1,1,-33.54,8450,3.57
grid2:halfR,,,PR4_x1.5,holdout,3,1007,headon,vfield,34984763df,ok,0,0,0,0,0,0,2.881,2.3674,2.7258,2.0438,1.555,1,1,,8450,3.59
grid2:halfR,,,PR4_x1.5,holdout,3,1009,headon,vfield,34984763df,ok,0,0,0,0,0,0,2.8434,3.6027,2.7258,2.0438,1.555,1,1,,8450,3.61
grid2:halfR,,,PR4_x1.5,holdout,3,1011,headon,vfield,34984763df,ok,0,0,0,0,0,0,2.7948,2.8987,2.7258,2.0438,1.555,1,1,,8450,3.58
grid2:halfR,,,PR4_x1.5,holdout,3,1013,headon,vfield,34984763df,ok,1,0,0,1,0,0,0.0282,3.4133,2.7258,2.0438,1.555,1,1,9.27,8450,3.55
grid2:halfR,,,PR4_x1.5,holdout,3,1015,headon,vfield,34984763df,ok,0,0,0,0,0,0,2.7571,2.3054,2.7258,2.0438,1.555,1,1,,8450,3.55
grid2:halfR,,,PR4_x1.5,holdout,3,1017,headon,vfield,34984763df,ok,0,0,0,0,0,0,1.6292,2.3673,2.7258,2.0438,1.555,1,1,,8450,3.52
grid2:halfR,,,PR4_x1.5,holdout,3,1019,headon,vfield,34984763df,ok,0,0,0,0,0,0,2.7779,2.3665,2.7258,2.0438,1.555,1,1,,8450,3.57
grid2:halfR,,,PR4_x1.5,holdout,3,1021,headon,vfield,34984763df,ok,0,0,0,0,0,0,2.7648,2.3687,2.7258,2.0438,1.555,1,1,,8450,3.57
grid2:halfR,,,PR4_x1.5,holdout,3,1023,headon,vfield,34984763df,ok,0,0,0,0,0,0,1.6618,2.648,2.7258,2.0438,1.555,1,1,,8450,3.63
grid2:halfR,,,PR4_x1.5,holdout,3,1025,headon,vfield,34984763df,ok,0,0,0,0,0,0,2.8871,3.7509,2.7258,2.0438,1.555,1,1,,8450,3.55
grid2:halfR,,,PR4_x1.5,holdout,3,1027,headon,vfield,34984763df,ok,0,0,0,0,0,0,2.8179,3.5835,2.7258,2.0438,1.555,1,1,,8450,3.56
grid2:halfR,,,PR4_x1.5,holdout,3,1029,headon,vfield,34984763df,ok,1,0,0,0,1,0,0.8704,2.3686,2.7258,2.0438,1.555,1,1,6.13,8450,3.59
grid2:halfR,,,PR4_x1.5,holdout,3,1031,headon,vfield,34984763df,ok,1,0,0,1,0,0,0.7334,3.4134,2.7258,2.0438,1.555,1,1,8.38,8450,3.58
grid2:halfR,,,PR4_x1.5,holdout,3,1033,headon,vfield,34984763df,ok,1,0,0,1,0,0,0.7044,3.4134,2.7258,2.0438,1.555,1,1,8.4,8450,3.54
grid2:halfR,,,PR4_x1.5,holdout,3,1035,headon,vfield,34984763df,ok,1,0,0,1,0,0,0.6955,2.3689,2.7258,2.0438,1.555,1,1,-31.87,8450,3.53
grid2:halfR,,,PR4_x1.5,holdout,3,1037,headon,vfield,34984763df,ok,0,0,0,0,0,0,2.7846,2.3683,2.7258,2.0438,1.555,1,1,,8450,3.53
grid2:halfR,,,PR4_x1.5,holdout,3,1039,headon,vfield,34984763df,ok,0,0,0,0,0,0,2.7712,2.3741,2.7258,2.0438,1.555,1,1,,8450,3.58
grid2:halfR,,,PR4_x1.5,holdout,3,1041,headon,vfield,34984763df,ok,0,0,0,0,0,0,2.6603,2.3673,2.7258,2.0438,1.555,1,1,,8450,3.54
grid2:halfR,,,PR4_x1.5,holdout,3,1043,headon,vfield,34984763df,ok,0,0,0,0,0,0,2.7642,2.3676,2.7258,2.0438,1.555,1,1,,8450,3.58
grid2:halfR,,,PR4_x1.5,holdout,3,1045,headon,vfield,34984763df,ok,0,0,0,0,0,0,2.8422,2.3679,2.7258,2.0438,1.555,1,1,,8450,3.54
grid2:halfR,,,PR4_x1.5,holdout,3,1047,headon,vfield,34984763df,ok,0,0,0,0,0,0,2.7722,2.3663,2.7258,2.0438,1.555,1,1,,8450,3.54
grid2:halfR,,,PR4_x1.5,holdout,3,1049,headon,vfield,34984763df,ok,0,0,0,0,0,0,1.5837,3.8899,2.7258,2.0438,1.555,1,1,,8450,3.61
grid2:halfR,,,PR4_x1.5,holdout,3,1051,headon,vfield,34984763df,ok,0,0,0,0,0,0,2.5714,2.3285,2.7258,2.0438,1.555,1,1,,8450,3.57
grid2:halfR,,,PR4_x1.5,holdout,3,1053,headon,vfield,34984763df,ok,0,0,0,0,0,0,2.7817,2.3692,2.7258,2.0438,1.555,1,1,,8450,3.6
grid2:halfR,,,PR4_x1.5,holdout,3,1055,headon,vfield,34984763df,ok,0,0,0,0,0,0,2.7909,2.3723,2.7258,2.0438,1.555,1,1,,8450,3.54
grid2:halfR,,,PR4_x1.5,holdout,3,1057,headon,vfield,34984763df,ok,0,0,0,0,0,0,2.3183,2.3741,2.7258,2.0438,1.555,1,1,,8450,3.53
grid2:halfR,,,PR4_x1.5,holdout,3,1059,headon,vfield,34984763df,ok,0,0,0,0,0,0,2.6103,2.3322,2.7258,2.0438,1.555,1,1,,8450,3.6
grid2:halfR,,,PR4_x2,holdout,3,1001,headon,vfield,39bd94716f,ok,0,0,0,0,0,0,2.8369,3.6027,2.7258,2.0438,1.555,1,1,,8450,3.56
grid2:halfR,,,PR4_x2,holdout,3,1003,headon,vfield,39bd94716f,ok,2,0,1,0,1,0,0.0127,0.6524,2.7258,2.0438,1.555,1,1,5.58,8450,3.57
grid2:halfR,,,PR4_x2,holdout,3,1005,headon,vfield,39bd94716f,ok,0,0,0,0,0,0,1.0698,2.6281,2.7258,2.0438,1.555,1,1,,8450,3.55
grid2:halfR,,,PR4_x2,holdout,3,1007,headon,vfield,39bd94716f,ok,0,0,0,0,0,0,2.2651,1.9072,2.7258,2.0438,1.555,1,1,,8450,3.57
grid2:halfR,,,PR4_x2,holdout,3,1009,headon,vfield,39bd94716f,ok,0,0,0,0,0,0,2.8632,3.6027,2.7258,2.0438,1.555,1,1,,8450,3.55
grid2:halfR,,,PR4_x2,holdout,3,1011,headon,vfield,39bd94716f,ok,0,0,0,0,0,0,2.0872,3.2139,2.7258,2.0438,1.555,1,1,,8450,3.58
grid2:halfR,,,PR4_x2,holdout,3,1013,headon,vfield,39bd94716f,ok,0,0,0,0,0,0,1.3738,2.6268,2.7258,2.0438,1.555,1,1,,8450,3.58
grid2:halfR,,,PR4_x2,holdout,3,1015,headon,vfield,39bd94716f,ok,0,0,0,0,0,0,2.8632,3.6027,2.7258,2.0438,1.555,1,1,,8450,3.55
grid2:halfR,,,PR4_x2,holdout,3,1017,headon,vfield,39bd94716f,ok,0,0,0,0,0,0,2.6762,2.178,2.7258,2.0438,1.555,1,1,,8450,3.51
grid2:halfR,,,PR4_x2,holdout,3,1019,headon,vfield,39bd94716f,ok,0,0,0,0,0,0,2.0838,3.6026,2.7258,2.0438,1.555,1,1,,8450,3.58
grid2:halfR,,,PR4_x2,holdout,3,1021,headon,vfield,39bd94716f,ok,0,0,0,0,0,0,2.8375,3.6027,2.7258,2.0438,1.555,1,1,,8450,3.59
grid2:halfR,,,PR4_x2,holdout,3,1023,headon,vfield,39bd94716f,ok,0,0,0,0,0,0,2.6751,3.3814,2.7258,2.0438,1.555,1,1,,8450,3.58
grid2:halfR,,,PR4_x2,holdout,3,1025,headon,vfield,39bd94716f,ok,1,0,0,1,0,0,0.3446,2.4952,2.7258,2.0438,1.555,1,1,9.26,8450,3.52
grid2:halfR,,,PR4_x2,holdout,3,1027,headon,vfield,39bd94716f,ok,0,0,0,0,0,0,2.8632,3.6027,2.7258,2.0438,1.555,1,1,,8450,3.58
grid2:halfR,,,PR4_x2,holdout,3,1029,headon,vfield,39bd94716f,ok,0,0,0,0,0,0,2.6742,2.1804,2.7258,2.0438,1.555,1,1,,8450,3.58
grid2:halfR,,,PR4_x2,holdout,3,1031,headon,vfield,39bd94716f,ok,0,0,0,0,0,0,2.6816,2.1761,2.7258,2.0438,1.555,1,1,,8450,3.58
grid2:halfR,,,PR4_x2,holdout,3,1033,headon,vfield,39bd94716f,ok,0,0,0,0,0,0,1.5423,1.8597,2.7258,2.0438,1.555,1,1,,8450,3.55
grid2:halfR,,,PR4_x2,holdout,3,1035,headon,vfield,39bd94716f,ok,0,0,0,0,0,0,2.6832,2.1809,2.7258,2.0438,1.555,1,1,,8450,3.53
grid2:halfR,,,PR4_x2,holdout,3,1037,headon,vfield,39bd94716f,ok,1,0,0,1,0,0,0.2229,3.4134,2.7258,2.0438,1.555,1,1,8.72,8450,3.56
grid2:halfR,,,PR4_x2,holdout,3,1039,headon,vfield,39bd94716f,ok,1,0,0,1,0,0,0.3304,3.4134,2.7258,2.0438,1.555,1,1,8.66,8450,3.57
grid2:halfR,,,PR4_x2,holdout,3,1041,headon,vfield,39bd94716f,ok,0,0,0,0,0,0,2.837,3.6026,2.7258,2.0438,1.555,1,1,,8450,3.59
grid2:halfR,,,PR4_x2,holdout,3,1043,headon,vfield,39bd94716f,ok,1,0,0,1,0,0,0.1121,3.4134,2.7258,2.0438,1.555,1,1,8.89,8450,3.55
grid2:halfR,,,PR4_x2,holdout,3,1045,headon,vfield,39bd94716f,ok,0,0,0,0,0,0,2.7137,2.1803,2.7258,2.0438,1.555,1,1,,8450,3.53
grid2:halfR,,,PR4_x2,holdout,3,1047,headon,vfield,39bd94716f,ok,0,0,0,0,0,0,2.635,2.1846,2.7258,2.0438,1.555,1,1,,8450,3.58
grid2:halfR,,,PR4_x2,holdout,3,1049,headon,vfield,39bd94716f,ok,0,0,0,0,0,0,2.6838,2.1816,2.7258,2.0438,1.555,1,1,,8450,3.59
grid2:halfR,,,PR4_x2,holdout,3,1051,headon,vfield,39bd94716f,ok,0,0,0,0,0,0,2.8632,3.6027,2.7258,2.0438,1.555,1,1,,8450,3.57
grid2:halfR,,,PR4_x2,holdout,3,1053,headon,vfield,39bd94716f,ok,0,0,0,0,0,0,2.8366,3.6026,2.7258,2.0438,1.555,1,1,,8450,3.59
grid2:halfR,,,PR4_x2,holdout,3,1055,headon,vfield,39bd94716f,ok,0,0,0,0,0,0,2.7137,2.1854,2.7258,2.0438,1.555,1,1,,8450,3.53
grid2:halfR,,,PR4_x2,holdout,3,1057,headon,vfield,39bd94716f,ok,0,0,0,0,0,0,2.6831,2.179,2.7258,2.0438,1.555,1,1,,8450,3.58
grid2:halfR,,,PR4_x2,holdout,3,1059,headon,vfield,39bd94716f,ok,0,0,0,0,0,0,1.874,3.0491,2.7258,2.0438,1.555,1,1,,8450,3.57
grid2:halfR,,,PR6_x1,holdout,3,1001,headon,vfield,aac86648e6,ok,0,0,0,0,0,0,3.1227,3.5133,2.7258,2.0438,1.555,1,1,,8450,3.57
grid2:halfR,,,PR6_x1,holdout,3,1003,headon,vfield,aac86648e6,ok,1,0,1,0,0,0,1.2289,0.0583,2.7258,2.0438,1.555,1,1,5.97,8450,3.55
grid2:halfR,,,PR6_x1,holdout,3,1005,headon,vfield,aac86648e6,ok,0,0,0,0,0,0,2.8707,3.6136,2.7258,2.0438,1.555,1,1,,8450,3.54
grid2:halfR,,,PR6_x1,holdout,3,1007,headon,vfield,aac86648e6,ok,1,0,1,0,0,0,1.867,0.6817,2.7258,2.0438,1.555,1,1,6.4,8450,3.55
grid2:halfR,,,PR6_x1,holdout,3,1009,headon,vfield,aac86648e6,ok,0,0,0,0,0,0,3.7597,1.3527,2.7258,2.0438,1.555,1,1,,8450,3.59
grid2:halfR,,,PR6_x1,holdout,3,1011,headon,vfield,aac86648e6,ok,0,0,0,0,0,0,4.5153,3.6183,2.7258,2.0438,1.555,1,1,,8450,3.55
grid2:halfR,,,PR6_x1,holdout,3,1013,headon,vfield,aac86648e6,ok,0,0,0,0,0,0,1.0146,5.2025,2.7258,2.0438,1.555,1,1,,8450,3.56
grid2:halfR,,,PR6_x1,holdout,3,1015,headon,vfield,aac86648e6,ok,1,0,1,0,0,0,2.0578,0.8894,2.7258,2.0438,1.555,1,1,6.33,8450,3.57
grid2:halfR,,,PR6_x1,holdout,3,1017,headon,vfield,aac86648e6,ok,1,0,1,0,0,0,1.2856,0.6356,2.7258,2.0438,1.555,1,1,6.54,8450,3.52
grid2:halfR,,,PR6_x1,holdout,3,1019,headon,vfield,aac86648e6,ok,0,0,0,0,0,0,3.5789,1.2563,2.7258,2.0438,1.555,1,1,,8450,3.59
grid2:halfR,,,PR6_x1,holdout,3,1021,headon,vfield,aac86648e6,ok,0,0,0,0,0,0,1.6599,1.0949,2.7258,2.0438,1.555,1,1,,8450,3.55
grid2:halfR,,,PR6_x1,holdout,3,1023,headon,vfield,aac86648e6,ok,0,0,0,0,0,0,4.5728,3.0914,2.7258,2.0438,1.555,1,1,,8450,3.58
grid2:halfR,,,PR6_x1,holdout,3,1025,headon,vfield,aac86648e6,ok,1,0,0,0,1,0,0.5563,3.4571,2.7258,2.0438,1.555,1,1,14.96,8450,3.58
grid2:halfR,,,PR6_x1,holdout,3,1027,headon,vfield,aac86648e6,ok,1,0,1,0,0,0,1.7564,0.3134,2.7258,2.0438,1.555,1,1,6.16,8450,3.54
grid2:halfR,,,PR6_x1,holdout,3,1029,headon,vfield,aac86648e6,ok,0,0,0,0,0,0,2.292,2.8805,2.7258,2.0438,1.555,1,1,,8450,3.58
grid2:halfR,,,PR6_x1,holdout,3,1031,headon,vfield,aac86648e6,ok,0,0,0,0,0,0,2.2596,3.5975,2.7258,2.0438,1.555,1,1,,8450,3.55
grid2:halfR,,,PR6_x1,holdout,3,1033,headon,vfield,aac86648e6,ok,0,0,0,0,0,0,5.3513,2.8469,2.7258,2.0438,1.555,1,1,,8450,3.58
grid2:halfR,,,PR6_x1,holdout,3,1035,headon,vfield,aac86648e6,ok,2,0,2,0,0,0,1.6391,0.1629,2.7258,2.0438,1.555,1,1,6.16,8450,3.57
grid2:halfR,,,PR6_x1,holdout,3,1037,headon,vfield,aac86648e6,ok,0,0,0,0,0,0,1.6881,1.5668,2.7258,2.0438,1.555,1,1,,8450,3.52
grid2:halfR,,,PR6_x1,holdout,3,1039,headon,vfield,aac86648e6,ok,0,0,0,0,0,0,1.8847,3.2388,2.7258,2.0438,1.555,1,1,,8450,3.58
grid2:halfR,,,PR6_x1,holdout,3,1041,headon,vfield,aac86648e6,ok,0,0,0,0,0,0,4.9621,3.1859,2.7258,2.0438,1.555,1,1,,8450,3.59
grid2:halfR,,,PR6_x1,holdout,3,1043,headon,vfield,aac86648e6,ok,0,0,0,0,0,0,1.6368,3.1736,2.7258,2.0438,1.555,1,1,,8450,3.56
grid2:halfR,,,PR6_x1,holdout,3,1045,headon,vfield,aac86648e6,ok,1,0,0,0,1,0,0.8142,1.6668,2.7258,2.0438,1.555,1,1,24.98,8450,3.56
grid2:halfR,,,PR6_x1,holdout,3,1047,headon,vfield,aac86648e6,ok,1,0,1,0,0,0,1.9874,0.2352,2.7258,2.0438,1.555,1,1,3.22,8450,3.6
grid2:halfR,,,PR6_x1,holdout,3,1049,headon,vfield,aac86648e6,ok,0,0,0,0,0,0,1.458,1.7793,2.7258,2.0438,1.555,1,1,,8450,3.59
grid2:halfR,,,PR6_x1,holdout,3,1051,headon,vfield,aac86648e6,ok,0,0,0,0,0,0,3.9455,3.5221,2.7258,2.0438,1.555,1,1,,8450,3.58
grid2:halfR,,,PR6_x1,holdout,3,1053,headon,vfield,aac86648e6,ok,1,0,1,0,0,0,3.2328,0.4002,2.7258,2.0438,1.555,1,1,6.21,8450,3.56
grid2:halfR,,,PR6_x1,holdout,3,1055,headon,vfield,aac86648e6,ok,0,0,0,0,0,0,2.6249,1.7674,2.7258,2.0438,1.555,1,1,,8450,3.53
grid2:halfR,,,PR6_x1,holdout,3,1057,headon,vfield,aac86648e6,ok,0,0,0,0,0,0,1.6678,3.9794,2.7258,2.0438,1.555,1,1,,8450,3.56
grid2:halfR,,,PR6_x1,holdout,3,1059,headon,vfield,aac86648e6,ok,0,0,0,0,0,0,3.4617,2.5756,2.7258,2.0438,1.555,1,1,,8450,3.56
grid2:halfR,,,PR6_x1.25,holdout,3,1001,headon,vfield,8fb882359b,ok,0,0,0,0,0,0,3.2363,4.1674,2.7258,2.0438,1.555,1,1,,8450,3.59
grid2:halfR,,,PR6_x1.25,holdout,3,1003,headon,vfield,8fb882359b,ok,0,0,0,0,0,0,4.7248,1.3127,2.7258,2.0438,1.555,1,1,,8450,3.58
grid2:halfR,,,PR6_x1.25,holdout,3,1005,headon,vfield,8fb882359b,ok,0,0,0,0,0,0,3.0435,3.9192,2.7258,2.0438,1.555,1,1,,8450,3.56
grid2:halfR,,,PR6_x1.25,holdout,3,1007,headon,vfield,8fb882359b,ok,0,0,0,0,0,0,2.1838,2.5951,2.7258,2.0438,1.555,1,1,,8450,3.56
grid2:halfR,,,PR6_x1.25,holdout,3,1009,headon,vfield,8fb882359b,ok,1,0,0,0,1,0,0.6314,4.5526,2.7258,2.0438,1.555,1,1,9.15,8450,3.57
grid2:halfR,,,PR6_x1.25,holdout,3,1011,headon,vfield,8fb882359b,ok,1,0,1,0,0,0,2.0419,0.4794,2.7258,2.0438,1.555,1,1,10.91,8450,3.61
grid2:halfR,,,PR6_x1.25,holdout,3,1013,headon,vfield,8fb882359b,ok,1,0,1,0,0,0,3.5746,0.3935,2.7258,2.0438,1.555,1,1,8.43,8450,3.56
grid2:halfR,,,PR6_x1.25,holdout,3,1015,headon,vfield,8fb882359b,ok,0,0,0,0,0,0,2.6922,3.698,2.7258,2.0438,1.555,1,1,,8450,3.52
grid2:halfR,,,PR6_x1.25,holdout,3,1017,headon,vfield,8fb882359b,ok,0,0,0,0,0,0,2.0928,3.2627,2.7258,2.0438,1.555,1,1,,8450,3.58
grid2:halfR,,,PR6_x1.25,holdout,3,1019,headon,vfield,8fb882359b,ok,0,0,0,0,0,0,4.0725,2.5212,2.7258,2.0438,1.555,1,1,,8450,3.59
grid2:halfR,,,PR6_x1.25,holdout,3,1021,headon,vfield,8fb882359b,ok,0,0,0,0,0,0,4.4545,5.0768,2.7258,2.0438,1.555,1,1,,8450,3.59
grid2:halfR,,,PR6_x1.25,holdout,3,1023,headon,vfield,8fb882359b,ok,0,0,0,0,0,0,1.8391,5.2527,2.7258,2.0438,1.555,1,1,,8450,3.63
grid2:halfR,,,PR6_x1.25,holdout,3,1025,headon,vfield,8fb882359b,ok,0,0,0,0,0,0,2.689,3.822,2.7258,2.0438,1.555,1,1,,8450,3.53
grid2:halfR,,,PR6_x1.25,holdout,3,1027,headon,vfield,8fb882359b,ok,0,0,0,0,0,0,3.559,5.0699,2.7258,2.0438,1.555,1,1,,8450,3.52
grid2:halfR,,,PR6_x1.25,holdout,3,1029,headon,vfield,8fb882359b,ok,1,0,1,0,0,0,1.4051,0.628,2.7258,2.0438,1.555,1,1,16.39,8450,3.58
grid2:halfR,,,PR6_x1.25,holdout,3,1031,headon,vfield,8fb882359b,ok,0,0,0,0,0,0,2.2959,5.2589,2.7258,2.0438,1.555,1,1,,8450,3.55
grid2:halfR,,,PR6_x1.25,holdout,3,1033,headon,vfield,8fb882359b,ok,0,0,0,0,0,0,4.0934,2.1879,2.7258,2.0438,1.555,1,1,,8450,3.57
grid2:halfR,,,PR6_x1.25,holdout,3,1035,headon,vfield,8fb882359b,ok,0,0,0,0,0,0,2.7852,1.7712,2.7258,2.0438,1.555,1,1,,8450,3.55
grid2:halfR,,,PR6_x1.25,holdout,3,1037,headon,vfield,8fb882359b,ok,0,0,0,0,0,0,2.1997,5.1245,2.7258,2.0438,1.555,1,1,,8450,3.56
grid2:halfR,,,PR6_x1.25,holdout,3,1039,headon,vfield,8fb882359b,ok,0,0,0,0,0,0,3.6072,2.9058,2.7258,2.0438,1.555,1,1,,8450,3.56
grid2:halfR,,,PR6_x1.25,holdout,3,1041,headon,vfield,8fb882359b,ok,1,0,0,0,1,0,0.9443,2.3397,2.7258,2.0438,1.555,1,1,7.84,8450,3.55
grid2:halfR,,,PR6_x1.25,holdout,3,1043,headon,vfield,8fb882359b,ok,0,0,0,0,0,0,2.7421,3.5932,2.7258,2.0438,1.555,1,1,,8450,3.55
grid2:halfR,,,PR6_x1.25,holdout,3,1045,headon,vfield,8fb882359b,ok,0,0,0,0,0,0,3.3222,4.4387,2.7258,2.0438,1.555,1,1,,8450,3.53
grid2:halfR,,,PR6_x1.25,holdout,3,1047,headon,vfield,8fb882359b,ok,0,0,0,0,0,0,3.8938,1.1244,2.7258,2.0438,1.555,1,1,,8450,3.56
grid2:halfR,,,PR6_x1.25,holdout,3,1049,headon,vfield,8fb882359b,ok,0,0,0,0,0,0,3.9104,3.0756,2.7258,2.0438,1.555,1,1,,8450,3.58
grid2:halfR,,,PR6_x1.25,holdout,3,1051,headon,vfield,8fb882359b,ok,1,0,0,0,1,0,0.3943,4.3633,2.7258,2.0438,1.555,1,1,29.15,8450,3.55
grid2:halfR,,,PR6_x1.25,holdout,3,1053,headon,vfield,8fb882359b,ok,0,0,0,0,0,0,3.4101,3.9854,2.7258,2.0438,1.555,1,1,,8450,3.58
grid2:halfR,,,PR6_x1.25,holdout,3,1055,headon,vfield,8fb882359b,ok,1,0,0,0,1,0,0.3187,3.7686,2.7258,2.0438,1.555,1,1,13.58,8450,3.53
grid2:halfR,,,PR6_x1.25,holdout,3,1057,headon,vfield,8fb882359b,ok,0,0,0,0,0,0,2.8744,1.7842,2.7258,2.0438,1.555,1,1,,8450,3.55
grid2:halfR,,,PR6_x1.25,holdout,3,1059,headon,vfield,8fb882359b,ok,1,0,0,0,1,0,0.8398,2.7794,2.7258,2.0438,1.555,1,1,26.91,8450,3.58
grid2:halfR,,,PR6_x1.5,holdout,3,1001,headon,vfield,b5dce4059b,ok,0,0,0,0,0,0,2.7634,2.7768,2.7258,2.0438,1.555,1,1,,8450,3.56
grid2:halfR,,,PR6_x1.5,holdout,3,1003,headon,vfield,b5dce4059b,ok,0,0,0,0,0,0,4.5198,5.2977,2.7258,2.0438,1.555,1,1,,8450,3.55
grid2:halfR,,,PR6_x1.5,holdout,3,1005,headon,vfield,b5dce4059b,ok,0,0,0,0,0,0,3.3077,1.8215,2.7258,2.0438,1.555,1,1,,8450,3.55
grid2:halfR,,,PR6_x1.5,holdout,3,1007,headon,vfield,b5dce4059b,ok,0,0,0,0,0,0,3.7634,4.5044,2.7258,2.0438,1.555,1,1,,8450,3.58
grid2:halfR,,,PR6_x1.5,holdout,3,1009,headon,vfield,b5dce4059b,ok,0,0,0,0,0,0,1.8862,4.1489,2.7258,2.0438,1.555,1,1,,8450,3.59
grid2:halfR,,,PR6_x1.5,holdout,3,1011,headon,vfield,b5dce4059b,ok,0,0,0,0,0,0,4.361,3.5942,2.7258,2.0438,1.555,1,1,,8450,3.53
grid2:halfR,,,PR6_x1.5,holdout,3,1013,headon,vfield,b5dce4059b,ok,1,0,0,0,1,0,0.4881,1.383,2.7258,2.0438,1.555,1,1,26.66,8450,3.56
grid2:halfR,,,PR6_x1.5,holdout,3,1015,headon,vfield,b5dce4059b,ok,0,0,0,0,0,0,3.2363,1.8947,2.7258,2.0438,1.555,1,1,,8450,3.54
grid2:halfR,,,PR6_x1.5,holdout,3,1017,headon,vfield,b5dce4059b,ok,0,0,0,0,0,0,3.5534,2.1821,2.7258,2.0438,1.555,1,1,,8450,3.51
grid2:halfR,,,PR6_x1.5,holdout,3,1019,headon,vfield,b5dce4059b,ok,0,0,0,0,0,0,2.4382,2.3754,2.7258,2.0438,1.555,1,1,,8450,3.62
grid2:halfR,,,PR6_x1.5,holdout,3,1021,headon,vfield,b5dce4059b,ok,0,0,0,0,0,0,1.2593,1.0299,2.7258,2.0438,1.555,1,1,,8450,3.58
grid2:halfR,,,PR6_x1.5,holdout,3,1023,headon,vfield,b5dce4059b,ok,0,0,0,0,0,0,2.7967,5.2897,2.7258,2.0438,1.555,1,1,,8450,3.57
grid2:halfR,,,PR6_x1.5,holdout,3,1025,headon,vfield,b5dce4059b,ok,1,0,0,0,1,0,0.2793,3.4469,2.7258,2.0438,1.555,1,1,14.42,8450,3.54
grid2:halfR,,,PR6_x1.5,holdout,3,1027,headon,vfield,b5dce4059b,ok,0,0,0,0,0,0,2.1702,3.4716,2.7258,2.0438,1.555,1,1,,8450,3.53
grid2:halfR,,,PR6_x1.5,holdout,3,1029,headon,vfield,b5dce4059b,ok,0,0,0,0,0,0,4.6355,4.2664,2.7258,2.0438,1.555,1,1,,8450,3.61
grid2:halfR,,,PR6_x1.5,holdout,3,1031,headon,vfield,b5dce4059b,ok,0,0,0,0,0,0,3.8125,3.6935,2.7258,2.0438,1.555,1,1,,8450,3.62
grid2:halfR,,,PR6_x1.5,holdout,3,1033,headon,vfield,b5dce4059b,ok,0,0,0,0,0,0,2.2868,3.0355,2.7258,2.0438,1.555,1,1,,8450,3.58
grid2:halfR,,,PR6_x1.5,holdout,3,1035,headon,vfield,b5dce4059b,ok,0,0,0,0,0,0,2.8126,2.8253,2.7258,2.0438,1.555,1,1,,8450,3.56
grid2:halfR,,,PR6_x1.5,holdout,3,1037,headon,vfield,b5dce4059b,ok,0,0,0,0,0,0,4.3411,3.5233,2.7258,2.0438,1.555,1,1,,8450,3.56
grid2:halfR,,,PR6_x1.5,holdout,3,1039,headon,vfield,b5dce4059b,ok,0,0,0,0,0,0,3.7232,3.0906,2.7258,2.0438,1.555,1,1,,8450,3.58
grid2:halfR,,,PR6_x1.5,holdout,3,1041,headon,vfield,b5dce4059b,ok,0,0,0,0,0,0,1.6897,2.8362,2.7258,2.0438,1.555,1,1,,8450,3.61
grid2:halfR,,,PR6_x1.5,holdout,3,1043,headon,vfield,b5dce4059b,ok,1,0,0,0,1,0,0.0656,3.5754,2.7258,2.0438,1.555,1,1,29.47,8450,3.59
grid2:halfR,,,PR6_x1.5,holdout,3,1045,headon,vfield,b5dce4059b,ok,0,0,0,0,0,0,3.0329,3.6014,2.7258,2.0438,1.555,1,1,,8450,3.53
grid2:halfR,,,PR6_x1.5,holdout,3,1047,headon,vfield,b5dce4059b,ok,0,0,0,0,0,0,2.7556,3.6122,2.7258,2.0438,1.555,1,1,,8450,3.63
grid2:halfR,,,PR6_x1.5,holdout,3,1049,headon,vfield,b5dce4059b,ok,0,0,0,0,0,0,3.3601,3.2216,2.7258,2.0438,1.555,1,1,,8450,3.58
grid2:halfR,,,PR6_x1.5,holdout,3,1051,headon,vfield,b5dce4059b,ok,1,0,0,0,1,0,0.3135,1.3793,2.7258,2.0438,1.555,1,1,9.56,8450,3.6
grid2:halfR,,,PR6_x1.5,holdout,3,1053,headon,vfield,b5dce4059b,ok,2,0,0,2,0,0,0.2961,2.3838,2.7258,2.0438,1.555,1,1,12.69,8450,3.59
grid2:halfR,,,PR6_x1.5,holdout,3,1055,headon,vfield,b5dce4059b,ok,1,0,0,0,1,0,0.5447,3.6086,2.7258,2.0438,1.555,1,1,13.5,8450,3.55
grid2:halfR,,,PR6_x1.5,holdout,3,1057,headon,vfield,b5dce4059b,ok,0,0,0,0,0,0,2.0246,3.0418,2.7258,2.0438,1.555,1,1,,8450,3.57
grid2:halfR,,,PR6_x1.5,holdout,3,1059,headon,vfield,b5dce4059b,ok,1,0,0,0,1,0,0.1488,5.2935,2.7258,2.0438,1.555,1,1,15.33,8450,3.56
grid2:halfR,,,PR6_x2,holdout,3,1001,headon,vfield,22d12779c3,ok,0,0,0,0,0,0,2.6733,1.8899,2.7258,2.0438,1.555,1,1,,8450,3.59
grid2:halfR,,,PR6_x2,holdout,3,1003,headon,vfield,22d12779c3,ok,0,0,0,0,0,0,3.1639,3.4061,2.7258,2.0438,1.555,1,1,,8450,3.56
grid2:halfR,,,PR6_x2,holdout,3,1005,headon,vfield,22d12779c3,ok,0,0,0,0,0,0,3.6519,3.6592,2.7258,2.0438,1.555,1,1,,8450,3.57
grid2:halfR,,,PR6_x2,holdout,3,1007,headon,vfield,22d12779c3,ok,0,0,0,0,0,0,1.3061,5.2964,2.7258,2.0438,1.555,1,1,,8450,3.57
grid2:halfR,,,PR6_x2,holdout,3,1009,headon,vfield,22d12779c3,ok,0,0,0,0,0,0,2.1805,3.3631,2.7258,2.0438,1.555,1,1,,8450,3.58
grid2:halfR,,,PR6_x2,holdout,3,1011,headon,vfield,22d12779c3,ok,1,0,1,0,0,0,4.7455,0.4465,2.7258,2.0438,1.555,1,1,10.81,8450,3.57
grid2:halfR,,,PR6_x2,holdout,3,1013,headon,vfield,22d12779c3,ok,0,0,0,0,0,0,1.6802,4.9078,2.7258,2.0438,1.555,1,1,,8450,3.57
grid2:halfR,,,PR6_x2,holdout,3,1015,headon,vfield,22d12779c3,ok,0,0,0,0,0,0,2.6376,4.2424,2.7258,2.0438,1.555,1,1,,8450,3.6
grid2:halfR,,,PR6_x2,holdout,3,1017,headon,vfield,22d12779c3,ok,0,0,0,0,0,0,1.2021,2.528,2.7258,2.0438,1.555,1,1,,8450,3.59
grid2:halfR,,,PR6_x2,holdout,3,1019,headon,vfield,22d12779c3,ok,1,0,0,1,0,0,0.8248,2.0173,2.7258,2.0438,1.555,1,1,-29.99,8450,3.57
grid2:halfR,,,PR6_x2,holdout,3,1021,headon,vfield,22d12779c3,ok,1,0,0,0,1,0,0.352,3.8715,2.7258,2.0438,1.555,1,1,17.21,8450,3.58
grid2:halfR,,,PR6_x2,holdout,3,1023,headon,vfield,22d12779c3,ok,0,0,0,0,0,0,4.5623,3.5261,2.7258,2.0438,1.555,1,1,,8450,3.59
grid2:halfR,,,PR6_x2,holdout,3,1025,headon,vfield,22d12779c3,ok,0,0,0,0,0,0,2.6741,3.6247,2.7258,2.0438,1.555,1,1,,8450,3.58
grid2:halfR,,,PR6_x2,holdout,3,1027,headon,vfield,22d12779c3,ok,0,0,0,0,0,0,3.3655,2.4468,2.7258,2.0438,1.555,1,1,,8450,3.59
grid2:halfR,,,PR6_x2,holdout,3,1029,headon,vfield,22d12779c3,ok,0,0,0,0,0,0,1.4652,2.4768,2.7258,2.0438,1.555,1,1,,8450,3.59
grid2:halfR,,,PR6_x2,holdout,3,1031,headon,vfield,22d12779c3,ok,0,0,0,0,0,0,3.4674,2.9513,2.7258,2.0438,1.555,1,1,,8450,3.57
grid2:halfR,,,PR6_x2,holdout,3,1033,headon,vfield,22d12779c3,ok,0,0,0,0,0,0,4.6491,5.1244,2.7258,2.0438,1.555,1,1,,8450,3.68
grid2:halfR,,,PR6_x2,holdout,3,1035,headon,vfield,22d12779c3,ok,0,0,0,0,0,0,2.6897,2.9428,2.7258,2.0438,1.555,1,1,,8450,3.56
grid2:halfR,,,PR6_x2,holdout,3,1037,headon,vfield,22d12779c3,ok,0,0,0,0,0,0,5.6909,3.8507,2.7258,2.0438,1.555,1,1,,8450,3.57
grid2:halfR,,,PR6_x2,holdout,3,1039,headon,vfield,22d12779c3,ok,0,0,0,0,0,0,2.8112,1.7151,2.7258,2.0438,1.555,1,1,,8450,3.58
grid2:halfR,,,PR6_x2,holdout,3,1041,headon,vfield,22d12779c3,ok,0,0,0,0,0,0,3.391,3.0958,2.7258,2.0438,1.555,1,1,,8450,3.54
grid2:halfR,,,PR6_x2,holdout,3,1043,headon,vfield,22d12779c3,ok,0,0,0,0,0,0,5.667,2.5593,2.7258,2.0438,1.555,1,1,,8450,3.57
grid2:halfR,,,PR6_x2,holdout,3,1045,headon,vfield,22d12779c3,ok,0,0,0,0,0,0,2.4585,3.0465,2.7258,2.0438,1.555,1,1,,8450,3.58
grid2:halfR,,,PR6_x2,holdout,3,1047,headon,vfield,22d12779c3,ok,0,0,0,0,0,0,5.6368,2.4082,2.7258,2.0438,1.555,1,1,,8450,3.57
grid2:halfR,,,PR6_x2,holdout,3,1049,headon,vfield,22d12779c3,ok,0,0,0,0,0,0,2.6634,2.9522,2.7258,2.0438,1.555,1,1,,8450,3.57
grid2:halfR,,,PR6_x2,holdout,3,1051,headon,vfield,22d12779c3,ok,0,0,0,0,0,0,4.1337,4.3943,2.7258,2.0438,1.555,1,1,,8450,3.57
grid2:halfR,,,PR6_x2,holdout,3,1053,headon,vfield,22d12779c3,ok,0,0,0,0,0,0,2.5757,4.2818,2.7258,2.0438,1.555,1,1,,8450,3.54
grid2:halfR,,,PR6_x2,holdout,3,1055,headon,vfield,22d12779c3,ok,0,0,0,0,0,0,2.3946,3.0454,2.7258,2.0438,1.555,1,1,,8450,3.62
grid2:halfR,,,PR6_x2,holdout,3,1057,headon,vfield,22d12779c3,ok,0,0,0,0,0,0,3.8225,2.5815,2.7258,2.0438,1.555,1,1,,8450,3.56
grid2:halfR,,,PR6_x2,holdout,3,1059,headon,vfield,22d12779c3,ok,0,0,0,0,0,0,3.0406,1.88,2.7258,2.0438,1.555,1,1,,8450,3.55
grid2:halfR,,,PR8_x1,holdout,3,1001,headon,vfield,fceadefa1c,ok,0,0,0,0,0,0,5.8377,7.0979,2.7258,2.0438,1.555,1,1,,8450,3.56
grid2:halfR,,,PR8_x1,holdout,3,1003,headon,vfield,fceadefa1c,ok,0,0,0,0,0,0,4.7849,4.154,2.7258,2.0438,1.555,1,1,,8450,3.57
grid2:halfR,,,PR8_x1,holdout,3,1005,headon,vfield,fceadefa1c,ok,0,0,0,0,0,0,2.3748,4.7788,2.7258,2.0438,1.555,1,1,,8450,3.56
grid2:halfR,,,PR8_x1,holdout,3,1007,headon,vfield,fceadefa1c,ok,0,0,0,0,0,0,3.9813,4.3594,2.7258,2.0438,1.555,1,1,,8450,3.59
grid2:halfR,,,PR8_x1,holdout,3,1009,headon,vfield,fceadefa1c,ok,0,0,0,0,0,0,3.0653,4.8616,2.7258,2.0438,1.555,1,1,,8450,3.56
grid2:halfR,,,PR8_x1,holdout,3,1011,headon,vfield,fceadefa1c,ok,0,0,0,0,0,0,3.9734,5.8318,2.7258,2.0438,1.555,1,1,,8450,3.58
grid2:halfR,,,PR8_x1,holdout,3,1013,headon,vfield,fceadefa1c,ok,0,0,0,0,0,0,4.6458,5.6144,2.7258,2.0438,1.555,1,1,,8450,3.54
grid2:halfR,,,PR8_x1,holdout,3,1015,headon,vfield,fceadefa1c,ok,0,0,0,0,0,0,5.2982,4.6214,2.7258,2.0438,1.555,1,1,,8450,3.54
grid2:halfR,,,PR8_x1,holdout,3,1017,headon,vfield,fceadefa1c,ok,0,0,0,0,0,0,2.0982,4.9069,2.7258,2.0438,1.555,1,1,,8450,3.57
grid2:halfR,,,PR8_x1,holdout,3,1019,headon,vfield,fceadefa1c,ok,1,0,1,0,0,0,1.7128,0.6508,2.7258,2.0438,1.555,1,1,-1.06,8450,3.55
grid2:halfR,,,PR8_x1,holdout,3,1021,headon,vfield,fceadefa1c,ok,0,0,0,0,0,0,3.2986,5.9457,2.7258,2.0438,1.555,1,1,,8450,3.57
grid2:halfR,,,PR8_x1,holdout,3,1023,headon,vfield,fceadefa1c,ok,0,0,0,0,0,0,4.5832,4.6505,2.7258,2.0438,1.555,1,1,,8450,3.58
grid2:halfR,,,PR8_x1,holdout,3,1025,headon,vfield,fceadefa1c,ok,0,0,0,0,0,0,1.4806,4.3581,2.7258,2.0438,1.555,1,1,,8450,3.55
grid2:halfR,,,PR8_x1,holdout,3,1027,headon,vfield,fceadefa1c,ok,0,0,0,0,0,0,3.9463,4.0309,2.7258,2.0438,1.555,1,1,,8450,3.58
grid2:halfR,,,PR8_x1,holdout,3,1029,headon,vfield,fceadefa1c,ok,0,0,0,0,0,0,3.4153,5.9741,2.7258,2.0438,1.555,1,1,,8450,3.58
grid2:halfR,,,PR8_x1,holdout,3,1031,headon,vfield,fceadefa1c,ok,0,0,0,0,0,0,2.212,2.0166,2.7258,2.0438,1.555,1,1,,8450,3.55
grid2:halfR,,,PR8_x1,holdout,3,1033,headon,vfield,fceadefa1c,ok,0,0,0,0,0,0,6.1659,7.1153,2.7258,2.0438,1.555,1,1,,8450,3.58
grid2:halfR,,,PR8_x1,holdout,3,1035,headon,vfield,fceadefa1c,ok,0,0,0,0,0,0,1.3678,3.722,2.7258,2.0438,1.555,1,1,,8450,3.55
grid2:halfR,,,PR8_x1,holdout,3,1037,headon,vfield,fceadefa1c,ok,0,0,0,0,0,0,1.7221,5.4836,2.7258,2.0438,1.555,1,1,,8450,3.6
grid2:halfR,,,PR8_x1,holdout,3,1039,headon,vfield,fceadefa1c,ok,0,0,0,0,0,0,2.4199,5.8686,2.7258,2.0438,1.555,1,1,,8450,3.57
grid2:halfR,,,PR8_x1,holdout,3,1041,headon,vfield,fceadefa1c,ok,0,0,0,0,0,0,3.9284,4.1989,2.7258,2.0438,1.555,1,1,,8450,3.56
grid2:halfR,,,PR8_x1,holdout,3,1043,headon,vfield,fceadefa1c,ok,0,0,0,0,0,0,3.3179,5.9453,2.7258,2.0438,1.555,1,1,,8450,3.55
grid2:halfR,,,PR8_x1,holdout,3,1045,headon,vfield,fceadefa1c,ok,1,0,0,0,1,0,0.5254,3.9387,2.7258,2.0438,1.555,1,1,44.43,8450,3.6
grid2:halfR,,,PR8_x1,holdout,3,1047,headon,vfield,fceadefa1c,ok,0,0,0,0,0,0,4.9088,5.7135,2.7258,2.0438,1.555,1,1,,8450,3.58
grid2:halfR,,,PR8_x1,holdout,3,1049,headon,vfield,fceadefa1c,ok,0,0,0,0,0,0,1.7261,5.1729,2.7258,2.0438,1.555,1,1,,8450,3.56
grid2:halfR,,,PR8_x1,holdout,3,1051,headon,vfield,fceadefa1c,ok,0,0,0,0,0,0,4.119,3.5369,2.7258,2.0438,1.555,1,1,,8450,3.57
grid2:halfR,,,PR8_x1,holdout,3,1053,headon,vfield,fceadefa1c,ok,0,0,0,0,0,0,6.3272,5.5005,2.7258,2.0438,1.555,1,1,,8450,3.59
grid2:halfR,,,PR8_x1,holdout,3,1055,headon,vfield,fceadefa1c,ok,0,0,0,0,0,0,5.6993,4.2206,2.7258,2.0438,1.555,1,1,,8450,3.55
grid2:halfR,,,PR8_x1,holdout,3,1057,headon,vfield,fceadefa1c,ok,0,0,0,0,0,0,4.6003,4.991,2.7258,2.0438,1.555,1,1,,8450,3.56
grid2:halfR,,,PR8_x1,holdout,3,1059,headon,vfield,fceadefa1c,ok,0,0,0,0,0,0,2.097,5.6796,2.7258,2.0438,1.555,1,1,,8450,3.58
grid2:halfR,,,PR8_x1.25,holdout,3,1001,headon,vfield,0b30b5ac1a,ok,0,0,0,0,0,0,5.7796,5.5266,2.7258,2.0438,1.555,1,1,,8450,3.55
grid2:halfR,,,PR8_x1.25,holdout,3,1003,headon,vfield,0b30b5ac1a,ok,0,0,0,0,0,0,3.5763,6.3982,2.7258,2.0438,1.555,1,1,,8450,3.54
grid2:halfR,,,PR8_x1.25,holdout,3,1005,headon,vfield,0b30b5ac1a,ok,0,0,0,0,0,0,2.14,4.8101,2.7258,2.0438,1.555,1,1,,8450,3.57
grid2:halfR,,,PR8_x1.25,holdout,3,1007,headon,vfield,0b30b5ac1a,ok,0,0,0,0,0,0,1.8414,5.1934,2.7258,2.0438,1.555,1,1,,8450,3.58
grid2:halfR,,,PR8_x1.25,holdout,3,1009,headon,vfield,0b30b5ac1a,ok,0,0,0,0,0,0,2.2497,5.6032,2.7258,2.0438,1.555,1,1,,8450,3.55
grid2:halfR,,,PR8_x1.25,holdout,3,1011,headon,vfield,0b30b5ac1a,ok,0,0,0,0,0,0,5.5704,5.3779,2.7258,2.0438,1.555,1,1,,8450,3.55
grid2:halfR,,,PR8_x1.25,holdout,3,1013,headon,vfield,0b30b5ac1a,ok,0,0,0,0,0,0,3.4995,6.3342,2.7258,2.0438,1.555,1,1,,8450,3.56
grid2:halfR,,,PR8_x1.25,holdout,3,1015,headon,vfield,0b30b5ac1a,ok,0,0,0,0,0,0,3.6455,6.1637,2.7258,2.0438,1.555,1,1,,8450,3.52
grid2:halfR,,,PR8_x1.25,holdout,3,1017,headon,vfield,0b30b5ac1a,ok,0,0,0,0,0,0,2.512,6.9474,2.7258,2.0438,1.555,1,1,,8450,3.6
grid2:halfR,,,PR8_x1.25,holdout,3,1019,headon,vfield,0b30b5ac1a,ok,1,0,1,0,0,0,4.5098,0.834,2.7258,2.0438,1.555,1,1,16.0,8450,3.58
grid2:halfR,,,PR8_x1.25,holdout,3,1021,headon,vfield,0b30b5ac1a,ok,0,0,0,0,0,0,5.6337,6.927,2.7258,2.0438,1.555,1,1,,8450,3.56
grid2:halfR,,,PR8_x1.25,holdout,3,1023,headon,vfield,0b30b5ac1a,ok,0,0,0,0,0,0,5.2237,5.4394,2.7258,2.0438,1.555,1,1,,8450,3.55
grid2:halfR,,,PR8_x1.25,holdout,3,1025,headon,vfield,0b30b5ac1a,ok,0,0,0,0,0,0,4.8315,4.8726,2.7258,2.0438,1.555,1,1,,8450,3.61
grid2:halfR,,,PR8_x1.25,holdout,3,1027,headon,vfield,0b30b5ac1a,ok,0,0,0,0,0,0,4.0627,5.3236,2.7258,2.0438,1.555,1,1,,8450,3.55
grid2:halfR,,,PR8_x1.25,holdout,3,1029,headon,vfield,0b30b5ac1a,ok,0,0,0,0,0,0,3.9933,5.8866,2.7258,2.0438,1.555,1,1,,8450,3.55
grid2:halfR,,,PR8_x1.25,holdout,3,1031,headon,vfield,0b30b5ac1a,ok,0,0,0,0,0,0,4.6954,5.4188,2.7258,2.0438,1.555,1,1,,8450,3.59
grid2:halfR,,,PR8_x1.25,holdout,3,1033,headon,vfield,0b30b5ac1a,ok,0,0,0,0,0,0,5.0179,5.214,2.7258,2.0438,1.555,1,1,,8450,3.51
grid2:halfR,,,PR8_x1.25,holdout,3,1035,headon,vfield,0b30b5ac1a,ok,0,0,0,0,0,0,3.6581,5.4506,2.7258,2.0438,1.555,1,1,,8450,3.58
grid2:halfR,,,PR8_x1.25,holdout,3,1037,headon,vfield,0b30b5ac1a,ok,0,0,0,0,0,0,3.0039,6.0122,2.7258,2.0438,1.555,1,1,,8450,3.57
grid2:halfR,,,PR8_x1.25,holdout,3,1039,headon,vfield,0b30b5ac1a,ok,0,0,0,0,0,0,3.6321,6.9267,2.7258,2.0438,1.555,1,1,,8450,3.55
grid2:halfR,,,PR8_x1.25,holdout,3,1041,headon,vfield,0b30b5ac1a,ok,0,0,0,0,0,0,4.0287,5.164,2.7258,2.0438,1.555,1,1,,8450,3.59
grid2:halfR,,,PR8_x1.25,holdout,3,1043,headon,vfield,0b30b5ac1a,ok,1,0,0,0,1,0,0.5858,6.0745,2.7258,2.0438,1.555,1,1,23.45,8450,3.53
grid2:halfR,,,PR8_x1.25,holdout,3,1045,headon,vfield,0b30b5ac1a,ok,0,0,0,0,0,0,1.0229,5.3073,2.7258,2.0438,1.555,1,1,,8450,3.54
grid2:halfR,,,PR8_x1.25,holdout,3,1047,headon,vfield,0b30b5ac1a,ok,0,0,0,0,0,0,4.1928,5.9711,2.7258,2.0438,1.555,1,1,,8450,3.57
grid2:halfR,,,PR8_x1.25,holdout,3,1049,headon,vfield,0b30b5ac1a,ok,0,0,0,0,0,0,4.5114,6.4084,2.7258,2.0438,1.555,1,1,,8450,3.56
grid2:halfR,,,PR8_x1.25,holdout,3,1051,headon,vfield,0b30b5ac1a,ok,0,0,0,0,0,0,5.881,6.4975,2.7258,2.0438,1.555,1,1,,8450,3.59
grid2:halfR,,,PR8_x1.25,holdout,3,1053,headon,vfield,0b30b5ac1a,ok,0,0,0,0,0,0,5.1764,5.3405,2.7258,2.0438,1.555,1,1,,8450,3.55
grid2:halfR,,,PR8_x1.25,holdout,3,1055,headon,vfield,0b30b5ac1a,ok,0,0,0,0,0,0,1.2832,6.6118,2.7258,2.0438,1.555,1,1,,8450,3.53
grid2:halfR,,,PR8_x1.25,holdout,3,1057,headon,vfield,0b30b5ac1a,ok,0,0,0,0,0,0,4.7775,6.7533,2.7258,2.0438,1.555,1,1,,8450,3.57
grid2:halfR,,,PR8_x1.25,holdout,3,1059,headon,vfield,0b30b5ac1a,ok,0,0,0,0,0,0,4.0681,5.0073,2.7258,2.0438,1.555,1,1,,8450,3.56
grid2:halfR,,,PR8_x1.5,holdout,3,1001,headon,vfield,a7c27594b3,ok,0,0,0,0,0,0,3.9504,5.5065,2.7258,2.0438,1.555,1,1,,8450,3.54
grid2:halfR,,,PR8_x1.5,holdout,3,1003,headon,vfield,a7c27594b3,ok,0,0,0,0,0,0,2.0368,3.3964,2.7258,2.0438,1.555,1,1,,8450,3.56
grid2:halfR,,,PR8_x1.5,holdout,3,1005,headon,vfield,a7c27594b3,ok,0,0,0,0,0,0,3.1518,6.926,2.7258,2.0438,1.555,1,1,,8450,3.51
grid2:halfR,,,PR8_x1.5,holdout,3,1007,headon,vfield,a7c27594b3,ok,0,0,0,0,0,0,5.7864,6.0959,2.7258,2.0438,1.555,1,1,,8450,3.59
grid2:halfR,,,PR8_x1.5,holdout,3,1009,headon,vfield,a7c27594b3,ok,0,0,0,0,0,0,4.6029,5.3383,2.7258,2.0438,1.555,1,1,,8450,3.57
grid2:halfR,,,PR8_x1.5,holdout,3,1011,headon,vfield,a7c27594b3,ok,0,0,0,0,0,0,4.798,5.3868,2.7258,2.0438,1.555,1,1,,8450,3.62
grid2:halfR,,,PR8_x1.5,holdout,3,1013,headon,vfield,a7c27594b3,ok,0,0,0,0,0,0,2.364,5.7913,2.7258,2.0438,1.555,1,1,,8450,3.7
grid2:halfR,,,PR8_x1.5,holdout,3,1015,headon,vfield,a7c27594b3,ok,0,0,0,0,0,0,5.3259,5.6073,2.7258,2.0438,1.555,1,1,,8450,3.59
grid2:halfR,,,PR8_x1.5,holdout,3,1017,headon,vfield,a7c27594b3,ok,0,0,0,0,0,0,5.8144,6.6219,2.7258,2.0438,1.555,1,1,,8450,3.59
grid2:halfR,,,PR8_x1.5,holdout,3,1019,headon,vfield,a7c27594b3,ok,0,0,0,0,0,0,3.12,3.0643,2.7258,2.0438,1.555,1,1,,8450,3.56
grid2:halfR,,,PR8_x1.5,holdout,3,1021,headon,vfield,a7c27594b3,ok,0,0,0,0,0,0,2.1436,5.7095,2.7258,2.0438,1.555,1,1,,8450,3.56
grid2:halfR,,,PR8_x1.5,holdout,3,1023,headon,vfield,a7c27594b3,ok,0,0,0,0,0,0,3.1727,5.0226,2.7258,2.0438,1.555,1,1,,8450,3.52
grid2:halfR,,,PR8_x1.5,holdout,3,1025,headon,vfield,a7c27594b3,ok,0,0,0,0,0,0,3.2718,5.6009,2.7258,2.0438,1.555,1,1,,8450,3.57
grid2:halfR,,,PR8_x1.5,holdout,3,1027,headon,vfield,a7c27594b3,ok,0,0,0,0,0,0,4.5371,5.7949,2.7258,2.0438,1.555,1,1,,8450,3.57
grid2:halfR,,,PR8_x1.5,holdout,3,1029,headon,vfield,a7c27594b3,ok,0,0,0,0,0,0,5.395,6.3587,2.7258,2.0438,1.555,1,1,,8450,3.63
grid2:halfR,,,PR8_x1.5,holdout,3,1031,headon,vfield,a7c27594b3,ok,0,0,0,0,0,0,3.044,5.3725,2.7258,2.0438,1.555,1,1,,8450,3.54
grid2:halfR,,,PR8_x1.5,holdout,3,1033,headon,vfield,a7c27594b3,ok,0,0,0,0,0,0,4.07,5.8938,2.7258,2.0438,1.555,1,1,,8450,3.54
grid2:halfR,,,PR8_x1.5,holdout,3,1035,headon,vfield,a7c27594b3,ok,0,0,0,0,0,0,3.5773,5.4967,2.7258,2.0438,1.555,1,1,,8450,3.55
grid2:halfR,,,PR8_x1.5,holdout,3,1037,headon,vfield,a7c27594b3,ok,0,0,0,0,0,0,4.6552,5.6768,2.7258,2.0438,1.555,1,1,,8450,3.57
grid2:halfR,,,PR8_x1.5,holdout,3,1039,headon,vfield,a7c27594b3,ok,0,0,0,0,0,0,5.3712,5.6709,2.7258,2.0438,1.555,1,1,,8450,3.55
grid2:halfR,,,PR8_x1.5,holdout,3,1041,headon,vfield,a7c27594b3,ok,0,0,0,0,0,0,3.5178,6.7334,2.7258,2.0438,1.555,1,1,,8450,3.58
grid2:halfR,,,PR8_x1.5,holdout,3,1043,headon,vfield,a7c27594b3,ok,0,0,0,0,0,0,3.6323,6.9921,2.7258,2.0438,1.555,1,1,,8450,3.55
grid2:halfR,,,PR8_x1.5,holdout,3,1045,headon,vfield,a7c27594b3,ok,0,0,0,0,0,0,5.3968,5.7412,2.7258,2.0438,1.555,1,1,,8450,3.54
grid2:halfR,,,PR8_x1.5,holdout,3,1047,headon,vfield,a7c27594b3,ok,0,0,0,0,0,0,5.6539,5.7907,2.7258,2.0438,1.555,1,1,,8450,3.56
grid2:halfR,,,PR8_x1.5,holdout,3,1049,headon,vfield,a7c27594b3,ok,0,0,0,0,0,0,2.4588,5.8368,2.7258,2.0438,1.555,1,1,,8450,3.53
grid2:halfR,,,PR8_x1.5,holdout,3,1051,headon,vfield,a7c27594b3,ok,0,0,0,0,0,0,3.6607,5.8634,2.7258,2.0438,1.555,1,1,,8450,3.55
grid2:halfR,,,PR8_x1.5,holdout,3,1053,headon,vfield,a7c27594b3,ok,0,0,0,0,0,0,3.8556,5.6883,2.7258,2.0438,1.555,1,1,,8450,3.55
grid2:halfR,,,PR8_x1.5,holdout,3,1055,headon,vfield,a7c27594b3,ok,0,0,0,0,0,0,5.6347,5.8766,2.7258,2.0438,1.555,1,1,,8450,3.55
grid2:halfR,,,PR8_x1.5,holdout,3,1057,headon,vfield,a7c27594b3,ok,0,0,0,0,0,0,5.1938,5.48,2.7258,2.0438,1.555,1,1,,8450,3.57
grid2:halfR,,,PR8_x1.5,holdout,3,1059,headon,vfield,a7c27594b3,ok,0,0,0,0,0,0,4.2832,6.4546,2.7258,2.0438,1.555,1,1,,8450,3.53
grid2:halfR,,,PR8_x2,holdout,3,1001,headon,vfield,88ced5662f,ok,0,0,0,0,0,0,2.4821,7.3401,2.7258,2.0438,1.555,1,1,,8450,3.56
grid2:halfR,,,PR8_x2,holdout,3,1003,headon,vfield,88ced5662f,ok,0,0,0,0,0,0,2.483,7.0677,2.7258,2.0438,1.555,1,1,,8450,3.57
grid2:halfR,,,PR8_x2,holdout,3,1005,headon,vfield,88ced5662f,ok,0,0,0,0,0,0,1.7599,5.1895,2.7258,2.0438,1.555,1,1,,8450,3.57
grid2:halfR,,,PR8_x2,holdout,3,1007,headon,vfield,88ced5662f,ok,0,0,0,0,0,0,2.3613,7.0211,2.7258,2.0438,1.555,1,1,,8450,3.56
grid2:halfR,,,PR8_x2,holdout,3,1009,headon,vfield,88ced5662f,ok,0,0,0,0,0,0,2.2793,6.5166,2.7258,2.0438,1.555,1,1,,8450,3.53
grid2:halfR,,,PR8_x2,holdout,3,1011,headon,vfield,88ced5662f,ok,0,0,0,0,0,0,2.4733,6.9116,2.7258,2.0438,1.555,1,1,,8450,3.55
grid2:halfR,,,PR8_x2,holdout,3,1013,headon,vfield,88ced5662f,ok,0,0,0,0,0,0,1.5733,6.5908,2.7258,2.0438,1.555,1,1,,8450,3.55
grid2:halfR,,,PR8_x2,holdout,3,1015,headon,vfield,88ced5662f,ok,0,0,0,0,0,0,5.0764,3.7197,2.7258,2.0438,1.555,1,1,,8450,3.56
grid2:halfR,,,PR8_x2,holdout,3,1017,headon,vfield,88ced5662f,ok,0,0,0,0,0,0,2.6328,7.3008,2.7258,2.0438,1.555,1,1,,8450,3.58
grid2:halfR,,,PR8_x2,holdout,3,1019,headon,vfield,88ced5662f,ok,0,0,0,0,0,0,1.986,6.5452,2.7258,2.0438,1.555,1,1,,8450,3.52
grid2:halfR,,,PR8_x2,holdout,3,1021,headon,vfield,88ced5662f,ok,0,0,0,0,0,0,2.3752,5.9131,2.7258,2.0438,1.555,1,1,,8450,3.58
grid2:halfR,,,PR8_x2,holdout,3,1023,headon,vfield,88ced5662f,ok,0,0,0,0,0,0,4.7454,6.1045,2.7258,2.0438,1.555,1,1,,8450,3.57
grid2:halfR,,,PR8_x2,holdout,3,1025,headon,vfield,88ced5662f,ok,0,0,0,0,0,0,1.9951,1.2918,2.7258,2.0438,1.555,1,1,,8450,3.56
grid2:halfR,,,PR8_x2,holdout,3,1027,headon,vfield,88ced5662f,ok,0,0,0,0,0,0,2.1897,1.4587,2.7258,2.0438,1.555,1,1,,8450,3.58
grid2:halfR,,,PR8_x2,holdout,3,1029,headon,vfield,88ced5662f,ok,0,0,0,0,0,0,2.6728,6.7749,2.7258,2.0438,1.555,1,1,,8450,3.53
grid2:halfR,,,PR8_x2,holdout,3,1031,headon,vfield,88ced5662f,ok,0,0,0,0,0,0,3.1752,7.2027,2.7258,2.0438,1.555,1,1,,8450,3.56
grid2:halfR,,,PR8_x2,holdout,3,1033,headon,vfield,88ced5662f,ok,0,0,0,0,0,0,2.3547,6.6342,2.7258,2.0438,1.555,1,1,,8450,3.58
grid2:halfR,,,PR8_x2,holdout,3,1035,headon,vfield,88ced5662f,ok,0,0,0,0,0,0,2.0919,6.8737,2.7258,2.0438,1.555,1,1,,8450,3.58
grid2:halfR,,,PR8_x2,holdout,3,1037,headon,vfield,88ced5662f,ok,0,0,0,0,0,0,1.191,3.6248,2.7258,2.0438,1.555,1,1,,8450,3.56
grid2:halfR,,,PR8_x2,holdout,3,1039,headon,vfield,88ced5662f,ok,0,0,0,0,0,0,1.7051,6.8119,2.7258,2.0438,1.555,1,1,,8450,3.56
grid2:halfR,,,PR8_x2,holdout,3,1041,headon,vfield,88ced5662f,ok,0,0,0,0,0,0,2.0288,6.7258,2.7258,2.0438,1.555,1,1,,8450,3.56
grid2:halfR,,,PR8_x2,holdout,3,1043,headon,vfield,88ced5662f,ok,0,0,0,0,0,0,2.4771,7.2793,2.7258,2.0438,1.555,1,1,,8450,3.59
grid2:halfR,,,PR8_x2,holdout,3,1045,headon,vfield,88ced5662f,ok,0,0,0,0,0,0,1.9761,7.2519,2.7258,2.0438,1.555,1,1,,8450,3.53
grid2:halfR,,,PR8_x2,holdout,3,1047,headon,vfield,88ced5662f,ok,0,0,0,0,0,0,2.0224,7.0349,2.7258,2.0438,1.555,1,1,,8450,3.56
grid2:halfR,,,PR8_x2,holdout,3,1049,headon,vfield,88ced5662f,ok,0,0,0,0,0,0,2.2169,6.7782,2.7258,2.0438,1.555,1,1,,8450,3.53
grid2:halfR,,,PR8_x2,holdout,3,1051,headon,vfield,88ced5662f,ok,0,0,0,0,0,0,1.873,5.8054,2.7258,2.0438,1.555,1,1,,8450,3.58
grid2:halfR,,,PR8_x2,holdout,3,1053,headon,vfield,88ced5662f,ok,0,0,0,0,0,0,1.9304,6.6063,2.7258,2.0438,1.555,1,1,,8450,3.54
grid2:halfR,,,PR8_x2,holdout,3,1055,headon,vfield,88ced5662f,ok,0,0,0,0,0,0,3.2994,3.4016,2.7258,2.0438,1.555,1,1,,8450,3.58
grid2:halfR,,,PR8_x2,holdout,3,1057,headon,vfield,88ced5662f,ok,0,0,0,0,0,0,3.3356,5.3439,2.7258,2.0438,1.555,1,1,,8450,3.56
grid2:halfR,,,PR8_x2,holdout,3,1059,headon,vfield,88ced5662f,ok,0,0,0,0,0,0,2.2275,6.936,2.7258,2.0438,1.555,1,1,,8450,3.56
grid2:halfR,,,PR10_x1,holdout,3,1001,headon,vfield,0baef7e567,ok,0,0,0,0,0,0,5.0374,4.7309,2.7258,2.0438,1.555,1,1,,8450,3.57
grid2:halfR,,,PR10_x1,holdout,3,1003,headon,vfield,0baef7e567,ok,0,0,0,0,0,0,6.2512,2.8716,2.7258,2.0438,1.555,1,1,,8450,3.58
grid2:halfR,,,PR10_x1,holdout,3,1005,headon,vfield,0baef7e567,ok,0,0,0,0,0,0,2.0841,5.5526,2.7258,2.0438,1.555,1,1,,8450,3.72
grid2:halfR,,,PR10_x1,holdout,3,1007,headon,vfield,0baef7e567,ok,0,0,0,0,0,0,1.8786,4.844,2.7258,2.0438,1.555,1,1,,8450,3.57
grid2:halfR,,,PR10_x1,holdout,3,1009,headon,vfield,0baef7e567,ok,0,0,0,0,0,0,5.0402,3.8546,2.7258,2.0438,1.555,1,1,,8450,3.62
grid2:halfR,,,PR10_x1,holdout,3,1011,headon,vfield,0baef7e567,ok,0,0,0,0,0,0,5.5688,5.6279,2.7258,2.0438,1.555,1,1,,8450,3.54
grid2:halfR,,,PR10_x1,holdout,3,1013,headon,vfield,0baef7e567,ok,0,0,0,0,0,0,6.0238,1.3963,2.7258,2.0438,1.555,1,1,,8450,3.59
grid2:halfR,,,PR10_x1,holdout,3,1015,headon,vfield,0baef7e567,ok,0,0,0,0,0,0,3.4228,6.7031,2.7258,2.0438,1.555,1,1,,8450,3.53
grid2:halfR,,,PR10_x1,holdout,3,1017,headon,vfield,0baef7e567,ok,0,0,0,0,0,0,4.1415,5.9517,2.7258,2.0438,1.555,1,1,,8450,3.61
grid2:halfR,,,PR10_x1,holdout,3,1019,headon,vfield,0baef7e567,ok,0,0,0,0,0,0,4.2134,1.6364,2.7258,2.0438,1.555,1,1,,8450,3.59
grid2:halfR,,,PR10_x1,holdout,3,1021,headon,vfield,0baef7e567,ok,0,0,0,0,0,0,7.0126,4.5949,2.7258,2.0438,1.555,1,1,,8450,3.56
grid2:halfR,,,PR10_x1,holdout,3,1023,headon,vfield,0baef7e567,ok,0,0,0,0,0,0,1.9201,6.6978,2.7258,2.0438,1.555,1,1,,8450,3.55
grid2:halfR,,,PR10_x1,holdout,3,1025,headon,vfield,0baef7e567,ok,0,0,0,0,0,0,7.0922,6.8998,2.7258,2.0438,1.555,1,1,,8450,3.59
grid2:halfR,,,PR10_x1,holdout,3,1027,headon,vfield,0baef7e567,ok,0,0,0,0,0,0,4.1497,6.0448,2.7258,2.0438,1.555,1,1,,8450,3.55
grid2:halfR,,,PR10_x1,holdout,3,1029,headon,vfield,0baef7e567,ok,0,0,0,0,0,0,6.4318,3.5267,2.7258,2.0438,1.555,1,1,,8450,3.54
grid2:halfR,,,PR10_x1,holdout,3,1031,headon,vfield,0baef7e567,ok,1,1,0,0,0,0,6.1389,0.6979,2.7258,2.0438,1.555,1,1,6.52,8450,3.58
grid2:halfR,,,PR10_x1,holdout,3,1033,headon,vfield,0baef7e567,ok,0,0,0,0,0,0,5.9586,5.8793,2.7258,2.0438,1.555,1,1,,8450,3.55
grid2:halfR,,,PR10_x1,holdout,3,1035,headon,vfield,0baef7e567,ok,0,0,0,0,0,0,5.864,5.9069,2.7258,2.0438,1.555,1,1,,8450,3.56
grid2:halfR,,,PR10_x1,holdout,3,1037,headon,vfield,0baef7e567,ok,0,0,0,0,0,0,2.075,5.1366,2.7258,2.0438,1.555,1,1,,8450,3.55
grid2:halfR,,,PR10_x1,holdout,3,1039,headon,vfield,0baef7e567,ok,0,0,0,0,0,0,2.9888,6.1846,2.7258,2.0438,1.555,1,1,,8450,3.56
grid2:halfR,,,PR10_x1,holdout,3,1041,headon,vfield,0baef7e567,ok,0,0,0,0,0,0,3.2546,4.0291,2.7258,2.0438,1.555,1,1,,8450,3.57
grid2:halfR,,,PR10_x1,holdout,3,1043,headon,vfield,0baef7e567,ok,0,0,0,0,0,0,4.6484,5.7538,2.7258,2.0438,1.555,1,1,,8450,3.53
grid2:halfR,,,PR10_x1,holdout,3,1045,headon,vfield,0baef7e567,ok,0,0,0,0,0,0,4.0927,4.1926,2.7258,2.0438,1.555,1,1,,8450,3.57
grid2:halfR,,,PR10_x1,holdout,3,1047,headon,vfield,0baef7e567,ok,0,0,0,0,0,0,1.9234,5.1577,2.7258,2.0438,1.555,1,1,,8450,3.55
grid2:halfR,,,PR10_x1,holdout,3,1049,headon,vfield,0baef7e567,ok,0,0,0,0,0,0,3.6394,6.4351,2.7258,2.0438,1.555,1,1,,8450,3.57
grid2:halfR,,,PR10_x1,holdout,3,1051,headon,vfield,0baef7e567,ok,0,0,0,0,0,0,3.8853,5.4307,2.7258,2.0438,1.555,1,1,,8450,3.58
grid2:halfR,,,PR10_x1,holdout,3,1053,headon,vfield,0baef7e567,ok,0,0,0,0,0,0,2.8595,4.571,2.7258,2.0438,1.555,1,1,,8450,3.58
grid2:halfR,,,PR10_x1,holdout,3,1055,headon,vfield,0baef7e567,ok,0,0,0,0,0,0,2.4148,1.2976,2.7258,2.0438,1.555,1,1,,8450,3.58
grid2:halfR,,,PR10_x1,holdout,3,1057,headon,vfield,0baef7e567,ok,0,0,0,0,0,0,2.4158,1.2034,2.7258,2.0438,1.555,1,1,,8450,3.58
grid2:halfR,,,PR10_x1,holdout,3,1059,headon,vfield,0baef7e567,ok,0,0,0,0,0,0,7.6626,3.9628,2.7258,2.0438,1.555,1,1,,8450,3.57
grid2:halfR,,,PR10_x1.25,holdout,3,1001,headon,vfield,a473532617,ok,0,0,0,0,0,0,7.6996,6.9869,2.7258,2.0438,1.555,1,1,,8450,3.57
grid2:halfR,,,PR10_x1.25,holdout,3,1003,headon,vfield,a473532617,ok,0,0,0,0,0,0,7.3115,6.7007,2.7258,2.0438,1.555,1,1,,8450,3.55
grid2:halfR,,,PR10_x1.25,holdout,3,1005,headon,vfield,a473532617,ok,0,0,0,0,0,0,6.4465,6.9921,2.7258,2.0438,1.555,1,1,,8450,3.56
grid2:halfR,,,PR10_x1.25,holdout,3,1007,headon,vfield,a473532617,ok,0,0,0,0,0,0,8.0054,6.7231,2.7258,2.0438,1.555,1,1,,8450,3.57
grid2:halfR,,,PR10_x1.25,holdout,3,1009,headon,vfield,a473532617,ok,0,0,0,0,0,0,6.8461,6.9563,2.7258,2.0438,1.555,1,1,,8450,3.67
grid2:halfR,,,PR10_x1.25,holdout,3,1011,headon,vfield,a473532617,ok,0,0,0,0,0,0,3.1489,7.0447,2.7258,2.0438,1.555,1,1,,8450,3.56
grid2:halfR,,,PR10_x1.25,holdout,3,1013,headon,vfield,a473532617,ok,0,0,0,0,0,0,6.8213,5.9464,2.7258,2.0438,1.555,1,1,,8450,3.56
grid2:halfR,,,PR10_x1.25,holdout,3,1015,headon,vfield,a473532617,ok,0,0,0,0,0,0,6.4162,7.0646,2.7258,2.0438,1.555,1,1,,8450,3.56
grid2:halfR,,,PR10_x1.25,holdout,3,1017,headon,vfield,a473532617,ok,0,0,0,0,0,0,2.9131,6.9837,2.7258,2.0438,1.555,1,1,,8450,3.57
grid2:halfR,,,PR10_x1.25,holdout,3,1019,headon,vfield,a473532617,ok,0,0,0,0,0,0,6.298,2.543,2.7258,2.0438,1.555,1,1,,8450,3.6
grid2:halfR,,,PR10_x1.25,holdout,3,1021,headon,vfield,a473532617,ok,0,0,0,0,0,0,5.0525,7.0399,2.7258,2.0438,1.555,1,1,,8450,3.57
grid2:halfR,,,PR10_x1.25,holdout,3,1023,headon,vfield,a473532617,ok,0,0,0,0,0,0,2.7029,6.9632,2.7258,2.0438,1.555,1,1,,8450,3.57
grid2:halfR,,,PR10_x1.25,holdout,3,1025,headon,vfield,a473532617,ok,0,0,0,0,0,0,2.3238,4.7598,2.7258,2.0438,1.555,1,1,,8450,3.57
grid2:halfR,,,PR10_x1.25,holdout,3,1027,headon,vfield,a473532617,ok,0,0,0,0,0,0,6.0055,7.5842,2.7258,2.0438,1.555,1,1,,8450,3.54
grid2:halfR,,,PR10_x1.25,holdout,3,1029,headon,vfield,a473532617,ok,0,0,0,0,0,0,5.0064,8.1105,2.7258,2.0438,1.555,1,1,,8450,3.57
grid2:halfR,,,PR10_x1.25,holdout,3,1031,headon,vfield,a473532617,ok,0,0,0,0,0,0,4.5348,3.2493,2.7258,2.0438,1.555,1,1,,8450,3.55
grid2:halfR,,,PR10_x1.25,holdout,3,1033,headon,vfield,a473532617,ok,0,0,0,0,0,0,3.1848,6.8221,2.7258,2.0438,1.555,1,1,,8450,3.54
grid2:halfR,,,PR10_x1.25,holdout,3,1035,headon,vfield,a473532617,ok,0,0,0,0,0,0,2.1865,2.2567,2.7258,2.0438,1.555,1,1,,8450,3.53
grid2:halfR,,,PR10_x1.25,holdout,3,1037,headon,vfield,a473532617,ok,0,0,0,0,0,0,7.1495,8.5307,2.7258,2.0438,1.555,1,1,,8450,3.55
grid2:halfR,,,PR10_x1.25,holdout,3,1039,headon,vfield,a473532617,ok,0,0,0,0,0,0,6.8519,7.7177,2.7258,2.0438,1.555,1,1,,8450,3.58
grid2:halfR,,,PR10_x1.25,holdout,3,1041,headon,vfield,a473532617,ok,1,0,1,0,0,0,1.0427,0.1791,2.7258,2.0438,1.555,1,1,11.53,8450,3.59
grid2:halfR,,,PR10_x1.25,holdout,3,1043,headon,vfield,a473532617,ok,0,0,0,0,0,0,2.5013,6.9097,2.7258,2.0438,1.555,1,1,,8450,3.58
grid2:halfR,,,PR10_x1.25,holdout,3,1045,headon,vfield,a473532617,ok,0,0,0,0,0,0,2.7508,6.9106,2.7258,2.0438,1.555,1,1,,8450,3.56
grid2:halfR,,,PR10_x1.25,holdout,3,1047,headon,vfield,a473532617,ok,0,0,0,0,0,0,7.4172,7.9706,2.7258,2.0438,1.555,1,1,,8450,3.58
grid2:halfR,,,PR10_x1.25,holdout,3,1049,headon,vfield,a473532617,ok,0,0,0,0,0,0,6.992,7.1807,2.7258,2.0438,1.555,1,1,,8450,3.59
grid2:halfR,,,PR10_x1.25,holdout,3,1051,headon,vfield,a473532617,ok,0,0,0,0,0,0,6.4935,7.0789,2.7258,2.0438,1.555,1,1,,8450,3.55
grid2:halfR,,,PR10_x1.25,holdout,3,1053,headon,vfield,a473532617,ok,0,0,0,0,0,0,4.9491,7.163,2.7258,2.0438,1.555,1,1,,8450,3.53
grid2:halfR,,,PR10_x1.25,holdout,3,1055,headon,vfield,a473532617,ok,0,0,0,0,0,0,3.5845,6.9664,2.7258,2.0438,1.555,1,1,,8450,3.53
grid2:halfR,,,PR10_x1.25,holdout,3,1057,headon,vfield,a473532617,ok,0,0,0,0,0,0,3.2616,8.0095,2.7258,2.0438,1.555,1,1,,8450,3.55
grid2:halfR,,,PR10_x1.25,holdout,3,1059,headon,vfield,a473532617,ok,0,0,0,0,0,0,5.2009,6.2661,2.7258,2.0438,1.555,1,1,,8450,3.57
grid2:halfR,,,PR10_x1.5,holdout,3,1001,headon,vfield,aa8246e6ad,ok,0,0,0,0,0,0,4.5753,9.069,2.7258,2.0438,1.555,1,1,,8450,3.57
grid2:halfR,,,PR10_x1.5,holdout,3,1003,headon,vfield,aa8246e6ad,ok,0,0,0,0,0,0,2.1986,6.1203,2.7258,2.0438,1.555,1,1,,8450,3.58
grid2:halfR,,,PR10_x1.5,holdout,3,1005,headon,vfield,aa8246e6ad,ok,0,0,0,0,0,0,5.0241,6.89,2.7258,2.0438,1.555,1,1,,8450,3.59
grid2:halfR,,,PR10_x1.5,holdout,3,1007,headon,vfield,aa8246e6ad,ok,0,0,0,0,0,0,6.5957,8.5602,2.7258,2.0438,1.555,1,1,,8450,3.55
grid2:halfR,,,PR10_x1.5,holdout,3,1009,headon,vfield,aa8246e6ad,ok,0,0,0,0,0,0,7.4735,8.4217,2.7258,2.0438,1.555,1,1,,8450,3.58
grid2:halfR,,,PR10_x1.5,holdout,3,1011,headon,vfield,aa8246e6ad,ok,0,0,0,0,0,0,5.3854,9.0715,2.7258,2.0438,1.555,1,1,,8450,3.56
grid2:halfR,,,PR10_x1.5,holdout,3,1013,headon,vfield,aa8246e6ad,ok,0,0,0,0,0,0,6.3558,8.2267,2.7258,2.0438,1.555,1,1,,8450,3.51
grid2:halfR,,,PR10_x1.5,holdout,3,1015,headon,vfield,aa8246e6ad,ok,0,0,0,0,0,0,5.7052,6.2351,2.7258,2.0438,1.555,1,1,,8450,3.58
grid2:halfR,,,PR10_x1.5,holdout,3,1017,headon,vfield,aa8246e6ad,ok,0,0,0,0,0,0,6.7299,8.5497,2.7258,2.0438,1.555,1,1,,8450,3.58
grid2:halfR,,,PR10_x1.5,holdout,3,1019,headon,vfield,aa8246e6ad,ok,0,0,0,0,0,0,3.7311,3.8505,2.7258,2.0438,1.555,1,1,,8450,3.58
grid2:halfR,,,PR10_x1.5,holdout,3,1021,headon,vfield,aa8246e6ad,ok,0,0,0,0,0,0,6.7449,8.4215,2.7258,2.0438,1.555,1,1,,8450,3.56
grid2:halfR,,,PR10_x1.5,holdout,3,1023,headon,vfield,aa8246e6ad,ok,0,0,0,0,0,0,4.0654,9.0724,2.7258,2.0438,1.555,1,1,,8450,3.55
grid2:halfR,,,PR10_x1.5,holdout,3,1025,headon,vfield,aa8246e6ad,ok,0,0,0,0,0,0,3.6538,4.5512,2.7258,2.0438,1.555,1,1,,8450,3.56
grid2:halfR,,,PR10_x1.5,holdout,3,1027,headon,vfield,aa8246e6ad,ok,0,0,0,0,0,0,6.0345,8.8259,2.7258,2.0438,1.555,1,1,,8450,3.59
grid2:halfR,,,PR10_x1.5,holdout,3,1029,headon,vfield,aa8246e6ad,ok,0,0,0,0,0,0,3.5483,7.9706,2.7258,2.0438,1.555,1,1,,8450,3.58
grid2:halfR,,,PR10_x1.5,holdout,3,1031,headon,vfield,aa8246e6ad,ok,0,0,0,0,0,0,4.8024,7.793,2.7258,2.0438,1.555,1,1,,8450,3.6
grid2:halfR,,,PR10_x1.5,holdout,3,1033,headon,vfield,aa8246e6ad,ok,0,0,0,0,0,0,6.4923,8.5498,2.7258,2.0438,1.555,1,1,,8450,3.57
grid2:halfR,,,PR10_x1.5,holdout,3,1035,headon,vfield,aa8246e6ad,ok,0,0,0,0,0,0,2.8679,8.3687,2.7258,2.0438,1.555,1,1,,8450,3.55
grid2:halfR,,,PR10_x1.5,holdout,3,1037,headon,vfield,aa8246e6ad,ok,0,0,0,0,0,0,5.8284,8.5086,2.7258,2.0438,1.555,1,1,,8450,3.58
grid2:halfR,,,PR10_x1.5,holdout,3,1039,headon,vfield,aa8246e6ad,ok,0,0,0,0,0,0,6.286,8.0685,2.7258,2.0438,1.555,1,1,,8450,3.55
grid2:halfR,,,PR10_x1.5,holdout,3,1041,headon,vfield,aa8246e6ad,ok,0,0,0,0,0,0,7.1479,8.2726,2.7258,2.0438,1.555,1,1,,8450,3.56
grid2:halfR,,,PR10_x1.5,holdout,3,1043,headon,vfield,aa8246e6ad,ok,0,0,0,0,0,0,4.5888,8.5466,2.7258,2.0438,1.555,1,1,,8450,3.54
grid2:halfR,,,PR10_x1.5,holdout,3,1045,headon,vfield,aa8246e6ad,ok,0,0,0,0,0,0,6.9683,8.418,2.7258,2.0438,1.555,1,1,,8450,3.56
grid2:halfR,,,PR10_x1.5,holdout,3,1047,headon,vfield,aa8246e6ad,ok,0,0,0,0,0,0,7.1385,8.0864,2.7258,2.0438,1.555,1,1,,8450,3.58
grid2:halfR,,,PR10_x1.5,holdout,3,1049,headon,vfield,aa8246e6ad,ok,0,0,0,0,0,0,6.4241,6.8937,2.7258,2.0438,1.555,1,1,,8450,3.7
grid2:halfR,,,PR10_x1.5,holdout,3,1051,headon,vfield,aa8246e6ad,ok,0,0,0,0,0,0,8.0283,8.4627,2.7258,2.0438,1.555,1,1,,8450,3.57
grid2:halfR,,,PR10_x1.5,holdout,3,1053,headon,vfield,aa8246e6ad,ok,0,0,0,0,0,0,6.9941,8.6583,2.7258,2.0438,1.555,1,1,,8450,3.54
grid2:halfR,,,PR10_x1.5,holdout,3,1055,headon,vfield,aa8246e6ad,ok,0,0,0,0,0,0,4.9137,6.4277,2.7258,2.0438,1.555,1,1,,8450,3.63
grid2:halfR,,,PR10_x1.5,holdout,3,1057,headon,vfield,aa8246e6ad,ok,0,0,0,0,0,0,2.1124,2.7073,2.7258,2.0438,1.555,1,1,,8450,3.57
grid2:halfR,,,PR10_x1.5,holdout,3,1059,headon,vfield,aa8246e6ad,ok,0,0,0,0,0,0,5.5565,8.2499,2.7258,2.0438,1.555,1,1,,8450,3.57
grid2:halfR,,,PR10_x2,holdout,3,1001,headon,vfield,b157c0b60c,ok,0,0,0,0,0,0,7.5053,8.1049,2.7258,2.0438,1.555,1,1,,8450,3.58
grid2:halfR,,,PR10_x2,holdout,3,1003,headon,vfield,b157c0b60c,ok,0,0,0,0,0,0,5.8502,4.625,2.7258,2.0438,1.555,1,1,,8450,3.56
grid2:halfR,,,PR10_x2,holdout,3,1005,headon,vfield,b157c0b60c,ok,0,0,0,0,0,0,6.3542,4.558,2.7258,2.0438,1.555,1,1,,8450,3.58
grid2:halfR,,,PR10_x2,holdout,3,1007,headon,vfield,b157c0b60c,ok,0,0,0,0,0,0,6.3902,4.6947,2.7258,2.0438,1.555,1,1,,8450,3.59
grid2:halfR,,,PR10_x2,holdout,3,1009,headon,vfield,b157c0b60c,ok,0,0,0,0,0,0,3.1096,7.2568,2.7258,2.0438,1.555,1,1,,8450,3.56
grid2:halfR,,,PR10_x2,holdout,3,1011,headon,vfield,b157c0b60c,ok,0,0,0,0,0,0,8.7683,4.3675,2.7258,2.0438,1.555,1,1,,8450,3.59
grid2:halfR,,,PR10_x2,holdout,3,1013,headon,vfield,b157c0b60c,ok,0,0,0,0,0,0,3.4785,3.6637,2.7258,2.0438,1.555,1,1,,8450,3.59
grid2:halfR,,,PR10_x2,holdout,3,1015,headon,vfield,b157c0b60c,ok,0,0,0,0,0,0,5.2746,3.5825,2.7258,2.0438,1.555,1,1,,8450,3.59
grid2:halfR,,,PR10_x2,holdout,3,1017,headon,vfield,b157c0b60c,ok,0,0,0,0,0,0,8.6267,4.2842,2.7258,2.0438,1.555,1,1,,8450,3.57
grid2:halfR,,,PR10_x2,holdout,3,1019,headon,vfield,b157c0b60c,ok,0,0,0,0,0,0,2.1008,4.0209,2.7258,2.0438,1.555,1,1,,8450,3.58
grid2:halfR,,,PR10_x2,holdout,3,1021,headon,vfield,b157c0b60c,ok,0,0,0,0,0,0,6.1259,6.2717,2.7258,2.0438,1.555,1,1,,8450,3.55
grid2:halfR,,,PR10_x2,holdout,3,1023,headon,vfield,b157c0b60c,ok,0,0,0,0,0,0,4.4781,4.3116,2.7258,2.0438,1.555,1,1,,8450,3.55
grid2:halfR,,,PR10_x2,holdout,3,1025,headon,vfield,b157c0b60c,ok,0,0,0,0,0,0,4.9683,3.2832,2.7258,2.0438,1.555,1,1,,8450,3.57
grid2:halfR,,,PR10_x2,holdout,3,1027,headon,vfield,b157c0b60c,ok,0,0,0,0,0,0,6.4192,5.0335,2.7258,2.0438,1.555,1,1,,8450,3.55
grid2:halfR,,,PR10_x2,holdout,3,1029,headon,vfield,b157c0b60c,ok,0,0,0,0,0,0,4.4707,8.8726,2.7258,2.0438,1.555,1,1,,8450,3.58
grid2:halfR,,,PR10_x2,holdout,3,1031,headon,vfield,b157c0b60c,ok,0,0,0,0,0,0,4.7759,7.4033,2.7258,2.0438,1.555,1,1,,8450,3.63
grid2:halfR,,,PR10_x2,holdout,3,1033,headon,vfield,b157c0b60c,ok,0,0,0,0,0,0,3.9638,4.5399,2.7258,2.0438,1.555,1,1,,8450,3.56
grid2:halfR,,,PR10_x2,holdout,3,1035,headon,vfield,b157c0b60c,ok,0,0,0,0,0,0,8.6741,8.8063,2.7258,2.0438,1.555,1,1,,8450,3.65
grid2:halfR,,,PR10_x2,holdout,3,1037,headon,vfield,b157c0b60c,ok,0,0,0,0,0,0,5.2179,9.0729,2.7258,2.0438,1.555,1,1,,8450,3.54
grid2:halfR,,,PR10_x2,holdout,3,1039,headon,vfield,b157c0b60c,ok,0,0,0,0,0,0,5.9435,7.3032,2.7258,2.0438,1.555,1,1,,8450,3.66
grid2:halfR,,,PR10_x2,holdout,3,1041,headon,vfield,b157c0b60c,ok,0,0,0,0,0,0,2.9593,8.5736,2.7258,2.0438,1.555,1,1,,8450,3.55
grid2:halfR,,,PR10_x2,holdout,3,1043,headon,vfield,b157c0b60c,ok,0,0,0,0,0,0,2.791,8.5982,2.7258,2.0438,1.555,1,1,,8450,3.55
grid2:halfR,,,PR10_x2,holdout,3,1045,headon,vfield,b157c0b60c,ok,0,0,0,0,0,0,3.0241,5.1062,2.7258,2.0438,1.555,1,1,,8450,3.57
grid2:halfR,,,PR10_x2,holdout,3,1047,headon,vfield,b157c0b60c,ok,0,0,0,0,0,0,3.9667,5.9189,2.7258,2.0438,1.555,1,1,,8450,3.58
grid2:halfR,,,PR10_x2,holdout,3,1049,headon,vfield,b157c0b60c,ok,0,0,0,0,0,0,7.9421,8.8191,2.7258,2.0438,1.555,1,1,,8450,3.58
grid2:halfR,,,PR10_x2,holdout,3,1051,headon,vfield,b157c0b60c,ok,0,0,0,0,0,0,7.3066,8.4003,2.7258,2.0438,1.555,1,1,,8450,3.57
grid2:halfR,,,PR10_x2,holdout,3,1053,headon,vfield,b157c0b60c,ok,0,0,0,0,0,0,2.9243,4.734,2.7258,2.0438,1.555,1,1,,8450,3.59
grid2:halfR,,,PR10_x2,holdout,3,1055,headon,vfield,b157c0b60c,ok,0,0,0,0,0,0,3.4411,9.0808,2.7258,2.0438,1.555,1,1,,8450,3.56
grid2:halfR,,,PR10_x2,holdout,3,1057,headon,vfield,b157c0b60c,ok,0,0,0,0,0,0,8.4859,4.7577,2.7258,2.0438,1.555,1,1,,8450,3.63
grid2:halfR,,,PR10_x2,holdout,3,1059,headon,vfield,b157c0b60c,ok,0,0,0,0,0,0,2.5572,8.3901,2.7258,2.0438,1.555,1,1,,8450,3.7
grid2:halfR,,,PR13_x1,holdout,3,1001,headon,vfield,f3bc5518e5,ok,0,0,0,0,0,0,5.2673,8.0621,2.7258,2.0438,1.555,1,1,,8450,3.58
grid2:halfR,,,PR13_x1,holdout,3,1003,headon,vfield,f3bc5518e5,ok,0,0,0,0,0,0,4.662,8.4833,2.7258,2.0438,1.555,1,1,,8450,3.53
grid2:halfR,,,PR13_x1,holdout,3,1005,headon,vfield,f3bc5518e5,ok,0,0,0,0,0,0,7.5798,3.6851,2.7258,2.0438,1.555,1,1,,8450,3.57
grid2:halfR,,,PR13_x1,holdout,3,1007,headon,vfield,f3bc5518e5,ok,0,0,0,0,0,0,6.2003,5.55,2.7258,2.0438,1.555,1,1,,8450,3.67
grid2:halfR,,,PR13_x1,holdout,3,1009,headon,vfield,f3bc5518e5,ok,0,0,0,0,0,0,7.1642,3.8962,2.7258,2.0438,1.555,1,1,,8450,3.6
grid2:halfR,,,PR13_x1,holdout,3,1011,headon,vfield,f3bc5518e5,ok,0,0,0,0,0,0,5.6961,5.7198,2.7258,2.0438,1.555,1,1,,8450,3.55
grid2:halfR,,,PR13_x1,holdout,3,1013,headon,vfield,f3bc5518e5,ok,0,0,0,0,0,0,6.586,7.2083,2.7258,2.0438,1.555,1,1,,8450,3.58
grid2:halfR,,,PR13_x1,holdout,3,1015,headon,vfield,f3bc5518e5,ok,0,0,0,0,0,0,2.6951,7.5667,2.7258,2.0438,1.555,1,1,,8450,3.56
grid2:halfR,,,PR13_x1,holdout,3,1017,headon,vfield,f3bc5518e5,ok,0,0,0,0,0,0,5.7737,2.4658,2.7258,2.0438,1.555,1,1,,8450,3.58
grid2:halfR,,,PR13_x1,holdout,3,1019,headon,vfield,f3bc5518e5,ok,0,0,0,0,0,0,8.7864,1.5282,2.7258,2.0438,1.555,1,1,,8450,3.59
grid2:halfR,,,PR13_x1,holdout,3,1021,headon,vfield,f3bc5518e5,ok,1,0,1,0,0,0,10.615,0.7786,2.7258,2.0438,1.555,1,1,9.03,8450,3.59
grid2:halfR,,,PR13_x1,holdout,3,1023,headon,vfield,f3bc5518e5,ok,0,0,0,0,0,0,1.212,5.658,2.7258,2.0438,1.555,1,1,,8450,3.53
grid2:halfR,,,PR13_x1,holdout,3,1025,headon,vfield,f3bc5518e5,ok,0,0,0,0,0,0,10.0971,5.0621,2.7258,2.0438,1.555,1,1,,8450,3.56
grid2:halfR,,,PR13_x1,holdout,3,1027,headon,vfield,f3bc5518e5,ok,0,0,0,0,0,0,4.959,3.9223,2.7258,2.0438,1.555,1,1,,8450,3.57
grid2:halfR,,,PR13_x1,holdout,3,1029,headon,vfield,f3bc5518e5,ok,0,0,0,0,0,0,8.1775,2.637,2.7258,2.0438,1.555,1,1,,8450,3.58
grid2:halfR,,,PR13_x1,holdout,3,1031,headon,vfield,f3bc5518e5,ok,0,0,0,0,0,0,5.5962,8.0814,2.7258,2.0438,1.555,1,1,,8450,3.54
grid2:halfR,,,PR13_x1,holdout,3,1033,headon,vfield,f3bc5518e5,ok,0,0,0,0,0,0,8.1319,5.398,2.7258,2.0438,1.555,1,1,,8450,3.59
grid2:halfR,,,PR13_x1,holdout,3,1035,headon,vfield,f3bc5518e5,ok,0,0,0,0,0,0,5.084,5.0073,2.7258,2.0438,1.555,1,1,,8450,3.57
grid2:halfR,,,PR13_x1,holdout,3,1037,headon,vfield,f3bc5518e5,ok,1,0,1,0,0,0,10.6543,0.675,2.7258,2.0438,1.555,1,1,7.67,8450,3.57
grid2:halfR,,,PR13_x1,holdout,3,1039,headon,vfield,f3bc5518e5,ok,0,0,0,0,0,0,4.8535,8.2773,2.7258,2.0438,1.555,1,1,,8450,3.59
grid2:halfR,,,PR13_x1,holdout,3,1041,headon,vfield,f3bc5518e5,ok,0,0,0,0,0,0,6.519,8.505,2.7258,2.0438,1.555,1,1,,8450,3.59
grid2:halfR,,,PR13_x1,holdout,3,1043,headon,vfield,f3bc5518e5,ok,0,0,0,0,0,0,6.3219,4.7222,2.7258,2.0438,1.555,1,1,,8450,3.7
grid2:halfR,,,PR13_x1,holdout,3,1045,headon,vfield,f3bc5518e5,ok,0,0,0,0,0,0,3.4599,8.2777,2.7258,2.0438,1.555,1,1,,8450,3.59
grid2:halfR,,,PR13_x1,holdout,3,1047,headon,vfield,f3bc5518e5,ok,0,0,0,0,0,0,6.3831,3.3319,2.7258,2.0438,1.555,1,1,,8450,3.6
grid2:halfR,,,PR13_x1,holdout,3,1049,headon,vfield,f3bc5518e5,ok,0,0,0,0,0,0,7.2795,5.897,2.7258,2.0438,1.555,1,1,,8450,3.57
grid2:halfR,,,PR13_x1,holdout,3,1051,headon,vfield,f3bc5518e5,ok,0,0,0,0,0,0,6.2974,7.0205,2.7258,2.0438,1.555,1,1,,8450,3.61
grid2:halfR,,,PR13_x1,holdout,3,1053,headon,vfield,f3bc5518e5,ok,0,0,0,0,0,0,7.5683,5.6089,2.7258,2.0438,1.555,1,1,,8450,3.56
grid2:halfR,,,PR13_x1,holdout,3,1055,headon,vfield,f3bc5518e5,ok,0,0,0,0,0,0,6.5885,5.2079,2.7258,2.0438,1.555,1,1,,8450,3.6
grid2:halfR,,,PR13_x1,holdout,3,1057,headon,vfield,f3bc5518e5,ok,0,0,0,0,0,0,4.6374,5.0072,2.7258,2.0438,1.555,1,1,,8450,3.62
grid2:halfR,,,PR13_x1,holdout,3,1059,headon,vfield,f3bc5518e5,ok,0,0,0,0,0,0,6.0199,4.1897,2.7258,2.0438,1.555,1,1,,8450,3.58
grid2:halfR,,,PR13_x1.25,holdout,3,1001,headon,vfield,f5bfdd13fa,ok,0,0,0,0,0,0,9.7633,10.1448,2.7258,2.0438,1.555,1,1,,8450,3.56
grid2:halfR,,,PR13_x1.25,holdout,3,1003,headon,vfield,f5bfdd13fa,ok,0,0,0,0,0,0,5.0292,5.203,2.7258,2.0438,1.555,1,1,,8450,3.53
grid2:halfR,,,PR13_x1.25,holdout,3,1005,headon,vfield,f5bfdd13fa,ok,0,0,0,0,0,0,5.9207,8.3946,2.7258,2.0438,1.555,1,1,,8450,3.58
grid2:halfR,,,PR13_x1.25,holdout,3,1007,headon,vfield,f5bfdd13fa,ok,0,0,0,0,0,0,4.5386,2.0808,2.7258,2.0438,1.555,1,1,,8450,3.59
grid2:halfR,,,PR13_x1.25,holdout,3,1009,headon,vfield,f5bfdd13fa,ok,0,0,0,0,0,0,6.2281,8.4925,2.7258,2.0438,1.555,1,1,,8450,3.57
grid2:halfR,,,PR13_x1.25,holdout,3,1011,headon,vfield,f5bfdd13fa,ok,0,0,0,0,0,0,8.9105,9.96,2.7258,2.0438,1.555,1,1,,8450,3.59
grid2:halfR,,,PR13_x1.25,holdout,3,1013,headon,vfield,f5bfdd13fa,ok,1,0,1,0,0,0,5.27,0.8884,2.7258,2.0438,1.555,1,1,8.81,8450,3.55
grid2:halfR,,,PR13_x1.25,holdout,3,1015,headon,vfield,f5bfdd13fa,ok,0,0,0,0,0,0,8.752,10.7634,2.7258,2.0438,1.555,1,1,,8450,3.57
grid2:halfR,,,PR13_x1.25,holdout,3,1017,headon,vfield,f5bfdd13fa,ok,0,0,0,0,0,0,7.8595,8.7727,2.7258,2.0438,1.555,1,1,,8450,3.59
grid2:halfR,,,PR13_x1.25,holdout,3,1019,headon,vfield,f5bfdd13fa,ok,0,0,0,0,0,0,9.5423,7.3888,2.7258,2.0438,1.555,1,1,,8450,3.6
grid2:halfR,,,PR13_x1.25,holdout,3,1021,headon,vfield,f5bfdd13fa,ok,0,0,0,0,0,0,8.8361,9.6556,2.7258,2.0438,1.555,1,1,,8450,3.59
grid2:halfR,,,PR13_x1.25,holdout,3,1023,headon,vfield,f5bfdd13fa,ok,0,0,0,0,0,0,7.9178,9.9777,2.7258,2.0438,1.555,1,1,,8450,3.53
grid2:halfR,,,PR13_x1.25,holdout,3,1025,headon,vfield,f5bfdd13fa,ok,0,0,0,0,0,0,5.2326,7.124,2.7258,2.0438,1.555,1,1,,8450,3.58
grid2:halfR,,,PR13_x1.25,holdout,3,1027,headon,vfield,f5bfdd13fa,ok,0,0,0,0,0,0,5.5285,5.6197,2.7258,2.0438,1.555,1,1,,8450,3.59
grid2:halfR,,,PR13_x1.25,holdout,3,1029,headon,vfield,f5bfdd13fa,ok,0,0,0,0,0,0,9.2238,9.2298,2.7258,2.0438,1.555,1,1,,8450,3.57
grid2:halfR,,,PR13_x1.25,holdout,3,1031,headon,vfield,f5bfdd13fa,ok,0,0,0,0,0,0,5.7408,8.1258,2.7258,2.0438,1.555,1,1,,8450,3.55
grid2:halfR,,,PR13_x1.25,holdout,3,1033,headon,vfield,f5bfdd13fa,ok,0,0,0,0,0,0,10.936,9.4618,2.7258,2.0438,1.555,1,1,,8450,3.56
grid2:halfR,,,PR13_x1.25,holdout,3,1035,headon,vfield,f5bfdd13fa,ok,0,0,0,0,0,0,6.8991,9.4295,2.7258,2.0438,1.555,1,1,,8450,3.6
grid2:halfR,,,PR13_x1.25,holdout,3,1037,headon,vfield,f5bfdd13fa,ok,0,0,0,0,0,0,9.432,11.3991,2.7258,2.0438,1.555,1,1,,8450,3.56
grid2:halfR,,,PR13_x1.25,holdout,3,1039,headon,vfield,f5bfdd13fa,ok,0,0,0,0,0,0,6.8372,8.4287,2.7258,2.0438,1.555,1,1,,8450,3.55
grid2:halfR,,,PR13_x1.25,holdout,3,1041,headon,vfield,f5bfdd13fa,ok,0,0,0,0,0,0,7.5948,9.6863,2.7258,2.0438,1.555,1,1,,8450,3.54
grid2:halfR,,,PR13_x1.25,holdout,3,1043,headon,vfield,f5bfdd13fa,ok,0,0,0,0,0,0,8.0183,8.4648,2.7258,2.0438,1.555,1,1,,8450,3.54
grid2:halfR,,,PR13_x1.25,holdout,3,1045,headon,vfield,f5bfdd13fa,ok,0,0,0,0,0,0,7.6019,8.5148,2.7258,2.0438,1.555,1,1,,8450,3.58
grid2:halfR,,,PR13_x1.25,holdout,3,1047,headon,vfield,f5bfdd13fa,ok,0,0,0,0,0,0,9.9875,8.8292,2.7258,2.0438,1.555,1,1,,8450,3.63
grid2:halfR,,,PR13_x1.25,holdout,3,1049,headon,vfield,f5bfdd13fa,ok,0,0,0,0,0,0,6.2794,10.494,2.7258,2.0438,1.555,1,1,,8450,3.71
grid2:halfR,,,PR13_x1.25,holdout,3,1051,headon,vfield,f5bfdd13fa,ok,0,0,0,0,0,0,9.725,10.972,2.7258,2.0438,1.555,1,1,,8450,3.54
grid2:halfR,,,PR13_x1.25,holdout,3,1053,headon,vfield,f5bfdd13fa,ok,0,0,0,0,0,0,6.507,8.3615,2.7258,2.0438,1.555,1,1,,8450,3.66
grid2:halfR,,,PR13_x1.25,holdout,3,1055,headon,vfield,f5bfdd13fa,ok,0,0,0,0,0,0,7.9429,10.6247,2.7258,2.0438,1.555,1,1,,8450,3.64
grid2:halfR,,,PR13_x1.25,holdout,3,1057,headon,vfield,f5bfdd13fa,ok,0,0,0,0,0,0,7.4329,10.0452,2.7258,2.0438,1.555,1,1,,8450,3.58
grid2:halfR,,,PR13_x1.25,holdout,3,1059,headon,vfield,f5bfdd13fa,ok,0,0,0,0,0,0,6.3927,9.0922,2.7258,2.0438,1.555,1,1,,8450,3.57
grid2:halfR,,,PR13_x1.5,holdout,3,1001,headon,vfield,2bca66b047,ok,0,0,0,0,0,0,5.9874,8.6378,2.7258,2.0438,1.555,1,1,,8450,3.52
grid2:halfR,,,PR13_x1.5,holdout,3,1003,headon,vfield,2bca66b047,ok,0,0,0,0,0,0,6.3469,10.5729,2.7258,2.0438,1.555,1,1,,8450,3.53
grid2:halfR,,,PR13_x1.5,holdout,3,1005,headon,vfield,2bca66b047,ok,0,0,0,0,0,0,7.7331,8.8311,2.7258,2.0438,1.555,1,1,,8450,3.57
grid2:halfR,,,PR13_x1.5,holdout,3,1007,headon,vfield,2bca66b047,ok,0,0,0,0,0,0,5.9988,6.2792,2.7258,2.0438,1.555,1,1,,8450,3.59
grid2:halfR,,,PR13_x1.5,holdout,3,1009,headon,vfield,2bca66b047,ok,0,0,0,0,0,0,6.9833,8.6997,2.7258,2.0438,1.555,1,1,,8450,3.56
grid2:halfR,,,PR13_x1.5,holdout,3,1011,headon,vfield,2bca66b047,ok,0,0,0,0,0,0,6.3196,5.2193,2.7258,2.0438,1.555,1,1,,8450,3.53
grid2:halfR,,,PR13_x1.5,holdout,3,1013,headon,vfield,2bca66b047,ok,0,0,0,0,0,0,7.2004,4.693,2.7258,2.0438,1.555,1,1,,8450,3.58
grid2:halfR,,,PR13_x1.5,holdout,3,1015,headon,vfield,2bca66b047,ok,0,0,0,0,0,0,5.9457,4.7835,2.7258,2.0438,1.555,1,1,,8450,3.59
grid2:halfR,,,PR13_x1.5,holdout,3,1017,headon,vfield,2bca66b047,ok,0,0,0,0,0,0,5.167,5.1022,2.7258,2.0438,1.555,1,1,,8450,3.58
grid2:halfR,,,PR13_x1.5,holdout,3,1019,headon,vfield,2bca66b047,ok,0,0,0,0,0,0,7.0459,7.093,2.7258,2.0438,1.555,1,1,,8450,3.57
grid2:halfR,,,PR13_x1.5,holdout,3,1021,headon,vfield,2bca66b047,ok,0,0,0,0,0,0,6.4072,8.5011,2.7258,2.0438,1.555,1,1,,8450,3.54
grid2:halfR,,,PR13_x1.5,holdout,3,1023,headon,vfield,2bca66b047,ok,0,0,0,0,0,0,8.2304,2.9773,2.7258,2.0438,1.555,1,1,,8450,3.56
grid2:halfR,,,PR13_x1.5,holdout,3,1025,headon,vfield,2bca66b047,ok,0,0,0,0,0,0,5.2678,10.184,2.7258,2.0438,1.555,1,1,,8450,3.56
grid2:halfR,,,PR13_x1.5,holdout,3,1027,headon,vfield,2bca66b047,ok,0,0,0,0,0,0,5.1965,7.0783,2.7258,2.0438,1.555,1,1,,8450,3.57
grid2:halfR,,,PR13_x1.5,holdout,3,1029,headon,vfield,2bca66b047,ok,0,0,0,0,0,0,5.8553,8.4084,2.7258,2.0438,1.555,1,1,,8450,3.56
grid2:halfR,,,PR13_x1.5,holdout,3,1031,headon,vfield,2bca66b047,ok,0,0,0,0,0,0,7.5205,8.1798,2.7258,2.0438,1.555,1,1,,8450,3.58
grid2:halfR,,,PR13_x1.5,holdout,3,1033,headon,vfield,2bca66b047,ok,0,0,0,0,0,0,7.5278,11.1034,2.7258,2.0438,1.555,1,1,,8450,3.6
grid2:halfR,,,PR13_x1.5,holdout,3,1035,headon,vfield,2bca66b047,ok,0,0,0,0,0,0,6.1217,5.6,2.7258,2.0438,1.555,1,1,,8450,3.59
grid2:halfR,,,PR13_x1.5,holdout,3,1037,headon,vfield,2bca66b047,ok,0,0,0,0,0,0,6.1157,10.866,2.7258,2.0438,1.555,1,1,,8450,3.58
grid2:halfR,,,PR13_x1.5,holdout,3,1039,headon,vfield,2bca66b047,ok,0,0,0,0,0,0,5.549,8.6101,2.7258,2.0438,1.555,1,1,,8450,3.55
grid2:halfR,,,PR13_x1.5,holdout,3,1041,headon,vfield,2bca66b047,ok,0,0,0,0,0,0,5.689,11.1974,2.7258,2.0438,1.555,1,1,,8450,3.58
grid2:halfR,,,PR13_x1.5,holdout,3,1043,headon,vfield,2bca66b047,ok,0,0,0,0,0,0,6.1442,10.7019,2.7258,2.0438,1.555,1,1,,8450,3.66
grid2:halfR,,,PR13_x1.5,holdout,3,1045,headon,vfield,2bca66b047,ok,0,0,0,0,0,0,8.2705,3.4943,2.7258,2.0438,1.555,1,1,,8450,3.57
grid2:halfR,,,PR13_x1.5,holdout,3,1047,headon,vfield,2bca66b047,ok,0,0,0,0,0,0,6.1267,10.4844,2.7258,2.0438,1.555,1,1,,8450,3.58
grid2:halfR,,,PR13_x1.5,holdout,3,1049,headon,vfield,2bca66b047,ok,0,0,0,0,0,0,5.2868,10.9443,2.7258,2.0438,1.555,1,1,,8450,3.56
grid2:halfR,,,PR13_x1.5,holdout,3,1051,headon,vfield,2bca66b047,ok,0,0,0,0,0,0,7.1446,11.1165,2.7258,2.0438,1.555,1,1,,8450,3.55
grid2:halfR,,,PR13_x1.5,holdout,3,1053,headon,vfield,2bca66b047,ok,0,0,0,0,0,0,5.654,6.2044,2.7258,2.0438,1.555,1,1,,8450,3.56
grid2:halfR,,,PR13_x1.5,holdout,3,1055,headon,vfield,2bca66b047,ok,0,0,0,0,0,0,7.0478,11.4178,2.7258,2.0438,1.555,1,1,,8450,3.57
grid2:halfR,,,PR13_x1.5,holdout,3,1057,headon,vfield,2bca66b047,ok,0,0,0,0,0,0,6.2649,6.9665,2.7258,2.0438,1.555,1,1,,8450,3.57
grid2:halfR,,,PR13_x1.5,holdout,3,1059,headon,vfield,2bca66b047,ok,0,0,0,0,0,0,5.5391,2.1836,2.7258,2.0438,1.555,1,1,,8450,3.58
grid2:halfR,,,PR13_x2,holdout,3,1001,headon,vfield,6a7cd780bb,ok,0,0,0,0,0,0,8.9377,10.0471,2.7258,2.0438,1.555,1,1,,8450,3.51
grid2:halfR,,,PR13_x2,holdout,3,1003,headon,vfield,6a7cd780bb,ok,0,0,0,0,0,0,7.235,6.7197,2.7258,2.0438,1.555,1,1,,8450,3.57
grid2:halfR,,,PR13_x2,holdout,3,1005,headon,vfield,6a7cd780bb,ok,0,0,0,0,0,0,6.5834,7.3838,2.7258,2.0438,1.555,1,1,,8450,3.59
grid2:halfR,,,PR13_x2,holdout,3,1007,headon,vfield,6a7cd780bb,ok,0,0,0,0,0,0,7.2682,9.7351,2.7258,2.0438,1.555,1,1,,8450,3.58
grid2:halfR,,,PR13_x2,holdout,3,1009,headon,vfield,6a7cd780bb,ok,0,0,0,0,0,0,9.5985,4.2394,2.7258,2.0438,1.555,1,1,,8450,3.58
grid2:halfR,,,PR13_x2,holdout,3,1011,headon,vfield,6a7cd780bb,ok,0,0,0,0,0,0,9.9663,7.1101,2.7258,2.0438,1.555,1,1,,8450,3.54
grid2:halfR,,,PR13_x2,holdout,3,1013,headon,vfield,6a7cd780bb,ok,0,0,0,0,0,0,9.2364,2.4788,2.7258,2.0438,1.555,1,1,,8450,3.6
grid2:halfR,,,PR13_x2,holdout,3,1015,headon,vfield,6a7cd780bb,ok,0,0,0,0,0,0,12.1195,7.5132,2.7258,2.0438,1.555,1,1,,8450,3.55
grid2:halfR,,,PR13_x2,holdout,3,1017,headon,vfield,6a7cd780bb,ok,0,0,0,0,0,0,8.1551,9.3997,2.7258,2.0438,1.555,1,1,,8450,3.56
grid2:halfR,,,PR13_x2,holdout,3,1019,headon,vfield,6a7cd780bb,ok,0,0,0,0,0,0,8.4839,5.069,2.7258,2.0438,1.555,1,1,,8450,3.57
grid2:halfR,,,PR13_x2,holdout,3,1021,headon,vfield,6a7cd780bb,ok,0,0,0,0,0,0,6.4794,5.3716,2.7258,2.0438,1.555,1,1,,8450,3.56
grid2:halfR,,,PR13_x2,holdout,3,1023,headon,vfield,6a7cd780bb,ok,0,0,0,0,0,0,9.9141,5.453,2.7258,2.0438,1.555,1,1,,8450,3.57
grid2:halfR,,,PR13_x2,holdout,3,1025,headon,vfield,6a7cd780bb,ok,0,0,0,0,0,0,9.6081,6.1482,2.7258,2.0438,1.555,1,1,,8450,3.64
grid2:halfR,,,PR13_x2,holdout,3,1027,headon,vfield,6a7cd780bb,ok,0,0,0,0,0,0,5.5206,8.408,2.7258,2.0438,1.555,1,1,,8450,3.59
grid2:halfR,,,PR13_x2,holdout,3,1029,headon,vfield,6a7cd780bb,ok,0,0,0,0,0,0,11.5538,5.9676,2.7258,2.0438,1.555,1,1,,8450,3.53
grid2:halfR,,,PR13_x2,holdout,3,1031,headon,vfield,6a7cd780bb,ok,0,0,0,0,0,0,10.3964,8.3157,2.7258,2.0438,1.555,1,1,,8450,3.52
grid2:halfR,,,PR13_x2,holdout,3,1033,headon,vfield,6a7cd780bb,ok,0,0,0,0,0,0,10.6948,2.3696,2.7258,2.0438,1.555,1,1,,8450,3.6
grid2:halfR,,,PR13_x2,holdout,3,1035,headon,vfield,6a7cd780bb,ok,0,0,0,0,0,0,5.7673,10.2336,2.7258,2.0438,1.555,1,1,,8450,3.57
grid2:halfR,,,PR13_x2,holdout,3,1037,headon,vfield,6a7cd780bb,ok,0,0,0,0,0,0,6.6989,3.7379,2.7258,2.0438,1.555,1,1,,8450,3.58
grid2:halfR,,,PR13_x2,holdout,3,1039,headon,vfield,6a7cd780bb,ok,0,0,0,0,0,0,11.1634,2.9558,2.7258,2.0438,1.555,1,1,,8450,3.54
grid2:halfR,,,PR13_x2,holdout,3,1041,headon,vfield,6a7cd780bb,ok,0,0,0,0,0,0,5.5942,8.8787,2.7258,2.0438,1.555,1,1,,8450,3.51
grid2:halfR,,,PR13_x2,holdout,3,1043,headon,vfield,6a7cd780bb,ok,0,0,0,0,0,0,11.5157,10.9929,2.7258,2.0438,1.555,1,1,,8450,3.57
grid2:halfR,,,PR13_x2,holdout,3,1045,headon,vfield,6a7cd780bb,ok,0,0,0,0,0,0,10.315,7.5583,2.7258,2.0438,1.555,1,1,,8450,3.54
grid2:halfR,,,PR13_x2,holdout,3,1047,headon,vfield,6a7cd780bb,ok,0,0,0,0,0,0,7.4645,5.2712,2.7258,2.0438,1.555,1,1,,8450,3.58
grid2:halfR,,,PR13_x2,holdout,3,1049,headon,vfield,6a7cd780bb,ok,0,0,0,0,0,0,9.3398,5.5104,2.7258,2.0438,1.555,1,1,,8450,3.55
grid2:halfR,,,PR13_x2,holdout,3,1051,headon,vfield,6a7cd780bb,ok,0,0,0,0,0,0,11.3269,5.9053,2.7258,2.0438,1.555,1,1,,8450,3.54
grid2:halfR,,,PR13_x2,holdout,3,1053,headon,vfield,6a7cd780bb,ok,0,0,0,0,0,0,9.3168,8.8679,2.7258,2.0438,1.555,1,1,,8450,3.61
grid2:halfR,,,PR13_x2,holdout,3,1055,headon,vfield,6a7cd780bb,ok,0,0,0,0,0,0,9.9631,6.2165,2.7258,2.0438,1.555,1,1,,8450,3.59
grid2:halfR,,,PR13_x2,holdout,3,1057,headon,vfield,6a7cd780bb,ok,0,0,0,0,0,0,7.253,8.0143,2.7258,2.0438,1.555,1,1,,8450,3.57
grid2:halfR,,,PR13_x2,holdout,3,1059,headon,vfield,6a7cd780bb,ok,0,0,0,0,0,0,8.3604,5.0669,2.7258,2.0438,1.555,1,1,,8450,3.53
grid2:halfR,,,PR16_x1,holdout,3,1001,headon,vfield,5e4a863bb5,ok,0,0,0,0,0,0,13.4296,10.4126,2.7258,2.0438,1.555,1,1,,8450,3.53
grid2:halfR,,,PR16_x1,holdout,3,1003,headon,vfield,5e4a863bb5,ok,0,0,0,0,0,0,13.4124,9.8073,2.7258,2.0438,1.555,1,1,,8450,3.57
grid2:halfR,,,PR16_x1,holdout,3,1005,headon,vfield,5e4a863bb5,ok,0,0,0,0,0,0,9.8931,12.378,2.7258,2.0438,1.555,1,1,,8450,3.56
grid2:halfR,,,PR16_x1,holdout,3,1007,headon,vfield,5e4a863bb5,ok,0,0,0,0,0,0,9.0965,8.6989,2.7258,2.0438,1.555,1,1,,8450,3.53
grid2:halfR,,,PR16_x1,holdout,3,1009,headon,vfield,5e4a863bb5,ok,0,0,0,0,0,0,10.4267,8.4779,2.7258,2.0438,1.555,1,1,,8450,3.56
grid2:halfR,,,PR16_x1,holdout,3,1011,headon,vfield,5e4a863bb5,ok,0,0,0,0,0,0,10.7263,12.7987,2.7258,2.0438,1.555,1,1,,8450,3.57
grid2:halfR,,,PR16_x1,holdout,3,1013,headon,vfield,5e4a863bb5,ok,0,0,0,0,0,0,9.4595,6.7864,2.7258,2.0438,1.555,1,1,,8450,3.57
grid2:halfR,,,PR16_x1,holdout,3,1015,headon,vfield,5e4a863bb5,ok,0,0,0,0,0,0,9.819,11.7189,2.7258,2.0438,1.555,1,1,,8450,3.65
grid2:halfR,,,PR16_x1,holdout,3,1017,headon,vfield,5e4a863bb5,ok,0,0,0,0,0,0,9.1897,3.6986,2.7258,2.0438,1.555,1,1,,8450,3.67
grid2:halfR,,,PR16_x1,holdout,3,1019,headon,vfield,5e4a863bb5,ok,0,0,0,0,0,0,6.9693,5.402,2.7258,2.0438,1.555,1,1,,8450,3.56
grid2:halfR,,,PR16_x1,holdout,3,1021,headon,vfield,5e4a863bb5,ok,0,0,0,0,0,0,6.9328,8.0755,2.7258,2.0438,1.555,1,1,,8450,3.61
grid2:halfR,,,PR16_x1,holdout,3,1023,headon,vfield,5e4a863bb5,ok,0,0,0,0,0,0,9.4411,10.7289,2.7258,2.0438,1.555,1,1,,8450,3.58
grid2:halfR,,,PR16_x1,holdout,3,1025,headon,vfield,5e4a863bb5,ok,0,0,0,0,0,0,9.7257,11.6824,2.7258,2.0438,1.555,1,1,,8450,3.58
grid2:halfR,,,PR16_x1,holdout,3,1027,headon,vfield,5e4a863bb5,ok,0,0,0,0,0,0,13.4581,4.3768,2.7258,2.0438,1.555,1,1,,8450,3.59
grid2:halfR,,,PR16_x1,holdout,3,1029,headon,vfield,5e4a863bb5,ok,0,0,0,0,0,0,9.6245,10.5874,2.7258,2.0438,1.555,1,1,,8450,3.58
grid2:halfR,,,PR16_x1,holdout,3,1031,headon,vfield,5e4a863bb5,ok,0,0,0,0,0,0,9.3378,8.1221,2.7258,2.0438,1.555,1,1,,8450,3.56
grid2:halfR,,,PR16_x1,holdout,3,1033,headon,vfield,5e4a863bb5,ok,0,0,0,0,0,0,10.0687,10.7213,2.7258,2.0438,1.555,1,1,,8450,3.58
grid2:halfR,,,PR16_x1,holdout,3,1035,headon,vfield,5e4a863bb5,ok,0,0,0,0,0,0,9.7174,9.3891,2.7258,2.0438,1.555,1,1,,8450,3.61
grid2:halfR,,,PR16_x1,holdout,3,1037,headon,vfield,5e4a863bb5,ok,0,0,0,0,0,0,10.1336,11.241,2.7258,2.0438,1.555,1,1,,8450,3.55
grid2:halfR,,,PR16_x1,holdout,3,1039,headon,vfield,5e4a863bb5,ok,0,0,0,0,0,0,10.9174,8.4159,2.7258,2.0438,1.555,1,1,,8450,3.59
grid2:halfR,,,PR16_x1,holdout,3,1041,headon,vfield,5e4a863bb5,ok,0,0,0,0,0,0,9.4741,9.3866,2.7258,2.0438,1.555,1,1,,8450,3.54
grid2:halfR,,,PR16_x1,holdout,3,1043,headon,vfield,5e4a863bb5,ok,0,0,0,0,0,0,10.1382,7.114,2.7258,2.0438,1.555,1,1,,8450,3.54
grid2:halfR,,,PR16_x1,holdout,3,1045,headon,vfield,5e4a863bb5,ok,0,0,0,0,0,0,10.5733,8.4996,2.7258,2.0438,1.555,1,1,,8450,3.6
grid2:halfR,,,PR16_x1,holdout,3,1047,headon,vfield,5e4a863bb5,ok,0,0,0,0,0,0,11.5792,9.2168,2.7258,2.0438,1.555,1,1,,8450,3.58
grid2:halfR,,,PR16_x1,holdout,3,1049,headon,vfield,5e4a863bb5,ok,0,0,0,0,0,0,9.3255,12.296,2.7258,2.0438,1.555,1,1,,8450,3.56
grid2:halfR,,,PR16_x1,holdout,3,1051,headon,vfield,5e4a863bb5,ok,0,0,0,0,0,0,9.1234,3.5992,2.7258,2.0438,1.555,1,1,,8450,3.5
grid2:halfR,,,PR16_x1,holdout,3,1053,headon,vfield,5e4a863bb5,ok,0,0,0,0,0,0,9.3585,9.6236,2.7258,2.0438,1.555,1,1,,8450,3.58
grid2:halfR,,,PR16_x1,holdout,3,1055,headon,vfield,5e4a863bb5,ok,0,0,0,0,0,0,7.1712,10.599,2.7258,2.0438,1.555,1,1,,8450,3.6
grid2:halfR,,,PR16_x1,holdout,3,1057,headon,vfield,5e4a863bb5,ok,0,0,0,0,0,0,10.5783,10.3661,2.7258,2.0438,1.555,1,1,,8450,3.56
grid2:halfR,,,PR16_x1,holdout,3,1059,headon,vfield,5e4a863bb5,ok,0,0,0,0,0,0,10.6888,9.9568,2.7258,2.0438,1.555,1,1,,8450,3.53
grid2:halfR,,,PR16_x1.25,holdout,3,1001,headon,vfield,85e5b71814,ok,0,0,0,0,0,0,9.7729,10.7982,2.7258,2.0438,1.555,1,1,,8450,3.54
grid2:halfR,,,PR16_x1.25,holdout,3,1003,headon,vfield,85e5b71814,ok,0,0,0,0,0,0,7.6926,8.5946,2.7258,2.0438,1.555,1,1,,8450,3.6
grid2:halfR,,,PR16_x1.25,holdout,3,1005,headon,vfield,85e5b71814,ok,0,0,0,0,0,0,11.5105,14.0326,2.7258,2.0438,1.555,1,1,,8450,3.56
grid2:halfR,,,PR16_x1.25,holdout,3,1007,headon,vfield,85e5b71814,ok,0,0,0,0,0,0,10.2737,8.354,2.7258,2.0438,1.555,1,1,,8450,3.56
grid2:halfR,,,PR16_x1.25,holdout,3,1009,headon,vfield,85e5b71814,ok,0,0,0,0,0,0,9.6216,8.7344,2.7258,2.0438,1.555,1,1,,8450,3.55
grid2:halfR,,,PR16_x1.25,holdout,3,1011,headon,vfield,85e5b71814,ok,0,0,0,0,0,0,9.7282,10.7627,2.7258,2.0438,1.555,1,1,,8450,3.54
grid2:halfR,,,PR16_x1.25,holdout,3,1013,headon,vfield,85e5b71814,ok,0,0,0,0,0,0,9.495,8.3916,2.7258,2.0438,1.555,1,1,,8450,3.54
grid2:halfR,,,PR16_x1.25,holdout,3,1015,headon,vfield,85e5b71814,ok,0,0,0,0,0,0,9.0265,7.6042,2.7258,2.0438,1.555,1,1,,8450,3.64
grid2:halfR,,,PR16_x1.25,holdout,3,1017,headon,vfield,85e5b71814,ok,0,0,0,0,0,0,12.4516,10.8262,2.7258,2.0438,1.555,1,1,,8450,3.54
grid2:halfR,,,PR16_x1.25,holdout,3,1019,headon,vfield,85e5b71814,ok,0,0,0,0,0,0,12.1424,9.017,2.7258,2.0438,1.555,1,1,,8450,3.57
grid2:halfR,,,PR16_x1.25,holdout,3,1021,headon,vfield,85e5b71814,ok,0,0,0,0,0,0,9.7276,11.0263,2.7258,2.0438,1.555,1,1,,8450,3.67
grid2:halfR,,,PR16_x1.25,holdout,3,1023,headon,vfield,85e5b71814,ok,0,0,0,0,0,0,11.4306,7.7424,2.7258,2.0438,1.555,1,1,,8450,3.57
grid2:halfR,,,PR16_x1.25,holdout,3,1025,headon,vfield,85e5b71814,ok,0,0,0,0,0,0,7.7906,10.4461,2.7258,2.0438,1.555,1,1,,8450,3.59
grid2:halfR,,,PR16_x1.25,holdout,3,1027,headon,vfield,85e5b71814,ok,0,0,0,0,0,0,6.6796,9.0785,2.7258,2.0438,1.555,1,1,,8450,3.56
grid2:halfR,,,PR16_x1.25,holdout,3,1029,headon,vfield,85e5b71814,ok,0,0,0,0,0,0,9.6739,8.6561,2.7258,2.0438,1.555,1,1,,8450,3.59
grid2:halfR,,,PR16_x1.25,holdout,3,1031,headon,vfield,85e5b71814,ok,0,0,0,0,0,0,8.6869,8.189,2.7258,2.0438,1.555,1,1,,8450,3.52
grid2:halfR,,,PR16_x1.25,holdout,3,1033,headon,vfield,85e5b71814,ok,0,0,0,0,0,0,10.2084,10.041,2.7258,2.0438,1.555,1,1,,8450,3.55
grid2:halfR,,,PR16_x1.25,holdout,3,1035,headon,vfield,85e5b71814,ok,0,0,0,0,0,0,10.6444,10.086,2.7258,2.0438,1.555,1,1,,8450,3.59
grid2:halfR,,,PR16_x1.25,holdout,3,1037,headon,vfield,85e5b71814,ok,0,0,0,0,0,0,14.011,7.9451,2.7258,2.0438,1.555,1,1,,8450,3.55
grid2:halfR,,,PR16_x1.25,holdout,3,1039,headon,vfield,85e5b71814,ok,0,0,0,0,0,0,9.9583,8.6406,2.7258,2.0438,1.555,1,1,,8450,3.58
grid2:halfR,,,PR16_x1.25,holdout,3,1041,headon,vfield,85e5b71814,ok,0,0,0,0,0,0,8.0234,10.0598,2.7258,2.0438,1.555,1,1,,8450,3.56
grid2:halfR,,,PR16_x1.25,holdout,3,1043,headon,vfield,85e5b71814,ok,0,0,0,0,0,0,8.415,7.5269,2.7258,2.0438,1.555,1,1,,8450,3.54
grid2:halfR,,,PR16_x1.25,holdout,3,1045,headon,vfield,85e5b71814,ok,0,0,0,0,0,0,8.9913,8.2597,2.7258,2.0438,1.555,1,1,,8450,3.57
grid2:halfR,,,PR16_x1.25,holdout,3,1047,headon,vfield,85e5b71814,ok,0,0,0,0,0,0,10.0337,11.977,2.7258,2.0438,1.555,1,1,,8450,3.58
grid2:halfR,,,PR16_x1.25,holdout,3,1049,headon,vfield,85e5b71814,ok,0,0,0,0,0,0,10.3237,9.6822,2.7258,2.0438,1.555,1,1,,8450,3.51
grid2:halfR,,,PR16_x1.25,holdout,3,1051,headon,vfield,85e5b71814,ok,0,0,0,0,0,0,7.9423,7.9163,2.7258,2.0438,1.555,1,1,,8450,3.54
grid2:halfR,,,PR16_x1.25,holdout,3,1053,headon,vfield,85e5b71814,ok,0,0,0,0,0,0,8.5237,9.2243,2.7258,2.0438,1.555,1,1,,8450,3.57
grid2:halfR,,,PR16_x1.25,holdout,3,1055,headon,vfield,85e5b71814,ok,0,0,0,0,0,0,8.2502,5.2429,2.7258,2.0438,1.555,1,1,,8450,3.59
grid2:halfR,,,PR16_x1.25,holdout,3,1057,headon,vfield,85e5b71814,ok,0,0,0,0,0,0,7.8907,9.1156,2.7258,2.0438,1.555,1,1,,8450,3.57
grid2:halfR,,,PR16_x1.25,holdout,3,1059,headon,vfield,85e5b71814,ok,0,0,0,0,0,0,10.4405,9.9192,2.7258,2.0438,1.555,1,1,,8450,3.57
grid2:halfR,,,PR16_x1.5,holdout,3,1001,headon,vfield,2c1ab714da,ok,0,0,0,0,0,0,10.4807,6.8428,2.7258,2.0438,1.555,1,1,,8450,3.57
grid2:halfR,,,PR16_x1.5,holdout,3,1003,headon,vfield,2c1ab714da,ok,0,0,0,0,0,0,11.6984,8.1617,2.7258,2.0438,1.555,1,1,,8450,3.57
grid2:halfR,,,PR16_x1.5,holdout,3,1005,headon,vfield,2c1ab714da,ok,0,0,0,0,0,0,8.3098,8.3501,2.7258,2.0438,1.555,1,1,,8450,3.57
grid2:halfR,,,PR16_x1.5,holdout,3,1007,headon,vfield,2c1ab714da,ok,0,0,0,0,0,0,9.301,9.1113,2.7258,2.0438,1.555,1,1,,8450,3.57
grid2:halfR,,,PR16_x1.5,holdout,3,1009,headon,vfield,2c1ab714da,ok,0,0,0,0,0,0,9.0679,8.789,2.7258,2.0438,1.555,1,1,,8450,3.55
grid2:halfR,,,PR16_x1.5,holdout,3,1011,headon,vfield,2c1ab714da,ok,0,0,0,0,0,0,12.7596,8.9784,2.7258,2.0438,1.555,1,1,,8450,3.55
grid2:halfR,,,PR16_x1.5,holdout,3,1013,headon,vfield,2c1ab714da,ok,0,0,0,0,0,0,9.2846,9.191,2.7258,2.0438,1.555,1,1,,8450,3.61
grid2:halfR,,,PR16_x1.5,holdout,3,1015,headon,vfield,2c1ab714da,ok,0,0,0,0,0,0,8.428,8.2617,2.7258,2.0438,1.555,1,1,,8450,3.59
grid2:halfR,,,PR16_x1.5,holdout,3,1017,headon,vfield,2c1ab714da,ok,0,0,0,0,0,0,8.9209,10.1191,2.7258,2.0438,1.555,1,1,,8450,3.58
grid2:halfR,,,PR16_x1.5,holdout,3,1019,headon,vfield,2c1ab714da,ok,0,0,0,0,0,0,11.1655,9.4152,2.7258,2.0438,1.555,1,1,,8450,3.52
grid2:halfR,,,PR16_x1.5,holdout,3,1021,headon,vfield,2c1ab714da,ok,0,0,0,0,0,0,9.3689,10.0027,2.7258,2.0438,1.555,1,1,,8450,3.58
grid2:halfR,,,PR16_x1.5,holdout,3,1023,headon,vfield,2c1ab714da,ok,0,0,0,0,0,0,10.8294,9.4659,2.7258,2.0438,1.555,1,1,,8450,3.57
grid2:halfR,,,PR16_x1.5,holdout,3,1025,headon,vfield,2c1ab714da,ok,0,0,0,0,0,0,12.055,11.9303,2.7258,2.0438,1.555,1,1,,8450,3.56
grid2:halfR,,,PR16_x1.5,holdout,3,1027,headon,vfield,2c1ab714da,ok,0,0,0,0,0,0,8.2522,9.7744,2.7258,2.0438,1.555,1,1,,8450,3.59
grid2:halfR,,,PR16_x1.5,holdout,3,1029,headon,vfield,2c1ab714da,ok,0,0,0,0,0,0,12.6203,11.0089,2.7258,2.0438,1.555,1,1,,8450,3.54
grid2:halfR,,,PR16_x1.5,holdout,3,1031,headon,vfield,2c1ab714da,ok,0,0,0,0,0,0,11.0338,8.27,2.7258,2.0438,1.555,1,1,,8450,3.57
grid2:halfR,,,PR16_x1.5,holdout,3,1033,headon,vfield,2c1ab714da,ok,0,0,0,0,0,0,5.1679,9.4991,2.7258,2.0438,1.555,1,1,,8450,3.56
grid2:halfR,,,PR16_x1.5,holdout,3,1035,headon,vfield,2c1ab714da,ok,0,0,0,0,0,0,9.276,10.8772,2.7258,2.0438,1.555,1,1,,8450,3.54
grid2:halfR,,,PR16_x1.5,holdout,3,1037,headon,vfield,2c1ab714da,ok,0,0,0,0,0,0,8.813,9.8278,2.7258,2.0438,1.555,1,1,,8450,3.62
grid2:halfR,,,PR16_x1.5,holdout,3,1039,headon,vfield,2c1ab714da,ok,0,0,0,0,0,0,10.2701,8.9074,2.7258,2.0438,1.555,1,1,,8450,3.53
grid2:halfR,,,PR16_x1.5,holdout,3,1041,headon,vfield,2c1ab714da,ok,0,0,0,0,0,0,7.5393,12.5284,2.7258,2.0438,1.555,1,1,,8450,3.52
grid2:halfR,,,PR16_x1.5,holdout,3,1043,headon,vfield,2c1ab714da,ok,0,0,0,0,0,0,8.5086,8.105,2.7258,2.0438,1.555,1,1,,8450,3.58
grid2:halfR,,,PR16_x1.5,holdout,3,1045,headon,vfield,2c1ab714da,ok,0,0,0,0,0,0,10.5024,9.0834,2.7258,2.0438,1.555,1,1,,8450,3.6
grid2:halfR,,,PR16_x1.5,holdout,3,1047,headon,vfield,2c1ab714da,ok,0,0,0,0,0,0,11.51,10.3505,2.7258,2.0438,1.555,1,1,,8450,3.59
grid2:halfR,,,PR16_x1.5,holdout,3,1049,headon,vfield,2c1ab714da,ok,0,0,0,0,0,0,9.2836,4.9897,2.7258,2.0438,1.555,1,1,,8450,3.51
grid2:halfR,,,PR16_x1.5,holdout,3,1051,headon,vfield,2c1ab714da,ok,0,0,0,0,0,0,13.0836,8.8691,2.7258,2.0438,1.555,1,1,,8450,3.57
grid2:halfR,,,PR16_x1.5,holdout,3,1053,headon,vfield,2c1ab714da,ok,0,0,0,0,0,0,13.6672,10.2196,2.7258,2.0438,1.555,1,1,,8450,3.57
grid2:halfR,,,PR16_x1.5,holdout,3,1055,headon,vfield,2c1ab714da,ok,0,0,0,0,0,0,12.6396,8.1248,2.7258,2.0438,1.555,1,1,,8450,3.59
grid2:halfR,,,PR16_x1.5,holdout,3,1057,headon,vfield,2c1ab714da,ok,0,0,0,0,0,0,10.5986,6.9868,2.7258,2.0438,1.555,1,1,,8450,3.59
grid2:halfR,,,PR16_x1.5,holdout,3,1059,headon,vfield,2c1ab714da,ok,0,0,0,0,0,0,10.9571,9.2851,2.7258,2.0438,1.555,1,1,,8450,3.54
grid2:halfR,,,PR16_x2,holdout,3,1001,headon,vfield,1e7cde353d,ok,0,0,0,0,0,0,11.7188,8.1118,2.7258,2.0438,1.555,1,1,,8450,3.56
grid2:halfR,,,PR16_x2,holdout,3,1003,headon,vfield,1e7cde353d,ok,1,0,1,0,0,0,7.6983,0.4533,2.7258,2.0438,1.555,1,1,13.34,8450,3.59
grid2:halfR,,,PR16_x2,holdout,3,1005,headon,vfield,1e7cde353d,ok,0,0,0,0,0,0,11.135,7.6109,2.7258,2.0438,1.555,1,1,,8450,3.54
grid2:halfR,,,PR16_x2,holdout,3,1007,headon,vfield,1e7cde353d,ok,0,0,0,0,0,0,9.8455,8.9875,2.7258,2.0438,1.555,1,1,,8450,3.57
grid2:halfR,,,PR16_x2,holdout,3,1009,headon,vfield,1e7cde353d,ok,0,0,0,0,0,0,12.0597,8.8404,2.7258,2.0438,1.555,1,1,,8450,3.51
grid2:halfR,,,PR16_x2,holdout,3,1011,headon,vfield,1e7cde353d,ok,0,0,0,0,0,0,15.3203,11.2459,2.7258,2.0438,1.555,1,1,,8450,3.58
grid2:halfR,,,PR16_x2,holdout,3,1013,headon,vfield,1e7cde353d,ok,0,0,0,0,0,0,7.7132,8.5923,2.7258,2.0438,1.555,1,1,,8450,3.6
grid2:halfR,,,PR16_x2,holdout,3,1015,headon,vfield,1e7cde353d,ok,0,0,0,0,0,0,12.2785,10.3932,2.7258,2.0438,1.555,1,1,,8450,3.54
grid2:halfR,,,PR16_x2,holdout,3,1017,headon,vfield,1e7cde353d,ok,0,0,0,0,0,0,10.3189,9.0144,2.7258,2.0438,1.555,1,1,,8450,3.57
grid2:halfR,,,PR16_x2,holdout,3,1019,headon,vfield,1e7cde353d,ok,0,0,0,0,0,0,12.1489,7.0156,2.7258,2.0438,1.555,1,1,,8450,3.57
grid2:halfR,,,PR16_x2,holdout,3,1021,headon,vfield,1e7cde353d,ok,0,0,0,0,0,0,11.4615,9.5508,2.7258,2.0438,1.555,1,1,,8450,3.53
grid2:halfR,,,PR16_x2,holdout,3,1023,headon,vfield,1e7cde353d,ok,0,0,0,0,0,0,8.7038,9.7603,2.7258,2.0438,1.555,1,1,,8450,3.55
grid2:halfR,,,PR16_x2,holdout,3,1025,headon,vfield,1e7cde353d,ok,0,0,0,0,0,0,9.3986,9.6547,2.7258,2.0438,1.555,1,1,,8450,3.62
grid2:halfR,,,PR16_x2,holdout,3,1027,headon,vfield,1e7cde353d,ok,0,0,0,0,0,0,9.7738,12.7867,2.7258,2.0438,1.555,1,1,,8450,3.56
grid2:halfR,,,PR16_x2,holdout,3,1029,headon,vfield,1e7cde353d,ok,0,0,0,0,0,0,9.6355,13.756,2.7258,2.0438,1.555,1,1,,8450,3.5
grid2:halfR,,,PR16_x2,holdout,3,1031,headon,vfield,1e7cde353d,ok,0,0,0,0,0,0,11.8909,8.4728,2.7258,2.0438,1.555,1,1,,8450,3.55
grid2:halfR,,,PR16_x2,holdout,3,1033,headon,vfield,1e7cde353d,ok,0,0,0,0,0,0,12.7824,9.3005,2.7258,2.0438,1.555,1,1,,8450,3.58
grid2:halfR,,,PR16_x2,holdout,3,1035,headon,vfield,1e7cde353d,ok,0,0,0,0,0,0,9.2786,12.6702,2.7258,2.0438,1.555,1,1,,8450,3.55
grid2:halfR,,,PR16_x2,holdout,3,1037,headon,vfield,1e7cde353d,ok,0,0,0,0,0,0,8.8016,5.0983,2.7258,2.0438,1.555,1,1,,8450,3.56
grid2:halfR,,,PR16_x2,holdout,3,1039,headon,vfield,1e7cde353d,ok,0,0,0,0,0,0,12.7051,9.5531,2.7258,2.0438,1.555,1,1,,8450,3.53
grid2:halfR,,,PR16_x2,holdout,3,1041,headon,vfield,1e7cde353d,ok,0,0,0,0,0,0,14.0276,5.5988,2.7258,2.0438,1.555,1,1,,8450,3.55
grid2:halfR,,,PR16_x2,holdout,3,1043,headon,vfield,1e7cde353d,ok,0,0,0,0,0,0,11.5214,8.0683,2.7258,2.0438,1.555,1,1,,8450,3.59
grid2:halfR,,,PR16_x2,holdout,3,1045,headon,vfield,1e7cde353d,ok,0,0,0,0,0,0,8.9736,7.0074,2.7258,2.0438,1.555,1,1,,8450,3.56
grid2:halfR,,,PR16_x2,holdout,3,1047,headon,vfield,1e7cde353d,ok,0,0,0,0,0,0,12.1512,10.1532,2.7258,2.0438,1.555,1,1,,8450,3.55
grid2:halfR,,,PR16_x2,holdout,3,1049,headon,vfield,1e7cde353d,ok,0,0,0,0,0,0,10.7456,10.1877,2.7258,2.0438,1.555,1,1,,8450,3.56
grid2:halfR,,,PR16_x2,holdout,3,1051,headon,vfield,1e7cde353d,ok,0,0,0,0,0,0,14.802,10.0997,2.7258,2.0438,1.555,1,1,,8450,3.55
grid2:halfR,,,PR16_x2,holdout,3,1053,headon,vfield,1e7cde353d,ok,0,0,0,0,0,0,12.4523,10.7928,2.7258,2.0438,1.555,1,1,,8450,3.59
grid2:halfR,,,PR16_x2,holdout,3,1055,headon,vfield,1e7cde353d,ok,0,0,0,0,0,0,11.2438,9.1194,2.7258,2.0438,1.555,1,1,,8450,3.58
grid2:halfR,,,PR16_x2,holdout,3,1057,headon,vfield,1e7cde353d,ok,0,0,0,0,0,0,12.537,12.2079,2.7258,2.0438,1.555,1,1,,8450,3.6
grid2:halfR,,,PR16_x2,holdout,3,1059,headon,vfield,1e7cde353d,ok,0,0,0,0,0,0,10.3087,10.5016,2.7258,2.0438,1.555,1,1,,8450,3.57
grid2:halfR,,,PR20_x1,holdout,3,1001,headon,vfield,f2c41bc4be,ok,0,0,0,0,0,0,12.8691,14.16,2.7258,2.0438,1.555,1,1,,8450,3.54
grid2:halfR,,,PR20_x1,holdout,3,1003,headon,vfield,f2c41bc4be,ok,0,0,0,0,0,0,14.8617,7.798,2.7258,2.0438,1.555,1,1,,8450,3.59
grid2:halfR,,,PR20_x1,holdout,3,1005,headon,vfield,f2c41bc4be,ok,0,0,0,0,0,0,15.3751,16.6699,2.7258,2.0438,1.555,1,1,,8450,3.59
grid2:halfR,,,PR20_x1,holdout,3,1007,headon,vfield,f2c41bc4be,ok,0,0,0,0,0,0,14.7171,9.0675,2.7258,2.0438,1.555,1,1,,8450,3.56
grid2:halfR,,,PR20_x1,holdout,3,1009,headon,vfield,f2c41bc4be,ok,0,0,0,0,0,0,13.2666,8.7344,2.7258,2.0438,1.555,1,1,,8450,3.58
grid2:halfR,,,PR20_x1,holdout,3,1011,headon,vfield,f2c41bc4be,ok,0,0,0,0,0,0,15.6484,13.0174,2.7258,2.0438,1.555,1,1,,8450,3.55
grid2:halfR,,,PR20_x1,holdout,3,1013,headon,vfield,f2c41bc4be,ok,0,0,0,0,0,0,12.4425,12.03,2.7258,2.0438,1.555,1,1,,8450,3.57
grid2:halfR,,,PR20_x1,holdout,3,1015,headon,vfield,f2c41bc4be,ok,0,0,0,0,0,0,13.0435,18.7538,2.7258,2.0438,1.555,1,1,,8450,3.56
grid2:halfR,,,PR20_x1,holdout,3,1017,headon,vfield,f2c41bc4be,ok,0,0,0,0,0,0,11.2553,12.2142,2.7258,2.0438,1.555,1,1,,8450,3.55
grid2:halfR,,,PR20_x1,holdout,3,1019,headon,vfield,f2c41bc4be,ok,0,0,0,0,0,0,12.0089,9.017,2.7258,2.0438,1.555,1,1,,8450,3.62
grid2:halfR,,,PR20_x1,holdout,3,1021,headon,vfield,f2c41bc4be,ok,0,0,0,0,0,0,10.5537,14.0164,2.7258,2.0438,1.555,1,1,,8450,3.58
grid2:halfR,,,PR20_x1,holdout,3,1023,headon,vfield,f2c41bc4be,ok,0,0,0,0,0,0,11.8517,13.5311,2.7258,2.0438,1.555,1,1,,8450,3.59
grid2:halfR,,,PR20_x1,holdout,3,1025,headon,vfield,f2c41bc4be,ok,0,0,0,0,0,0,12.1431,13.905,2.7258,2.0438,1.555,1,1,,8450,3.59
grid2:halfR,,,PR20_x1,holdout,3,1027,headon,vfield,f2c41bc4be,ok,0,0,0,0,0,0,11.7295,11.5807,2.7258,2.0438,1.555,1,1,,8450,3.56
grid2:halfR,,,PR20_x1,holdout,3,1029,headon,vfield,f2c41bc4be,ok,0,0,0,0,0,0,13.0517,13.6469,2.7258,2.0438,1.555,1,1,,8450,3.51
grid2:halfR,,,PR20_x1,holdout,3,1031,headon,vfield,f2c41bc4be,ok,0,0,0,0,0,0,12.7837,8.189,2.7258,2.0438,1.555,1,1,,8450,3.54
grid2:halfR,,,PR20_x1,holdout,3,1033,headon,vfield,f2c41bc4be,ok,0,0,0,0,0,0,13.221,15.842,2.7258,2.0438,1.555,1,1,,8450,3.59
grid2:halfR,,,PR20_x1,holdout,3,1035,headon,vfield,f2c41bc4be,ok,0,0,0,0,0,0,11.7566,10.086,2.7258,2.0438,1.555,1,1,,8450,3.59
grid2:halfR,,,PR20_x1,holdout,3,1037,headon,vfield,f2c41bc4be,ok,0,0,0,0,0,0,11.8196,15.5319,2.7258,2.0438,1.555,1,1,,8450,3.57
grid2:halfR,,,PR20_x1,holdout,3,1039,headon,vfield,f2c41bc4be,ok,0,0,0,0,0,0,12.2182,8.6406,2.7258,2.0438,1.555,1,1,,8450,3.55
grid2:halfR,,,PR20_x1,holdout,3,1041,headon,vfield,f2c41bc4be,ok,0,0,0,0,0,0,11.4156,10.6043,2.7258,2.0438,1.555,1,1,,8450,3.55
grid2:halfR,,,PR20_x1,holdout,3,1043,headon,vfield,f2c41bc4be,ok,0,0,0,0,0,0,14.7785,10.3461,2.7258,2.0438,1.555,1,1,,8450,3.57
grid2:halfR,,,PR20_x1,holdout,3,1045,headon,vfield,f2c41bc4be,ok,0,0,0,0,0,0,13.5367,8.7671,2.7258,2.0438,1.555,1,1,,8450,3.58
grid2:halfR,,,PR20_x1,holdout,3,1047,headon,vfield,f2c41bc4be,ok,0,0,0,0,0,0,14.4298,15.1026,2.7258,2.0438,1.555,1,1,,8450,3.74
grid2:halfR,,,PR20_x1,holdout,3,1049,headon,vfield,f2c41bc4be,ok,0,0,0,0,0,0,12.8427,10.2452,2.7258,2.0438,1.555,1,1,,8450,3.56
grid2:halfR,,,PR20_x1,holdout,3,1051,headon,vfield,f2c41bc4be,ok,0,0,0,0,0,0,12.0166,12.6362,2.7258,2.0438,1.555,1,1,,8450,3.57
grid2:halfR,,,PR20_x1,holdout,3,1053,headon,vfield,f2c41bc4be,ok,0,0,0,0,0,0,12.5812,13.358,2.7258,2.0438,1.555,1,1,,8450,3.58
grid2:halfR,,,PR20_x1,holdout,3,1055,headon,vfield,f2c41bc4be,ok,0,0,0,0,0,0,13.1054,12.0245,2.7258,2.0438,1.555,1,1,,8450,3.56
grid2:halfR,,,PR20_x1,holdout,3,1057,headon,vfield,f2c41bc4be,ok,0,0,0,0,0,0,11.3059,11.484,2.7258,2.0438,1.555,1,1,,8450,3.52
grid2:halfR,,,PR20_x1,holdout,3,1059,headon,vfield,f2c41bc4be,ok,0,0,0,0,0,0,13.7471,10.0571,2.7258,2.0438,1.555,1,1,,8450,3.56
grid2:halfR,,,PR20_x1.25,holdout,3,1001,headon,vfield,cc6ff1ecca,ok,0,0,0,0,0,0,12.9729,10.5251,2.7258,2.0438,1.555,1,1,,8450,3.56
grid2:halfR,,,PR20_x1.25,holdout,3,1003,headon,vfield,cc6ff1ecca,ok,0,0,0,0,0,0,12.5285,11.9383,2.7258,2.0438,1.555,1,1,,8450,3.56
grid2:halfR,,,PR20_x1.25,holdout,3,1005,headon,vfield,cc6ff1ecca,ok,0,0,0,0,0,0,15.164,12.6544,2.7258,2.0438,1.555,1,1,,8450,3.58
grid2:halfR,,,PR20_x1.25,holdout,3,1007,headon,vfield,cc6ff1ecca,ok,0,0,0,0,0,0,13.5114,9.6152,2.7258,2.0438,1.555,1,1,,8450,3.58
grid2:halfR,,,PR20_x1.25,holdout,3,1009,headon,vfield,cc6ff1ecca,ok,0,0,0,0,0,0,12.2844,9.1208,2.7258,2.0438,1.555,1,1,,8450,3.52
grid2:halfR,,,PR20_x1.25,holdout,3,1011,headon,vfield,cc6ff1ecca,ok,0,0,0,0,0,0,18.3038,6.6873,2.7258,2.0438,1.555,1,1,,8450,3.57
grid2:halfR,,,PR20_x1.25,holdout,3,1013,headon,vfield,cc6ff1ecca,ok,0,0,0,0,0,0,13.9491,7.5753,2.7258,2.0438,1.555,1,1,,8450,3.55
grid2:halfR,,,PR20_x1.25,holdout,3,1015,headon,vfield,cc6ff1ecca,ok,0,0,0,0,0,0,17.9534,17.0193,2.7258,2.0438,1.555,1,1,,8450,3.56
grid2:halfR,,,PR20_x1.25,holdout,3,1017,headon,vfield,cc6ff1ecca,ok,0,0,0,0,0,0,12.8622,1.0382,2.7258,2.0438,1.555,1,1,,8450,3.58
grid2:halfR,,,PR20_x1.25,holdout,3,1019,headon,vfield,cc6ff1ecca,ok,0,0,0,0,0,0,14.4799,9.5409,2.7258,2.0438,1.555,1,1,,8450,3.52
grid2:halfR,,,PR20_x1.25,holdout,3,1021,headon,vfield,cc6ff1ecca,ok,0,0,0,0,0,0,12.2317,16.1645,2.7258,2.0438,1.555,1,1,,8450,3.55
grid2:halfR,,,PR20_x1.25,holdout,3,1023,headon,vfield,cc6ff1ecca,ok,0,0,0,0,0,0,15.1364,13.2852,2.7258,2.0438,1.555,1,1,,8450,3.58
grid2:halfR,,,PR20_x1.25,holdout,3,1025,headon,vfield,cc6ff1ecca,ok,0,0,0,0,0,0,12.1689,16.2939,2.7258,2.0438,1.555,1,1,,8450,3.56
grid2:halfR,,,PR20_x1.25,holdout,3,1027,headon,vfield,cc6ff1ecca,ok,0,0,0,0,0,0,11.5918,15.4603,2.7258,2.0438,1.555,1,1,,8450,3.56
grid2:halfR,,,PR20_x1.25,holdout,3,1029,headon,vfield,cc6ff1ecca,ok,0,0,0,0,0,0,14.6127,15.9679,2.7258,2.0438,1.555,1,1,,8450,3.52
grid2:halfR,,,PR20_x1.25,holdout,3,1031,headon,vfield,cc6ff1ecca,ok,0,0,0,0,0,0,13.5708,8.2924,2.7258,2.0438,1.555,1,1,,8450,3.57
grid2:halfR,,,PR20_x1.25,holdout,3,1033,headon,vfield,cc6ff1ecca,ok,0,0,0,0,0,0,13.6463,12.8603,2.7258,2.0438,1.555,1,1,,8450,3.57
grid2:halfR,,,PR20_x1.25,holdout,3,1035,headon,vfield,cc6ff1ecca,ok,0,0,0,0,0,0,13.3972,11.0874,2.7258,2.0438,1.555,1,1,,8450,3.57
grid2:halfR,,,PR20_x1.25,holdout,3,1037,headon,vfield,cc6ff1ecca,ok,0,0,0,0,0,0,12.8715,14.1223,2.7258,2.0438,1.555,1,1,,8450,3.55
grid2:halfR,,,PR20_x1.25,holdout,3,1039,headon,vfield,cc6ff1ecca,ok,0,0,0,0,0,0,11.6426,8.9803,2.7258,2.0438,1.555,1,1,,8450,3.54
grid2:halfR,,,PR20_x1.25,holdout,3,1041,headon,vfield,cc6ff1ecca,ok,0,0,0,0,0,0,15.5174,12.84,2.7258,2.0438,1.555,1,1,,8450,3.56
grid2:halfR,,,PR20_x1.25,holdout,3,1043,headon,vfield,cc6ff1ecca,ok,0,0,0,0,0,0,14.3266,13.8419,2.7258,2.0438,1.555,1,1,,8450,3.55
grid2:halfR,,,PR20_x1.25,holdout,3,1045,headon,vfield,cc6ff1ecca,ok,0,0,0,0,0,0,11.4134,5.9659,2.7258,2.0438,1.555,1,1,,8450,3.53
grid2:halfR,,,PR20_x1.25,holdout,3,1047,headon,vfield,cc6ff1ecca,ok,0,0,0,0,0,0,9.6356,12.3646,2.7258,2.0438,1.555,1,1,,8450,3.59
grid2:halfR,,,PR20_x1.25,holdout,3,1049,headon,vfield,cc6ff1ecca,ok,0,0,0,0,0,0,11.479,4.9339,2.7258,2.0438,1.555,1,1,,8450,3.5
grid2:halfR,,,PR20_x1.25,holdout,3,1051,headon,vfield,cc6ff1ecca,ok,0,0,0,0,0,0,16.4787,13.5729,2.7258,2.0438,1.555,1,1,,8450,3.58
grid2:halfR,,,PR20_x1.25,holdout,3,1053,headon,vfield,cc6ff1ecca,ok,0,0,0,0,0,0,12.7341,14.1635,2.7258,2.0438,1.555,1,1,,8450,3.56
grid2:halfR,,,PR20_x1.25,holdout,3,1055,headon,vfield,cc6ff1ecca,ok,0,0,0,0,0,0,12.897,7.307,2.7258,2.0438,1.555,1,1,,8450,3.56
grid2:halfR,,,PR20_x1.25,holdout,3,1057,headon,vfield,cc6ff1ecca,ok,0,0,0,0,0,0,13.388,13.0403,2.7258,2.0438,1.555,1,1,,8450,3.55
grid2:halfR,,,PR20_x1.25,holdout,3,1059,headon,vfield,cc6ff1ecca,ok,0,0,0,0,0,0,14.303,5.2374,2.7258,2.0438,1.555,1,1,,8450,3.51
grid2:halfR,,,PR20_x1.5,holdout,3,1001,headon,vfield,c4e692f4c6,ok,0,0,0,0,0,0,11.6035,14.2735,2.7258,2.0438,1.555,1,1,,8450,3.54
grid2:halfR,,,PR20_x1.5,holdout,3,1003,headon,vfield,c4e692f4c6,ok,0,0,0,0,0,0,11.1624,13.3063,2.7258,2.0438,1.555,1,1,,8450,3.57
grid2:halfR,,,PR20_x1.5,holdout,3,1005,headon,vfield,c4e692f4c6,ok,0,0,0,0,0,0,13.0707,7.0605,2.7258,2.0438,1.555,1,1,,8450,3.57
grid2:halfR,,,PR20_x1.5,holdout,3,1007,headon,vfield,c4e692f4c6,ok,0,0,0,0,0,0,10.0601,10.2449,2.7258,2.0438,1.555,1,1,,8450,3.58
grid2:halfR,,,PR20_x1.5,holdout,3,1009,headon,vfield,c4e692f4c6,ok,0,0,0,0,0,0,16.1286,6.8094,2.7258,2.0438,1.555,1,1,,8450,3.53
grid2:halfR,,,PR20_x1.5,holdout,3,1011,headon,vfield,c4e692f4c6,ok,0,0,0,0,0,0,14.7223,14.7136,2.7258,2.0438,1.555,1,1,,8450,3.58
grid2:halfR,,,PR20_x1.5,holdout,3,1013,headon,vfield,c4e692f4c6,ok,0,0,0,0,0,0,14.9588,6.3178,2.7258,2.0438,1.555,1,1,,8450,3.55
grid2:halfR,,,PR20_x1.5,holdout,3,1015,headon,vfield,c4e692f4c6,ok,0,0,0,0,0,0,13.5859,16.0982,2.7258,2.0438,1.555,1,1,,8450,3.59
grid2:halfR,,,PR20_x1.5,holdout,3,1017,headon,vfield,c4e692f4c6,ok,0,0,0,0,0,0,11.2621,15.1995,2.7258,2.0438,1.555,1,1,,8450,3.54
grid2:halfR,,,PR20_x1.5,holdout,3,1019,headon,vfield,c4e692f4c6,ok,0,0,0,0,0,0,13.7039,10.1445,2.7258,2.0438,1.555,1,1,,8450,3.58
grid2:halfR,,,PR20_x1.5,holdout,3,1021,headon,vfield,c4e692f4c6,ok,0,0,0,0,0,0,11.9873,9.2558,2.7258,2.0438,1.555,1,1,,8450,3.54
grid2:halfR,,,PR20_x1.5,holdout,3,1023,headon,vfield,c4e692f4c6,ok,0,0,0,0,0,0,13.7822,14.893,2.7258,2.0438,1.555,1,1,,8450,3.57
grid2:halfR,,,PR20_x1.5,holdout,3,1025,headon,vfield,c4e692f4c6,ok,0,0,0,0,0,0,14.485,13.0209,2.7258,2.0438,1.555,1,1,,8450,3.59
grid2:halfR,,,PR20_x1.5,holdout,3,1027,headon,vfield,c4e692f4c6,ok,0,0,0,0,0,0,10.906,12.9347,2.7258,2.0438,1.555,1,1,,8450,3.56
grid2:halfR,,,PR20_x1.5,holdout,3,1029,headon,vfield,c4e692f4c6,ok,0,0,0,0,0,0,13.0747,13.8775,2.7258,2.0438,1.555,1,1,,8450,3.56
grid2:halfR,,,PR20_x1.5,holdout,3,1031,headon,vfield,c4e692f4c6,ok,0,0,0,0,0,0,13.7234,7.5369,2.7258,2.0438,1.555,1,1,,8450,3.56
grid2:halfR,,,PR20_x1.5,holdout,3,1033,headon,vfield,c4e692f4c6,ok,0,0,0,0,0,0,12.8053,12.1943,2.7258,2.0438,1.555,1,1,,8450,3.56
grid2:halfR,,,PR20_x1.5,holdout,3,1035,headon,vfield,c4e692f4c6,ok,0,0,0,0,0,0,13.29,9.2775,2.7258,2.0438,1.555,1,1,,8450,3.56
grid2:halfR,,,PR20_x1.5,holdout,3,1037,headon,vfield,c4e692f4c6,ok,0,0,0,0,0,0,13.2294,12.6018,2.7258,2.0438,1.555,1,1,,8450,3.6
grid2:halfR,,,PR20_x1.5,holdout,3,1039,headon,vfield,c4e692f4c6,ok,0,0,0,0,0,0,13.0675,9.3788,2.7258,2.0438,1.555,1,1,,8450,3.59
grid2:halfR,,,PR20_x1.5,holdout,3,1041,headon,vfield,c4e692f4c6,ok,0,0,0,0,0,0,12.0768,11.6253,2.7258,2.0438,1.555,1,1,,8450,3.57
grid2:halfR,,,PR20_x1.5,holdout,3,1043,headon,vfield,c4e692f4c6,ok,0,0,0,0,0,0,15.242,11.897,2.7258,2.0438,1.555,1,1,,8450,3.57
grid2:halfR,,,PR20_x1.5,holdout,3,1045,headon,vfield,c4e692f4c6,ok,0,0,0,0,0,0,13.4269,9.6386,2.7258,2.0438,1.555,1,1,,8450,3.58
grid2:halfR,,,PR20_x1.5,holdout,3,1047,headon,vfield,c4e692f4c6,ok,0,0,0,0,0,0,12.5034,12.8708,2.7258,2.0438,1.555,1,1,,8450,3.56
grid2:halfR,,,PR20_x1.5,holdout,3,1049,headon,vfield,c4e692f4c6,ok,0,0,0,0,0,0,17.75,15.3428,2.7258,2.0438,1.555,1,1,,8450,3.52
grid2:halfR,,,PR20_x1.5,holdout,3,1051,headon,vfield,c4e692f4c6,ok,0,0,0,0,0,0,13.8332,14.1511,2.7258,2.0438,1.555,1,1,,8450,3.63
grid2:halfR,,,PR20_x1.5,holdout,3,1053,headon,vfield,c4e692f4c6,ok,0,0,0,0,0,0,14.861,13.4003,2.7258,2.0438,1.555,1,1,,8450,3.56
grid2:halfR,,,PR20_x1.5,holdout,3,1055,headon,vfield,c4e692f4c6,ok,0,0,0,0,0,0,13.9844,13.8651,2.7258,2.0438,1.555,1,1,,8450,3.57
grid2:halfR,,,PR20_x1.5,holdout,3,1057,headon,vfield,c4e692f4c6,ok,0,0,0,0,0,0,14.5591,14.7207,2.7258,2.0438,1.555,1,1,,8450,3.56
grid2:halfR,,,PR20_x1.5,holdout,3,1059,headon,vfield,c4e692f4c6,ok,0,0,0,0,0,0,13.6096,13.0753,2.7258,2.0438,1.555,1,1,,8450,3.56
grid2:halfR,,,PR20_x2,holdout,3,1001,headon,vfield,f8ee6c43e5,ok,0,0,0,0,0,0,15.4052,14.1614,2.7258,2.0438,1.555,1,1,,8450,3.57
grid2:halfR,,,PR20_x2,holdout,3,1003,headon,vfield,f8ee6c43e5,ok,0,0,0,0,0,0,14.8181,14.2764,2.7258,2.0438,1.555,1,1,,8450,3.58
grid2:halfR,,,PR20_x2,holdout,3,1005,headon,vfield,f8ee6c43e5,ok,0,0,0,0,0,0,15.5526,12.8809,2.7258,2.0438,1.555,1,1,,8450,3.56
grid2:halfR,,,PR20_x2,holdout,3,1007,headon,vfield,f8ee6c43e5,ok,0,0,0,0,0,0,13.031,11.6958,2.7258,2.0438,1.555,1,1,,8450,3.57
grid2:halfR,,,PR20_x2,holdout,3,1009,headon,vfield,f8ee6c43e5,ok,0,0,0,0,0,0,12.3664,10.6339,2.7258,2.0438,1.555,1,1,,8450,3.59
grid2:halfR,,,PR20_x2,holdout,3,1011,headon,vfield,f8ee6c43e5,ok,0,0,0,0,0,0,12.3276,13.4387,2.7258,2.0438,1.555,1,1,,8450,3.57
grid2:halfR,,,PR20_x2,holdout,3,1013,headon,vfield,f8ee6c43e5,ok,0,0,0,0,0,0,16.2446,13.8061,2.7258,2.0438,1.555,1,1,,8450,3.57
grid2:halfR,,,PR20_x2,holdout,3,1015,headon,vfield,f8ee6c43e5,ok,0,0,0,0,0,0,16.258,15.8776,2.7258,2.0438,1.555,1,1,,8450,3.57
grid2:halfR,,,PR20_x2,holdout,3,1017,headon,vfield,f8ee6c43e5,ok,0,0,0,0,0,0,13.4078,12.9488,2.7258,2.0438,1.555,1,1,,8450,3.54
grid2:halfR,,,PR20_x2,holdout,3,1019,headon,vfield,f8ee6c43e5,ok,0,0,0,0,0,0,12.5841,7.9048,2.7258,2.0438,1.555,1,1,,8450,3.58
grid2:halfR,,,PR20_x2,holdout,3,1021,headon,vfield,f8ee6c43e5,ok,0,0,0,0,0,0,13.6389,10.428,2.7258,2.0438,1.555,1,1,,8450,3.57
grid2:halfR,,,PR20_x2,holdout,3,1023,headon,vfield,f8ee6c43e5,ok,0,0,0,0,0,0,13.6466,14.9403,2.7258,2.0438,1.555,1,1,,8450,3.55
grid2:halfR,,,PR20_x2,holdout,3,1025,headon,vfield,f8ee6c43e5,ok,0,0,0,0,0,0,14.8201,9.8086,2.7258,2.0438,1.555,1,1,,8450,3.58
grid2:halfR,,,PR20_x2,holdout,3,1027,headon,vfield,f8ee6c43e5,ok,0,0,0,0,0,0,13.3575,13.4014,2.7258,2.0438,1.555,1,1,,8450,3.55
grid2:halfR,,,PR20_x2,holdout,3,1029,headon,vfield,f8ee6c43e5,ok,0,0,0,0,0,0,14.3702,16.0907,2.7258,2.0438,1.555,1,1,,8450,3.54
grid2:halfR,,,PR20_x2,holdout,3,1031,headon,vfield,f8ee6c43e5,ok,0,0,0,0,0,0,17.4403,8.7266,2.7258,2.0438,1.555,1,1,,8450,3.59
grid2:halfR,,,PR20_x2,holdout,3,1033,headon,vfield,f8ee6c43e5,ok,0,0,0,0,0,0,17.3676,13.7668,2.7258,2.0438,1.555,1,1,,8450,3.56
grid2:halfR,,,PR20_x2,holdout,3,1035,headon,vfield,f8ee6c43e5,ok,0,0,0,0,0,0,13.5788,12.5903,2.7258,2.0438,1.555,1,1,,8450,3.59
grid2:halfR,,,PR20_x2,holdout,3,1037,headon,vfield,f8ee6c43e5,ok,0,0,0,0,0,0,14.2639,11.7825,2.7258,2.0438,1.555,1,1,,8450,3.55
grid2:halfR,,,PR20_x2,holdout,3,1039,headon,vfield,f8ee6c43e5,ok,0,0,0,0,0,0,15.0011,9.6229,2.7258,2.0438,1.555,1,1,,8450,3.52
grid2:halfR,,,PR20_x2,holdout,3,1041,headon,vfield,f8ee6c43e5,ok,0,0,0,0,0,0,15.6447,17.02,2.7258,2.0438,1.555,1,1,,8450,3.58
grid2:halfR,,,PR20_x2,holdout,3,1043,headon,vfield,f8ee6c43e5,ok,0,0,0,0,0,0,12.1568,12.9754,2.7258,2.0438,1.555,1,1,,8450,3.58
grid2:halfR,,,PR20_x2,holdout,3,1045,headon,vfield,f8ee6c43e5,ok,0,0,0,0,0,0,18.8615,10.7404,2.7258,2.0438,1.555,1,1,,8450,3.6
grid2:halfR,,,PR20_x2,holdout,3,1047,headon,vfield,f8ee6c43e5,ok,0,0,0,0,0,0,14.641,16.6096,2.7258,2.0438,1.555,1,1,,8450,3.57
grid2:halfR,,,PR20_x2,holdout,3,1049,headon,vfield,f8ee6c43e5,ok,0,0,0,0,0,0,14.1784,13.3931,2.7258,2.0438,1.555,1,1,,8450,3.54
grid2:halfR,,,PR20_x2,holdout,3,1051,headon,vfield,f8ee6c43e5,ok,0,0,0,0,0,0,12.7307,12.5748,2.7258,2.0438,1.555,1,1,,8450,3.6
grid2:halfR,,,PR20_x2,holdout,3,1053,headon,vfield,f8ee6c43e5,ok,0,0,0,0,0,0,16.1085,15.8949,2.7258,2.0438,1.555,1,1,,8450,3.59
grid2:halfR,,,PR20_x2,holdout,3,1055,headon,vfield,f8ee6c43e5,ok,0,0,0,0,0,0,15.6507,13.3245,2.7258,2.0438,1.555,1,1,,8450,3.58
grid2:halfR,,,PR20_x2,holdout,3,1057,headon,vfield,f8ee6c43e5,ok,0,0,0,0,0,0,12.6424,12.6901,2.7258,2.0438,1.555,1,1,,8450,3.53
grid2:halfR,,,PR20_x2,holdout,3,1059,headon,vfield,f8ee6c43e5,ok,0,0,0,0,0,0,14.7764,12.7591,2.7258,2.0438,1.555,1,1,,8450,3.56
grid2:halfR,,,PR4_x1,holdout,4,1001,headon,vfield,3f1396e4c0,ok,0,0,0,0,0,0,2.052,2.4487,2.7258,2.0438,1.555,1,1,,8450,3.59
grid2:halfR,,,PR4_x1,holdout,4,1003,headon,vfield,3f1396e4c0,ok,0,0,0,0,0,0,1.6146,2.8921,2.7258,2.0438,1.555,1,1,,8450,3.61
grid2:halfR,,,PR4_x1,holdout,4,1005,headon,vfield,3f1396e4c0,ok,0,0,0,0,0,0,1.696,3.5751,2.7258,2.0438,1.555,1,1,,8450,3.6
grid2:halfR,,,PR4_x1,holdout,4,1007,headon,vfield,3f1396e4c0,ok,1,0,0,1,0,0,0.9142,1.2857,2.7258,2.0438,1.555,1,1,6.92,8450,3.61
grid2:halfR,,,PR4_x1,holdout,4,1009,headon,vfield,3f1396e4c0,ok,1,0,0,1,0,0,0.3898,2.352,2.7258,2.0438,1.555,1,1,6.97,8450,3.58
grid2:halfR,,,PR4_x1,holdout,4,1011,headon,vfield,3f1396e4c0,ok,1,0,0,0,1,0,0.2253,1.6253,2.7258,2.0438,1.555,1,1,15.41,8450,3.59
grid2:halfR,,,PR4_x1,holdout,4,1013,headon,vfield,3f1396e4c0,ok,0,0,0,0,0,0,1.8029,3.9914,2.7258,2.0438,1.555,1,1,,8450,3.56
grid2:halfR,,,PR4_x1,holdout,4,1015,headon,vfield,3f1396e4c0,ok,0,0,0,0,0,0,2.5199,2.1918,2.7258,2.0438,1.555,1,1,,8450,3.62
grid2:halfR,,,PR4_x1,holdout,4,1017,headon,vfield,3f1396e4c0,ok,0,0,0,0,0,0,2.3656,3.5953,2.7258,2.0438,1.555,1,1,,8450,3.57
grid2:halfR,,,PR4_x1,holdout,4,1019,headon,vfield,3f1396e4c0,ok,1,0,0,1,0,0,0.2816,1.839,2.7258,2.0438,1.555,1,1,16.87,8450,3.57
grid2:halfR,,,PR4_x1,holdout,4,1021,headon,vfield,3f1396e4c0,ok,0,0,0,0,0,0,2.7922,1.7978,2.7258,2.0438,1.555,1,1,,8450,3.62
grid2:halfR,,,PR4_x1,holdout,4,1023,headon,vfield,3f1396e4c0,ok,0,0,0,0,0,0,1.2365,2.935,2.7258,2.0438,1.555,1,1,,8450,3.61
grid2:halfR,,,PR4_x1,holdout,4,1025,headon,vfield,3f1396e4c0,ok,0,0,0,0,0,0,1.328,2.1883,2.7258,2.0438,1.555,1,1,,8450,3.62
grid2:halfR,,,PR4_x1,holdout,4,1027,headon,vfield,3f1396e4c0,ok,0,0,0,0,0,0,1.2356,2.0996,2.7258,2.0438,1.555,1,1,,8450,3.61
grid2:halfR,,,PR4_x1,holdout,4,1029,headon,vfield,3f1396e4c0,ok,0,0,0,0,0,0,2.3556,3.4614,2.7258,2.0438,1.555,1,1,,8450,3.56
grid2:halfR,,,PR4_x1,holdout,4,1031,headon,vfield,3f1396e4c0,ok,0,0,0,0,0,0,3.1004,3.9898,2.7258,2.0438,1.555,1,1,,8450,3.63
grid2:halfR,,,PR4_x1,holdout,4,1033,headon,vfield,3f1396e4c0,ok,2,0,1,0,1,0,0.8105,0.6416,2.7258,2.0438,1.555,1,1,7.54,8450,3.59
grid2:halfR,,,PR4_x1,holdout,4,1035,headon,vfield,3f1396e4c0,ok,2,0,2,0,0,0,1.9291,0.3245,2.7258,2.0438,1.555,1,1,8.26,8450,3.59
grid2:halfR,,,PR4_x1,holdout,4,1037,headon,vfield,3f1396e4c0,ok,0,0,0,0,0,0,1.4472,2.189,2.7258,2.0438,1.555,1,1,,8450,3.6
grid2:halfR,,,PR4_x1,holdout,4,1039,headon,vfield,3f1396e4c0,ok,0,0,0,0,0,0,2.0985,2.636,2.7258,2.0438,1.555,1,1,,8450,3.57
grid2:halfR,,,PR4_x1,holdout,4,1041,headon,vfield,3f1396e4c0,ok,3,0,0,1,2,0,0.0668,1.0234,2.7258,2.0438,1.555,1,1,10.6,8450,3.58
grid2:halfR,,,PR4_x1,holdout,4,1043,headon,vfield,3f1396e4c0,ok,0,0,0,0,0,0,1.6116,1.976,2.7258,2.0438,1.555,1,1,,8450,3.58
grid2:halfR,,,PR4_x1,holdout,4,1045,headon,vfield,3f1396e4c0,ok,0,0,0,0,0,0,1.7492,3.1952,2.7258,2.0438,1.555,1,1,,8450,3.58
grid2:halfR,,,PR4_x1,holdout,4,1047,headon,vfield,3f1396e4c0,ok,1,0,0,0,1,0,0.4896,4.0049,2.7258,2.0438,1.555,1,1,5.14,8450,3.57
grid2:halfR,,,PR4_x1,holdout,4,1049,headon,vfield,3f1396e4c0,ok,3,0,1,1,1,0,0.02,0.8794,2.7258,2.0438,1.555,1,1,4.31,8450,3.58
grid2:halfR,,,PR4_x1,holdout,4,1051,headon,vfield,3f1396e4c0,ok,1,0,0,1,0,0,0.2857,2.9178,2.7258,2.0438,1.555,1,1,-33.97,8450,3.6
grid2:halfR,,,PR4_x1,holdout,4,1053,headon,vfield,3f1396e4c0,ok,0,0,0,0,0,0,1.787,3.9597,2.7258,2.0438,1.555,1,1,,8450,3.6
grid2:halfR,,,PR4_x1,holdout,4,1055,headon,vfield,3f1396e4c0,ok,1,0,0,1,0,0,0.9192,3.9162,2.7258,2.0438,1.555,1,1,22.56,8450,3.6
grid2:halfR,,,PR4_x1,holdout,4,1057,headon,vfield,3f1396e4c0,ok,0,0,0,0,0,0,1.8079,3.2315,2.7258,2.0438,1.555,1,1,,8450,3.57
grid2:halfR,,,PR4_x1,holdout,4,1059,headon,vfield,3f1396e4c0,ok,1,0,0,0,1,0,0.747,2.472,2.7258,2.0438,1.555,1,1,11.46,8450,3.57
grid2:halfR,,,PR4_x1.25,holdout,4,1001,headon,vfield,c199ace5db,ok,0,0,0,0,0,0,1.4003,3.9859,2.7258,2.0438,1.555,1,1,,8450,3.61
grid2:halfR,,,PR4_x1.25,holdout,4,1003,headon,vfield,c199ace5db,ok,0,0,0,0,0,0,1.2679,3.4165,2.7258,2.0438,1.555,1,1,,8450,3.59
grid2:halfR,,,PR4_x1.25,holdout,4,1005,headon,vfield,c199ace5db,ok,0,0,0,0,0,0,1.1392,3.9832,2.7258,2.0438,1.555,1,1,,8450,3.63
grid2:halfR,,,PR4_x1.25,holdout,4,1007,headon,vfield,c199ace5db,ok,1,0,0,0,1,0,0.2482,1.4732,2.7258,2.0438,1.555,1,1,6.52,8450,3.55
grid2:halfR,,,PR4_x1.25,holdout,4,1009,headon,vfield,c199ace5db,ok,1,0,0,0,1,0,0.0957,2.3496,2.7258,2.0438,1.555,1,1,16.12,8450,3.54
grid2:halfR,,,PR4_x1.25,holdout,4,1011,headon,vfield,c199ace5db,ok,0,0,0,0,0,0,1.6926,3.9382,2.7258,2.0438,1.555,1,1,,8450,3.6
grid2:halfR,,,PR4_x1.25,holdout,4,1013,headon,vfield,c199ace5db,ok,0,0,0,0,0,0,1.6176,2.4341,2.7258,2.0438,1.555,1,1,,8450,3.59
grid2:halfR,,,PR4_x1.25,holdout,4,1015,headon,vfield,c199ace5db,ok,1,0,0,0,1,0,0.3529,1.9041,2.7258,2.0438,1.555,1,1,13.79,8450,3.6
grid2:halfR,,,PR4_x1.25,holdout,4,1017,headon,vfield,c199ace5db,ok,0,0,0,0,0,0,2.8321,3.9449,2.7258,2.0438,1.555,1,1,,8450,3.59
grid2:halfR,,,PR4_x1.25,holdout,4,1019,headon,vfield,c199ace5db,ok,0,0,0,0,0,0,1.6668,3.9492,2.7258,2.0438,1.555,1,1,,8450,3.59
grid2:halfR,,,PR4_x1.25,holdout,4,1021,headon,vfield,c199ace5db,ok,0,0,0,0,0,0,2.9265,3.9823,2.7258,2.0438,1.555,1,1,,8450,3.59
grid2:halfR,,,PR4_x1.25,holdout,4,1023,headon,vfield,c199ace5db,ok,0,0,0,0,0,0,2.0218,3.9877,2.7258,2.0438,1.555,1,1,,8450,3.59
grid2:halfR,,,PR4_x1.25,holdout,4,1025,headon,vfield,c199ace5db,ok,0,0,0,0,0,0,2.8128,3.9893,2.7258,2.0438,1.555,1,1,,8450,3.59
grid2:halfR,,,PR4_x1.25,holdout,4,1027,headon,vfield,c199ace5db,ok,0,0,0,0,0,0,2.2945,2.6713,2.7258,2.0438,1.555,1,1,,8450,3.58
grid2:halfR,,,PR4_x1.25,holdout,4,1029,headon,vfield,c199ace5db,ok,0,0,0,0,0,0,1.5182,2.0473,2.7258,2.0438,1.555,1,1,,8450,3.54
grid2:halfR,,,PR4_x1.25,holdout,4,1031,headon,vfield,c199ace5db,ok,0,0,0,0,0,0,2.8093,3.9322,2.7258,2.0438,1.555,1,1,,8450,3.59
grid2:halfR,,,PR4_x1.25,holdout,4,1033,headon,vfield,c199ace5db,ok,0,0,0,0,0,0,2.6184,3.9029,2.7258,2.0438,1.555,1,1,,8450,3.58
grid2:halfR,,,PR4_x1.25,holdout,4,1035,headon,vfield,c199ace5db,ok,0,0,0,0,0,0,1.9061,2.9443,2.7258,2.0438,1.555,1,1,,8450,3.6
grid2:halfR,,,PR4_x1.25,holdout,4,1037,headon,vfield,c199ace5db,ok,0,0,0,0,0,0,2.4427,3.9513,2.7258,2.0438,1.555,1,1,,8450,3.53
grid2:halfR,,,PR4_x1.25,holdout,4,1039,headon,vfield,c199ace5db,ok,2,0,0,2,0,0,0.7399,3.8897,2.7258,2.0438,1.555,1,1,-33.36,8450,3.56
grid2:halfR,,,PR4_x1.25,holdout,4,1041,headon,vfield,c199ace5db,ok,0,0,0,0,0,0,1.8037,3.2339,2.7258,2.0438,1.555,1,1,,8450,3.6
grid2:halfR,,,PR4_x1.25,holdout,4,1043,headon,vfield,c199ace5db,ok,0,0,0,0,0,0,2.2142,3.9553,2.7258,2.0438,1.555,1,1,,8450,3.62
grid2:halfR,,,PR4_x1.25,holdout,4,1045,headon,vfield,c199ace5db,ok,0,0,0,0,0,0,2.3348,3.9312,2.7258,2.0438,1.555,1,1,,8450,3.63
grid2:halfR,,,PR4_x1.25,holdout,4,1047,headon,vfield,c199ace5db,ok,0,0,0,0,0,0,1.152,1.9816,2.7258,2.0438,1.555,1,1,,8450,3.53
grid2:halfR,,,PR4_x1.25,holdout,4,1049,headon,vfield,c199ace5db,ok,0,0,0,0,0,0,2.3396,3.979,2.7258,2.0438,1.555,1,1,,8450,3.55
grid2:halfR,,,PR4_x1.25,holdout,4,1051,headon,vfield,c199ace5db,ok,0,0,0,0,0,0,2.2613,3.9024,2.7258,2.0438,1.555,1,1,,8450,3.61
grid2:halfR,,,PR4_x1.25,holdout,4,1053,headon,vfield,c199ace5db,ok,0,0,0,0,0,0,2.367,3.862,2.7258,2.0438,1.555,1,1,,8450,3.59
grid2:halfR,,,PR4_x1.25,holdout,4,1055,headon,vfield,c199ace5db,ok,1,0,0,1,0,0,0.3088,3.931,2.7258,2.0438,1.555,1,1,-32.58,8450,3.67
grid2:halfR,,,PR4_x1.25,holdout,4,1057,headon,vfield,c199ace5db,ok,0,0,0,0,0,0,1.5747,2.7123,2.7258,2.0438,1.555,1,1,,8450,3.56
grid2:halfR,,,PR4_x1.25,holdout,4,1059,headon,vfield,c199ace5db,ok,0,0,0,0,0,0,1.8068,1.0566,2.7258,2.0438,1.555,1,1,,8450,3.6
grid2:halfR,,,PR4_x1.5,holdout,4,1001,headon,vfield,34984763df,ok,1,0,0,1,0,0,0.9021,1.5366,2.7258,2.0438,1.555,1,1,-31.57,8450,3.58
grid2:halfR,,,PR4_x1.5,holdout,4,1003,headon,vfield,34984763df,ok,1,0,0,0,1,0,0.0924,3.4761,2.7258,2.0438,1.555,1,1,23.59,8450,3.56
grid2:halfR,,,PR4_x1.5,holdout,4,1005,headon,vfield,34984763df,ok,0,0,0,0,0,0,1.1805,3.8604,2.7258,2.0438,1.555,1,1,,8450,3.59
grid2:halfR,,,PR4_x1.5,holdout,4,1007,headon,vfield,34984763df,ok,0,0,0,0,0,0,2.4174,2.3338,2.7258,2.0438,1.555,1,1,,8450,3.56
grid2:halfR,,,PR4_x1.5,holdout,4,1009,headon,vfield,34984763df,ok,0,0,0,0,0,0,1.2445,3.4773,2.7258,2.0438,1.555,1,1,,8450,3.57
grid2:halfR,,,PR4_x1.5,holdout,4,1011,headon,vfield,34984763df,ok,0,0,0,0,0,0,1.9014,3.86,2.7258,2.0438,1.555,1,1,,8450,3.59
grid2:halfR,,,PR4_x1.5,holdout,4,1013,headon,vfield,34984763df,ok,0,0,0,0,0,0,1.3625,3.799,2.7258,2.0438,1.555,1,1,,8450,3.62
grid2:halfR,,,PR4_x1.5,holdout,4,1015,headon,vfield,34984763df,ok,0,0,0,0,0,0,2.2596,3.9846,2.7258,2.0438,1.555,1,1,,8450,3.59
grid2:halfR,,,PR4_x1.5,holdout,4,1017,headon,vfield,34984763df,ok,1,0,1,0,0,0,2.1719,0.3839,2.7258,2.0438,1.555,1,1,18.7,8450,3.59
grid2:halfR,,,PR4_x1.5,holdout,4,1019,headon,vfield,34984763df,ok,0,0,0,0,0,0,2.3829,3.8912,2.7258,2.0438,1.555,1,1,,8450,3.6
grid2:halfR,,,PR4_x1.5,holdout,4,1021,headon,vfield,34984763df,ok,1,0,1,0,0,0,1.9607,0.3471,2.7258,2.0438,1.555,1,1,7.21,8450,3.58
grid2:halfR,,,PR4_x1.5,holdout,4,1023,headon,vfield,34984763df,ok,1,0,0,1,0,0,0.9286,1.3832,2.7258,2.0438,1.555,1,1,10.67,8450,3.58
grid2:halfR,,,PR4_x1.5,holdout,4,1025,headon,vfield,34984763df,ok,0,0,0,0,0,0,1.2768,1.4529,2.7258,2.0438,1.555,1,1,,8450,3.61
grid2:halfR,,,PR4_x1.5,holdout,4,1027,headon,vfield,34984763df,ok,0,0,0,0,0,0,1.6335,2.7127,2.7258,2.0438,1.555,1,1,,8450,3.58
grid2:halfR,,,PR4_x1.5,holdout,4,1029,headon,vfield,34984763df,ok,0,0,0,0,0,0,2.3746,2.3679,2.7258,2.0438,1.555,1,1,,8450,3.58
grid2:halfR,,,PR4_x1.5,holdout,4,1031,headon,vfield,34984763df,ok,0,0,0,0,0,0,2.3276,2.6067,2.7258,2.0438,1.555,1,1,,8450,3.61
grid2:halfR,,,PR4_x1.5,holdout,4,1033,headon,vfield,34984763df,ok,1,0,0,1,0,0,0.8063,3.4831,2.7258,2.0438,1.555,1,1,-33.37,8450,3.62
grid2:halfR,,,PR4_x1.5,holdout,4,1035,headon,vfield,34984763df,ok,0,0,0,0,0,0,1.4017,2.2401,2.7258,2.0438,1.555,1,1,,8450,3.62
grid2:halfR,,,PR4_x1.5,holdout,4,1037,headon,vfield,34984763df,ok,0,0,0,0,0,0,2.4578,3.985,2.7258,2.0438,1.555,1,1,,8450,3.59
grid2:halfR,,,PR4_x1.5,holdout,4,1039,headon,vfield,34984763df,ok,0,0,0,0,0,0,2.6914,3.5489,2.7258,2.0438,1.555,1,1,,8450,3.58
grid2:halfR,,,PR4_x1.5,holdout,4,1041,headon,vfield,34984763df,ok,0,0,0,0,0,0,1.9673,3.3857,2.7258,2.0438,1.555,1,1,,8450,3.6
grid2:halfR,,,PR4_x1.5,holdout,4,1043,headon,vfield,34984763df,ok,0,0,0,0,0,0,2.2512,2.053,2.7258,2.0438,1.555,1,1,,8450,3.55
grid2:halfR,,,PR4_x1.5,holdout,4,1045,headon,vfield,34984763df,ok,0,0,0,0,0,0,1.1033,3.4539,2.7258,2.0438,1.555,1,1,,8450,3.59
grid2:halfR,,,PR4_x1.5,holdout,4,1047,headon,vfield,34984763df,ok,0,0,0,0,0,0,2.5031,3.9813,2.7258,2.0438,1.555,1,1,,8450,3.58
grid2:halfR,,,PR4_x1.5,holdout,4,1049,headon,vfield,34984763df,ok,2,0,0,2,0,0,0.4963,2.1273,2.7258,2.0438,1.555,1,1,-32.69,8450,3.59
grid2:halfR,,,PR4_x1.5,holdout,4,1051,headon,vfield,34984763df,ok,0,0,0,0,0,0,2.4103,3.8611,2.7258,2.0438,1.555,1,1,,8450,3.58
grid2:halfR,,,PR4_x1.5,holdout,4,1053,headon,vfield,34984763df,ok,0,0,0,0,0,0,2.7263,3.9843,2.7258,2.0438,1.555,1,1,,8450,3.59
grid2:halfR,,,PR4_x1.5,holdout,4,1055,headon,vfield,34984763df,ok,1,0,0,1,0,0,0.3801,3.9849,2.7258,2.0438,1.555,1,1,-31.81,8450,3.58
grid2:halfR,,,PR4_x1.5,holdout,4,1057,headon,vfield,34984763df,ok,0,0,0,0,0,0,2.2842,2.5862,2.7258,2.0438,1.555,1,1,,8450,3.56
grid2:halfR,,,PR4_x1.5,holdout,4,1059,headon,vfield,34984763df,ok,0,0,0,0,0,0,2.3563,2.1572,2.7258,2.0438,1.555,1,1,,8450,3.6
grid2:halfR,,,PR4_x2,holdout,4,1001,headon,vfield,39bd94716f,ok,0,0,0,0,0,0,2.2534,3.6588,2.7258,2.0438,1.555,1,1,,8450,3.58
grid2:halfR,,,PR4_x2,holdout,4,1003,headon,vfield,39bd94716f,ok,0,0,0,0,0,0,1.1053,3.4134,2.7258,2.0438,1.555,1,1,,8450,3.56
grid2:halfR,,,PR4_x2,holdout,4,1005,headon,vfield,39bd94716f,ok,2,0,0,1,1,0,0.0926,2.9605,2.7258,2.0438,1.555,1,1,10.99,8450,3.57
grid2:halfR,,,PR4_x2,holdout,4,1007,headon,vfield,39bd94716f,ok,0,0,0,0,0,0,1.1526,1.7784,2.7258,2.0438,1.555,1,1,,8450,3.55
grid2:halfR,,,PR4_x2,holdout,4,1009,headon,vfield,39bd94716f,ok,0,0,0,0,0,0,2.7511,3.6028,2.7258,2.0438,1.555,1,1,,8450,3.59
grid2:halfR,,,PR4_x2,holdout,4,1011,headon,vfield,39bd94716f,ok,0,0,0,0,0,0,1.1752,2.2845,2.7258,2.0438,1.555,1,1,,8450,3.59
grid2:halfR,,,PR4_x2,holdout,4,1013,headon,vfield,39bd94716f,ok,0,0,0,0,0,0,1.1259,3.4134,2.7258,2.0438,1.555,1,1,,8450,3.6
grid2:halfR,,,PR4_x2,holdout,4,1015,headon,vfield,39bd94716f,ok,0,0,0,0,0,0,2.7907,3.7256,2.7258,2.0438,1.555,1,1,,8450,3.59
grid2:halfR,,,PR4_x2,holdout,4,1017,headon,vfield,39bd94716f,ok,0,0,0,0,0,0,1.7454,3.6026,2.7258,2.0438,1.555,1,1,,8450,3.59
grid2:halfR,,,PR4_x2,holdout,4,1019,headon,vfield,39bd94716f,ok,0,0,0,0,0,0,1.4401,3.8903,2.7258,2.0438,1.555,1,1,,8450,3.57
grid2:halfR,,,PR4_x2,holdout,4,1021,headon,vfield,39bd94716f,ok,0,0,0,0,0,0,2.3283,3.5555,2.7258,2.0438,1.555,1,1,,8450,3.61
grid2:halfR,,,PR4_x2,holdout,4,1023,headon,vfield,39bd94716f,ok,0,0,0,0,0,0,2.7907,3.8902,2.7258,2.0438,1.555,1,1,,8450,3.61
grid2:halfR,,,PR4_x2,holdout,4,1025,headon,vfield,39bd94716f,ok,0,0,0,0,0,0,2.974,3.3726,2.7258,2.0438,1.555,1,1,,8450,3.62
grid2:halfR,,,PR4_x2,holdout,4,1027,headon,vfield,39bd94716f,ok,0,0,0,0,0,0,2.661,3.7831,2.7258,2.0438,1.555,1,1,,8450,3.58
grid2:halfR,,,PR4_x2,holdout,4,1029,headon,vfield,39bd94716f,ok,0,0,0,0,0,0,2.8632,3.6026,2.7258,2.0438,1.555,1,1,,8450,3.58
grid2:halfR,,,PR4_x2,holdout,4,1031,headon,vfield,39bd94716f,ok,1,0,0,0,1,0,0.1702,3.6027,2.7258,2.0438,1.555,1,1,25.54,8450,3.59
grid2:halfR,,,PR4_x2,holdout,4,1033,headon,vfield,39bd94716f,ok,0,0,0,0,0,0,1.1539,3.6027,2.7258,2.0438,1.555,1,1,,8450,3.59
grid2:halfR,,,PR4_x2,holdout,4,1035,headon,vfield,39bd94716f,ok,0,0,0,0,0,0,2.1503,3.773,2.7258,2.0438,1.555,1,1,,8450,3.58
grid2:halfR,,,PR4_x2,holdout,4,1037,headon,vfield,39bd94716f,ok,0,0,0,0,0,0,2.007,3.657,2.7258,2.0438,1.555,1,1,,8450,3.56
grid2:halfR,,,PR4_x2,holdout,4,1039,headon,vfield,39bd94716f,ok,1,0,0,0,1,0,0.0918,3.6586,2.7258,2.0438,1.555,1,1,25.31,8450,3.59
grid2:halfR,,,PR4_x2,holdout,4,1041,headon,vfield,39bd94716f,ok,1,0,0,1,0,0,0.1418,2.0183,2.7258,2.0438,1.555,1,1,12.95,8450,3.59
grid2:halfR,,,PR4_x2,holdout,4,1043,headon,vfield,39bd94716f,ok,1,0,0,1,0,0,0.193,3.4134,2.7258,2.0438,1.555,1,1,9.07,8450,3.6
grid2:halfR,,,PR4_x2,holdout,4,1045,headon,vfield,39bd94716f,ok,1,0,0,0,1,0,0.2198,2.1791,2.7258,2.0438,1.555,1,1,19.29,8450,3.59
grid2:halfR,,,PR4_x2,holdout,4,1047,headon,vfield,39bd94716f,ok,1,0,0,1,0,0,0.0835,2.6885,2.7258,2.0438,1.555,1,1,21.68,8450,3.55
grid2:halfR,,,PR4_x2,holdout,4,1049,headon,vfield,39bd94716f,ok,0,0,0,0,0,0,1.2723,1.4436,2.7258,2.0438,1.555,1,1,,8450,3.61
grid2:halfR,,,PR4_x2,holdout,4,1051,headon,vfield,39bd94716f,ok,0,0,0,0,0,0,2.7926,3.773,2.7258,2.0438,1.555,1,1,,8450,3.59
grid2:halfR,,,PR4_x2,holdout,4,1053,headon,vfield,39bd94716f,ok,0,0,0,0,0,0,2.8347,3.8298,2.7258,2.0438,1.555,1,1,,8450,3.63
grid2:halfR,,,PR4_x2,holdout,4,1055,headon,vfield,39bd94716f,ok,1,0,0,0,1,0,0.229,2.2231,2.7258,2.0438,1.555,1,1,27.74,8450,3.55
grid2:halfR,,,PR4_x2,holdout,4,1057,headon,vfield,39bd94716f,ok,0,0,0,0,0,0,2.1432,2.2032,2.7258,2.0438,1.555,1,1,,8450,3.56
grid2:halfR,,,PR4_x2,holdout,4,1059,headon,vfield,39bd94716f,ok,1,0,0,1,0,0,0.6074,2.2407,2.7258,2.0438,1.555,1,1,-34.11,8450,3.59
grid2:halfR,,,PR6_x1,holdout,4,1001,headon,vfield,aac86648e6,ok,0,0,0,0,0,0,1.4843,1.8891,2.7258,2.0438,1.555,1,1,,8450,3.64
grid2:halfR,,,PR6_x1,holdout,4,1003,headon,vfield,aac86648e6,ok,0,0,0,0,0,0,1.6944,4.1967,2.7258,2.0438,1.555,1,1,,8450,3.71
grid2:halfR,,,PR6_x1,holdout,4,1005,headon,vfield,aac86648e6,ok,0,0,0,0,0,0,2.9418,1.1672,2.7258,2.0438,1.555,1,1,,8450,3.58
grid2:halfR,,,PR6_x1,holdout,4,1007,headon,vfield,aac86648e6,ok,0,0,0,0,0,0,1.3283,1.7691,2.7258,2.0438,1.555,1,1,,8450,3.55
grid2:halfR,,,PR6_x1,holdout,4,1009,headon,vfield,aac86648e6,ok,0,0,0,0,0,0,3.1263,3.8043,2.7258,2.0438,1.555,1,1,,8450,3.59
grid2:halfR,,,PR6_x1,holdout,4,1011,headon,vfield,aac86648e6,ok,0,0,0,0,0,0,2.8361,2.2953,2.7258,2.0438,1.555,1,1,,8450,3.57
grid2:halfR,,,PR6_x1,holdout,4,1013,headon,vfield,aac86648e6,ok,1,0,0,0,1,0,0.1929,1.2151,2.7258,2.0438,1.555,1,1,8.47,8450,3.6
grid2:halfR,,,PR6_x1,holdout,4,1015,headon,vfield,aac86648e6,ok,1,0,0,0,1,0,0.3986,1.1008,2.7258,2.0438,1.555,1,1,18.85,8450,3.57
grid2:halfR,,,PR6_x1,holdout,4,1017,headon,vfield,aac86648e6,ok,1,0,0,0,1,0,0.1129,1.3529,2.7258,2.0438,1.555,1,1,8.03,8450,3.58
grid2:halfR,,,PR6_x1,holdout,4,1019,headon,vfield,aac86648e6,ok,0,0,0,0,0,0,1.6075,3.3988,2.7258,2.0438,1.555,1,1,,8450,3.61
grid2:halfR,,,PR6_x1,holdout,4,1021,headon,vfield,aac86648e6,ok,0,0,0,0,0,0,1.4764,3.7317,2.7258,2.0438,1.555,1,1,,8450,3.58
grid2:halfR,,,PR6_x1,holdout,4,1023,headon,vfield,aac86648e6,ok,1,0,1,0,0,0,1.2552,0.8836,2.7258,2.0438,1.555,1,1,6.22,8450,3.61
grid2:halfR,,,PR6_x1,holdout,4,1025,headon,vfield,aac86648e6,ok,0,0,0,0,0,0,1.6548,2.8923,2.7258,2.0438,1.555,1,1,,8450,3.57
grid2:halfR,,,PR6_x1,holdout,4,1027,headon,vfield,aac86648e6,ok,2,0,1,0,1,0,0.0737,0.1215,2.7258,2.0438,1.555,1,1,5.98,8450,3.54
grid2:halfR,,,PR6_x1,holdout,4,1029,headon,vfield,aac86648e6,ok,1,0,1,0,0,0,2.2499,0.4667,2.7258,2.0438,1.555,1,1,6.14,8450,3.61
grid2:halfR,,,PR6_x1,holdout,4,1031,headon,vfield,aac86648e6,ok,1,0,1,0,0,0,1.2118,0.025,2.7258,2.0438,1.555,1,1,6.08,8450,3.58
grid2:halfR,,,PR6_x1,holdout,4,1033,headon,vfield,aac86648e6,ok,1,0,1,0,0,0,1.8055,0.331,2.7258,2.0438,1.555,1,1,11.35,8450,3.6
grid2:halfR,,,PR6_x1,holdout,4,1035,headon,vfield,aac86648e6,ok,2,0,0,0,2,0,0.2874,1.6386,2.7258,2.0438,1.555,1,1,7.56,8450,3.55
grid2:halfR,,,PR6_x1,holdout,4,1037,headon,vfield,aac86648e6,ok,1,0,0,0,1,0,0.8651,1.3258,2.7258,2.0438,1.555,1,1,10.99,8450,3.58
grid2:halfR,,,PR6_x1,holdout,4,1039,headon,vfield,aac86648e6,ok,1,0,1,0,0,0,1.1077,0.3503,2.7258,2.0438,1.555,1,1,6.27,8450,3.59
grid2:halfR,,,PR6_x1,holdout,4,1041,headon,vfield,aac86648e6,ok,1,0,1,0,0,0,1.6957,0.0705,2.7258,2.0438,1.555,1,1,5.6,8450,3.57
grid2:halfR,,,PR6_x1,holdout,4,1043,headon,vfield,aac86648e6,ok,0,0,0,0,0,0,1.3229,2.6058,2.7258,2.0438,1.555,1,1,,8450,3.61
grid2:halfR,,,PR6_x1,holdout,4,1045,headon,vfield,aac86648e6,ok,0,0,0,0,0,0,1.3243,1.7898,2.7258,2.0438,1.555,1,1,,8450,3.55
grid2:halfR,,,PR6_x1,holdout,4,1047,headon,vfield,aac86648e6,ok,1,0,0,1,0,0,0.2735,1.0565,2.7258,2.0438,1.555,1,1,20.62,8450,3.61
grid2:halfR,,,PR6_x1,holdout,4,1049,headon,vfield,aac86648e6,ok,2,0,1,1,0,0,0.5498,0.6608,2.7258,2.0438,1.555,1,1,6.12,8450,3.6
grid2:halfR,,,PR6_x1,holdout,4,1051,headon,vfield,aac86648e6,ok,0,0,0,0,0,0,2.9508,2.8602,2.7258,2.0438,1.555,1,1,,8450,3.62
grid2:halfR,,,PR6_x1,holdout,4,1053,headon,vfield,aac86648e6,ok,0,0,0,0,0,0,1.5874,3.7503,2.7258,2.0438,1.555,1,1,,8450,3.59
grid2:halfR,,,PR6_x1,holdout,4,1055,headon,vfield,aac86648e6,ok,0,0,0,0,0,0,2.3308,3.9078,2.7258,2.0438,1.555,1,1,,8450,3.56
grid2:halfR,,,PR6_x1,holdout,4,1057,headon,vfield,aac86648e6,ok,2,0,0,0,2,0,0.1729,1.0372,2.7258,2.0438,1.555,1,1,10.84,8450,3.61
grid2:halfR,,,PR6_x1,holdout,4,1059,headon,vfield,aac86648e6,ok,2,0,1,0,1,0,0.0392,0.2098,2.7258,2.0438,1.555,1,1,3.57,8450,3.58
grid2:halfR,,,PR6_x1.25,holdout,4,1001,headon,vfield,8fb882359b,ok,1,0,1,0,0,0,1.2862,0.8783,2.7258,2.0438,1.555,1,1,11.27,8450,3.56
grid2:halfR,,,PR6_x1.25,holdout,4,1003,headon,vfield,8fb882359b,ok,2,0,0,0,2,0,0.3066,2.7691,2.7258,2.0438,1.555,1,1,7.05,8450,3.6
grid2:halfR,,,PR6_x1.25,holdout,4,1005,headon,vfield,8fb882359b,ok,2,0,1,0,1,0,0.1478,0.9974,2.7258,2.0438,1.555,1,1,8.01,8450,3.59
grid2:halfR,,,PR6_x1.25,holdout,4,1007,headon,vfield,8fb882359b,ok,1,0,0,0,1,0,0.8779,1.0883,2.7258,2.0438,1.555,1,1,25.66,8450,3.57
grid2:halfR,,,PR6_x1.25,holdout,4,1009,headon,vfield,8fb882359b,ok,1,0,0,0,1,0,0.8592,1.9106,2.7258,2.0438,1.555,1,1,29.96,8450,3.57
grid2:halfR,,,PR6_x1.25,holdout,4,1011,headon,vfield,8fb882359b,ok,0,0,0,0,0,0,4.0675,4.761,2.7258,2.0438,1.555,1,1,,8450,3.56
grid2:halfR,,,PR6_x1.25,holdout,4,1013,headon,vfield,8fb882359b,ok,1,0,0,0,1,0,0.9145,3.4199,2.7258,2.0438,1.555,1,1,9.45,8450,3.57
grid2:halfR,,,PR6_x1.25,holdout,4,1015,headon,vfield,8fb882359b,ok,0,0,0,0,0,0,1.6073,1.9478,2.7258,2.0438,1.555,1,1,,8450,3.56
grid2:halfR,,,PR6_x1.25,holdout,4,1017,headon,vfield,8fb882359b,ok,0,0,0,0,0,0,2.5953,3.8602,2.7258,2.0438,1.555,1,1,,8450,3.59
grid2:halfR,,,PR6_x1.25,holdout,4,1019,headon,vfield,8fb882359b,ok,3,0,1,0,2,0,0.3535,0.5722,2.7258,2.0438,1.555,1,1,5.08,8450,3.56
grid2:halfR,,,PR6_x1.25,holdout,4,1021,headon,vfield,8fb882359b,ok,1,0,1,0,0,0,1.1693,0.5353,2.7258,2.0438,1.555,1,1,11.25,8450,3.57
grid2:halfR,,,PR6_x1.25,holdout,4,1023,headon,vfield,8fb882359b,ok,0,0,0,0,0,0,2.7373,4.2021,2.7258,2.0438,1.555,1,1,,8450,3.59
grid2:halfR,,,PR6_x1.25,holdout,4,1025,headon,vfield,8fb882359b,ok,3,0,0,1,2,0,0.0417,3.0914,2.7258,2.0438,1.555,1,1,10.94,8450,3.57
grid2:halfR,,,PR6_x1.25,holdout,4,1027,headon,vfield,8fb882359b,ok,0,0,0,0,0,0,2.2105,3.0195,2.7258,2.0438,1.555,1,1,,8450,3.56
grid2:halfR,,,PR6_x1.25,holdout,4,1029,headon,vfield,8fb882359b,ok,0,0,0,0,0,0,3.7248,3.0578,2.7258,2.0438,1.555,1,1,,8450,3.56
grid2:halfR,,,PR6_x1.25,holdout,4,1031,headon,vfield,8fb882359b,ok,1,0,1,0,0,0,1.3207,0.3711,2.7258,2.0438,1.555,1,1,16.5,8450,3.62
grid2:halfR,,,PR6_x1.25,holdout,4,1033,headon,vfield,8fb882359b,ok,0,0,0,0,0,0,2.2887,5.2901,2.7258,2.0438,1.555,1,1,,8450,3.58
grid2:halfR,,,PR6_x1.25,holdout,4,1035,headon,vfield,8fb882359b,ok,0,0,0,0,0,0,2.2505,2.2689,2.7258,2.0438,1.555,1,1,,8450,3.55
grid2:halfR,,,PR6_x1.25,holdout,4,1037,headon,vfield,8fb882359b,ok,1,0,0,0,1,0,0.7765,3.5337,2.7258,2.0438,1.555,1,1,30.84,8450,3.6
grid2:halfR,,,PR6_x1.25,holdout,4,1039,headon,vfield,8fb882359b,ok,0,0,0,0,0,0,1.4764,4.5734,2.7258,2.0438,1.555,1,1,,8450,3.55
grid2:halfR,,,PR6_x1.25,holdout,4,1041,headon,vfield,8fb882359b,ok,0,0,0,0,0,0,2.3725,1.3995,2.7258,2.0438,1.555,1,1,,8450,3.56
grid2:halfR,,,PR6_x1.25,holdout,4,1043,headon,vfield,8fb882359b,ok,0,0,0,0,0,0,1.5736,5.2945,2.7258,2.0438,1.555,1,1,,8450,3.57
grid2:halfR,,,PR6_x1.25,holdout,4,1045,headon,vfield,8fb882359b,ok,0,0,0,0,0,0,1.4349,3.5109,2.7258,2.0438,1.555,1,1,,8450,3.54
grid2:halfR,,,PR6_x1.25,holdout,4,1047,headon,vfield,8fb882359b,ok,0,0,0,0,0,0,4.3723,3.4732,2.7258,2.0438,1.555,1,1,,8450,3.59
grid2:halfR,,,PR6_x1.25,holdout,4,1049,headon,vfield,8fb882359b,ok,2,0,0,0,2,0,0.4564,4.9179,2.7258,2.0438,1.555,1,1,14.44,8450,3.53
grid2:halfR,,,PR6_x1.25,holdout,4,1051,headon,vfield,8fb882359b,ok,0,0,0,0,0,0,1.7114,2.6259,2.7258,2.0438,1.555,1,1,,8450,3.58
grid2:halfR,,,PR6_x1.25,holdout,4,1053,headon,vfield,8fb882359b,ok,0,0,0,0,0,0,1.916,2.8318,2.7258,2.0438,1.555,1,1,,8450,3.57
grid2:halfR,,,PR6_x1.25,holdout,4,1055,headon,vfield,8fb882359b,ok,0,0,0,0,0,0,2.4862,2.5793,2.7258,2.0438,1.555,1,1,,8450,3.54
grid2:halfR,,,PR6_x1.25,holdout,4,1057,headon,vfield,8fb882359b,ok,0,0,0,0,0,0,2.0591,1.3602,2.7258,2.0438,1.555,1,1,,8450,3.6
grid2:halfR,,,PR6_x1.25,holdout,4,1059,headon,vfield,8fb882359b,ok,1,0,0,1,0,0,0.3698,4.8292,2.7258,2.0438,1.555,1,1,7.1,8450,3.55
grid2:halfR,,,PR6_x1.5,holdout,4,1001,headon,vfield,b5dce4059b,ok,0,0,0,0,0,0,3.2802,4.0116,2.7258,2.0438,1.555,1,1,,8450,3.56
grid2:halfR,,,PR6_x1.5,holdout,4,1003,headon,vfield,b5dce4059b,ok,0,0,0,0,0,0,2.3781,3.8078,2.7258,2.0438,1.555,1,1,,8450,3.61
grid2:halfR,,,PR6_x1.5,holdout,4,1005,headon,vfield,b5dce4059b,ok,1,0,1,0,0,0,1.9951,0.3489,2.7258,2.0438,1.555,1,1,8.05,8450,3.56
grid2:halfR,,,PR6_x1.5,holdout,4,1007,headon,vfield,b5dce4059b,ok,1,0,0,0,1,0,0.1183,4.5313,2.7258,2.0438,1.555,1,1,9.67,8450,3.57
grid2:halfR,,,PR6_x1.5,holdout,4,1009,headon,vfield,b5dce4059b,ok,2,0,0,1,1,0,0.4395,3.6568,2.7258,2.0438,1.555,1,1,11.71,8450,3.56
grid2:halfR,,,PR6_x1.5,holdout,4,1011,headon,vfield,b5dce4059b,ok,0,0,0,0,0,0,2.75,1.7467,2.7258,2.0438,1.555,1,1,,8450,3.58
grid2:halfR,,,PR6_x1.5,holdout,4,1013,headon,vfield,b5dce4059b,ok,0,0,0,0,0,0,1.9723,2.2244,2.7258,2.0438,1.555,1,1,,8450,3.59
grid2:halfR,,,PR6_x1.5,holdout,4,1015,headon,vfield,b5dce4059b,ok,0,0,0,0,0,0,1.4062,2.549,2.7258,2.0438,1.555,1,1,,8450,3.58
grid2:halfR,,,PR6_x1.5,holdout,4,1017,headon,vfield,b5dce4059b,ok,0,0,0,0,0,0,3.3692,2.1447,2.7258,2.0438,1.555,1,1,,8450,3.58
grid2:halfR,,,PR6_x1.5,holdout,4,1019,headon,vfield,b5dce4059b,ok,0,0,0,0,0,0,2.1107,5.2978,2.7258,2.0438,1.555,1,1,,8450,3.55
grid2:halfR,,,PR6_x1.5,holdout,4,1021,headon,vfield,b5dce4059b,ok,1,0,1,0,0,0,3.4315,0.2236,2.7258,2.0438,1.555,1,1,9.79,8450,3.59
grid2:halfR,,,PR6_x1.5,holdout,4,1023,headon,vfield,b5dce4059b,ok,1,0,0,0,1,0,0.3084,3.269,2.7258,2.0438,1.555,1,1,30.18,8450,3.59
grid2:halfR,,,PR6_x1.5,holdout,4,1025,headon,vfield,b5dce4059b,ok,0,0,0,0,0,0,3.205,3.2357,2.7258,2.0438,1.555,1,1,,8450,3.58
grid2:halfR,,,PR6_x1.5,holdout,4,1027,headon,vfield,b5dce4059b,ok,0,0,0,0,0,0,1.9855,3.7913,2.7258,2.0438,1.555,1,1,,8450,3.6
grid2:halfR,,,PR6_x1.5,holdout,4,1029,headon,vfield,b5dce4059b,ok,0,0,0,0,0,0,2.3622,3.2689,2.7258,2.0438,1.555,1,1,,8450,3.59
grid2:halfR,,,PR6_x1.5,holdout,4,1031,headon,vfield,b5dce4059b,ok,1,0,0,0,1,0,0.7921,2.9546,2.7258,2.0438,1.555,1,1,8.55,8450,3.57
grid2:halfR,,,PR6_x1.5,holdout,4,1033,headon,vfield,b5dce4059b,ok,0,0,0,0,0,0,3.7902,3.6078,2.7258,2.0438,1.555,1,1,,8450,3.57
grid2:halfR,,,PR6_x1.5,holdout,4,1035,headon,vfield,b5dce4059b,ok,0,0,0,0,0,0,1.563,3.5162,2.7258,2.0438,1.555,1,1,,8450,3.6
grid2:halfR,,,PR6_x1.5,holdout,4,1037,headon,vfield,b5dce4059b,ok,0,0,0,0,0,0,2.101,3.0403,2.7258,2.0438,1.555,1,1,,8450,3.57
grid2:halfR,,,PR6_x1.5,holdout,4,1039,headon,vfield,b5dce4059b,ok,0,0,0,0,0,0,1.1531,1.1206,2.7258,2.0438,1.555,1,1,,8450,3.58
grid2:halfR,,,PR6_x1.5,holdout,4,1041,headon,vfield,b5dce4059b,ok,0,0,0,0,0,0,2.8869,4.4341,2.7258,2.0438,1.555,1,1,,8450,3.56
grid2:halfR,,,PR6_x1.5,holdout,4,1043,headon,vfield,b5dce4059b,ok,0,0,0,0,0,0,3.2196,2.5807,2.7258,2.0438,1.555,1,1,,8450,3.59
grid2:halfR,,,PR6_x1.5,holdout,4,1045,headon,vfield,b5dce4059b,ok,0,0,0,0,0,0,3.5307,5.433,2.7258,2.0438,1.555,1,1,,8450,3.57
grid2:halfR,,,PR6_x1.5,holdout,4,1047,headon,vfield,b5dce4059b,ok,1,0,0,1,0,0,0.3582,3.6998,2.7258,2.0438,1.555,1,1,-33.48,8450,3.57
grid2:halfR,,,PR6_x1.5,holdout,4,1049,headon,vfield,b5dce4059b,ok,2,0,0,0,2,0,0.1258,1.9676,2.7258,2.0438,1.555,1,1,10.92,8450,3.55
grid2:halfR,,,PR6_x1.5,holdout,4,1051,headon,vfield,b5dce4059b,ok,0,0,0,0,0,0,2.8938,2.3663,2.7258,2.0438,1.555,1,1,,8450,3.54
grid2:halfR,,,PR6_x1.5,holdout,4,1053,headon,vfield,b5dce4059b,ok,1,0,0,0,1,0,0.2474,2.3763,2.7258,2.0438,1.555,1,1,11.83,8450,3.56
grid2:halfR,,,PR6_x1.5,holdout,4,1055,headon,vfield,b5dce4059b,ok,0,0,0,0,0,0,3.7638,4.6522,2.7258,2.0438,1.555,1,1,,8450,3.61
grid2:halfR,,,PR6_x1.5,holdout,4,1057,headon,vfield,b5dce4059b,ok,0,0,0,0,0,0,1.2951,4.6264,2.7258,2.0438,1.555,1,1,,8450,3.62
grid2:halfR,,,PR6_x1.5,holdout,4,1059,headon,vfield,b5dce4059b,ok,0,0,0,0,0,0,3.3641,4.2572,2.7258,2.0438,1.555,1,1,,8450,3.6
grid2:halfR,,,PR6_x2,holdout,4,1001,headon,vfield,22d12779c3,ok,1,0,0,0,1,0,0.5317,3.4166,2.7258,2.0438,1.555,1,1,11.52,8450,3.56
grid2:halfR,,,PR6_x2,holdout,4,1003,headon,vfield,22d12779c3,ok,0,0,0,0,0,0,1.0168,4.4706,2.7258,2.0438,1.555,1,1,,8450,3.6
grid2:halfR,,,PR6_x2,holdout,4,1005,headon,vfield,22d12779c3,ok,2,0,1,0,1,0,0.1175,0.578,2.7258,2.0438,1.555,1,1,8.33,8450,3.58
grid2:halfR,,,PR6_x2,holdout,4,1007,headon,vfield,22d12779c3,ok,0,0,0,0,0,0,3.2482,3.6999,2.7258,2.0438,1.555,1,1,,8450,3.62
grid2:halfR,,,PR6_x2,holdout,4,1009,headon,vfield,22d12779c3,ok,2,0,1,1,0,0,0.8442,0.4608,2.7258,2.0438,1.555,1,1,5.88,8450,3.59
grid2:halfR,,,PR6_x2,holdout,4,1011,headon,vfield,22d12779c3,ok,0,0,0,0,0,0,2.1996,4.3546,2.7258,2.0438,1.555,1,1,,8450,3.58
grid2:halfR,,,PR6_x2,holdout,4,1013,headon,vfield,22d12779c3,ok,0,0,0,0,0,0,3.3594,2.2969,2.7258,2.0438,1.555,1,1,,8450,3.56
grid2:halfR,,,PR6_x2,holdout,4,1015,headon,vfield,22d12779c3,ok,0,0,0,0,0,0,2.389,4.2234,2.7258,2.0438,1.555,1,1,,8450,3.54
grid2:halfR,,,PR6_x2,holdout,4,1017,headon,vfield,22d12779c3,ok,1,0,0,1,0,0,0.6863,2.1077,2.7258,2.0438,1.555,1,1,3.93,8450,3.58
grid2:halfR,,,PR6_x2,holdout,4,1019,headon,vfield,22d12779c3,ok,1,0,0,1,0,0,0.6672,2.1015,2.7258,2.0438,1.555,1,1,5.25,8450,3.59
grid2:halfR,,,PR6_x2,holdout,4,1021,headon,vfield,22d12779c3,ok,0,0,0,0,0,0,1.462,1.634,2.7258,2.0438,1.555,1,1,,8450,3.59
grid2:halfR,,,PR6_x2,holdout,4,1023,headon,vfield,22d12779c3,ok,0,0,0,0,0,0,2.6419,2.102,2.7258,2.0438,1.555,1,1,,8450,3.55
grid2:halfR,,,PR6_x2,holdout,4,1025,headon,vfield,22d12779c3,ok,0,0,0,0,0,0,2.4046,1.2697,2.7258,2.0438,1.555,1,1,,8450,3.54
grid2:halfR,,,PR6_x2,holdout,4,1027,headon,vfield,22d12779c3,ok,0,0,0,0,0,0,3.3937,1.2796,2.7258,2.0438,1.555,1,1,,8450,3.61
grid2:halfR,,,PR6_x2,holdout,4,1029,headon,vfield,22d12779c3,ok,0,0,0,0,0,0,1.8938,3.4439,2.7258,2.0438,1.555,1,1,,8450,3.71
grid2:halfR,,,PR6_x2,holdout,4,1031,headon,vfield,22d12779c3,ok,0,0,0,0,0,0,2.4328,1.8496,2.7258,2.0438,1.555,1,1,,8450,3.59
grid2:halfR,,,PR6_x2,holdout,4,1033,headon,vfield,22d12779c3,ok,1,0,0,0,1,0,0.8778,3.5166,2.7258,2.0438,1.555,1,1,29.62,8450,3.57
grid2:halfR,,,PR6_x2,holdout,4,1035,headon,vfield,22d12779c3,ok,4,0,1,1,2,0,0.1365,0.207,2.7258,2.0438,1.555,1,1,11.06,8450,3.56
grid2:halfR,,,PR6_x2,holdout,4,1037,headon,vfield,22d12779c3,ok,1,0,0,0,1,0,0.9635,4.2974,2.7258,2.0438,1.555,1,1,10.48,8450,3.58
grid2:halfR,,,PR6_x2,holdout,4,1039,headon,vfield,22d12779c3,ok,0,0,0,0,0,0,1.5027,1.3007,2.7258,2.0438,1.555,1,1,,8450,3.58
grid2:halfR,,,PR6_x2,holdout,4,1041,headon,vfield,22d12779c3,ok,0,0,0,0,0,0,3.2606,3.2137,2.7258,2.0438,1.555,1,1,,8450,3.64
grid2:halfR,,,PR6_x2,holdout,4,1043,headon,vfield,22d12779c3,ok,0,0,0,0,0,0,4.0262,2.9437,2.7258,2.0438,1.555,1,1,,8450,3.55
grid2:halfR,,,PR6_x2,holdout,4,1045,headon,vfield,22d12779c3,ok,0,0,0,0,0,0,2.5636,3.7294,2.7258,2.0438,1.555,1,1,,8450,3.56
grid2:halfR,,,PR6_x2,holdout,4,1047,headon,vfield,22d12779c3,ok,1,0,0,1,0,0,0.5876,2.8613,2.7258,2.0438,1.555,1,1,-32.58,8450,3.59
grid2:halfR,,,PR6_x2,holdout,4,1049,headon,vfield,22d12779c3,ok,0,0,0,0,0,0,3.4773,1.6547,2.7258,2.0438,1.555,1,1,,8450,3.59
grid2:halfR,,,PR6_x2,holdout,4,1051,headon,vfield,22d12779c3,ok,1,0,0,0,1,0,0.7641,3.7199,2.7258,2.0438,1.555,1,1,11.92,8450,3.62
grid2:halfR,,,PR6_x2,holdout,4,1053,headon,vfield,22d12779c3,ok,1,0,0,0,1,0,0.9261,3.8601,2.7258,2.0438,1.555,1,1,10.59,8450,3.56
grid2:halfR,,,PR6_x2,holdout,4,1055,headon,vfield,22d12779c3,ok,0,0,0,0,0,0,2.1752,2.4265,2.7258,2.0438,1.555,1,1,,8450,3.61
grid2:halfR,,,PR6_x2,holdout,4,1057,headon,vfield,22d12779c3,ok,0,0,0,0,0,0,2.4812,3.6665,2.7258,2.0438,1.555,1,1,,8450,3.58
grid2:halfR,,,PR6_x2,holdout,4,1059,headon,vfield,22d12779c3,ok,0,0,0,0,0,0,4.0699,4.9798,2.7258,2.0438,1.555,1,1,,8450,3.56
grid2:halfR,,,PR8_x1,holdout,4,1001,headon,vfield,fceadefa1c,ok,0,0,0,0,0,0,4.4538,5.3408,2.7258,2.0438,1.555,1,1,,8450,3.58
grid2:halfR,,,PR8_x1,holdout,4,1003,headon,vfield,fceadefa1c,ok,1,0,1,0,0,0,3.6397,0.9236,2.7258,2.0438,1.555,1,1,17.15,8450,3.55
grid2:halfR,,,PR8_x1,holdout,4,1005,headon,vfield,fceadefa1c,ok,1,0,0,0,1,0,0.3921,4.8115,2.7258,2.0438,1.555,1,1,28.76,8450,3.55
grid2:halfR,,,PR8_x1,holdout,4,1007,headon,vfield,fceadefa1c,ok,0,0,0,0,0,0,3.6957,4.7661,2.7258,2.0438,1.555,1,1,,8450,3.61
grid2:halfR,,,PR8_x1,holdout,4,1009,headon,vfield,fceadefa1c,ok,1,0,0,1,0,0,0.3399,4.7911,2.7258,2.0438,1.555,1,1,16.92,8450,3.58
grid2:halfR,,,PR8_x1,holdout,4,1011,headon,vfield,fceadefa1c,ok,2,0,1,0,1,0,0.4977,0.58,2.7258,2.0438,1.555,1,1,12.32,8450,3.57
grid2:halfR,,,PR8_x1,holdout,4,1013,headon,vfield,fceadefa1c,ok,0,0,0,0,0,0,4.3631,5.684,2.7258,2.0438,1.555,1,1,,8450,3.56
grid2:halfR,,,PR8_x1,holdout,4,1015,headon,vfield,fceadefa1c,ok,0,0,0,0,0,0,2.2061,5.1039,2.7258,2.0438,1.555,1,1,,8450,3.57
grid2:halfR,,,PR8_x1,holdout,4,1017,headon,vfield,fceadefa1c,ok,0,0,0,0,0,0,3.4587,4.8262,2.7258,2.0438,1.555,1,1,,8450,3.58
grid2:halfR,,,PR8_x1,holdout,4,1019,headon,vfield,fceadefa1c,ok,0,0,0,0,0,0,3.1344,1.0839,2.7258,2.0438,1.555,1,1,,8450,3.6
grid2:halfR,,,PR8_x1,holdout,4,1021,headon,vfield,fceadefa1c,ok,1,0,0,0,1,0,0.2041,2.3525,2.7258,2.0438,1.555,1,1,23.74,8450,3.6
grid2:halfR,,,PR8_x1,holdout,4,1023,headon,vfield,fceadefa1c,ok,1,0,0,1,0,0,0.7438,3.9602,2.7258,2.0438,1.555,1,1,13.52,8450,3.55
grid2:halfR,,,PR8_x1,holdout,4,1025,headon,vfield,fceadefa1c,ok,0,0,0,0,0,0,1.0982,4.462,2.7258,2.0438,1.555,1,1,,8450,3.56
grid2:halfR,,,PR8_x1,holdout,4,1027,headon,vfield,fceadefa1c,ok,0,0,0,0,0,0,1.2394,4.9419,2.7258,2.0438,1.555,1,1,,8450,3.59
grid2:halfR,,,PR8_x1,holdout,4,1029,headon,vfield,fceadefa1c,ok,1,0,0,0,1,0,0.6225,4.9695,2.7258,2.0438,1.555,1,1,11.07,8450,3.59
grid2:halfR,,,PR8_x1,holdout,4,1031,headon,vfield,fceadefa1c,ok,1,0,0,1,0,0,0.7795,3.539,2.7258,2.0438,1.555,1,1,14.35,8450,3.59
grid2:halfR,,,PR8_x1,holdout,4,1033,headon,vfield,fceadefa1c,ok,0,0,0,0,0,0,1.1793,4.3166,2.7258,2.0438,1.555,1,1,,8450,3.55
grid2:halfR,,,PR8_x1,holdout,4,1035,headon,vfield,fceadefa1c,ok,0,0,0,0,0,0,1.2263,4.873,2.7258,2.0438,1.555,1,1,,8450,3.54
grid2:halfR,,,PR8_x1,holdout,4,1037,headon,vfield,fceadefa1c,ok,0,0,0,0,0,0,4.36,3.9036,2.7258,2.0438,1.555,1,1,,8450,3.6
grid2:halfR,,,PR8_x1,holdout,4,1039,headon,vfield,fceadefa1c,ok,0,0,0,0,0,0,1.403,5.3327,2.7258,2.0438,1.555,1,1,,8450,3.59
grid2:halfR,,,PR8_x1,holdout,4,1041,headon,vfield,fceadefa1c,ok,0,0,0,0,0,0,3.4711,3.0252,2.7258,2.0438,1.555,1,1,,8450,3.59
grid2:halfR,,,PR8_x1,holdout,4,1043,headon,vfield,fceadefa1c,ok,0,0,0,0,0,0,4.1147,5.1339,2.7258,2.0438,1.555,1,1,,8450,3.58
grid2:halfR,,,PR8_x1,holdout,4,1045,headon,vfield,fceadefa1c,ok,0,0,0,0,0,0,1.2332,3.9652,2.7258,2.0438,1.555,1,1,,8450,3.55
grid2:halfR,,,PR8_x1,holdout,4,1047,headon,vfield,fceadefa1c,ok,0,0,0,0,0,0,4.1675,5.2599,2.7258,2.0438,1.555,1,1,,8450,3.58
grid2:halfR,,,PR8_x1,holdout,4,1049,headon,vfield,fceadefa1c,ok,0,0,0,0,0,0,4.0443,4.8212,2.7258,2.0438,1.555,1,1,,8450,3.61
grid2:halfR,,,PR8_x1,holdout,4,1051,headon,vfield,fceadefa1c,ok,1,0,0,0,1,0,0.8004,3.4648,2.7258,2.0438,1.555,1,1,19.94,8450,3.59
grid2:halfR,,,PR8_x1,holdout,4,1053,headon,vfield,fceadefa1c,ok,0,0,0,0,0,0,3.2991,2.4594,2.7258,2.0438,1.555,1,1,,8450,3.53
grid2:halfR,,,PR8_x1,holdout,4,1055,headon,vfield,fceadefa1c,ok,1,0,0,0,1,0,0.8446,5.1596,2.7258,2.0438,1.555,1,1,27.18,8450,3.54
grid2:halfR,,,PR8_x1,holdout,4,1057,headon,vfield,fceadefa1c,ok,1,0,0,0,1,0,0.4865,3.7535,2.7258,2.0438,1.555,1,1,15.37,8450,3.58
grid2:halfR,,,PR8_x1,holdout,4,1059,headon,vfield,fceadefa1c,ok,0,0,0,0,0,0,5.8529,3.2644,2.7258,2.0438,1.555,1,1,,8450,3.6
grid2:halfR,,,PR8_x1.25,holdout,4,1001,headon,vfield,0b30b5ac1a,ok,0,0,0,0,0,0,2.3863,4.9514,2.7258,2.0438,1.555,1,1,,8450,3.59
grid2:halfR,,,PR8_x1.25,holdout,4,1003,headon,vfield,0b30b5ac1a,ok,0,0,0,0,0,0,3.0194,6.926,2.7258,2.0438,1.555,1,1,,8450,3.54
grid2:halfR,,,PR8_x1.25,holdout,4,1005,headon,vfield,0b30b5ac1a,ok,0,0,0,0,0,0,2.6099,5.6749,2.7258,2.0438,1.555,1,1,,8450,3.57
grid2:halfR,,,PR8_x1.25,holdout,4,1007,headon,vfield,0b30b5ac1a,ok,0,0,0,0,0,0,3.0802,4.581,2.7258,2.0438,1.555,1,1,,8450,3.57
grid2:halfR,,,PR8_x1.25,holdout,4,1009,headon,vfield,0b30b5ac1a,ok,1,0,0,1,0,0,0.489,4.6934,2.7258,2.0438,1.555,1,1,-29.55,8450,3.58
grid2:halfR,,,PR8_x1.25,holdout,4,1011,headon,vfield,0b30b5ac1a,ok,0,0,0,0,0,0,4.4099,6.0892,2.7258,2.0438,1.555,1,1,,8450,3.59
grid2:halfR,,,PR8_x1.25,holdout,4,1013,headon,vfield,0b30b5ac1a,ok,0,0,0,0,0,0,1.7581,6.7977,2.7258,2.0438,1.555,1,1,,8450,3.57
grid2:halfR,,,PR8_x1.25,holdout,4,1015,headon,vfield,0b30b5ac1a,ok,0,0,0,0,0,0,2.6495,6.8833,2.7258,2.0438,1.555,1,1,,8450,3.55
grid2:halfR,,,PR8_x1.25,holdout,4,1017,headon,vfield,0b30b5ac1a,ok,0,0,0,0,0,0,3.1061,6.4775,2.7258,2.0438,1.555,1,1,,8450,3.6
grid2:halfR,,,PR8_x1.25,holdout,4,1019,headon,vfield,0b30b5ac1a,ok,2,1,0,0,1,0,0.1704,0.6561,2.7258,2.0438,1.555,1,1,17.09,8450,3.57
grid2:halfR,,,PR8_x1.25,holdout,4,1021,headon,vfield,0b30b5ac1a,ok,0,0,0,0,0,0,5.6127,5.8077,2.7258,2.0438,1.555,1,1,,8450,3.6
grid2:halfR,,,PR8_x1.25,holdout,4,1023,headon,vfield,0b30b5ac1a,ok,0,0,0,0,0,0,2.1986,5.6673,2.7258,2.0438,1.555,1,1,,8450,3.55
grid2:halfR,,,PR8_x1.25,holdout,4,1025,headon,vfield,0b30b5ac1a,ok,0,0,0,0,0,0,4.9692,5.2129,2.7258,2.0438,1.555,1,1,,8450,3.57
grid2:halfR,,,PR8_x1.25,holdout,4,1027,headon,vfield,0b30b5ac1a,ok,0,0,0,0,0,0,4.8819,7.0243,2.7258,2.0438,1.555,1,1,,8450,3.59
grid2:halfR,,,PR8_x1.25,holdout,4,1029,headon,vfield,0b30b5ac1a,ok,0,0,0,0,0,0,2.2506,5.7734,2.7258,2.0438,1.555,1,1,,8450,3.59
grid2:halfR,,,PR8_x1.25,holdout,4,1031,headon,vfield,0b30b5ac1a,ok,0,0,0,0,0,0,1.1578,3.7716,2.7258,2.0438,1.555,1,1,,8450,3.57
grid2:halfR,,,PR8_x1.25,holdout,4,1033,headon,vfield,0b30b5ac1a,ok,0,0,0,0,0,0,2.4092,4.0087,2.7258,2.0438,1.555,1,1,,8450,3.56
grid2:halfR,,,PR8_x1.25,holdout,4,1035,headon,vfield,0b30b5ac1a,ok,0,0,0,0,0,0,1.9576,6.9972,2.7258,2.0438,1.555,1,1,,8450,3.56
grid2:halfR,,,PR8_x1.25,holdout,4,1037,headon,vfield,0b30b5ac1a,ok,0,0,0,0,0,0,2.2845,5.343,2.7258,2.0438,1.555,1,1,,8450,3.61
grid2:halfR,,,PR8_x1.25,holdout,4,1039,headon,vfield,0b30b5ac1a,ok,0,0,0,0,0,0,4.6711,4.9455,2.7258,2.0438,1.555,1,1,,8450,3.57
grid2:halfR,,,PR8_x1.25,holdout,4,1041,headon,vfield,0b30b5ac1a,ok,0,0,0,0,0,0,1.7811,5.362,2.7258,2.0438,1.555,1,1,,8450,3.58
grid2:halfR,,,PR8_x1.25,holdout,4,1043,headon,vfield,0b30b5ac1a,ok,0,0,0,0,0,0,1.9005,5.4464,2.7258,2.0438,1.555,1,1,,8450,3.57
grid2:halfR,,,PR8_x1.25,holdout,4,1045,headon,vfield,0b30b5ac1a,ok,0,0,0,0,0,0,4.2677,6.8275,2.7258,2.0438,1.555,1,1,,8450,3.6
grid2:halfR,,,PR8_x1.25,holdout,4,1047,headon,vfield,0b30b5ac1a,ok,0,0,0,0,0,0,3.6558,3.0731,2.7258,2.0438,1.555,1,1,,8450,3.55
grid2:halfR,,,PR8_x1.25,holdout,4,1049,headon,vfield,0b30b5ac1a,ok,0,0,0,0,0,0,4.2474,5.3159,2.7258,2.0438,1.555,1,1,,8450,3.56
grid2:halfR,,,PR8_x1.25,holdout,4,1051,headon,vfield,0b30b5ac1a,ok,0,0,0,0,0,0,3.1007,5.2718,2.7258,2.0438,1.555,1,1,,8450,3.57
grid2:halfR,,,PR8_x1.25,holdout,4,1053,headon,vfield,0b30b5ac1a,ok,0,0,0,0,0,0,3.775,3.7827,2.7258,2.0438,1.555,1,1,,8450,3.57
grid2:halfR,,,PR8_x1.25,holdout,4,1055,headon,vfield,0b30b5ac1a,ok,0,0,0,0,0,0,4.1913,6.012,2.7258,2.0438,1.555,1,1,,8450,3.58
grid2:halfR,,,PR8_x1.25,holdout,4,1057,headon,vfield,0b30b5ac1a,ok,0,0,0,0,0,0,3.7166,6.6771,2.7258,2.0438,1.555,1,1,,8450,3.56
grid2:halfR,,,PR8_x1.25,holdout,4,1059,headon,vfield,0b30b5ac1a,ok,0,0,0,0,0,0,2.3794,6.4653,2.7258,2.0438,1.555,1,1,,8450,3.58
grid2:halfR,,,PR8_x1.5,holdout,4,1001,headon,vfield,a7c27594b3,ok,0,0,0,0,0,0,4.6831,6.403,2.7258,2.0438,1.555,1,1,,8450,3.57
grid2:halfR,,,PR8_x1.5,holdout,4,1003,headon,vfield,a7c27594b3,ok,0,0,0,0,0,0,3.378,5.8707,2.7258,2.0438,1.555,1,1,,8450,3.6
grid2:halfR,,,PR8_x1.5,holdout,4,1005,headon,vfield,a7c27594b3,ok,0,0,0,0,0,0,3.1128,5.752,2.7258,2.0438,1.555,1,1,,8450,3.54
grid2:halfR,,,PR8_x1.5,holdout,4,1007,headon,vfield,a7c27594b3,ok,0,0,0,0,0,0,3.8165,5.8824,2.7258,2.0438,1.555,1,1,,8450,3.57
grid2:halfR,,,PR8_x1.5,holdout,4,1009,headon,vfield,a7c27594b3,ok,0,0,0,0,0,0,3.7416,5.9028,2.7258,2.0438,1.555,1,1,,8450,3.6
grid2:halfR,,,PR8_x1.5,holdout,4,1011,headon,vfield,a7c27594b3,ok,0,0,0,0,0,0,2.3797,5.6599,2.7258,2.0438,1.555,1,1,,8450,3.57
grid2:halfR,,,PR8_x1.5,holdout,4,1013,headon,vfield,a7c27594b3,ok,0,0,0,0,0,0,4.45,4.7881,2.7258,2.0438,1.555,1,1,,8450,3.59
grid2:halfR,,,PR8_x1.5,holdout,4,1015,headon,vfield,a7c27594b3,ok,0,0,0,0,0,0,5.1539,5.942,2.7258,2.0438,1.555,1,1,,8450,3.59
grid2:halfR,,,PR8_x1.5,holdout,4,1017,headon,vfield,a7c27594b3,ok,0,0,0,0,0,0,2.8825,6.0114,2.7258,2.0438,1.555,1,1,,8450,3.54
grid2:halfR,,,PR8_x1.5,holdout,4,1019,headon,vfield,a7c27594b3,ok,0,0,0,0,0,0,4.0001,7.1186,2.7258,2.0438,1.555,1,1,,8450,3.59
grid2:halfR,,,PR8_x1.5,holdout,4,1021,headon,vfield,a7c27594b3,ok,0,0,0,0,0,0,4.6012,6.4708,2.7258,2.0438,1.555,1,1,,8450,3.58
grid2:halfR,,,PR8_x1.5,holdout,4,1023,headon,vfield,a7c27594b3,ok,0,0,0,0,0,0,1.6159,6.2247,2.7258,2.0438,1.555,1,1,,8450,3.56
grid2:halfR,,,PR8_x1.5,holdout,4,1025,headon,vfield,a7c27594b3,ok,0,0,0,0,0,0,3.3424,5.341,2.7258,2.0438,1.555,1,1,,8450,3.59
grid2:halfR,,,PR8_x1.5,holdout,4,1027,headon,vfield,a7c27594b3,ok,0,0,0,0,0,0,3.8491,5.7522,2.7258,2.0438,1.555,1,1,,8450,3.57
grid2:halfR,,,PR8_x1.5,holdout,4,1029,headon,vfield,a7c27594b3,ok,0,0,0,0,0,0,4.4741,6.3065,2.7258,2.0438,1.555,1,1,,8450,3.61
grid2:halfR,,,PR8_x1.5,holdout,4,1031,headon,vfield,a7c27594b3,ok,0,0,0,0,0,0,4.8903,6.4615,2.7258,2.0438,1.555,1,1,,8450,3.61
grid2:halfR,,,PR8_x1.5,holdout,4,1033,headon,vfield,a7c27594b3,ok,0,0,0,0,0,0,3.1732,4.0307,2.7258,2.0438,1.555,1,1,,8450,3.56
grid2:halfR,,,PR8_x1.5,holdout,4,1035,headon,vfield,a7c27594b3,ok,0,0,0,0,0,0,1.4116,5.1623,2.7258,2.0438,1.555,1,1,,8450,3.59
grid2:halfR,,,PR8_x1.5,holdout,4,1037,headon,vfield,a7c27594b3,ok,0,0,0,0,0,0,3.5766,6.5107,2.7258,2.0438,1.555,1,1,,8450,3.56
grid2:halfR,,,PR8_x1.5,holdout,4,1039,headon,vfield,a7c27594b3,ok,1,0,0,0,1,0,0.4201,5.5567,2.7258,2.0438,1.555,1,1,42.82,8450,3.57
grid2:halfR,,,PR8_x1.5,holdout,4,1041,headon,vfield,a7c27594b3,ok,0,0,0,0,0,0,4.0864,3.8022,2.7258,2.0438,1.555,1,1,,8450,3.59
grid2:halfR,,,PR8_x1.5,holdout,4,1043,headon,vfield,a7c27594b3,ok,0,0,0,0,0,0,4.5784,5.5259,2.7258,2.0438,1.555,1,1,,8450,3.57
grid2:halfR,,,PR8_x1.5,holdout,4,1045,headon,vfield,a7c27594b3,ok,0,0,0,0,0,0,4.2485,7.0092,2.7258,2.0438,1.555,1,1,,8450,3.57
grid2:halfR,,,PR8_x1.5,holdout,4,1047,headon,vfield,a7c27594b3,ok,0,0,0,0,0,0,1.1422,6.0304,2.7258,2.0438,1.555,1,1,,8450,3.55
grid2:halfR,,,PR8_x1.5,holdout,4,1049,headon,vfield,a7c27594b3,ok,0,0,0,0,0,0,5.1458,5.3929,2.7258,2.0438,1.555,1,1,,8450,3.62
grid2:halfR,,,PR8_x1.5,holdout,4,1051,headon,vfield,a7c27594b3,ok,0,0,0,0,0,0,4.4171,6.0572,2.7258,2.0438,1.555,1,1,,8450,3.58
grid2:halfR,,,PR8_x1.5,holdout,4,1053,headon,vfield,a7c27594b3,ok,0,0,0,0,0,0,3.0859,4.8936,2.7258,2.0438,1.555,1,1,,8450,3.6
grid2:halfR,,,PR8_x1.5,holdout,4,1055,headon,vfield,a7c27594b3,ok,0,0,0,0,0,0,3.4701,5.4746,2.7258,2.0438,1.555,1,1,,8450,3.58
grid2:halfR,,,PR8_x1.5,holdout,4,1057,headon,vfield,a7c27594b3,ok,0,0,0,0,0,0,4.0682,5.4378,2.7258,2.0438,1.555,1,1,,8450,3.55
grid2:halfR,,,PR8_x1.5,holdout,4,1059,headon,vfield,a7c27594b3,ok,0,0,0,0,0,0,1.5385,5.8437,2.7258,2.0438,1.555,1,1,,8450,3.59
grid2:halfR,,,PR8_x2,holdout,4,1001,headon,vfield,88ced5662f,ok,0,0,0,0,0,0,2.2297,7.1969,2.7258,2.0438,1.555,1,1,,8450,3.6
grid2:halfR,,,PR8_x2,holdout,4,1003,headon,vfield,88ced5662f,ok,0,0,0,0,0,0,2.2554,7.2566,2.7258,2.0438,1.555,1,1,,8450,3.59
grid2:halfR,,,PR8_x2,holdout,4,1005,headon,vfield,88ced5662f,ok,0,0,0,0,0,0,1.5696,4.7034,2.7258,2.0438,1.555,1,1,,8450,3.6
grid2:halfR,,,PR8_x2,holdout,4,1007,headon,vfield,88ced5662f,ok,0,0,0,0,0,0,1.3018,3.3285,2.7258,2.0438,1.555,1,1,,8450,3.56
grid2:halfR,,,PR8_x2,holdout,4,1009,headon,vfield,88ced5662f,ok,0,0,0,0,0,0,2.3499,6.0252,2.7258,2.0438,1.555,1,1,,8450,3.56
grid2:halfR,,,PR8_x2,holdout,4,1011,headon,vfield,88ced5662f,ok,0,0,0,0,0,0,2.3708,7.0583,2.7258,2.0438,1.555,1,1,,8450,3.58
grid2:halfR,,,PR8_x2,holdout,4,1013,headon,vfield,88ced5662f,ok,0,0,0,0,0,0,4.581,3.5314,2.7258,2.0438,1.555,1,1,,8450,3.57
grid2:halfR,,,PR8_x2,holdout,4,1015,headon,vfield,88ced5662f,ok,1,0,0,1,0,0,0.8399,3.437,2.7258,2.0438,1.555,1,1,15.01,8450,3.58
grid2:halfR,,,PR8_x2,holdout,4,1017,headon,vfield,88ced5662f,ok,0,0,0,0,0,0,4.2914,3.7931,2.7258,2.0438,1.555,1,1,,8450,3.55
grid2:halfR,,,PR8_x2,holdout,4,1019,headon,vfield,88ced5662f,ok,1,0,0,0,1,0,0.931,2.1694,2.7258,2.0438,1.555,1,1,31.54,8450,3.58
grid2:halfR,,,PR8_x2,holdout,4,1021,headon,vfield,88ced5662f,ok,0,0,0,0,0,0,2.4825,3.207,2.7258,2.0438,1.555,1,1,,8450,3.58
grid2:halfR,,,PR8_x2,holdout,4,1023,headon,vfield,88ced5662f,ok,0,0,0,0,0,0,4.8722,3.3657,2.7258,2.0438,1.555,1,1,,8450,3.6
grid2:halfR,,,PR8_x2,holdout,4,1025,headon,vfield,88ced5662f,ok,0,0,0,0,0,0,1.9125,6.6489,2.7258,2.0438,1.555,1,1,,8450,3.57
grid2:halfR,,,PR8_x2,holdout,4,1027,headon,vfield,88ced5662f,ok,0,0,0,0,0,0,1.8585,6.7183,2.7258,2.0438,1.555,1,1,,8450,3.59
grid2:halfR,,,PR8_x2,holdout,4,1029,headon,vfield,88ced5662f,ok,0,0,0,0,0,0,2.331,5.6597,2.7258,2.0438,1.555,1,1,,8450,3.59
grid2:halfR,,,PR8_x2,holdout,4,1031,headon,vfield,88ced5662f,ok,0,0,0,0,0,0,2.0715,7.0452,2.7258,2.0438,1.555,1,1,,8450,3.61
grid2:halfR,,,PR8_x2,holdout,4,1033,headon,vfield,88ced5662f,ok,0,0,0,0,0,0,1.2944,4.1866,2.7258,2.0438,1.555,1,1,,8450,3.58
grid2:halfR,,,PR8_x2,holdout,4,1035,headon,vfield,88ced5662f,ok,0,0,0,0,0,0,2.0556,6.912,2.7258,2.0438,1.555,1,1,,8450,3.59
grid2:halfR,,,PR8_x2,holdout,4,1037,headon,vfield,88ced5662f,ok,0,0,0,0,0,0,1.7086,4.8369,2.7258,2.0438,1.555,1,1,,8450,3.6
grid2:halfR,,,PR8_x2,holdout,4,1039,headon,vfield,88ced5662f,ok,0,0,0,0,0,0,2.4929,7.2898,2.7258,2.0438,1.555,1,1,,8450,3.58
grid2:halfR,,,PR8_x2,holdout,4,1041,headon,vfield,88ced5662f,ok,0,0,0,0,0,0,3.9608,3.922,2.7258,2.0438,1.555,1,1,,8450,3.59
grid2:halfR,,,PR8_x2,holdout,4,1043,headon,vfield,88ced5662f,ok,0,0,0,0,0,0,2.4714,6.6378,2.7258,2.0438,1.555,1,1,,8450,3.61
grid2:halfR,,,PR8_x2,holdout,4,1045,headon,vfield,88ced5662f,ok,0,0,0,0,0,0,1.4925,6.6828,2.7258,2.0438,1.555,1,1,,8450,3.6
grid2:halfR,,,PR8_x2,holdout,4,1047,headon,vfield,88ced5662f,ok,0,0,0,0,0,0,2.0847,5.4195,2.7258,2.0438,1.555,1,1,,8450,3.58
grid2:halfR,,,PR8_x2,holdout,4,1049,headon,vfield,88ced5662f,ok,0,0,0,0,0,0,3.335,6.7436,2.7258,2.0438,1.555,1,1,,8450,3.58
grid2:halfR,,,PR8_x2,holdout,4,1051,headon,vfield,88ced5662f,ok,0,0,0,0,0,0,3.7198,6.633,2.7258,2.0438,1.555,1,1,,8450,3.56
grid2:halfR,,,PR8_x2,holdout,4,1053,headon,vfield,88ced5662f,ok,0,0,0,0,0,0,2.9178,5.6253,2.7258,2.0438,1.555,1,1,,8450,3.59
grid2:halfR,,,PR8_x2,holdout,4,1055,headon,vfield,88ced5662f,ok,0,0,0,0,0,0,3.7116,6.3906,2.7258,2.0438,1.555,1,1,,8450,3.59
grid2:halfR,,,PR8_x2,holdout,4,1057,headon,vfield,88ced5662f,ok,0,0,0,0,0,0,2.2865,4.3551,2.7258,2.0438,1.555,1,1,,8450,3.56
grid2:halfR,,,PR8_x2,holdout,4,1059,headon,vfield,88ced5662f,ok,0,0,0,0,0,0,2.3211,7.0977,2.7258,2.0438,1.555,1,1,,8450,3.6
grid2:halfR,,,PR10_x1,holdout,4,1001,headon,vfield,0baef7e567,ok,0,0,0,0,0,0,2.1879,5.1111,2.7258,2.0438,1.555,1,1,,8450,3.58
grid2:halfR,,,PR10_x1,holdout,4,1003,headon,vfield,0baef7e567,ok,0,0,0,0,0,0,4.0872,5.2037,2.7258,2.0438,1.555,1,1,,8450,3.58
grid2:halfR,,,PR10_x1,holdout,4,1005,headon,vfield,0baef7e567,ok,0,0,0,0,0,0,6.5671,6.2191,2.7258,2.0438,1.555,1,1,,8450,3.57
grid2:halfR,,,PR10_x1,holdout,4,1007,headon,vfield,0baef7e567,ok,0,0,0,0,0,0,3.9453,1.8169,2.7258,2.0438,1.555,1,1,,8450,3.56
grid2:halfR,,,PR10_x1,holdout,4,1009,headon,vfield,0baef7e567,ok,0,0,0,0,0,0,2.9733,6.3912,2.7258,2.0438,1.555,1,1,,8450,3.62
grid2:halfR,,,PR10_x1,holdout,4,1011,headon,vfield,0baef7e567,ok,0,0,0,0,0,0,4.5886,5.1704,2.7258,2.0438,1.555,1,1,,8450,3.59
grid2:halfR,,,PR10_x1,holdout,4,1013,headon,vfield,0baef7e567,ok,0,0,0,0,0,0,5.7666,3.9306,2.7258,2.0438,1.555,1,1,,8450,3.52
grid2:halfR,,,PR10_x1,holdout,4,1015,headon,vfield,0baef7e567,ok,0,0,0,0,0,0,3.3416,4.2812,2.7258,2.0438,1.555,1,1,,8450,3.59
grid2:halfR,,,PR10_x1,holdout,4,1017,headon,vfield,0baef7e567,ok,0,0,0,0,0,0,2.0415,5.2127,2.7258,2.0438,1.555,1,1,,8450,3.6
grid2:halfR,,,PR10_x1,holdout,4,1019,headon,vfield,0baef7e567,ok,0,0,0,0,0,0,1.287,3.0004,2.7258,2.0438,1.555,1,1,,8450,3.58
grid2:halfR,,,PR10_x1,holdout,4,1021,headon,vfield,0baef7e567,ok,0,0,0,0,0,0,2.0275,6.305,2.7258,2.0438,1.555,1,1,,8450,3.58
grid2:halfR,,,PR10_x1,holdout,4,1023,headon,vfield,0baef7e567,ok,0,0,0,0,0,0,4.3465,4.1447,2.7258,2.0438,1.555,1,1,,8450,3.56
grid2:halfR,,,PR10_x1,holdout,4,1025,headon,vfield,0baef7e567,ok,0,0,0,0,0,0,3.0774,5.4307,2.7258,2.0438,1.555,1,1,,8450,3.57
grid2:halfR,,,PR10_x1,holdout,4,1027,headon,vfield,0baef7e567,ok,0,0,0,0,0,0,3.7025,5.9556,2.7258,2.0438,1.555,1,1,,8450,3.57
grid2:halfR,,,PR10_x1,holdout,4,1029,headon,vfield,0baef7e567,ok,0,0,0,0,0,0,5.3738,5.7325,2.7258,2.0438,1.555,1,1,,8450,3.61
grid2:halfR,,,PR10_x1,holdout,4,1031,headon,vfield,0baef7e567,ok,0,0,0,0,0,0,2.3852,3.9826,2.7258,2.0438,1.555,1,1,,8450,3.54
grid2:halfR,,,PR10_x1,holdout,4,1033,headon,vfield,0baef7e567,ok,0,0,0,0,0,0,3.4109,3.1374,2.7258,2.0438,1.555,1,1,,8450,3.57
grid2:halfR,,,PR10_x1,holdout,4,1035,headon,vfield,0baef7e567,ok,1,0,1,0,0,0,5.2342,0.4035,2.7258,2.0438,1.555,1,1,-1.09,8450,3.6
grid2:halfR,,,PR10_x1,holdout,4,1037,headon,vfield,0baef7e567,ok,0,0,0,0,0,0,3.8389,2.551,2.7258,2.0438,1.555,1,1,,8450,3.58
grid2:halfR,,,PR10_x1,holdout,4,1039,headon,vfield,0baef7e567,ok,0,0,0,0,0,0,5.5029,1.4943,2.7258,2.0438,1.555,1,1,,8450,3.58
grid2:halfR,,,PR10_x1,holdout,4,1041,headon,vfield,0baef7e567,ok,0,0,0,0,0,0,2.1648,2.6531,2.7258,2.0438,1.555,1,1,,8450,3.56
grid2:halfR,,,PR10_x1,holdout,4,1043,headon,vfield,0baef7e567,ok,0,0,0,0,0,0,3.0141,5.9491,2.7258,2.0438,1.555,1,1,,8450,3.56
grid2:halfR,,,PR10_x1,holdout,4,1045,headon,vfield,0baef7e567,ok,0,0,0,0,0,0,5.0577,3.7816,2.7258,2.0438,1.555,1,1,,8450,3.57
grid2:halfR,,,PR10_x1,holdout,4,1047,headon,vfield,0baef7e567,ok,0,0,0,0,0,0,2.8946,5.3633,2.7258,2.0438,1.555,1,1,,8450,3.59
grid2:halfR,,,PR10_x1,holdout,4,1049,headon,vfield,0baef7e567,ok,0,0,0,0,0,0,3.3484,4.818,2.7258,2.0438,1.555,1,1,,8450,3.55
grid2:halfR,,,PR10_x1,holdout,4,1051,headon,vfield,0baef7e567,ok,0,0,0,0,0,0,1.1638,5.0568,2.7258,2.0438,1.555,1,1,,8450,3.57
grid2:halfR,,,PR10_x1,holdout,4,1053,headon,vfield,0baef7e567,ok,0,0,0,0,0,0,4.4669,2.7396,2.7258,2.0438,1.555,1,1,,8450,3.56
grid2:halfR,,,PR10_x1,holdout,4,1055,headon,vfield,0baef7e567,ok,0,0,0,0,0,0,3.2301,6.0663,2.7258,2.0438,1.555,1,1,,8450,3.59
grid2:halfR,,,PR10_x1,holdout,4,1057,headon,vfield,0baef7e567,ok,0,0,0,0,0,0,2.5569,4.5133,2.7258,2.0438,1.555,1,1,,8450,3.61
grid2:halfR,,,PR10_x1,holdout,4,1059,headon,vfield,0baef7e567,ok,0,0,0,0,0,0,5.1898,3.1989,2.7258,2.0438,1.555,1,1,,8450,3.56
grid2:halfR,,,PR10_x1.25,holdout,4,1001,headon,vfield,a473532617,ok,2,0,1,0,1,0,0.3592,0.2876,2.7258,2.0438,1.555,1,1,16.92,8450,3.55
grid2:halfR,,,PR10_x1.25,holdout,4,1003,headon,vfield,a473532617,ok,0,0,0,0,0,0,6.4513,6.9547,2.7258,2.0438,1.555,1,1,,8450,3.58
grid2:halfR,,,PR10_x1.25,holdout,4,1005,headon,vfield,a473532617,ok,0,0,0,0,0,0,3.3989,7.0113,2.7258,2.0438,1.555,1,1,,8450,3.66
grid2:halfR,,,PR10_x1.25,holdout,4,1007,headon,vfield,a473532617,ok,0,0,0,0,0,0,4.3372,7.4292,2.7258,2.0438,1.555,1,1,,8450,3.59
grid2:halfR,,,PR10_x1.25,holdout,4,1009,headon,vfield,a473532617,ok,1,0,1,0,0,0,2.3075,0.0856,2.7258,2.0438,1.555,1,1,7.52,8450,3.59
grid2:halfR,,,PR10_x1.25,holdout,4,1011,headon,vfield,a473532617,ok,0,0,0,0,0,0,5.7121,6.669,2.7258,2.0438,1.555,1,1,,8450,3.58
grid2:halfR,,,PR10_x1.25,holdout,4,1013,headon,vfield,a473532617,ok,0,0,0,0,0,0,5.8368,5.0176,2.7258,2.0438,1.555,1,1,,8450,3.61
grid2:halfR,,,PR10_x1.25,holdout,4,1015,headon,vfield,a473532617,ok,0,0,0,0,0,0,6.067,6.6385,2.7258,2.0438,1.555,1,1,,8450,3.57
grid2:halfR,,,PR10_x1.25,holdout,4,1017,headon,vfield,a473532617,ok,0,0,0,0,0,0,4.7442,7.6328,2.7258,2.0438,1.555,1,1,,8450,3.6
grid2:halfR,,,PR10_x1.25,holdout,4,1019,headon,vfield,a473532617,ok,0,0,0,0,0,0,2.5349,2.2193,2.7258,2.0438,1.555,1,1,,8450,3.58
grid2:halfR,,,PR10_x1.25,holdout,4,1021,headon,vfield,a473532617,ok,0,0,0,0,0,0,5.3215,7.0809,2.7258,2.0438,1.555,1,1,,8450,3.57
grid2:halfR,,,PR10_x1.25,holdout,4,1023,headon,vfield,a473532617,ok,0,0,0,0,0,0,4.5867,6.9028,2.7258,2.0438,1.555,1,1,,8450,3.58
grid2:halfR,,,PR10_x1.25,holdout,4,1025,headon,vfield,a473532617,ok,1,0,0,0,1,0,0.3894,6.2322,2.7258,2.0438,1.555,1,1,34.96,8450,3.57
grid2:halfR,,,PR10_x1.25,holdout,4,1027,headon,vfield,a473532617,ok,0,0,0,0,0,0,3.5378,4.2409,2.7258,2.0438,1.555,1,1,,8450,3.55
grid2:halfR,,,PR10_x1.25,holdout,4,1029,headon,vfield,a473532617,ok,0,0,0,0,0,0,4.5015,5.8509,2.7258,2.0438,1.555,1,1,,8450,3.57
grid2:halfR,,,PR10_x1.25,holdout,4,1031,headon,vfield,a473532617,ok,0,0,0,0,0,0,4.3643,5.5352,2.7258,2.0438,1.555,1,1,,8450,3.6
grid2:halfR,,,PR10_x1.25,holdout,4,1033,headon,vfield,a473532617,ok,0,0,0,0,0,0,2.9346,4.2878,2.7258,2.0438,1.555,1,1,,8450,3.74
grid2:halfR,,,PR10_x1.25,holdout,4,1035,headon,vfield,a473532617,ok,0,0,0,0,0,0,3.5842,4.6531,2.7258,2.0438,1.555,1,1,,8450,3.6
grid2:halfR,,,PR10_x1.25,holdout,4,1037,headon,vfield,a473532617,ok,0,0,0,0,0,0,3.03,7.1224,2.7258,2.0438,1.555,1,1,,8450,3.58
grid2:halfR,,,PR10_x1.25,holdout,4,1039,headon,vfield,a473532617,ok,0,0,0,0,0,0,4.9226,6.7983,2.7258,2.0438,1.555,1,1,,8450,3.58
grid2:halfR,,,PR10_x1.25,holdout,4,1041,headon,vfield,a473532617,ok,0,0,0,0,0,0,3.1792,6.5402,2.7258,2.0438,1.555,1,1,,8450,3.56
grid2:halfR,,,PR10_x1.25,holdout,4,1043,headon,vfield,a473532617,ok,0,0,0,0,0,0,1.2434,6.6497,2.7258,2.0438,1.555,1,1,,8450,3.61
grid2:halfR,,,PR10_x1.25,holdout,4,1045,headon,vfield,a473532617,ok,0,0,0,0,0,0,3.8286,4.521,2.7258,2.0438,1.555,1,1,,8450,3.55
grid2:halfR,,,PR10_x1.25,holdout,4,1047,headon,vfield,a473532617,ok,0,0,0,0,0,0,4.5575,7.1884,2.7258,2.0438,1.555,1,1,,8450,3.58
grid2:halfR,,,PR10_x1.25,holdout,4,1049,headon,vfield,a473532617,ok,0,0,0,0,0,0,4.0622,6.5787,2.7258,2.0438,1.555,1,1,,8450,3.58
grid2:halfR,,,PR10_x1.25,holdout,4,1051,headon,vfield,a473532617,ok,0,0,0,0,0,0,4.1882,8.2007,2.7258,2.0438,1.555,1,1,,8450,3.56
grid2:halfR,,,PR10_x1.25,holdout,4,1053,headon,vfield,a473532617,ok,0,0,0,0,0,0,2.4616,7.4159,2.7258,2.0438,1.555,1,1,,8450,3.63
grid2:halfR,,,PR10_x1.25,holdout,4,1055,headon,vfield,a473532617,ok,0,0,0,0,0,0,5.8376,8.3474,2.7258,2.0438,1.555,1,1,,8450,3.59
grid2:halfR,,,PR10_x1.25,holdout,4,1057,headon,vfield,a473532617,ok,0,0,0,0,0,0,5.4702,5.9589,2.7258,2.0438,1.555,1,1,,8450,3.6
grid2:halfR,,,PR10_x1.25,holdout,4,1059,headon,vfield,a473532617,ok,0,0,0,0,0,0,5.7669,6.9737,2.7258,2.0438,1.555,1,1,,8450,3.56
grid2:halfR,,,PR10_x1.5,holdout,4,1001,headon,vfield,aa8246e6ad,ok,0,0,0,0,0,0,5.3715,8.2726,2.7258,2.0438,1.555,1,1,,8450,3.6
grid2:halfR,,,PR10_x1.5,holdout,4,1003,headon,vfield,aa8246e6ad,ok,0,0,0,0,0,0,7.1097,8.5401,2.7258,2.0438,1.555,1,1,,8450,3.58
grid2:halfR,,,PR10_x1.5,holdout,4,1005,headon,vfield,aa8246e6ad,ok,0,0,0,0,0,0,4.1992,7.5455,2.7258,2.0438,1.555,1,1,,8450,3.56
grid2:halfR,,,PR10_x1.5,holdout,4,1007,headon,vfield,aa8246e6ad,ok,0,0,0,0,0,0,6.9818,8.4876,2.7258,2.0438,1.555,1,1,,8450,3.55
grid2:halfR,,,PR10_x1.5,holdout,4,1009,headon,vfield,aa8246e6ad,ok,0,0,0,0,0,0,2.8084,6.4005,2.7258,2.0438,1.555,1,1,,8450,3.58
grid2:halfR,,,PR10_x1.5,holdout,4,1011,headon,vfield,aa8246e6ad,ok,0,0,0,0,0,0,5.9091,8.1683,2.7258,2.0438,1.555,1,1,,8450,3.57
grid2:halfR,,,PR10_x1.5,holdout,4,1013,headon,vfield,aa8246e6ad,ok,0,0,0,0,0,0,6.1304,7.072,2.7258,2.0438,1.555,1,1,,8450,3.59
grid2:halfR,,,PR10_x1.5,holdout,4,1015,headon,vfield,aa8246e6ad,ok,0,0,0,0,0,0,5.9732,5.0009,2.7258,2.0438,1.555,1,1,,8450,3.54
grid2:halfR,,,PR10_x1.5,holdout,4,1017,headon,vfield,aa8246e6ad,ok,0,0,0,0,0,0,4.4334,7.3198,2.7258,2.0438,1.555,1,1,,8450,3.61
grid2:halfR,,,PR10_x1.5,holdout,4,1019,headon,vfield,aa8246e6ad,ok,0,0,0,0,0,0,6.7682,1.0552,2.7258,2.0438,1.555,1,1,,8450,3.55
grid2:halfR,,,PR10_x1.5,holdout,4,1021,headon,vfield,aa8246e6ad,ok,0,0,0,0,0,0,3.4285,9.0622,2.7258,2.0438,1.555,1,1,,8450,3.59
grid2:halfR,,,PR10_x1.5,holdout,4,1023,headon,vfield,aa8246e6ad,ok,0,0,0,0,0,0,4.1676,4.4843,2.7258,2.0438,1.555,1,1,,8450,3.59
grid2:halfR,,,PR10_x1.5,holdout,4,1025,headon,vfield,aa8246e6ad,ok,0,0,0,0,0,0,4.4459,9.0557,2.7258,2.0438,1.555,1,1,,8450,3.54
grid2:halfR,,,PR10_x1.5,holdout,4,1027,headon,vfield,aa8246e6ad,ok,0,0,0,0,0,0,1.3689,4.6255,2.7258,2.0438,1.555,1,1,,8450,3.59
grid2:halfR,,,PR10_x1.5,holdout,4,1029,headon,vfield,aa8246e6ad,ok,0,0,0,0,0,0,6.5722,7.8917,2.7258,2.0438,1.555,1,1,,8450,3.58
grid2:halfR,,,PR10_x1.5,holdout,4,1031,headon,vfield,aa8246e6ad,ok,0,0,0,0,0,0,3.807,8.1426,2.7258,2.0438,1.555,1,1,,8450,3.6
grid2:halfR,,,PR10_x1.5,holdout,4,1033,headon,vfield,aa8246e6ad,ok,0,0,0,0,0,0,6.2676,7.5231,2.7258,2.0438,1.555,1,1,,8450,3.63
grid2:halfR,,,PR10_x1.5,holdout,4,1035,headon,vfield,aa8246e6ad,ok,0,0,0,0,0,0,3.0156,6.8478,2.7258,2.0438,1.555,1,1,,8450,3.57
grid2:halfR,,,PR10_x1.5,holdout,4,1037,headon,vfield,aa8246e6ad,ok,0,0,0,0,0,0,5.0067,8.7892,2.7258,2.0438,1.555,1,1,,8450,3.67
grid2:halfR,,,PR10_x1.5,holdout,4,1039,headon,vfield,aa8246e6ad,ok,0,0,0,0,0,0,3.6661,8.4847,2.7258,2.0438,1.555,1,1,,8450,3.82
grid2:halfR,,,PR10_x1.5,holdout,4,1041,headon,vfield,aa8246e6ad,ok,0,0,0,0,0,0,2.9878,4.9121,2.7258,2.0438,1.555,1,1,,8450,3.72
grid2:halfR,,,PR10_x1.5,holdout,4,1043,headon,vfield,aa8246e6ad,ok,0,0,0,0,0,0,4.941,6.8865,2.7258,2.0438,1.555,1,1,,8450,3.61
grid2:halfR,,,PR10_x1.5,holdout,4,1045,headon,vfield,aa8246e6ad,ok,0,0,0,0,0,0,4.5828,8.0885,2.7258,2.0438,1.555,1,1,,8450,3.57
grid2:halfR,,,PR10_x1.5,holdout,4,1047,headon,vfield,aa8246e6ad,ok,0,0,0,0,0,0,5.9951,8.6215,2.7258,2.0438,1.555,1,1,,8450,3.59
grid2:halfR,,,PR10_x1.5,holdout,4,1049,headon,vfield,aa8246e6ad,ok,0,0,0,0,0,0,3.5457,8.5292,2.7258,2.0438,1.555,1,1,,8450,3.57
grid2:halfR,,,PR10_x1.5,holdout,4,1051,headon,vfield,aa8246e6ad,ok,0,0,0,0,0,0,5.4897,8.5848,2.7258,2.0438,1.555,1,1,,8450,3.54
grid2:halfR,,,PR10_x1.5,holdout,4,1053,headon,vfield,aa8246e6ad,ok,0,0,0,0,0,0,3.4138,4.7341,2.7258,2.0438,1.555,1,1,,8450,3.56
grid2:halfR,,,PR10_x1.5,holdout,4,1055,headon,vfield,aa8246e6ad,ok,0,0,0,0,0,0,6.1644,8.2186,2.7258,2.0438,1.555,1,1,,8450,3.59
grid2:halfR,,,PR10_x1.5,holdout,4,1057,headon,vfield,aa8246e6ad,ok,0,0,0,0,0,0,5.7357,9.0751,2.7258,2.0438,1.555,1,1,,8450,3.59
grid2:halfR,,,PR10_x1.5,holdout,4,1059,headon,vfield,aa8246e6ad,ok,0,0,0,0,0,0,4.5788,8.5945,2.7258,2.0438,1.555,1,1,,8450,3.55
grid2:halfR,,,PR10_x2,holdout,4,1001,headon,vfield,b157c0b60c,ok,0,0,0,0,0,0,4.0612,8.6365,2.7258,2.0438,1.555,1,1,,8450,3.56
grid2:halfR,,,PR10_x2,holdout,4,1003,headon,vfield,b157c0b60c,ok,1,0,0,0,1,0,0.6386,4.6131,2.7258,2.0438,1.555,1,1,33.84,8450,3.57
grid2:halfR,,,PR10_x2,holdout,4,1005,headon,vfield,b157c0b60c,ok,1,0,0,0,1,0,0.8778,1.785,2.7258,2.0438,1.555,1,1,32.35,8450,3.55
grid2:halfR,,,PR10_x2,holdout,4,1007,headon,vfield,b157c0b60c,ok,0,0,0,0,0,0,5.314,6.7846,2.7258,2.0438,1.555,1,1,,8450,3.57
grid2:halfR,,,PR10_x2,holdout,4,1009,headon,vfield,b157c0b60c,ok,0,0,0,0,0,0,4.1778,2.4082,2.7258,2.0438,1.555,1,1,,8450,3.61
grid2:halfR,,,PR10_x2,holdout,4,1011,headon,vfield,b157c0b60c,ok,0,0,0,0,0,0,4.8089,7.3219,2.7258,2.0438,1.555,1,1,,8450,3.56
grid2:halfR,,,PR10_x2,holdout,4,1013,headon,vfield,b157c0b60c,ok,0,0,0,0,0,0,6.5525,1.6696,2.7258,2.0438,1.555,1,1,,8450,3.67
grid2:halfR,,,PR10_x2,holdout,4,1015,headon,vfield,b157c0b60c,ok,0,0,0,0,0,0,6.6878,2.179,2.7258,2.0438,1.555,1,1,,8450,3.59
grid2:halfR,,,PR10_x2,holdout,4,1017,headon,vfield,b157c0b60c,ok,0,0,0,0,0,0,4.7024,5.0543,2.7258,2.0438,1.555,1,1,,8450,3.65
grid2:halfR,,,PR10_x2,holdout,4,1019,headon,vfield,b157c0b60c,ok,0,0,0,0,0,0,5.83,5.0472,2.7258,2.0438,1.555,1,1,,8450,3.56
grid2:halfR,,,PR10_x2,holdout,4,1021,headon,vfield,b157c0b60c,ok,0,0,0,0,0,0,7.4059,4.1664,2.7258,2.0438,1.555,1,1,,8450,3.56
grid2:halfR,,,PR10_x2,holdout,4,1023,headon,vfield,b157c0b60c,ok,0,0,0,0,0,0,5.0821,7.4066,2.7258,2.0438,1.555,1,1,,8450,3.59
grid2:halfR,,,PR10_x2,holdout,4,1025,headon,vfield,b157c0b60c,ok,0,0,0,0,0,0,6.2918,5.0114,2.7258,2.0438,1.555,1,1,,8450,3.57
grid2:halfR,,,PR10_x2,holdout,4,1027,headon,vfield,b157c0b60c,ok,0,0,0,0,0,0,5.9676,5.5945,2.7258,2.0438,1.555,1,1,,8450,3.59
grid2:halfR,,,PR10_x2,holdout,4,1029,headon,vfield,b157c0b60c,ok,0,0,0,0,0,0,6.5434,5.5477,2.7258,2.0438,1.555,1,1,,8450,3.55
grid2:halfR,,,PR10_x2,holdout,4,1031,headon,vfield,b157c0b60c,ok,0,0,0,0,0,0,5.3142,7.4558,2.7258,2.0438,1.555,1,1,,8450,3.56
grid2:halfR,,,PR10_x2,holdout,4,1033,headon,vfield,b157c0b60c,ok,0,0,0,0,0,0,3.8837,8.996,2.7258,2.0438,1.555,1,1,,8450,3.59
grid2:halfR,,,PR10_x2,holdout,4,1035,headon,vfield,b157c0b60c,ok,0,0,0,0,0,0,2.8914,4.3682,2.7258,2.0438,1.555,1,1,,8450,3.61
grid2:halfR,,,PR10_x2,holdout,4,1037,headon,vfield,b157c0b60c,ok,0,0,0,0,0,0,2.6896,4.8645,2.7258,2.0438,1.555,1,1,,8450,3.61
grid2:halfR,,,PR10_x2,holdout,4,1039,headon,vfield,b157c0b60c,ok,0,0,0,0,0,0,4.8898,5.7412,2.7258,2.0438,1.555,1,1,,8450,3.57
grid2:halfR,,,PR10_x2,holdout,4,1041,headon,vfield,b157c0b60c,ok,0,0,0,0,0,0,3.6858,7.5669,2.7258,2.0438,1.555,1,1,,8450,3.61
grid2:halfR,,,PR10_x2,holdout,4,1043,headon,vfield,b157c0b60c,ok,0,0,0,0,0,0,2.6993,4.9977,2.7258,2.0438,1.555,1,1,,8450,3.62
grid2:halfR,,,PR10_x2,holdout,4,1045,headon,vfield,b157c0b60c,ok,0,0,0,0,0,0,4.2738,4.8273,2.7258,2.0438,1.555,1,1,,8450,3.63
grid2:halfR,,,PR10_x2,holdout,4,1047,headon,vfield,b157c0b60c,ok,0,0,0,0,0,0,4.1259,5.0952,2.7258,2.0438,1.555,1,1,,8450,3.6
grid2:halfR,,,PR10_x2,holdout,4,1049,headon,vfield,b157c0b60c,ok,0,0,0,0,0,0,6.9815,4.7663,2.7258,2.0438,1.555,1,1,,8450,3.54
grid2:halfR,,,PR10_x2,holdout,4,1051,headon,vfield,b157c0b60c,ok,0,0,0,0,0,0,6.3306,8.723,2.7258,2.0438,1.555,1,1,,8450,3.57
grid2:halfR,,,PR10_x2,holdout,4,1053,headon,vfield,b157c0b60c,ok,0,0,0,0,0,0,5.8785,2.0376,2.7258,2.0438,1.555,1,1,,8450,3.59
grid2:halfR,,,PR10_x2,holdout,4,1055,headon,vfield,b157c0b60c,ok,0,0,0,0,0,0,5.5614,6.9408,2.7258,2.0438,1.555,1,1,,8450,3.6
grid2:halfR,,,PR10_x2,holdout,4,1057,headon,vfield,b157c0b60c,ok,0,0,0,0,0,0,5.5812,8.9347,2.7258,2.0438,1.555,1,1,,8450,3.61
grid2:halfR,,,PR10_x2,holdout,4,1059,headon,vfield,b157c0b60c,ok,0,0,0,0,0,0,3.9032,9.0921,2.7258,2.0438,1.555,1,1,,8450,3.58
grid2:halfR,,,PR13_x1,holdout,4,1001,headon,vfield,f3bc5518e5,ok,0,0,0,0,0,0,7.8658,7.7189,2.7258,2.0438,1.555,1,1,,8450,3.55
grid2:halfR,,,PR13_x1,holdout,4,1003,headon,vfield,f3bc5518e5,ok,0,0,0,0,0,0,5.483,5.7441,2.7258,2.0438,1.555,1,1,,8450,3.6
grid2:halfR,,,PR13_x1,holdout,4,1005,headon,vfield,f3bc5518e5,ok,0,0,0,0,0,0,8.1644,8.3313,2.7258,2.0438,1.555,1,1,,8450,3.6
grid2:halfR,,,PR13_x1,holdout,4,1007,headon,vfield,f3bc5518e5,ok,0,0,0,0,0,0,6.914,6.625,2.7258,2.0438,1.555,1,1,,8450,3.6
grid2:halfR,,,PR13_x1,holdout,4,1009,headon,vfield,f3bc5518e5,ok,0,0,0,0,0,0,3.9426,8.4223,2.7258,2.0438,1.555,1,1,,8450,3.56
grid2:halfR,,,PR13_x1,holdout,4,1011,headon,vfield,f3bc5518e5,ok,0,0,0,0,0,0,9.6628,7.0091,2.7258,2.0438,1.555,1,1,,8450,3.59
grid2:halfR,,,PR13_x1,holdout,4,1013,headon,vfield,f3bc5518e5,ok,0,0,0,0,0,0,5.5568,3.94,2.7258,2.0438,1.555,1,1,,8450,3.58
grid2:halfR,,,PR13_x1,holdout,4,1015,headon,vfield,f3bc5518e5,ok,0,0,0,0,0,0,5.316,8.7631,2.7258,2.0438,1.555,1,1,,8450,3.62
grid2:halfR,,,PR13_x1,holdout,4,1017,headon,vfield,f3bc5518e5,ok,0,0,0,0,0,0,5.274,8.1161,2.7258,2.0438,1.555,1,1,,8450,3.59
grid2:halfR,,,PR13_x1,holdout,4,1019,headon,vfield,f3bc5518e5,ok,1,0,1,0,0,0,8.5302,0.4962,2.7258,2.0438,1.555,1,1,5.64,8450,3.54
grid2:halfR,,,PR13_x1,holdout,4,1021,headon,vfield,f3bc5518e5,ok,0,0,0,0,0,0,7.6196,7.4575,2.7258,2.0438,1.555,1,1,,8450,3.58
grid2:halfR,,,PR13_x1,holdout,4,1023,headon,vfield,f3bc5518e5,ok,0,0,0,0,0,0,6.8764,8.0251,2.7258,2.0438,1.555,1,1,,8450,3.59
grid2:halfR,,,PR13_x1,holdout,4,1025,headon,vfield,f3bc5518e5,ok,0,0,0,0,0,0,6.7237,7.3891,2.7258,2.0438,1.555,1,1,,8450,3.59
grid2:halfR,,,PR13_x1,holdout,4,1027,headon,vfield,f3bc5518e5,ok,0,0,0,0,0,0,5.8497,6.5502,2.7258,2.0438,1.555,1,1,,8450,3.58
grid2:halfR,,,PR13_x1,holdout,4,1029,headon,vfield,f3bc5518e5,ok,0,0,0,0,0,0,7.614,8.5089,2.7258,2.0438,1.555,1,1,,8450,3.58
grid2:halfR,,,PR13_x1,holdout,4,1031,headon,vfield,f3bc5518e5,ok,0,0,0,0,0,0,4.3665,8.1078,2.7258,2.0438,1.555,1,1,,8450,3.63
grid2:halfR,,,PR13_x1,holdout,4,1033,headon,vfield,f3bc5518e5,ok,0,0,0,0,0,0,7.8058,1.2345,2.7258,2.0438,1.555,1,1,,8450,3.62
grid2:halfR,,,PR13_x1,holdout,4,1035,headon,vfield,f3bc5518e5,ok,0,0,0,0,0,0,5.1603,7.9855,2.7258,2.0438,1.555,1,1,,8450,3.62
grid2:halfR,,,PR13_x1,holdout,4,1037,headon,vfield,f3bc5518e5,ok,0,0,0,0,0,0,7.7022,7.7951,2.7258,2.0438,1.555,1,1,,8450,3.57
grid2:halfR,,,PR13_x1,holdout,4,1039,headon,vfield,f3bc5518e5,ok,0,0,0,0,0,0,6.746,8.3673,2.7258,2.0438,1.555,1,1,,8450,3.55
grid2:halfR,,,PR13_x1,holdout,4,1041,headon,vfield,f3bc5518e5,ok,0,0,0,0,0,0,7.0563,5.5931,2.7258,2.0438,1.555,1,1,,8450,3.58
grid2:halfR,,,PR13_x1,holdout,4,1043,headon,vfield,f3bc5518e5,ok,0,0,0,0,0,0,6.1034,6.6865,2.7258,2.0438,1.555,1,1,,8450,3.58
grid2:halfR,,,PR13_x1,holdout,4,1045,headon,vfield,f3bc5518e5,ok,0,0,0,0,0,0,6.51,7.1479,2.7258,2.0438,1.555,1,1,,8450,3.59
grid2:halfR,,,PR13_x1,holdout,4,1047,headon,vfield,f3bc5518e5,ok,0,0,0,0,0,0,6.0653,2.2896,2.7258,2.0438,1.555,1,1,,8450,3.58
grid2:halfR,,,PR13_x1,holdout,4,1049,headon,vfield,f3bc5518e5,ok,0,0,0,0,0,0,5.7897,4.9561,2.7258,2.0438,1.555,1,1,,8450,3.55
grid2:halfR,,,PR13_x1,holdout,4,1051,headon,vfield,f3bc5518e5,ok,0,0,0,0,0,0,8.3816,7.3729,2.7258,2.0438,1.555,1,1,,8450,3.61
grid2:halfR,,,PR13_x1,holdout,4,1053,headon,vfield,f3bc5518e5,ok,0,0,0,0,0,0,6.5783,5.3743,2.7258,2.0438,1.555,1,1,,8450,3.59
grid2:halfR,,,PR13_x1,holdout,4,1055,headon,vfield,f3bc5518e5,ok,0,0,0,0,0,0,7.0742,8.1768,2.7258,2.0438,1.555,1,1,,8450,3.56
grid2:halfR,,,PR13_x1,holdout,4,1057,headon,vfield,f3bc5518e5,ok,0,0,0,0,0,0,4.9191,5.3309,2.7258,2.0438,1.555,1,1,,8450,3.58
grid2:halfR,,,PR13_x1,holdout,4,1059,headon,vfield,f3bc5518e5,ok,0,0,0,0,0,0,4.7399,8.6665,2.7258,2.0438,1.555,1,1,,8450,3.59
grid2:halfR,,,PR13_x1.25,holdout,4,1001,headon,vfield,f5bfdd13fa,ok,0,0,0,0,0,0,7.1084,8.8814,2.7258,2.0438,1.555,1,1,,8450,3.56
grid2:halfR,,,PR13_x1.25,holdout,4,1003,headon,vfield,f5bfdd13fa,ok,0,0,0,0,0,0,7.0641,6.3384,2.7258,2.0438,1.555,1,1,,8450,3.59
grid2:halfR,,,PR13_x1.25,holdout,4,1005,headon,vfield,f5bfdd13fa,ok,0,0,0,0,0,0,6.3047,9.1916,2.7258,2.0438,1.555,1,1,,8450,3.61
grid2:halfR,,,PR13_x1.25,holdout,4,1007,headon,vfield,f5bfdd13fa,ok,0,0,0,0,0,0,7.6796,5.5847,2.7258,2.0438,1.555,1,1,,8450,3.58
grid2:halfR,,,PR13_x1.25,holdout,4,1009,headon,vfield,f5bfdd13fa,ok,0,0,0,0,0,0,5.054,8.6499,2.7258,2.0438,1.555,1,1,,8450,3.56
grid2:halfR,,,PR13_x1.25,holdout,4,1011,headon,vfield,f5bfdd13fa,ok,0,0,0,0,0,0,6.6468,10.9218,2.7258,2.0438,1.555,1,1,,8450,3.59
grid2:halfR,,,PR13_x1.25,holdout,4,1013,headon,vfield,f5bfdd13fa,ok,0,0,0,0,0,0,7.5148,8.6135,2.7258,2.0438,1.555,1,1,,8450,3.57
grid2:halfR,,,PR13_x1.25,holdout,4,1015,headon,vfield,f5bfdd13fa,ok,0,0,0,0,0,0,6.013,6.1493,2.7258,2.0438,1.555,1,1,,8450,3.6
grid2:halfR,,,PR13_x1.25,holdout,4,1017,headon,vfield,f5bfdd13fa,ok,0,0,0,0,0,0,6.9521,9.0565,2.7258,2.0438,1.555,1,1,,8450,3.57
grid2:halfR,,,PR13_x1.25,holdout,4,1019,headon,vfield,f5bfdd13fa,ok,0,0,0,0,0,0,3.3446,7.7288,2.7258,2.0438,1.555,1,1,,8450,3.56
grid2:halfR,,,PR13_x1.25,holdout,4,1021,headon,vfield,f5bfdd13fa,ok,0,0,0,0,0,0,5.6556,9.8448,2.7258,2.0438,1.555,1,1,,8450,3.61
grid2:halfR,,,PR13_x1.25,holdout,4,1023,headon,vfield,f5bfdd13fa,ok,0,0,0,0,0,0,6.9247,7.1338,2.7258,2.0438,1.555,1,1,,8450,3.58
grid2:halfR,,,PR13_x1.25,holdout,4,1025,headon,vfield,f5bfdd13fa,ok,0,0,0,0,0,0,7.3183,2.3005,2.7258,2.0438,1.555,1,1,,8450,3.56
grid2:halfR,,,PR13_x1.25,holdout,4,1027,headon,vfield,f5bfdd13fa,ok,0,0,0,0,0,0,6.5138,10.0354,2.7258,2.0438,1.555,1,1,,8450,3.57
grid2:halfR,,,PR13_x1.25,holdout,4,1029,headon,vfield,f5bfdd13fa,ok,0,0,0,0,0,0,9.7182,9.0848,2.7258,2.0438,1.555,1,1,,8450,3.57
grid2:halfR,,,PR13_x1.25,holdout,4,1031,headon,vfield,f5bfdd13fa,ok,0,0,0,0,0,0,5.5376,8.1668,2.7258,2.0438,1.555,1,1,,8450,3.62
grid2:halfR,,,PR13_x1.25,holdout,4,1033,headon,vfield,f5bfdd13fa,ok,0,0,0,0,0,0,8.5941,5.6595,2.7258,2.0438,1.555,1,1,,8450,3.58
grid2:halfR,,,PR13_x1.25,holdout,4,1035,headon,vfield,f5bfdd13fa,ok,0,0,0,0,0,0,5.3295,7.1541,2.7258,2.0438,1.555,1,1,,8450,3.59
grid2:halfR,,,PR13_x1.25,holdout,4,1037,headon,vfield,f5bfdd13fa,ok,0,0,0,0,0,0,7.4255,9.6864,2.7258,2.0438,1.555,1,1,,8450,3.57
grid2:halfR,,,PR13_x1.25,holdout,4,1039,headon,vfield,f5bfdd13fa,ok,0,0,0,0,0,0,6.4096,8.5659,2.7258,2.0438,1.555,1,1,,8450,3.58
grid2:halfR,,,PR13_x1.25,holdout,4,1041,headon,vfield,f5bfdd13fa,ok,0,0,0,0,0,0,4.9616,10.7162,2.7258,2.0438,1.555,1,1,,8450,3.57
grid2:halfR,,,PR13_x1.25,holdout,4,1043,headon,vfield,f5bfdd13fa,ok,0,0,0,0,0,0,6.6547,8.895,2.7258,2.0438,1.555,1,1,,8450,3.59
grid2:halfR,,,PR13_x1.25,holdout,4,1045,headon,vfield,f5bfdd13fa,ok,0,0,0,0,0,0,7.4989,2.0536,2.7258,2.0438,1.555,1,1,,8450,3.59
grid2:halfR,,,PR13_x1.25,holdout,4,1047,headon,vfield,f5bfdd13fa,ok,0,0,0,0,0,0,3.5781,8.1562,2.7258,2.0438,1.555,1,1,,8450,3.58
grid2:halfR,,,PR13_x1.25,holdout,4,1049,headon,vfield,f5bfdd13fa,ok,0,0,0,0,0,0,3.5647,8.4258,2.7258,2.0438,1.555,1,1,,8450,3.63
grid2:halfR,,,PR13_x1.25,holdout,4,1051,headon,vfield,f5bfdd13fa,ok,0,0,0,0,0,0,9.6452,8.6569,2.7258,2.0438,1.555,1,1,,8450,3.58
grid2:halfR,,,PR13_x1.25,holdout,4,1053,headon,vfield,f5bfdd13fa,ok,0,0,0,0,0,0,7.4725,5.6096,2.7258,2.0438,1.555,1,1,,8450,3.59
grid2:halfR,,,PR13_x1.25,holdout,4,1055,headon,vfield,f5bfdd13fa,ok,0,0,0,0,0,0,6.4561,7.278,2.7258,2.0438,1.555,1,1,,8450,3.6
grid2:halfR,,,PR13_x1.25,holdout,4,1057,headon,vfield,f5bfdd13fa,ok,0,0,0,0,0,0,5.6866,6.5789,2.7258,2.0438,1.555,1,1,,8450,3.57
grid2:halfR,,,PR13_x1.25,holdout,4,1059,headon,vfield,f5bfdd13fa,ok,0,0,0,0,0,0,9.9098,8.3609,2.7258,2.0438,1.555,1,1,,8450,3.55
grid2:halfR,,,PR13_x1.5,holdout,4,1001,headon,vfield,2bca66b047,ok,0,0,0,0,0,0,7.7179,10.829,2.7258,2.0438,1.555,1,1,,8450,3.6
grid2:halfR,,,PR13_x1.5,holdout,4,1003,headon,vfield,2bca66b047,ok,0,0,0,0,0,0,7.8512,2.8698,2.7258,2.0438,1.555,1,1,,8450,3.59
grid2:halfR,,,PR13_x1.5,holdout,4,1005,headon,vfield,2bca66b047,ok,0,0,0,0,0,0,7.5664,4.6094,2.7258,2.0438,1.555,1,1,,8450,3.59
grid2:halfR,,,PR13_x1.5,holdout,4,1007,headon,vfield,2bca66b047,ok,0,0,0,0,0,0,9.2258,6.7441,2.7258,2.0438,1.555,1,1,,8450,3.56
grid2:halfR,,,PR13_x1.5,holdout,4,1009,headon,vfield,2bca66b047,ok,0,0,0,0,0,0,8.5647,4.9388,2.7258,2.0438,1.555,1,1,,8450,3.59
grid2:halfR,,,PR13_x1.5,holdout,4,1011,headon,vfield,2bca66b047,ok,0,0,0,0,0,0,8.204,10.9779,2.7258,2.0438,1.555,1,1,,8450,3.58
grid2:halfR,,,PR13_x1.5,holdout,4,1013,headon,vfield,2bca66b047,ok,0,0,0,0,0,0,8.3348,8.8696,2.7258,2.0438,1.555,1,1,,8450,3.57
grid2:halfR,,,PR13_x1.5,holdout,4,1015,headon,vfield,2bca66b047,ok,0,0,0,0,0,0,5.1808,1.7191,2.7258,2.0438,1.555,1,1,,8450,3.59
grid2:halfR,,,PR13_x1.5,holdout,4,1017,headon,vfield,2bca66b047,ok,0,0,0,0,0,0,7.1494,11.1562,2.7258,2.0438,1.555,1,1,,8450,3.57
grid2:halfR,,,PR13_x1.5,holdout,4,1019,headon,vfield,2bca66b047,ok,0,0,0,0,0,0,9.5993,4.6723,2.7258,2.0438,1.555,1,1,,8450,3.56
grid2:halfR,,,PR13_x1.5,holdout,4,1021,headon,vfield,2bca66b047,ok,0,0,0,0,0,0,7.0301,5.1319,2.7258,2.0438,1.555,1,1,,8450,3.59
grid2:halfR,,,PR13_x1.5,holdout,4,1023,headon,vfield,2bca66b047,ok,0,0,0,0,0,0,6.2664,7.7648,2.7258,2.0438,1.555,1,1,,8450,3.59
grid2:halfR,,,PR13_x1.5,holdout,4,1025,headon,vfield,2bca66b047,ok,0,0,0,0,0,0,5.1278,7.4101,2.7258,2.0438,1.555,1,1,,8450,3.58
grid2:halfR,,,PR13_x1.5,holdout,4,1027,headon,vfield,2bca66b047,ok,0,0,0,0,0,0,6.0013,5.5185,2.7258,2.0438,1.555,1,1,,8450,3.59
grid2:halfR,,,PR13_x1.5,holdout,4,1029,headon,vfield,2bca66b047,ok,0,0,0,0,0,0,7.3034,7.6617,2.7258,2.0438,1.555,1,1,,8450,3.61
grid2:halfR,,,PR13_x1.5,holdout,4,1031,headon,vfield,2bca66b047,ok,0,0,0,0,0,0,7.6106,8.2383,2.7258,2.0438,1.555,1,1,,8450,3.59
grid2:halfR,,,PR13_x1.5,holdout,4,1033,headon,vfield,2bca66b047,ok,0,0,0,0,0,0,6.4304,6.0107,2.7258,2.0438,1.555,1,1,,8450,3.57
grid2:halfR,,,PR13_x1.5,holdout,4,1035,headon,vfield,2bca66b047,ok,0,0,0,0,0,0,8.0498,5.9881,2.7258,2.0438,1.555,1,1,,8450,3.6
grid2:halfR,,,PR13_x1.5,holdout,4,1037,headon,vfield,2bca66b047,ok,0,0,0,0,0,0,5.5766,11.0341,2.7258,2.0438,1.555,1,1,,8450,3.53
grid2:halfR,,,PR13_x1.5,holdout,4,1039,headon,vfield,2bca66b047,ok,0,0,0,0,0,0,7.092,5.3859,2.7258,2.0438,1.555,1,1,,8450,3.65
grid2:halfR,,,PR13_x1.5,holdout,4,1041,headon,vfield,2bca66b047,ok,0,0,0,0,0,0,7.4807,8.4126,2.7258,2.0438,1.555,1,1,,8450,3.61
grid2:halfR,,,PR13_x1.5,holdout,4,1043,headon,vfield,2bca66b047,ok,0,0,0,0,0,0,7.4335,7.3153,2.7258,2.0438,1.555,1,1,,8450,3.59
grid2:halfR,,,PR13_x1.5,holdout,4,1045,headon,vfield,2bca66b047,ok,0,0,0,0,0,0,6.0985,6.5619,2.7258,2.0438,1.555,1,1,,8450,3.62
grid2:halfR,,,PR13_x1.5,holdout,4,1047,headon,vfield,2bca66b047,ok,0,0,0,0,0,0,5.999,10.3965,2.7258,2.0438,1.555,1,1,,8450,3.57
grid2:halfR,,,PR13_x1.5,holdout,4,1049,headon,vfield,2bca66b047,ok,0,0,0,0,0,0,6.3618,10.7281,2.7258,2.0438,1.555,1,1,,8450,3.56
grid2:halfR,,,PR13_x1.5,holdout,4,1051,headon,vfield,2bca66b047,ok,0,0,0,0,0,0,7.9,10.4002,2.7258,2.0438,1.555,1,1,,8450,3.59
grid2:halfR,,,PR13_x1.5,holdout,4,1053,headon,vfield,2bca66b047,ok,0,0,0,0,0,0,3.9004,1.1713,2.7258,2.0438,1.555,1,1,,8450,3.58
grid2:halfR,,,PR13_x1.5,holdout,4,1055,headon,vfield,2bca66b047,ok,0,0,0,0,0,0,6.1741,10.6731,2.7258,2.0438,1.555,1,1,,8450,3.59
grid2:halfR,,,PR13_x1.5,holdout,4,1057,headon,vfield,2bca66b047,ok,0,0,0,0,0,0,4.803,5.9436,2.7258,2.0438,1.555,1,1,,8450,3.56
grid2:halfR,,,PR13_x1.5,holdout,4,1059,headon,vfield,2bca66b047,ok,0,0,0,0,0,0,7.0852,8.4635,2.7258,2.0438,1.555,1,1,,8450,3.59
grid2:halfR,,,PR13_x2,holdout,4,1001,headon,vfield,6a7cd780bb,ok,0,0,0,0,0,0,4.3219,2.162,2.7258,2.0438,1.555,1,1,,8450,3.59
grid2:halfR,,,PR13_x2,holdout,4,1003,headon,vfield,6a7cd780bb,ok,0,0,0,0,0,0,8.339,6.2282,2.7258,2.0438,1.555,1,1,,8450,3.62
grid2:halfR,,,PR13_x2,holdout,4,1005,headon,vfield,6a7cd780bb,ok,0,0,0,0,0,0,8.2418,7.7864,2.7258,2.0438,1.555,1,1,,8450,3.6
grid2:halfR,,,PR13_x2,holdout,4,1007,headon,vfield,6a7cd780bb,ok,0,0,0,0,0,0,8.0738,5.7614,2.7258,2.0438,1.555,1,1,,8450,3.55
grid2:halfR,,,PR13_x2,holdout,4,1009,headon,vfield,6a7cd780bb,ok,0,0,0,0,0,0,7.201,6.8543,2.7258,2.0438,1.555,1,1,,8450,3.53
grid2:halfR,,,PR13_x2,holdout,4,1011,headon,vfield,6a7cd780bb,ok,0,0,0,0,0,0,8.7945,8.2699,2.7258,2.0438,1.555,1,1,,8450,3.6
grid2:halfR,,,PR13_x2,holdout,4,1013,headon,vfield,6a7cd780bb,ok,0,0,0,0,0,0,8.5001,7.0539,2.7258,2.0438,1.555,1,1,,8450,3.57
grid2:halfR,,,PR13_x2,holdout,4,1015,headon,vfield,6a7cd780bb,ok,0,0,0,0,0,0,8.7911,10.5433,2.7258,2.0438,1.555,1,1,,8450,3.62
grid2:halfR,,,PR13_x2,holdout,4,1017,headon,vfield,6a7cd780bb,ok,0,0,0,0,0,0,6.2516,6.6025,2.7258,2.0438,1.555,1,1,,8450,3.55
grid2:halfR,,,PR13_x2,holdout,4,1019,headon,vfield,6a7cd780bb,ok,0,0,0,0,0,0,5.9977,5.0421,2.7258,2.0438,1.555,1,1,,8450,3.62
grid2:halfR,,,PR13_x2,holdout,4,1021,headon,vfield,6a7cd780bb,ok,0,0,0,0,0,0,8.3338,6.3781,2.7258,2.0438,1.555,1,1,,8450,3.63
grid2:halfR,,,PR13_x2,holdout,4,1023,headon,vfield,6a7cd780bb,ok,0,0,0,0,0,0,8.0631,9.3302,2.7258,2.0438,1.555,1,1,,8450,3.56
grid2:halfR,,,PR13_x2,holdout,4,1025,headon,vfield,6a7cd780bb,ok,0,0,0,0,0,0,8.4271,4.3274,2.7258,2.0438,1.555,1,1,,8450,3.6
grid2:halfR,,,PR13_x2,holdout,4,1027,headon,vfield,6a7cd780bb,ok,0,0,0,0,0,0,5.7216,5.4707,2.7258,2.0438,1.555,1,1,,8450,3.58
grid2:halfR,,,PR13_x2,holdout,4,1029,headon,vfield,6a7cd780bb,ok,0,0,0,0,0,0,7.6493,4.7012,2.7258,2.0438,1.555,1,1,,8450,3.56
grid2:halfR,,,PR13_x2,holdout,4,1031,headon,vfield,6a7cd780bb,ok,0,0,0,0,0,0,9.6365,6.1617,2.7258,2.0438,1.555,1,1,,8450,3.62
grid2:halfR,,,PR13_x2,holdout,4,1033,headon,vfield,6a7cd780bb,ok,0,0,0,0,0,0,7.2717,6.583,2.7258,2.0438,1.555,1,1,,8450,3.56
grid2:halfR,,,PR13_x2,holdout,4,1035,headon,vfield,6a7cd780bb,ok,0,0,0,0,0,0,7.8877,5.7848,2.7258,2.0438,1.555,1,1,,8450,3.6
grid2:halfR,,,PR13_x2,holdout,4,1037,headon,vfield,6a7cd780bb,ok,0,0,0,0,0,0,7.5061,6.366,2.7258,2.0438,1.555,1,1,,8450,3.56
grid2:halfR,,,PR13_x2,holdout,4,1039,headon,vfield,6a7cd780bb,ok,0,0,0,0,0,0,5.7643,3.2976,2.7258,2.0438,1.555,1,1,,8450,3.57
grid2:halfR,,,PR13_x2,holdout,4,1041,headon,vfield,6a7cd780bb,ok,0,0,0,0,0,0,7.0359,5.0481,2.7258,2.0438,1.555,1,1,,8450,3.59
grid2:halfR,,,PR13_x2,holdout,4,1043,headon,vfield,6a7cd780bb,ok,0,0,0,0,0,0,6.6693,3.4364,2.7258,2.0438,1.555,1,1,,8450,3.61
grid2:halfR,,,PR13_x2,holdout,4,1045,headon,vfield,6a7cd780bb,ok,0,0,0,0,0,0,6.3448,6.9136,2.7258,2.0438,1.555,1,1,,8450,3.58
grid2:halfR,,,PR13_x2,holdout,4,1047,headon,vfield,6a7cd780bb,ok,0,0,0,0,0,0,8.9481,5.9587,2.7258,2.0438,1.555,1,1,,8450,3.53
grid2:halfR,,,PR13_x2,holdout,4,1049,headon,vfield,6a7cd780bb,ok,0,0,0,0,0,0,3.7134,7.1298,2.7258,2.0438,1.555,1,1,,8450,3.54
grid2:halfR,,,PR13_x2,holdout,4,1051,headon,vfield,6a7cd780bb,ok,0,0,0,0,0,0,9.9643,7.4525,2.7258,2.0438,1.555,1,1,,8450,3.6
grid2:halfR,,,PR13_x2,holdout,4,1053,headon,vfield,6a7cd780bb,ok,0,0,0,0,0,0,9.3191,8.0763,2.7258,2.0438,1.555,1,1,,8450,3.6
grid2:halfR,,,PR13_x2,holdout,4,1055,headon,vfield,6a7cd780bb,ok,0,0,0,0,0,0,8.8423,5.5331,2.7258,2.0438,1.555,1,1,,8450,3.59
grid2:halfR,,,PR13_x2,holdout,4,1057,headon,vfield,6a7cd780bb,ok,0,0,0,0,0,0,6.0399,4.5104,2.7258,2.0438,1.555,1,1,,8450,3.55
grid2:halfR,,,PR13_x2,holdout,4,1059,headon,vfield,6a7cd780bb,ok,0,0,0,0,0,0,8.7459,5.0296,2.7258,2.0438,1.555,1,1,,8450,3.63
grid2:halfR,,,PR16_x1,holdout,4,1001,headon,vfield,5e4a863bb5,ok,0,0,0,0,0,0,8.6157,10.8623,2.7258,2.0438,1.555,1,1,,8450,3.61
grid2:halfR,,,PR16_x1,holdout,4,1003,headon,vfield,5e4a863bb5,ok,0,0,0,0,0,0,9.0041,6.4007,2.7258,2.0438,1.555,1,1,,8450,3.57
grid2:halfR,,,PR16_x1,holdout,4,1005,headon,vfield,5e4a863bb5,ok,0,0,0,0,0,0,10.9972,2.4379,2.7258,2.0438,1.555,1,1,,8450,3.58
grid2:halfR,,,PR16_x1,holdout,4,1007,headon,vfield,5e4a863bb5,ok,0,0,0,0,0,0,9.7117,8.7744,2.7258,2.0438,1.555,1,1,,8450,3.61
grid2:halfR,,,PR16_x1,holdout,4,1009,headon,vfield,5e4a863bb5,ok,0,0,0,0,0,0,8.621,7.6538,2.7258,2.0438,1.555,1,1,,8450,3.66
grid2:halfR,,,PR16_x1,holdout,4,1011,headon,vfield,5e4a863bb5,ok,0,0,0,0,0,0,8.0477,6.3977,2.7258,2.0438,1.555,1,1,,8450,3.59
grid2:halfR,,,PR16_x1,holdout,4,1013,headon,vfield,5e4a863bb5,ok,0,0,0,0,0,0,9.3254,8.5954,2.7258,2.0438,1.555,1,1,,8450,3.64
grid2:halfR,,,PR16_x1,holdout,4,1015,headon,vfield,5e4a863bb5,ok,0,0,0,0,0,0,8.45,7.9584,2.7258,2.0438,1.555,1,1,,8450,3.58
grid2:halfR,,,PR16_x1,holdout,4,1017,headon,vfield,5e4a863bb5,ok,0,0,0,0,0,0,9.2025,9.0788,2.7258,2.0438,1.555,1,1,,8450,3.6
grid2:halfR,,,PR16_x1,holdout,4,1019,headon,vfield,5e4a863bb5,ok,0,0,0,0,0,0,10.0538,5.1941,2.7258,2.0438,1.555,1,1,,8450,3.57
grid2:halfR,,,PR16_x1,holdout,4,1021,headon,vfield,5e4a863bb5,ok,0,0,0,0,0,0,10.7245,8.2674,2.7258,2.0438,1.555,1,1,,8450,3.57
grid2:halfR,,,PR16_x1,holdout,4,1023,headon,vfield,5e4a863bb5,ok,0,0,0,0,0,0,7.2268,6.928,2.7258,2.0438,1.555,1,1,,8450,3.59
grid2:halfR,,,PR16_x1,holdout,4,1025,headon,vfield,5e4a863bb5,ok,0,0,0,0,0,0,8.448,9.1408,2.7258,2.0438,1.555,1,1,,8450,3.6
grid2:halfR,,,PR16_x1,holdout,4,1027,headon,vfield,5e4a863bb5,ok,0,0,0,0,0,0,8.7475,11.3547,2.7258,2.0438,1.555,1,1,,8450,3.58
grid2:halfR,,,PR16_x1,holdout,4,1029,headon,vfield,5e4a863bb5,ok,0,0,0,0,0,0,10.6295,10.4517,2.7258,2.0438,1.555,1,1,,8450,3.58
grid2:halfR,,,PR16_x1,holdout,4,1031,headon,vfield,5e4a863bb5,ok,0,0,0,0,0,0,9.054,8.1618,2.7258,2.0438,1.555,1,1,,8450,3.57
grid2:halfR,,,PR16_x1,holdout,4,1033,headon,vfield,5e4a863bb5,ok,0,0,0,0,0,0,8.7488,8.7959,2.7258,2.0438,1.555,1,1,,8450,3.58
grid2:halfR,,,PR16_x1,holdout,4,1035,headon,vfield,5e4a863bb5,ok,0,0,0,0,0,0,10.1429,9.808,2.7258,2.0438,1.555,1,1,,8450,3.58
grid2:halfR,,,PR16_x1,holdout,4,1037,headon,vfield,5e4a863bb5,ok,0,0,0,0,0,0,8.0853,12.0493,2.7258,2.0438,1.555,1,1,,8450,3.63
grid2:halfR,,,PR16_x1,holdout,4,1039,headon,vfield,5e4a863bb5,ok,0,0,0,0,0,0,8.6685,8.5492,2.7258,2.0438,1.555,1,1,,8450,3.61
grid2:halfR,,,PR16_x1,holdout,4,1041,headon,vfield,5e4a863bb5,ok,0,0,0,0,0,0,9.6964,8.6564,2.7258,2.0438,1.555,1,1,,8450,3.59
grid2:halfR,,,PR16_x1,holdout,4,1043,headon,vfield,5e4a863bb5,ok,0,0,0,0,0,0,2.4065,8.9996,2.7258,2.0438,1.555,1,1,,8450,3.61
grid2:halfR,,,PR16_x1,holdout,4,1045,headon,vfield,5e4a863bb5,ok,0,0,0,0,0,0,9.021,8.6591,2.7258,2.0438,1.555,1,1,,8450,3.59
grid2:halfR,,,PR16_x1,holdout,4,1047,headon,vfield,5e4a863bb5,ok,0,0,0,0,0,0,9.0615,9.7137,2.7258,2.0438,1.555,1,1,,8450,3.6
grid2:halfR,,,PR16_x1,holdout,4,1049,headon,vfield,5e4a863bb5,ok,0,0,0,0,0,0,4.3618,11.2926,2.7258,2.0438,1.555,1,1,,8450,3.59
grid2:halfR,,,PR16_x1,holdout,4,1051,headon,vfield,5e4a863bb5,ok,0,0,0,0,0,0,9.6818,10.4789,2.7258,2.0438,1.555,1,1,,8450,3.59
grid2:halfR,,,PR16_x1,holdout,4,1053,headon,vfield,5e4a863bb5,ok,0,0,0,0,0,0,8.3677,8.0298,2.7258,2.0438,1.555,1,1,,8450,3.6
grid2:halfR,,,PR16_x1,holdout,4,1055,headon,vfield,5e4a863bb5,ok,0,0,0,0,0,0,7.4377,10.9815,2.7258,2.0438,1.555,1,1,,8450,3.61
grid2:halfR,,,PR16_x1,holdout,4,1057,headon,vfield,5e4a863bb5,ok,0,0,0,0,0,0,9.4444,11.0422,2.7258,2.0438,1.555,1,1,,8450,3.53
grid2:halfR,,,PR16_x1,holdout,4,1059,headon,vfield,5e4a863bb5,ok,0,0,0,0,0,0,8.2264,8.921,2.7258,2.0438,1.555,1,1,,8450,3.59
grid2:halfR,,,PR16_x1.25,holdout,4,1001,headon,vfield,85e5b71814,ok,0,0,0,0,0,0,9.1913,9.9703,2.7258,2.0438,1.555,1,1,,8450,3.57
grid2:halfR,,,PR16_x1.25,holdout,4,1003,headon,vfield,85e5b71814,ok,0,0,0,0,0,0,9.406,7.8776,2.7258,2.0438,1.555,1,1,,8450,3.6
grid2:halfR,,,PR16_x1.25,holdout,4,1005,headon,vfield,85e5b71814,ok,0,0,0,0,0,0,8.4551,7.6396,2.7258,2.0438,1.555,1,1,,8450,3.63
grid2:halfR,,,PR16_x1.25,holdout,4,1007,headon,vfield,85e5b71814,ok,0,0,0,0,0,0,2.9839,9.3959,2.7258,2.0438,1.555,1,1,,8450,3.59
grid2:halfR,,,PR16_x1.25,holdout,4,1009,headon,vfield,85e5b71814,ok,0,0,0,0,0,0,7.891,8.9654,2.7258,2.0438,1.555,1,1,,8450,3.65
grid2:halfR,,,PR16_x1.25,holdout,4,1011,headon,vfield,85e5b71814,ok,0,0,0,0,0,0,8.0604,10.961,2.7258,2.0438,1.555,1,1,,8450,3.57
grid2:halfR,,,PR16_x1.25,holdout,4,1013,headon,vfield,85e5b71814,ok,0,0,0,0,0,0,7.4708,8.3972,2.7258,2.0438,1.555,1,1,,8450,3.61
grid2:halfR,,,PR16_x1.25,holdout,4,1015,headon,vfield,85e5b71814,ok,0,0,0,0,0,0,8.1938,10.1341,2.7258,2.0438,1.555,1,1,,8450,3.57
grid2:halfR,,,PR16_x1.25,holdout,4,1017,headon,vfield,85e5b71814,ok,0,0,0,0,0,0,9.6889,13.3161,2.7258,2.0438,1.555,1,1,,8450,3.57
grid2:halfR,,,PR16_x1.25,holdout,4,1019,headon,vfield,85e5b71814,ok,0,0,0,0,0,0,9.2586,9.331,2.7258,2.0438,1.555,1,1,,8450,3.61
grid2:halfR,,,PR16_x1.25,holdout,4,1021,headon,vfield,85e5b71814,ok,0,0,0,0,0,0,9.563,10.8009,2.7258,2.0438,1.555,1,1,,8450,3.59
grid2:halfR,,,PR16_x1.25,holdout,4,1023,headon,vfield,85e5b71814,ok,0,0,0,0,0,0,8.3218,11.6294,2.7258,2.0438,1.555,1,1,,8450,3.56
grid2:halfR,,,PR16_x1.25,holdout,4,1025,headon,vfield,85e5b71814,ok,0,0,0,0,0,0,8.5077,9.3914,2.7258,2.0438,1.555,1,1,,8450,3.57
grid2:halfR,,,PR16_x1.25,holdout,4,1027,headon,vfield,85e5b71814,ok,0,0,0,0,0,0,10.5485,12.1222,2.7258,2.0438,1.555,1,1,,8450,3.58
grid2:halfR,,,PR16_x1.25,holdout,4,1029,headon,vfield,85e5b71814,ok,0,0,0,0,0,0,8.5099,11.8217,2.7258,2.0438,1.555,1,1,,8450,3.59
grid2:halfR,,,PR16_x1.25,holdout,4,1031,headon,vfield,85e5b71814,ok,0,0,0,0,0,0,8.4486,8.2504,2.7258,2.0438,1.555,1,1,,8450,3.57
grid2:halfR,,,PR16_x1.25,holdout,4,1033,headon,vfield,85e5b71814,ok,0,0,0,0,0,0,8.8142,7.8676,2.7258,2.0438,1.555,1,1,,8450,3.58
grid2:halfR,,,PR16_x1.25,holdout,4,1035,headon,vfield,85e5b71814,ok,0,0,0,0,0,0,8.7503,9.4032,2.7258,2.0438,1.555,1,1,,8450,3.57
grid2:halfR,,,PR16_x1.25,holdout,4,1037,headon,vfield,85e5b71814,ok,0,0,0,0,0,0,8.9547,13.7181,2.7258,2.0438,1.555,1,1,,8450,3.6
grid2:halfR,,,PR16_x1.25,holdout,4,1039,headon,vfield,85e5b71814,ok,0,0,0,0,0,0,9.8783,6.0301,2.7258,2.0438,1.555,1,1,,8450,3.58
grid2:halfR,,,PR16_x1.25,holdout,4,1041,headon,vfield,85e5b71814,ok,0,0,0,0,0,0,9.0949,11.4202,2.7258,2.0438,1.555,1,1,,8450,3.58
grid2:halfR,,,PR16_x1.25,holdout,4,1043,headon,vfield,85e5b71814,ok,0,0,0,0,0,0,7.8074,12.4943,2.7258,2.0438,1.555,1,1,,8450,3.59
grid2:halfR,,,PR16_x1.25,holdout,4,1045,headon,vfield,85e5b71814,ok,0,0,0,0,0,0,10.058,9.0078,2.7258,2.0438,1.555,1,1,,8450,3.59
grid2:halfR,,,PR16_x1.25,holdout,4,1047,headon,vfield,85e5b71814,ok,0,0,0,0,0,0,7.3879,10.6505,2.7258,2.0438,1.555,1,1,,8450,3.61
grid2:halfR,,,PR16_x1.25,holdout,4,1049,headon,vfield,85e5b71814,ok,0,0,0,0,0,0,8.5981,11.6596,2.7258,2.0438,1.555,1,1,,8450,3.61
grid2:halfR,,,PR16_x1.25,holdout,4,1051,headon,vfield,85e5b71814,ok,0,0,0,0,0,0,11.4556,8.5765,2.7258,2.0438,1.555,1,1,,8450,3.59
grid2:halfR,,,PR16_x1.25,holdout,4,1053,headon,vfield,85e5b71814,ok,0,0,0,0,0,0,11.2318,8.0458,2.7258,2.0438,1.555,1,1,,8450,3.59
grid2:halfR,,,PR16_x1.25,holdout,4,1055,headon,vfield,85e5b71814,ok,0,0,0,0,0,0,9.0047,1.5288,2.7258,2.0438,1.555,1,1,,8450,3.57
grid2:halfR,,,PR16_x1.25,holdout,4,1057,headon,vfield,85e5b71814,ok,0,0,0,0,0,0,11.0317,8.559,2.7258,2.0438,1.555,1,1,,8450,3.58
grid2:halfR,,,PR16_x1.25,holdout,4,1059,headon,vfield,85e5b71814,ok,0,0,0,0,0,0,8.42,11.7124,2.7258,2.0438,1.555,1,1,,8450,3.57
grid2:halfR,,,PR16_x1.5,holdout,4,1001,headon,vfield,2c1ab714da,ok,0,0,0,0,0,0,8.4252,10.7807,2.7258,2.0438,1.555,1,1,,8450,3.58
grid2:halfR,,,PR16_x1.5,holdout,4,1003,headon,vfield,2c1ab714da,ok,0,0,0,0,0,0,8.3275,9.4365,2.7258,2.0438,1.555,1,1,,8450,3.57
grid2:halfR,,,PR16_x1.5,holdout,4,1005,headon,vfield,2c1ab714da,ok,0,0,0,0,0,0,5.9115,3.5137,2.7258,2.0438,1.555,1,1,,8450,3.56
grid2:halfR,,,PR16_x1.5,holdout,4,1007,headon,vfield,2c1ab714da,ok,0,0,0,0,0,0,10.5725,9.9476,2.7258,2.0438,1.555,1,1,,8450,3.6
grid2:halfR,,,PR16_x1.5,holdout,4,1009,headon,vfield,2c1ab714da,ok,0,0,0,0,0,0,9.7567,4.4181,2.7258,2.0438,1.555,1,1,,8450,3.58
grid2:halfR,,,PR16_x1.5,holdout,4,1011,headon,vfield,2c1ab714da,ok,0,0,0,0,0,0,9.59,9.7541,2.7258,2.0438,1.555,1,1,,8450,3.57
grid2:halfR,,,PR16_x1.5,holdout,4,1013,headon,vfield,2c1ab714da,ok,0,0,0,0,0,0,9.3619,2.7879,2.7258,2.0438,1.555,1,1,,8450,3.73
grid2:halfR,,,PR16_x1.5,holdout,4,1015,headon,vfield,2c1ab714da,ok,0,0,0,0,0,0,10.7318,11.9532,2.7258,2.0438,1.555,1,1,,8450,3.6
grid2:halfR,,,PR16_x1.5,holdout,4,1017,headon,vfield,2c1ab714da,ok,0,0,0,0,0,0,6.8275,9.067,2.7258,2.0438,1.555,1,1,,8450,3.58
grid2:halfR,,,PR16_x1.5,holdout,4,1019,headon,vfield,2c1ab714da,ok,0,0,0,0,0,0,11.655,9.1282,2.7258,2.0438,1.555,1,1,,8450,3.59
grid2:halfR,,,PR16_x1.5,holdout,4,1021,headon,vfield,2c1ab714da,ok,0,0,0,0,0,0,10.7698,8.4193,2.7258,2.0438,1.555,1,1,,8450,3.66
grid2:halfR,,,PR16_x1.5,holdout,4,1023,headon,vfield,2c1ab714da,ok,0,0,0,0,0,0,8.1551,10.9893,2.7258,2.0438,1.555,1,1,,8450,3.6
grid2:halfR,,,PR16_x1.5,holdout,4,1025,headon,vfield,2c1ab714da,ok,0,0,0,0,0,0,9.9622,9.6024,2.7258,2.0438,1.555,1,1,,8450,3.59
grid2:halfR,,,PR16_x1.5,holdout,4,1027,headon,vfield,2c1ab714da,ok,0,0,0,0,0,0,8.1916,10.1852,2.7258,2.0438,1.555,1,1,,8450,3.6
grid2:halfR,,,PR16_x1.5,holdout,4,1029,headon,vfield,2c1ab714da,ok,0,0,0,0,0,0,8.7817,9.2771,2.7258,2.0438,1.555,1,1,,8450,3.59
grid2:halfR,,,PR16_x1.5,holdout,4,1031,headon,vfield,2c1ab714da,ok,0,0,0,0,0,0,11.3253,7.9649,2.7258,2.0438,1.555,1,1,,8450,3.58
grid2:halfR,,,PR16_x1.5,holdout,4,1033,headon,vfield,2c1ab714da,ok,0,0,0,0,0,0,10.6312,7.8325,2.7258,2.0438,1.555,1,1,,8450,3.58
grid2:halfR,,,PR16_x1.5,holdout,4,1035,headon,vfield,2c1ab714da,ok,0,0,0,0,0,0,8.6838,10.58,2.7258,2.0438,1.555,1,1,,8450,3.56
grid2:halfR,,,PR16_x1.5,holdout,4,1037,headon,vfield,2c1ab714da,ok,0,0,0,0,0,0,8.4716,8.2427,2.7258,2.0438,1.555,1,1,,8450,3.58
grid2:halfR,,,PR16_x1.5,holdout,4,1039,headon,vfield,2c1ab714da,ok,0,0,0,0,0,0,7.9938,9.1887,2.7258,2.0438,1.555,1,1,,8450,3.62
grid2:halfR,,,PR16_x1.5,holdout,4,1041,headon,vfield,2c1ab714da,ok,0,0,0,0,0,0,10.0015,7.8608,2.7258,2.0438,1.555,1,1,,8450,3.57
grid2:halfR,,,PR16_x1.5,holdout,4,1043,headon,vfield,2c1ab714da,ok,0,0,0,0,0,0,11.8821,9.6416,2.7258,2.0438,1.555,1,1,,8450,3.59
grid2:halfR,,,PR16_x1.5,holdout,4,1045,headon,vfield,2c1ab714da,ok,0,0,0,0,0,0,11.1588,9.4163,2.7258,2.0438,1.555,1,1,,8450,3.58
grid2:halfR,,,PR16_x1.5,holdout,4,1047,headon,vfield,2c1ab714da,ok,0,0,0,0,0,0,7.8081,8.8399,2.7258,2.0438,1.555,1,1,,8450,3.61
grid2:halfR,,,PR16_x1.5,holdout,4,1049,headon,vfield,2c1ab714da,ok,0,0,0,0,0,0,11.1341,8.6847,2.7258,2.0438,1.555,1,1,,8450,3.57
grid2:halfR,,,PR16_x1.5,holdout,4,1051,headon,vfield,2c1ab714da,ok,0,0,0,0,0,0,9.9468,9.6102,2.7258,2.0438,1.555,1,1,,8450,3.59
grid2:halfR,,,PR16_x1.5,holdout,4,1053,headon,vfield,2c1ab714da,ok,0,0,0,0,0,0,11.0802,8.0652,2.7258,2.0438,1.555,1,1,,8450,3.58
grid2:halfR,,,PR16_x1.5,holdout,4,1055,headon,vfield,2c1ab714da,ok,0,0,0,0,0,0,10.842,12.6799,2.7258,2.0438,1.555,1,1,,8450,3.59
grid2:halfR,,,PR16_x1.5,holdout,4,1057,headon,vfield,2c1ab714da,ok,0,0,0,0,0,0,9.1373,10.0704,2.7258,2.0438,1.555,1,1,,8450,3.62
grid2:halfR,,,PR16_x1.5,holdout,4,1059,headon,vfield,2c1ab714da,ok,0,0,0,0,0,0,9.09,9.5993,2.7258,2.0438,1.555,1,1,,8450,3.58
grid2:halfR,,,PR16_x2,holdout,4,1001,headon,vfield,1e7cde353d,ok,0,0,0,0,0,0,11.8073,5.15,2.7258,2.0438,1.555,1,1,,8450,3.57
grid2:halfR,,,PR16_x2,holdout,4,1003,headon,vfield,1e7cde353d,ok,0,0,0,0,0,0,10.0159,10.1581,2.7258,2.0438,1.555,1,1,,8450,3.62
grid2:halfR,,,PR16_x2,holdout,4,1005,headon,vfield,1e7cde353d,ok,0,0,0,0,0,0,11.4187,13.524,2.7258,2.0438,1.555,1,1,,8450,3.56
grid2:halfR,,,PR16_x2,holdout,4,1007,headon,vfield,1e7cde353d,ok,0,0,0,0,0,0,11.6923,10.3133,2.7258,2.0438,1.555,1,1,,8450,3.58
grid2:halfR,,,PR16_x2,holdout,4,1009,headon,vfield,1e7cde353d,ok,0,0,0,0,0,0,10.7233,10.29,2.7258,2.0438,1.555,1,1,,8450,3.59
grid2:halfR,,,PR16_x2,holdout,4,1011,headon,vfield,1e7cde353d,ok,0,0,0,0,0,0,9.669,11.7884,2.7258,2.0438,1.555,1,1,,8450,3.62
grid2:halfR,,,PR16_x2,holdout,4,1013,headon,vfield,1e7cde353d,ok,0,0,0,0,0,0,8.3736,10.1723,2.7258,2.0438,1.555,1,1,,8450,3.63
grid2:halfR,,,PR16_x2,holdout,4,1015,headon,vfield,1e7cde353d,ok,0,0,0,0,0,0,11.1066,10.9149,2.7258,2.0438,1.555,1,1,,8450,3.58
grid2:halfR,,,PR16_x2,holdout,4,1017,headon,vfield,1e7cde353d,ok,0,0,0,0,0,0,8.0506,10.0036,2.7258,2.0438,1.555,1,1,,8450,3.57
grid2:halfR,,,PR16_x2,holdout,4,1019,headon,vfield,1e7cde353d,ok,0,0,0,0,0,0,10.4101,8.8928,2.7258,2.0438,1.555,1,1,,8450,3.57
grid2:halfR,,,PR16_x2,holdout,4,1021,headon,vfield,1e7cde353d,ok,0,0,0,0,0,0,10.989,11.9907,2.7258,2.0438,1.555,1,1,,8450,3.66
grid2:halfR,,,PR16_x2,holdout,4,1023,headon,vfield,1e7cde353d,ok,0,0,0,0,0,0,10.0163,12.0512,2.7258,2.0438,1.555,1,1,,8450,3.61
grid2:halfR,,,PR16_x2,holdout,4,1025,headon,vfield,1e7cde353d,ok,0,0,0,0,0,0,8.6867,12.049,2.7258,2.0438,1.555,1,1,,8450,3.59
grid2:halfR,,,PR16_x2,holdout,4,1027,headon,vfield,1e7cde353d,ok,0,0,0,0,0,0,10.0389,11.5627,2.7258,2.0438,1.555,1,1,,8450,3.63
grid2:halfR,,,PR16_x2,holdout,4,1029,headon,vfield,1e7cde353d,ok,0,0,0,0,0,0,9.7138,11.1691,2.7258,2.0438,1.555,1,1,,8450,3.57
grid2:halfR,,,PR16_x2,holdout,4,1031,headon,vfield,1e7cde353d,ok,0,0,0,0,0,0,8.6043,8.6241,2.7258,2.0438,1.555,1,1,,8450,3.59
grid2:halfR,,,PR16_x2,holdout,4,1033,headon,vfield,1e7cde353d,ok,0,0,0,0,0,0,10.0451,10.5621,2.7258,2.0438,1.555,1,1,,8450,3.55
grid2:halfR,,,PR16_x2,holdout,4,1035,headon,vfield,1e7cde353d,ok,0,0,0,0,0,0,9.8093,13.0122,2.7258,2.0438,1.555,1,1,,8450,3.57
grid2:halfR,,,PR16_x2,holdout,4,1037,headon,vfield,1e7cde353d,ok,0,0,0,0,0,0,11.1676,11.3556,2.7258,2.0438,1.555,1,1,,8450,3.6
grid2:halfR,,,PR16_x2,holdout,4,1039,headon,vfield,1e7cde353d,ok,0,0,0,0,0,0,10.1451,4.935,2.7258,2.0438,1.555,1,1,,8450,3.58
grid2:halfR,,,PR16_x2,holdout,4,1041,headon,vfield,1e7cde353d,ok,0,0,0,0,0,0,9.5103,8.1411,2.7258,2.0438,1.555,1,1,,8450,3.57
grid2:halfR,,,PR16_x2,holdout,4,1043,headon,vfield,1e7cde353d,ok,0,0,0,0,0,0,10.0424,9.3258,2.7258,2.0438,1.555,1,1,,8450,3.58
grid2:halfR,,,PR16_x2,holdout,4,1045,headon,vfield,1e7cde353d,ok,0,0,0,0,0,0,8.858,10.3841,2.7258,2.0438,1.555,1,1,,8450,3.52
grid2:halfR,,,PR16_x2,holdout,4,1047,headon,vfield,1e7cde353d,ok,0,0,0,0,0,0,9.5475,10.9525,2.7258,2.0438,1.555,1,1,,8450,3.59
grid2:halfR,,,PR16_x2,holdout,4,1049,headon,vfield,1e7cde353d,ok,0,0,0,0,0,0,9.1351,12.0379,2.7258,2.0438,1.555,1,1,,8450,3.59
grid2:halfR,,,PR16_x2,holdout,4,1051,headon,vfield,1e7cde353d,ok,0,0,0,0,0,0,11.3631,10.8693,2.7258,2.0438,1.555,1,1,,8450,3.58
grid2:halfR,,,PR16_x2,holdout,4,1053,headon,vfield,1e7cde353d,ok,0,0,0,0,0,0,11.037,8.1146,2.7258,2.0438,1.555,1,1,,8450,3.57
grid2:halfR,,,PR16_x2,holdout,4,1055,headon,vfield,1e7cde353d,ok,0,0,0,0,0,0,11.6836,9.9401,2.7258,2.0438,1.555,1,1,,8450,3.61
grid2:halfR,,,PR16_x2,holdout,4,1057,headon,vfield,1e7cde353d,ok,0,0,0,0,0,0,10.9714,6.0611,2.7258,2.0438,1.555,1,1,,8450,3.56
grid2:halfR,,,PR16_x2,holdout,4,1059,headon,vfield,1e7cde353d,ok,0,0,0,0,0,0,9.972,10.5328,2.7258,2.0438,1.555,1,1,,8450,3.59
grid2:halfR,,,PR20_x1,holdout,4,1001,headon,vfield,f2c41bc4be,ok,0,0,0,0,0,0,13.4518,12.4816,2.7258,2.0438,1.555,1,1,,8450,3.59
grid2:halfR,,,PR20_x1,holdout,4,1003,headon,vfield,f2c41bc4be,ok,0,0,0,0,0,0,11.3862,10.6324,2.7258,2.0438,1.555,1,1,,8450,3.59
grid2:halfR,,,PR20_x1,holdout,4,1005,headon,vfield,f2c41bc4be,ok,0,0,0,0,0,0,8.0504,12.824,2.7258,2.0438,1.555,1,1,,8450,3.57
grid2:halfR,,,PR20_x1,holdout,4,1007,headon,vfield,f2c41bc4be,ok,0,0,0,0,0,0,12.9619,9.3959,2.7258,2.0438,1.555,1,1,,8450,3.63
grid2:halfR,,,PR20_x1,holdout,4,1009,headon,vfield,f2c41bc4be,ok,0,0,0,0,0,0,12.4797,8.9654,2.7258,2.0438,1.555,1,1,,8450,3.58
grid2:halfR,,,PR20_x1,holdout,4,1011,headon,vfield,f2c41bc4be,ok,0,0,0,0,0,0,13.1325,16.4889,2.7258,2.0438,1.555,1,1,,8450,3.6
grid2:halfR,,,PR20_x1,holdout,4,1013,headon,vfield,f2c41bc4be,ok,0,0,0,0,0,0,13.315,8.9124,2.7258,2.0438,1.555,1,1,,8450,3.68
grid2:halfR,,,PR20_x1,holdout,4,1015,headon,vfield,f2c41bc4be,ok,0,0,0,0,0,0,14.0151,13.4547,2.7258,2.0438,1.555,1,1,,8450,3.59
grid2:halfR,,,PR20_x1,holdout,4,1017,headon,vfield,f2c41bc4be,ok,0,0,0,0,0,0,17.0565,17.8194,2.7258,2.0438,1.555,1,1,,8450,3.6
grid2:halfR,,,PR20_x1,holdout,4,1019,headon,vfield,f2c41bc4be,ok,0,0,0,0,0,0,13.005,9.331,2.7258,2.0438,1.555,1,1,,8450,3.59
grid2:halfR,,,PR20_x1,holdout,4,1021,headon,vfield,f2c41bc4be,ok,0,0,0,0,0,0,12.4952,10.631,2.7258,2.0438,1.555,1,1,,8450,3.6
grid2:halfR,,,PR20_x1,holdout,4,1023,headon,vfield,f2c41bc4be,ok,0,0,0,0,0,0,13.2393,12.598,2.7258,2.0438,1.555,1,1,,8450,3.58
grid2:halfR,,,PR20_x1,holdout,4,1025,headon,vfield,f2c41bc4be,ok,0,0,0,0,0,0,12.5137,13.4674,2.7258,2.0438,1.555,1,1,,8450,3.58
grid2:halfR,,,PR20_x1,holdout,4,1027,headon,vfield,f2c41bc4be,ok,0,0,0,0,0,0,14.6971,16.8251,2.7258,2.0438,1.555,1,1,,8450,3.62
grid2:halfR,,,PR20_x1,holdout,4,1029,headon,vfield,f2c41bc4be,ok,0,0,0,0,0,0,10.8138,13.7323,2.7258,2.0438,1.555,1,1,,8450,3.56
grid2:halfR,,,PR20_x1,holdout,4,1031,headon,vfield,f2c41bc4be,ok,0,0,0,0,0,0,12.6751,8.2504,2.7258,2.0438,1.555,1,1,,8450,3.62
grid2:halfR,,,PR20_x1,holdout,4,1033,headon,vfield,f2c41bc4be,ok,0,0,0,0,0,0,13.2254,9.1863,2.7258,2.0438,1.555,1,1,,8450,3.58
grid2:halfR,,,PR20_x1,holdout,4,1035,headon,vfield,f2c41bc4be,ok,0,0,0,0,0,0,12.2414,6.0617,2.7258,2.0438,1.555,1,1,,8450,3.59
grid2:halfR,,,PR20_x1,holdout,4,1037,headon,vfield,f2c41bc4be,ok,0,0,0,0,0,0,11.4901,10.7831,2.7258,2.0438,1.555,1,1,,8450,3.61
grid2:halfR,,,PR20_x1,holdout,4,1039,headon,vfield,f2c41bc4be,ok,0,0,0,0,0,0,12.6099,8.8426,2.7258,2.0438,1.555,1,1,,8450,3.57
grid2:halfR,,,PR20_x1,holdout,4,1041,headon,vfield,f2c41bc4be,ok,0,0,0,0,0,0,12.16,10.7397,2.7258,2.0438,1.555,1,1,,8450,3.61
grid2:halfR,,,PR20_x1,holdout,4,1043,headon,vfield,f2c41bc4be,ok,0,0,0,0,0,0,14.3586,12.5556,2.7258,2.0438,1.555,1,1,,8450,3.54
grid2:halfR,,,PR20_x1,holdout,4,1045,headon,vfield,f2c41bc4be,ok,0,0,0,0,0,0,12.1143,7.073,2.7258,2.0438,1.555,1,1,,8450,3.6
grid2:halfR,,,PR20_x1,holdout,4,1047,headon,vfield,f2c41bc4be,ok,0,0,0,0,0,0,13.3169,14.1438,2.7258,2.0438,1.555,1,1,,8450,3.59
grid2:halfR,,,PR20_x1,holdout,4,1049,headon,vfield,f2c41bc4be,ok,0,0,0,0,0,0,11.6043,12.1302,2.7258,2.0438,1.555,1,1,,8450,3.59
grid2:halfR,,,PR20_x1,holdout,4,1051,headon,vfield,f2c41bc4be,ok,0,0,0,0,0,0,12.6933,12.4926,2.7258,2.0438,1.555,1,1,,8450,3.59
grid2:halfR,,,PR20_x1,holdout,4,1053,headon,vfield,f2c41bc4be,ok,0,0,0,0,0,0,12.3261,8.0458,2.7258,2.0438,1.555,1,1,,8450,3.56
grid2:halfR,,,PR20_x1,holdout,4,1055,headon,vfield,f2c41bc4be,ok,0,0,0,0,0,0,12.2577,6.0179,2.7258,2.0438,1.555,1,1,,8450,3.54
grid2:halfR,,,PR20_x1,holdout,4,1057,headon,vfield,f2c41bc4be,ok,0,0,0,0,0,0,10.1839,4.032,2.7258,2.0438,1.555,1,1,,8450,3.58
grid2:halfR,,,PR20_x1,holdout,4,1059,headon,vfield,f2c41bc4be,ok,0,0,0,0,0,0,14.2728,11.7124,2.7258,2.0438,1.555,1,1,,8450,3.61
grid2:halfR,,,PR20_x1.25,holdout,4,1001,headon,vfield,cc6ff1ecca,ok,0,0,0,0,0,0,11.8541,14.4013,2.7258,2.0438,1.555,1,1,,8450,3.6
grid2:halfR,,,PR20_x1.25,holdout,4,1003,headon,vfield,cc6ff1ecca,ok,0,0,0,0,0,0,13.1721,12.826,2.7258,2.0438,1.555,1,1,,8450,3.55
grid2:halfR,,,PR20_x1.25,holdout,4,1005,headon,vfield,cc6ff1ecca,ok,0,0,0,0,0,0,12.6014,4.5681,2.7258,2.0438,1.555,1,1,,8450,3.56
grid2:halfR,,,PR20_x1.25,holdout,4,1007,headon,vfield,cc6ff1ecca,ok,0,0,0,0,0,0,12.5547,10.0959,2.7258,2.0438,1.555,1,1,,8450,3.6
grid2:halfR,,,PR20_x1.25,holdout,4,1009,headon,vfield,cc6ff1ecca,ok,0,0,0,0,0,0,11.8165,9.4644,2.7258,2.0438,1.555,1,1,,8450,3.61
grid2:halfR,,,PR20_x1.25,holdout,4,1011,headon,vfield,cc6ff1ecca,ok,0,0,0,0,0,0,13.7383,13.6906,2.7258,2.0438,1.555,1,1,,8450,3.63
grid2:halfR,,,PR20_x1.25,holdout,4,1013,headon,vfield,cc6ff1ecca,ok,0,0,0,0,0,0,13.4708,9.3862,2.7258,2.0438,1.555,1,1,,8450,3.56
grid2:halfR,,,PR20_x1.25,holdout,4,1015,headon,vfield,cc6ff1ecca,ok,0,0,0,0,0,0,10.8251,15.6816,2.7258,2.0438,1.555,1,1,,8450,3.54
grid2:halfR,,,PR20_x1.25,holdout,4,1017,headon,vfield,cc6ff1ecca,ok,0,0,0,0,0,0,12.2125,12.8178,2.7258,2.0438,1.555,1,1,,8450,3.59
grid2:halfR,,,PR20_x1.25,holdout,4,1019,headon,vfield,cc6ff1ecca,ok,0,0,0,0,0,0,10.5908,10.0015,2.7258,2.0438,1.555,1,1,,8450,3.59
grid2:halfR,,,PR20_x1.25,holdout,4,1021,headon,vfield,cc6ff1ecca,ok,0,0,0,0,0,0,14.2498,10.7513,2.7258,2.0438,1.555,1,1,,8450,3.61
grid2:halfR,,,PR20_x1.25,holdout,4,1023,headon,vfield,cc6ff1ecca,ok,0,0,0,0,0,0,13.8034,14.5608,2.7258,2.0438,1.555,1,1,,8450,3.57
grid2:halfR,,,PR20_x1.25,holdout,4,1025,headon,vfield,cc6ff1ecca,ok,0,0,0,0,0,0,12.0429,12.9655,2.7258,2.0438,1.555,1,1,,8450,3.59
grid2:halfR,,,PR20_x1.25,holdout,4,1027,headon,vfield,cc6ff1ecca,ok,0,0,0,0,0,0,12.0836,7.6004,2.7258,2.0438,1.555,1,1,,8450,3.6
grid2:halfR,,,PR20_x1.25,holdout,4,1029,headon,vfield,cc6ff1ecca,ok,0,0,0,0,0,0,12.4078,13.5357,2.7258,2.0438,1.555,1,1,,8450,3.56
grid2:halfR,,,PR20_x1.25,holdout,4,1031,headon,vfield,cc6ff1ecca,ok,0,0,0,0,0,0,14.6701,8.3871,2.7258,2.0438,1.555,1,1,,8450,3.59
grid2:halfR,,,PR20_x1.25,holdout,4,1033,headon,vfield,cc6ff1ecca,ok,0,0,0,0,0,0,15.7563,1.0997,2.7258,2.0438,1.555,1,1,,8450,3.57
grid2:halfR,,,PR20_x1.25,holdout,4,1035,headon,vfield,cc6ff1ecca,ok,0,0,0,0,0,0,14.5906,9.8966,2.7258,2.0438,1.555,1,1,,8450,3.58
grid2:halfR,,,PR20_x1.25,holdout,4,1037,headon,vfield,cc6ff1ecca,ok,0,0,0,0,0,0,12.6604,4.7658,2.7258,2.0438,1.555,1,1,,8450,3.58
grid2:halfR,,,PR20_x1.25,holdout,4,1039,headon,vfield,cc6ff1ecca,ok,0,0,0,0,0,0,12.874,9.2827,2.7258,2.0438,1.555,1,1,,8450,3.6
grid2:halfR,,,PR20_x1.25,holdout,4,1041,headon,vfield,cc6ff1ecca,ok,0,0,0,0,0,0,13.6766,13.2778,2.7258,2.0438,1.555,1,1,,8450,3.6
grid2:halfR,,,PR20_x1.25,holdout,4,1043,headon,vfield,cc6ff1ecca,ok,0,0,0,0,0,0,14.345,14.6634,2.7258,2.0438,1.555,1,1,,8450,3.64
grid2:halfR,,,PR20_x1.25,holdout,4,1045,headon,vfield,cc6ff1ecca,ok,0,0,0,0,0,0,15.4988,9.527,2.7258,2.0438,1.555,1,1,,8450,3.55
grid2:halfR,,,PR20_x1.25,holdout,4,1047,headon,vfield,cc6ff1ecca,ok,0,0,0,0,0,0,14.5261,12.4282,2.7258,2.0438,1.555,1,1,,8450,3.57
grid2:halfR,,,PR20_x1.25,holdout,4,1049,headon,vfield,cc6ff1ecca,ok,0,0,0,0,0,0,9.2146,12.7166,2.7258,2.0438,1.555,1,1,,8450,3.57
grid2:halfR,,,PR20_x1.25,holdout,4,1051,headon,vfield,cc6ff1ecca,ok,0,0,0,0,0,0,14.0818,12.9039,2.7258,2.0438,1.555,1,1,,8450,3.6
grid2:halfR,,,PR20_x1.25,holdout,4,1053,headon,vfield,cc6ff1ecca,ok,0,0,0,0,0,0,12.9429,8.0707,2.7258,2.0438,1.555,1,1,,8450,3.56
grid2:halfR,,,PR20_x1.25,holdout,4,1055,headon,vfield,cc6ff1ecca,ok,0,0,0,0,0,0,14.1028,9.5177,2.7258,2.0438,1.555,1,1,,8450,3.55
grid2:halfR,,,PR20_x1.25,holdout,4,1057,headon,vfield,cc6ff1ecca,ok,0,0,0,0,0,0,15.0961,13.6418,2.7258,2.0438,1.555,1,1,,8450,3.58
grid2:halfR,,,PR20_x1.25,holdout,4,1059,headon,vfield,cc6ff1ecca,ok,0,0,0,0,0,0,15.7695,13.3541,2.7258,2.0438,1.555,1,1,,8450,3.56
grid2:halfR,,,PR20_x1.5,holdout,4,1001,headon,vfield,c4e692f4c6,ok,0,0,0,0,0,0,11.1792,13.2469,2.7258,2.0438,1.555,1,1,,8450,3.6
grid2:halfR,,,PR20_x1.5,holdout,4,1003,headon,vfield,c4e692f4c6,ok,0,0,0,0,0,0,12.106,13.2329,2.7258,2.0438,1.555,1,1,,8450,3.57
grid2:halfR,,,PR20_x1.5,holdout,4,1005,headon,vfield,c4e692f4c6,ok,0,0,0,0,0,0,14.7506,11.1418,2.7258,2.0438,1.555,1,1,,8450,3.58
grid2:halfR,,,PR20_x1.5,holdout,4,1007,headon,vfield,c4e692f4c6,ok,0,0,0,0,0,0,12.65,10.8904,2.7258,2.0438,1.555,1,1,,8450,3.59
grid2:halfR,,,PR20_x1.5,holdout,4,1009,headon,vfield,c4e692f4c6,ok,0,0,0,0,0,0,14.7548,10.0407,2.7258,2.0438,1.555,1,1,,8450,3.63
grid2:halfR,,,PR20_x1.5,holdout,4,1011,headon,vfield,c4e692f4c6,ok,0,0,0,0,0,0,13.8455,15.3252,2.7258,2.0438,1.555,1,1,,8450,3.61
grid2:halfR,,,PR20_x1.5,holdout,4,1013,headon,vfield,c4e692f4c6,ok,0,0,0,0,0,0,15.1165,9.9346,2.7258,2.0438,1.555,1,1,,8450,3.59
grid2:halfR,,,PR20_x1.5,holdout,4,1015,headon,vfield,c4e692f4c6,ok,0,0,0,0,0,0,14.466,14.5574,2.7258,2.0438,1.555,1,1,,8450,3.58
grid2:halfR,,,PR20_x1.5,holdout,4,1017,headon,vfield,c4e692f4c6,ok,0,0,0,0,0,0,13.8466,8.7601,2.7258,2.0438,1.555,1,1,,8450,3.6
grid2:halfR,,,PR20_x1.5,holdout,4,1019,headon,vfield,c4e692f4c6,ok,0,0,0,0,0,0,13.8952,10.7644,2.7258,2.0438,1.555,1,1,,8450,3.58
grid2:halfR,,,PR20_x1.5,holdout,4,1021,headon,vfield,c4e692f4c6,ok,0,0,0,0,0,0,14.0067,12.1006,2.7258,2.0438,1.555,1,1,,8450,3.56
grid2:halfR,,,PR20_x1.5,holdout,4,1023,headon,vfield,c4e692f4c6,ok,0,0,0,0,0,0,11.3235,17.4505,2.7258,2.0438,1.555,1,1,,8450,3.57
grid2:halfR,,,PR20_x1.5,holdout,4,1025,headon,vfield,c4e692f4c6,ok,0,0,0,0,0,0,11.16,14.6488,2.7258,2.0438,1.555,1,1,,8450,3.59
grid2:halfR,,,PR20_x1.5,holdout,4,1027,headon,vfield,c4e692f4c6,ok,0,0,0,0,0,0,13.8089,12.6251,2.7258,2.0438,1.555,1,1,,8450,3.58
grid2:halfR,,,PR20_x1.5,holdout,4,1029,headon,vfield,c4e692f4c6,ok,0,0,0,0,0,0,15.3854,15.9454,2.7258,2.0438,1.555,1,1,,8450,3.62
grid2:halfR,,,PR20_x1.5,holdout,4,1031,headon,vfield,c4e692f4c6,ok,0,0,0,0,0,0,13.5782,8.5511,2.7258,2.0438,1.555,1,1,,8450,3.61
grid2:halfR,,,PR20_x1.5,holdout,4,1033,headon,vfield,c4e692f4c6,ok,0,0,0,0,0,0,15.34,13.5417,2.7258,2.0438,1.555,1,1,,8450,3.59
grid2:halfR,,,PR20_x1.5,holdout,4,1035,headon,vfield,c4e692f4c6,ok,0,0,0,0,0,0,14.311,12.6403,2.7258,2.0438,1.555,1,1,,8450,3.57
grid2:halfR,,,PR20_x1.5,holdout,4,1037,headon,vfield,c4e692f4c6,ok,0,0,0,0,0,0,14.0959,11.6253,2.7258,2.0438,1.555,1,1,,8450,3.57
grid2:halfR,,,PR20_x1.5,holdout,4,1039,headon,vfield,c4e692f4c6,ok,0,0,0,0,0,0,12.1601,9.7878,2.7258,2.0438,1.555,1,1,,8450,3.61
grid2:halfR,,,PR20_x1.5,holdout,4,1041,headon,vfield,c4e692f4c6,ok,0,0,0,0,0,0,12.3479,13.0396,2.7258,2.0438,1.555,1,1,,8450,3.58
grid2:halfR,,,PR20_x1.5,holdout,4,1043,headon,vfield,c4e692f4c6,ok,0,0,0,0,0,0,12.9356,12.6651,2.7258,2.0438,1.555,1,1,,8450,3.58
grid2:halfR,,,PR20_x1.5,holdout,4,1045,headon,vfield,c4e692f4c6,ok,0,0,0,0,0,0,12.1973,9.944,2.7258,2.0438,1.555,1,1,,8450,3.57
grid2:halfR,,,PR20_x1.5,holdout,4,1047,headon,vfield,c4e692f4c6,ok,0,0,0,0,0,0,13.7017,8.6002,2.7258,2.0438,1.555,1,1,,8450,3.58
grid2:halfR,,,PR20_x1.5,holdout,4,1049,headon,vfield,c4e692f4c6,ok,0,0,0,0,0,0,12.9382,14.3309,2.7258,2.0438,1.555,1,1,,8450,3.62
grid2:halfR,,,PR20_x1.5,holdout,4,1051,headon,vfield,c4e692f4c6,ok,0,0,0,0,0,0,11.249,13.1147,2.7258,2.0438,1.555,1,1,,8450,3.6
grid2:halfR,,,PR20_x1.5,holdout,4,1053,headon,vfield,c4e692f4c6,ok,0,0,0,0,0,0,14.9188,8.1009,2.7258,2.0438,1.555,1,1,,8450,3.61
grid2:halfR,,,PR20_x1.5,holdout,4,1055,headon,vfield,c4e692f4c6,ok,0,0,0,0,0,0,10.5914,13.3062,2.7258,2.0438,1.555,1,1,,8450,3.59
grid2:halfR,,,PR20_x1.5,holdout,4,1057,headon,vfield,c4e692f4c6,ok,0,0,0,0,0,0,12.9134,16.3581,2.7258,2.0438,1.555,1,1,,8450,3.56
grid2:halfR,,,PR20_x1.5,holdout,4,1059,headon,vfield,c4e692f4c6,ok,0,0,0,0,0,0,11.8651,14.4583,2.7258,2.0438,1.555,1,1,,8450,3.61
grid2:halfR,,,PR20_x2,holdout,4,1001,headon,vfield,f8ee6c43e5,ok,0,0,0,0,0,0,12.5152,14.0884,2.7258,2.0438,1.555,1,1,,8450,3.56
grid2:halfR,,,PR20_x2,holdout,4,1003,headon,vfield,f8ee6c43e5,ok,0,0,0,0,0,0,13.6759,11.5248,2.7258,2.0438,1.555,1,1,,8450,3.58
grid2:halfR,,,PR20_x2,holdout,4,1005,headon,vfield,f8ee6c43e5,ok,0,0,0,0,0,0,13.6663,13.0768,2.7258,2.0438,1.555,1,1,,8450,3.62
grid2:halfR,,,PR20_x2,holdout,4,1007,headon,vfield,f8ee6c43e5,ok,0,0,0,0,0,0,15.4385,12.6903,2.7258,2.0438,1.555,1,1,,8450,3.58
grid2:halfR,,,PR20_x2,holdout,4,1009,headon,vfield,f8ee6c43e5,ok,0,0,0,0,0,0,15.5344,11.3754,2.7258,2.0438,1.555,1,1,,8450,3.59
grid2:halfR,,,PR20_x2,holdout,4,1011,headon,vfield,f8ee6c43e5,ok,0,0,0,0,0,0,15.3282,13.0196,2.7258,2.0438,1.555,1,1,,8450,3.6
grid2:halfR,,,PR20_x2,holdout,4,1013,headon,vfield,f8ee6c43e5,ok,0,0,0,0,0,0,14.1293,7.4181,2.7258,2.0438,1.555,1,1,,8450,3.55
grid2:halfR,,,PR20_x2,holdout,4,1015,headon,vfield,f8ee6c43e5,ok,0,0,0,0,0,0,15.5636,14.4714,2.7258,2.0438,1.555,1,1,,8450,3.59
grid2:halfR,,,PR20_x2,holdout,4,1017,headon,vfield,f8ee6c43e5,ok,0,0,0,0,0,0,13.9011,13.2943,2.7258,2.0438,1.555,1,1,,8450,3.58
grid2:halfR,,,PR20_x2,holdout,4,1019,headon,vfield,f8ee6c43e5,ok,0,0,0,0,0,0,15.5281,12.3107,2.7258,2.0438,1.555,1,1,,8450,3.57
grid2:halfR,,,PR20_x2,holdout,4,1021,headon,vfield,f8ee6c43e5,ok,0,0,0,0,0,0,14.2258,14.3801,2.7258,2.0438,1.555,1,1,,8450,3.59
grid2:halfR,,,PR20_x2,holdout,4,1023,headon,vfield,f8ee6c43e5,ok,0,0,0,0,0,0,14.5027,12.33,2.7258,2.0438,1.555,1,1,,8450,3.62
grid2:halfR,,,PR20_x2,holdout,4,1025,headon,vfield,f8ee6c43e5,ok,0,0,0,0,0,0,12.9673,14.2941,2.7258,2.0438,1.555,1,1,,8450,3.58
grid2:halfR,,,PR20_x2,holdout,4,1027,headon,vfield,f8ee6c43e5,ok,0,0,0,0,0,0,12.0013,16.7234,2.7258,2.0438,1.555,1,1,,8450,3.57
grid2:halfR,,,PR20_x2,holdout,4,1029,headon,vfield,f8ee6c43e5,ok,0,0,0,0,0,0,15.8314,7.8797,2.7258,2.0438,1.555,1,1,,8450,3.59
grid2:halfR,,,PR20_x2,holdout,4,1031,headon,vfield,f8ee6c43e5,ok,0,0,0,0,0,0,15.0308,8.9552,2.7258,2.0438,1.555,1,1,,8450,3.57
grid2:halfR,,,PR20_x2,holdout,4,1033,headon,vfield,f8ee6c43e5,ok,0,0,0,0,0,0,13.0616,12.6553,2.7258,2.0438,1.555,1,1,,8450,3.57
grid2:halfR,,,PR20_x2,holdout,4,1035,headon,vfield,f8ee6c43e5,ok,0,0,0,0,0,0,14.4014,12.3664,2.7258,2.0438,1.555,1,1,,8450,3.6
grid2:halfR,,,PR20_x2,holdout,4,1037,headon,vfield,f8ee6c43e5,ok,0,0,0,0,0,0,14.2839,13.9763,2.7258,2.0438,1.555,1,1,,8450,3.58
grid2:halfR,,,PR20_x2,holdout,4,1039,headon,vfield,f8ee6c43e5,ok,0,0,0,0,0,0,12.6515,10.9565,2.7258,2.0438,1.555,1,1,,8450,3.65
grid2:halfR,,,PR20_x2,holdout,4,1041,headon,vfield,f8ee6c43e5,ok,0,0,0,0,0,0,13.368,9.1611,2.7258,2.0438,1.555,1,1,,8450,3.59
grid2:halfR,,,PR20_x2,holdout,4,1043,headon,vfield,f8ee6c43e5,ok,0,0,0,0,0,0,14.3694,11.8557,2.7258,2.0438,1.555,1,1,,8450,3.55
grid2:halfR,,,PR20_x2,holdout,4,1045,headon,vfield,f8ee6c43e5,ok,1,0,1,0,0,0,13.4939,0.4551,2.7258,2.0438,1.555,1,1,16.04,8450,3.6
grid2:halfR,,,PR20_x2,holdout,4,1047,headon,vfield,f8ee6c43e5,ok,0,0,0,0,0,0,15.7712,10.7659,2.7258,2.0438,1.555,1,1,,8450,3.58
grid2:halfR,,,PR20_x2,holdout,4,1049,headon,vfield,f8ee6c43e5,ok,0,0,0,0,0,0,12.961,14.981,2.7258,2.0438,1.555,1,1,,8450,3.61
grid2:halfR,,,PR20_x2,holdout,4,1051,headon,vfield,f8ee6c43e5,ok,1,0,1,0,0,0,13.4512,0.7461,2.7258,2.0438,1.555,1,1,30.08,8450,3.57
grid2:halfR,,,PR20_x2,holdout,4,1053,headon,vfield,f8ee6c43e5,ok,0,0,0,0,0,0,15.6499,8.1775,2.7258,2.0438,1.555,1,1,,8450,3.55
grid2:halfR,,,PR20_x2,holdout,4,1055,headon,vfield,f8ee6c43e5,ok,0,0,0,0,0,0,15.9644,13.9312,2.7258,2.0438,1.555,1,1,,8450,3.59
grid2:halfR,,,PR20_x2,holdout,4,1057,headon,vfield,f8ee6c43e5,ok,0,0,0,0,0,0,14.7298,11.5862,2.7258,2.0438,1.555,1,1,,8450,3.6
grid2:halfR,,,PR20_x2,holdout,4,1059,headon,vfield,f8ee6c43e5,ok,0,0,0,0,0,0,16.6387,12.6658,2.7258,2.0438,1.555,1,1,,8450,3.6
