mode,param,value,label,split,nFan,seed,geometry,guidance,configHash,status,totalCollisions,fanOwnCap,fanForeignCap,fanFanSame,fanFanCross,leaderLeader,minFanFanGap,minFanCapGap,minLeaderGap,redRMS,goldRMS,redArrived,goldArrived,firstCollisionRelCPA,steps,runtimeSec
grid2:halfRNS,,,PR4_x1,holdout,3,1001,headon,vfield,356b979057,ok,0,0,0,0,0,0,1.2989,3.0665,2.7258,2.0438,1.555,1,1,,8450,3.65
grid2:halfRNS,,,PR4_x1,holdout,3,1003,headon,vfield,356b979057,ok,0,0,0,0,0,0,1.3954,1.1302,2.7258,2.0438,1.555,1,1,,8450,3.57
grid2:halfRNS,,,PR4_x1,holdout,3,1005,headon,vfield,356b979057,ok,0,0,0,0,0,0,1.5993,2.6298,2.7258,2.0438,1.555,1,1,,8450,3.51
grid2:halfRNS,,,PR4_x1,holdout,3,1007,headon,vfield,356b979057,ok,0,0,0,0,0,0,1.9022,1.7209,2.7258,2.0438,1.555,1,1,,8450,3.51
grid2:halfRNS,,,PR4_x1,holdout,3,1009,headon,vfield,356b979057,ok,0,0,0,0,0,0,2.5672,3.3016,2.7258,2.0438,1.555,1,1,,8450,3.4
grid2:halfRNS,,,PR4_x1,holdout,3,1011,headon,vfield,356b979057,ok,1,0,1,0,0,0,1.4285,0.7088,2.7258,2.0438,1.555,1,1,3.99,8450,3.48
grid2:halfRNS,,,PR4_x1,holdout,3,1013,headon,vfield,356b979057,ok,1,0,1,0,0,0,1.3664,0.4682,2.7258,2.0438,1.555,1,1,4.92,8450,3.5
grid2:halfRNS,,,PR4_x1,holdout,3,1015,headon,vfield,356b979057,ok,0,0,0,0,0,0,2.5274,2.7534,2.7258,2.0438,1.555,1,1,,8450,3.46
grid2:halfRNS,,,PR4_x1,holdout,3,1017,headon,vfield,356b979057,ok,2,0,1,0,1,0,0.3419,0.4882,2.7258,2.0438,1.555,1,1,5.09,8450,3.45
grid2:halfRNS,,,PR4_x1,holdout,3,1019,headon,vfield,356b979057,ok,0,0,0,0,0,0,2.8729,1.7652,2.7258,2.0438,1.555,1,1,,8450,3.45
grid2:halfRNS,,,PR4_x1,holdout,3,1021,headon,vfield,356b979057,ok,1,0,1,0,0,0,1.1423,0.5291,2.7258,2.0438,1.555,1,1,13.66,8450,3.46
grid2:halfRNS,,,PR4_x1,holdout,3,1023,headon,vfield,356b979057,ok,0,0,0,0,0,0,2.4358,1.4953,2.7258,2.0438,1.555,1,1,,8450,3.44
grid2:halfRNS,,,PR4_x1,holdout,3,1025,headon,vfield,356b979057,ok,0,0,0,0,0,0,1.5626,1.1896,2.7258,2.0438,1.555,1,1,,8450,3.43
grid2:halfRNS,,,PR4_x1,holdout,3,1027,headon,vfield,356b979057,ok,0,0,0,0,0,0,2.7236,2.5748,2.7258,2.0438,1.555,1,1,,8450,3.43
grid2:halfRNS,,,PR4_x1,holdout,3,1029,headon,vfield,356b979057,ok,1,0,0,0,1,0,0.9305,1.3433,2.7258,2.0438,1.555,1,1,12.07,8450,3.43
grid2:halfRNS,,,PR4_x1,holdout,3,1031,headon,vfield,356b979057,ok,0,0,0,0,0,0,2.7823,3.2013,2.7258,2.0438,1.555,1,1,,8450,3.41
grid2:halfRNS,,,PR4_x1,holdout,3,1033,headon,vfield,356b979057,ok,0,0,0,0,0,0,1.2032,1.5291,2.7258,2.0438,1.555,1,1,,8450,3.45
grid2:halfRNS,,,PR4_x1,holdout,3,1035,headon,vfield,356b979057,ok,0,0,0,0,0,0,2.1533,1.3386,2.7258,2.0438,1.555,1,1,,8450,3.46
grid2:halfRNS,,,PR4_x1,holdout,3,1037,headon,vfield,356b979057,ok,0,0,0,0,0,0,2.4501,1.5121,2.7258,2.0438,1.555,1,1,,8450,3.45
grid2:halfRNS,,,PR4_x1,holdout,3,1039,headon,vfield,356b979057,ok,1,0,0,1,0,0,0.8887,2.9075,2.7258,2.0438,1.555,1,1,3.63,8450,3.44
grid2:halfRNS,,,PR4_x1,holdout,3,1041,headon,vfield,356b979057,ok,1,0,1,0,0,0,2.3464,0.9973,2.7258,2.0438,1.555,1,1,4.33,8450,3.45
grid2:halfRNS,,,PR4_x1,holdout,3,1043,headon,vfield,356b979057,ok,0,0,0,0,0,0,1.4984,1.5789,2.7258,2.0438,1.555,1,1,,8450,3.46
grid2:halfRNS,,,PR4_x1,holdout,3,1045,headon,vfield,356b979057,ok,2,0,0,0,2,0,0.7764,3.4949,2.7258,2.0438,1.555,1,1,6.31,8450,3.53
grid2:halfRNS,,,PR4_x1,holdout,3,1047,headon,vfield,356b979057,ok,1,0,0,0,1,0,0.9103,3.9668,2.7258,2.0438,1.555,1,1,5.95,8450,3.46
grid2:halfRNS,,,PR4_x1,holdout,3,1049,headon,vfield,356b979057,ok,0,0,0,0,0,0,2.6084,2.0898,2.7258,2.0438,1.555,1,1,,8450,3.47
grid2:halfRNS,,,PR4_x1,holdout,3,1051,headon,vfield,356b979057,ok,0,0,0,0,0,0,1.6288,2.0462,2.7258,2.0438,1.555,1,1,,8450,3.45
grid2:halfRNS,,,PR4_x1,holdout,3,1053,headon,vfield,356b979057,ok,0,0,0,0,0,0,1.1367,1.6905,2.7258,2.0438,1.555,1,1,,8450,3.43
grid2:halfRNS,,,PR4_x1,holdout,3,1055,headon,vfield,356b979057,ok,2,0,0,1,1,0,0.5325,3.9433,2.7258,2.0438,1.555,1,1,-31.76,8450,3.44
grid2:halfRNS,,,PR4_x1,holdout,3,1057,headon,vfield,356b979057,ok,0,0,0,0,0,0,1.5525,3.3766,2.7258,2.0438,1.555,1,1,,8450,3.51
grid2:halfRNS,,,PR4_x1,holdout,3,1059,headon,vfield,356b979057,ok,0,0,0,0,0,0,1.5582,2.6596,2.7258,2.0438,1.555,1,1,,8450,3.48
grid2:halfRNS,,,PR4_x1.25,holdout,3,1001,headon,vfield,38ca3d461c,ok,0,0,0,0,0,0,2.9574,1.2391,2.7258,2.0438,1.555,1,1,,8450,3.44
grid2:halfRNS,,,PR4_x1.25,holdout,3,1003,headon,vfield,38ca3d461c,ok,0,0,0,0,0,0,2.7947,3.4407,2.7258,2.0438,1.555,1,1,,8450,3.42
grid2:halfRNS,,,PR4_x1.25,holdout,3,1005,headon,vfield,38ca3d461c,ok,0,0,0,0,0,0,1.653,3.4354,2.7258,2.0438,1.555,1,1,,8450,3.42
grid2:halfRNS,,,PR4_x1.25,holdout,3,1007,headon,vfield,38ca3d461c,ok,1,0,1,0,0,0,1.2562,0.2914,2.7258,2.0438,1.555,1,1,4.96,8450,3.5
grid2:halfRNS,,,PR4_x1.25,holdout,3,1009,headon,vfield,38ca3d461c,ok,0,0,0,0,0,0,2.8151,3.4213,2.7258,2.0438,1.555,1,1,,8450,3.47
grid2:halfRNS,,,PR4_x1.25,holdout,3,1011,headon,vfield,38ca3d461c,ok,0,0,0,0,0,0,2.2521,1.5408,2.7258,2.0438,1.555,1,1,,8450,3.41
grid2:halfRNS,,,PR4_x1.25,holdout,3,1013,headon,vfield,38ca3d461c,ok,0,0,0,0,0,0,1.5093,3.4401,2.7258,2.0438,1.555,1,1,,8450,3.45
grid2:halfRNS,,,PR4_x1.25,holdout,3,1015,headon,vfield,38ca3d461c,ok,0,0,0,0,0,0,2.6043,3.8197,2.7258,2.0438,1.555,1,1,,8450,3.47
grid2:halfRNS,,,PR4_x1.25,holdout,3,1017,headon,vfield,38ca3d461c,ok,0,0,0,0,0,0,2.9197,2.1863,2.7258,2.0438,1.555,1,1,,8450,3.47
grid2:halfRNS,,,PR4_x1.25,holdout,3,1019,headon,vfield,38ca3d461c,ok,0,0,0,0,0,0,2.8436,3.605,2.7258,2.0438,1.555,1,1,,8450,3.47
grid2:halfRNS,,,PR4_x1.25,holdout,3,1021,headon,vfield,38ca3d461c,ok,1,0,1,0,0,0,1.8732,0.2896,2.7258,2.0438,1.555,1,1,5.01,8450,3.43
grid2:halfRNS,,,PR4_x1.25,holdout,3,1023,headon,vfield,38ca3d461c,ok,0,0,0,0,0,0,2.7334,1.312,2.7258,2.0438,1.555,1,1,,8450,3.43
grid2:halfRNS,,,PR4_x1.25,holdout,3,1025,headon,vfield,38ca3d461c,ok,0,0,0,0,0,0,2.7896,3.8201,2.7258,2.0438,1.555,1,1,,8450,3.43
grid2:halfRNS,,,PR4_x1.25,holdout,3,1027,headon,vfield,38ca3d461c,ok,0,0,0,0,0,0,2.835,3.437,2.7258,2.0438,1.555,1,1,,8450,3.43
grid2:halfRNS,,,PR4_x1.25,holdout,3,1029,headon,vfield,38ca3d461c,ok,0,0,0,0,0,0,2.8185,3.8217,2.7258,2.0438,1.555,1,1,,8450,3.64
grid2:halfRNS,,,PR4_x1.25,holdout,3,1031,headon,vfield,38ca3d461c,ok,0,0,0,0,0,0,3.0677,1.5741,2.7258,2.0438,1.555,1,1,,8450,3.54
grid2:halfRNS,,,PR4_x1.25,holdout,3,1033,headon,vfield,38ca3d461c,ok,0,0,0,0,0,0,1.9368,3.481,2.7258,2.0438,1.555,1,1,,8450,3.44
grid2:halfRNS,,,PR4_x1.25,holdout,3,1035,headon,vfield,38ca3d461c,ok,0,0,0,0,0,0,2.744,3.8228,2.7258,2.0438,1.555,1,1,,8450,3.44
grid2:halfRNS,,,PR4_x1.25,holdout,3,1037,headon,vfield,38ca3d461c,ok,0,0,0,0,0,0,2.7203,3.8219,2.7258,2.0438,1.555,1,1,,8450,3.43
grid2:halfRNS,,,PR4_x1.25,holdout,3,1039,headon,vfield,38ca3d461c,ok,0,0,0,0,0,0,2.4591,1.5016,2.7258,2.0438,1.555,1,1,,8450,3.44
grid2:halfRNS,,,PR4_x1.25,holdout,3,1041,headon,vfield,38ca3d461c,ok,0,0,0,0,0,0,2.7631,3.8199,2.7258,2.0438,1.555,1,1,,8450,3.53
grid2:halfRNS,,,PR4_x1.25,holdout,3,1043,headon,vfield,38ca3d461c,ok,0,0,0,0,0,0,2.3951,2.6448,2.7258,2.0438,1.555,1,1,,8450,3.43
grid2:halfRNS,,,PR4_x1.25,holdout,3,1045,headon,vfield,38ca3d461c,ok,0,0,0,0,0,0,2.8116,3.4611,2.7258,2.0438,1.555,1,1,,8450,3.49
grid2:halfRNS,,,PR4_x1.25,holdout,3,1047,headon,vfield,38ca3d461c,ok,0,0,0,0,0,0,1.859,3.4329,2.7258,2.0438,1.555,1,1,,8450,3.45
grid2:halfRNS,,,PR4_x1.25,holdout,3,1049,headon,vfield,38ca3d461c,ok,0,0,0,0,0,0,2.7504,3.8212,2.7258,2.0438,1.555,1,1,,8450,3.46
grid2:halfRNS,,,PR4_x1.25,holdout,3,1051,headon,vfield,38ca3d461c,ok,0,0,0,0,0,0,2.708,3.5151,2.7258,2.0438,1.555,1,1,,8450,3.42
grid2:halfRNS,,,PR4_x1.25,holdout,3,1053,headon,vfield,38ca3d461c,ok,0,0,0,0,0,0,2.8143,3.4085,2.7258,2.0438,1.555,1,1,,8450,3.48
grid2:halfRNS,,,PR4_x1.25,holdout,3,1055,headon,vfield,38ca3d461c,ok,0,0,0,0,0,0,1.9785,1.4901,2.7258,2.0438,1.555,1,1,,8450,3.4
grid2:halfRNS,,,PR4_x1.25,holdout,3,1057,headon,vfield,38ca3d461c,ok,0,0,0,0,0,0,2.8139,3.4345,2.7258,2.0438,1.555,1,1,,8450,3.43
grid2:halfRNS,,,PR4_x1.25,holdout,3,1059,headon,vfield,38ca3d461c,ok,0,0,0,0,0,0,1.8861,3.476,2.7258,2.0438,1.555,1,1,,8450,3.46
grid2:halfRNS,,,PR4_x1.5,holdout,3,1001,headon,vfield,f71a5dc751,ok,0,0,0,0,0,0,2.7777,2.3669,2.7258,2.0438,1.555,1,1,,8450,3.44
grid2:halfRNS,,,PR4_x1.5,holdout,3,1003,headon,vfield,f71a5dc751,ok,0,0,0,0,0,0,2.7782,2.3679,2.7258,2.0438,1.555,1,1,,8450,3.44
grid2:halfRNS,,,PR4_x1.5,holdout,3,1005,headon,vfield,f71a5dc751,ok,0,0,0,0,0,0,1.7262,2.3681,2.7258,2.0438,1.555,1,1,,8450,3.43
grid2:halfRNS,,,PR4_x1.5,holdout,3,1007,headon,vfield,f71a5dc751,ok,0,0,0,0,0,0,2.6054,2.3674,2.7258,2.0438,1.555,1,1,,8450,3.41
grid2:halfRNS,,,PR4_x1.5,holdout,3,1009,headon,vfield,f71a5dc751,ok,0,0,0,0,0,0,2.8405,3.6027,2.7258,2.0438,1.555,1,1,,8450,3.43
grid2:halfRNS,,,PR4_x1.5,holdout,3,1011,headon,vfield,f71a5dc751,ok,0,0,0,0,0,0,2.1997,3.5942,2.7258,2.0438,1.555,1,1,,8450,3.41
grid2:halfRNS,,,PR4_x1.5,holdout,3,1013,headon,vfield,f71a5dc751,ok,0,0,0,0,0,0,1.5316,2.3677,2.7258,2.0438,1.555,1,1,,8450,3.47
grid2:halfRNS,,,PR4_x1.5,holdout,3,1015,headon,vfield,f71a5dc751,ok,0,0,0,0,0,0,2.7571,2.3054,2.7258,2.0438,1.555,1,1,,8450,3.44
grid2:halfRNS,,,PR4_x1.5,holdout,3,1017,headon,vfield,f71a5dc751,ok,0,0,0,0,0,0,2.3016,2.3673,2.7258,2.0438,1.555,1,1,,8450,3.44
grid2:halfRNS,,,PR4_x1.5,holdout,3,1019,headon,vfield,f71a5dc751,ok,0,0,0,0,0,0,2.7811,2.3668,2.7258,2.0438,1.555,1,1,,8450,3.39
grid2:halfRNS,,,PR4_x1.5,holdout,3,1021,headon,vfield,f71a5dc751,ok,0,0,0,0,0,0,2.7687,2.3687,2.7258,2.0438,1.555,1,1,,8450,3.39
grid2:halfRNS,,,PR4_x1.5,holdout,3,1023,headon,vfield,f71a5dc751,ok,0,0,0,0,0,0,1.4346,2.6277,2.7258,2.0438,1.555,1,1,,8450,3.42
grid2:halfRNS,,,PR4_x1.5,holdout,3,1025,headon,vfield,f71a5dc751,ok,0,0,0,0,0,0,2.7525,3.8605,2.7258,2.0438,1.555,1,1,,8450,3.41
grid2:halfRNS,,,PR4_x1.5,holdout,3,1027,headon,vfield,f71a5dc751,ok,0,0,0,0,0,0,2.8165,3.5835,2.7258,2.0438,1.555,1,1,,8450,3.4
grid2:halfRNS,,,PR4_x1.5,holdout,3,1029,headon,vfield,f71a5dc751,ok,0,0,0,0,0,0,1.7649,2.3686,2.7258,2.0438,1.555,1,1,,8450,3.45
grid2:halfRNS,,,PR4_x1.5,holdout,3,1031,headon,vfield,f71a5dc751,ok,0,0,0,0,0,0,1.935,2.3768,2.7258,2.0438,1.555,1,1,,8450,3.43
grid2:halfRNS,,,PR4_x1.5,holdout,3,1033,headon,vfield,f71a5dc751,ok,0,0,0,0,0,0,2.1709,3.441,2.7258,2.0438,1.555,1,1,,8450,3.47
grid2:halfRNS,,,PR4_x1.5,holdout,3,1035,headon,vfield,f71a5dc751,ok,0,0,0,0,0,0,2.7669,2.3699,2.7258,2.0438,1.555,1,1,,8450,3.43
grid2:halfRNS,,,PR4_x1.5,holdout,3,1037,headon,vfield,f71a5dc751,ok,0,0,0,0,0,0,2.781,2.3683,2.7258,2.0438,1.555,1,1,,8450,3.44
grid2:halfRNS,,,PR4_x1.5,holdout,3,1039,headon,vfield,f71a5dc751,ok,0,0,0,0,0,0,2.7675,2.3741,2.7258,2.0438,1.555,1,1,,8450,3.46
grid2:halfRNS,,,PR4_x1.5,holdout,3,1041,headon,vfield,f71a5dc751,ok,0,0,0,0,0,0,2.6603,2.3678,2.7258,2.0438,1.555,1,1,,8450,3.45
grid2:halfRNS,,,PR4_x1.5,holdout,3,1043,headon,vfield,f71a5dc751,ok,0,0,0,0,0,0,2.7605,2.3676,2.7258,2.0438,1.555,1,1,,8450,3.43
grid2:halfRNS,,,PR4_x1.5,holdout,3,1045,headon,vfield,f71a5dc751,ok,0,0,0,0,0,0,2.84,2.3679,2.7258,2.0438,1.555,1,1,,8450,3.45
grid2:halfRNS,,,PR4_x1.5,holdout,3,1047,headon,vfield,f71a5dc751,ok,0,0,0,0,0,0,2.7784,2.3663,2.7258,2.0438,1.555,1,1,,8450,3.42
grid2:halfRNS,,,PR4_x1.5,holdout,3,1049,headon,vfield,f71a5dc751,ok,1,0,1,0,0,0,1.9593,0.8834,2.7258,2.0438,1.555,1,1,4.39,8450,3.45
grid2:halfRNS,,,PR4_x1.5,holdout,3,1051,headon,vfield,f71a5dc751,ok,0,0,0,0,0,0,2.7579,2.3318,2.7258,2.0438,1.555,1,1,,8450,3.45
grid2:halfRNS,,,PR4_x1.5,holdout,3,1053,headon,vfield,f71a5dc751,ok,0,0,0,0,0,0,2.7782,2.3692,2.7258,2.0438,1.555,1,1,,8450,3.4
grid2:halfRNS,,,PR4_x1.5,holdout,3,1055,headon,vfield,f71a5dc751,ok,0,0,0,0,0,0,2.2636,2.3375,2.7258,2.0438,1.555,1,1,,8450,3.41
grid2:halfRNS,,,PR4_x1.5,holdout,3,1057,headon,vfield,f71a5dc751,ok,0,0,0,0,0,0,2.6697,2.3665,2.7258,2.0438,1.555,1,1,,8450,3.44
grid2:halfRNS,,,PR4_x1.5,holdout,3,1059,headon,vfield,f71a5dc751,ok,0,0,0,0,0,0,2.7428,2.3686,2.7258,2.0438,1.555,1,1,,8450,3.4
grid2:halfRNS,,,PR4_x2,holdout,3,1001,headon,vfield,47e4addec3,ok,0,0,0,0,0,0,2.8319,3.6027,2.7258,2.0438,1.555,1,1,,8450,3.46
grid2:halfRNS,,,PR4_x2,holdout,3,1003,headon,vfield,47e4addec3,ok,1,0,0,1,0,0,0.5997,2.3979,2.7258,2.0438,1.555,1,1,5.06,8450,3.42
grid2:halfRNS,,,PR4_x2,holdout,3,1005,headon,vfield,47e4addec3,ok,0,0,0,0,0,0,2.1387,2.1732,2.7258,2.0438,1.555,1,1,,8450,3.46
grid2:halfRNS,,,PR4_x2,holdout,3,1007,headon,vfield,47e4addec3,ok,0,0,0,0,0,0,1.6131,1.6288,2.7258,2.0438,1.555,1,1,,8450,3.41
grid2:halfRNS,,,PR4_x2,holdout,3,1009,headon,vfield,47e4addec3,ok,0,0,0,0,0,0,2.8611,3.6027,2.7258,2.0438,1.555,1,1,,8450,3.4
grid2:halfRNS,,,PR4_x2,holdout,3,1011,headon,vfield,47e4addec3,ok,1,0,0,1,0,0,0.7167,2.9915,2.7258,2.0438,1.555,1,1,4.19,8450,3.41
grid2:halfRNS,,,PR4_x2,holdout,3,1013,headon,vfield,47e4addec3,ok,0,0,0,0,0,0,1.4582,2.1825,2.7258,2.0438,1.555,1,1,,8450,3.42
grid2:halfRNS,,,PR4_x2,holdout,3,1015,headon,vfield,47e4addec3,ok,0,0,0,0,0,0,2.8611,3.6027,2.7258,2.0438,1.555,1,1,,8450,3.4
grid2:halfRNS,,,PR4_x2,holdout,3,1017,headon,vfield,47e4addec3,ok,0,0,0,0,0,0,2.2305,2.178,2.7258,2.0438,1.555,1,1,,8450,3.49
grid2:halfRNS,,,PR4_x2,holdout,3,1019,headon,vfield,47e4addec3,ok,1,0,0,0,1,0,0.8076,1.0025,2.7258,2.0438,1.555,1,1,27.22,8450,3.44
grid2:halfRNS,,,PR4_x2,holdout,3,1021,headon,vfield,47e4addec3,ok,0,0,0,0,0,0,2.8325,3.6027,2.7258,2.0438,1.555,1,1,,8450,3.49
grid2:halfRNS,,,PR4_x2,holdout,3,1023,headon,vfield,47e4addec3,ok,0,0,0,0,0,0,1.6128,2.5756,2.7258,2.0438,1.555,1,1,,8450,3.44
grid2:halfRNS,,,PR4_x2,holdout,3,1025,headon,vfield,47e4addec3,ok,0,0,0,0,0,0,1.1002,2.8138,2.7258,2.0438,1.555,1,1,,8450,3.44
grid2:halfRNS,,,PR4_x2,holdout,3,1027,headon,vfield,47e4addec3,ok,0,0,0,0,0,0,2.8611,3.6027,2.7258,2.0438,1.555,1,1,,8450,3.42
grid2:halfRNS,,,PR4_x2,holdout,3,1029,headon,vfield,47e4addec3,ok,0,0,0,0,0,0,2.6691,2.1813,2.7258,2.0438,1.555,1,1,,8450,3.41
grid2:halfRNS,,,PR4_x2,holdout,3,1031,headon,vfield,47e4addec3,ok,0,0,0,0,0,0,2.6765,2.1761,2.7258,2.0438,1.555,1,1,,8450,3.42
grid2:halfRNS,,,PR4_x2,holdout,3,1033,headon,vfield,47e4addec3,ok,1,0,0,1,0,0,0.6384,1.5597,2.7258,2.0438,1.555,1,1,4.78,8450,3.44
grid2:halfRNS,,,PR4_x2,holdout,3,1035,headon,vfield,47e4addec3,ok,0,0,0,0,0,0,2.0397,2.1809,2.7258,2.0438,1.555,1,1,,8450,3.42
grid2:halfRNS,,,PR4_x2,holdout,3,1037,headon,vfield,47e4addec3,ok,0,0,0,0,0,0,2.6283,3.6015,2.7258,2.0438,1.555,1,1,,8450,3.45
grid2:halfRNS,,,PR4_x2,holdout,3,1039,headon,vfield,47e4addec3,ok,0,0,0,0,0,0,2.4608,3.6015,2.7258,2.0438,1.555,1,1,,8450,3.4
grid2:halfRNS,,,PR4_x2,holdout,3,1041,headon,vfield,47e4addec3,ok,0,0,0,0,0,0,2.6925,3.6026,2.7258,2.0438,1.555,1,1,,8450,3.4
grid2:halfRNS,,,PR4_x2,holdout,3,1043,headon,vfield,47e4addec3,ok,0,0,0,0,0,0,2.5853,3.6015,2.7258,2.0438,1.555,1,1,,8450,3.42
grid2:halfRNS,,,PR4_x2,holdout,3,1045,headon,vfield,47e4addec3,ok,0,0,0,0,0,0,2.7109,2.1803,2.7258,2.0438,1.555,1,1,,8450,3.4
grid2:halfRNS,,,PR4_x2,holdout,3,1047,headon,vfield,47e4addec3,ok,0,0,0,0,0,0,2.711,2.1846,2.7258,2.0438,1.555,1,1,,8450,3.4
grid2:halfRNS,,,PR4_x2,holdout,3,1049,headon,vfield,47e4addec3,ok,0,0,0,0,0,0,2.0168,2.1816,2.7258,2.0438,1.555,1,1,,8450,3.4
grid2:halfRNS,,,PR4_x2,holdout,3,1051,headon,vfield,47e4addec3,ok,0,0,0,0,0,0,2.8611,3.6027,2.7258,2.0438,1.555,1,1,,8450,3.45
grid2:halfRNS,,,PR4_x2,holdout,3,1053,headon,vfield,47e4addec3,ok,0,0,0,0,0,0,2.8316,3.6026,2.7258,2.0438,1.555,1,1,,8450,3.44
grid2:halfRNS,,,PR4_x2,holdout,3,1055,headon,vfield,47e4addec3,ok,0,0,0,0,0,0,2.711,2.1854,2.7258,2.0438,1.555,1,1,,8450,3.4
grid2:halfRNS,,,PR4_x2,holdout,3,1057,headon,vfield,47e4addec3,ok,0,0,0,0,0,0,2.0149,2.1783,2.7258,2.0438,1.555,1,1,,8450,3.44
grid2:halfRNS,,,PR4_x2,holdout,3,1059,headon,vfield,47e4addec3,ok,1,0,0,1,0,0,0.4098,2.4586,2.7258,2.0438,1.555,1,1,3.99,8450,3.44
grid2:halfRNS,,,PR6_x1,holdout,3,1001,headon,vfield,9e5947b629,ok,0,0,0,0,0,0,3.5921,1.536,2.7258,2.0438,1.555,1,1,,8450,3.42
grid2:halfRNS,,,PR6_x1,holdout,3,1003,headon,vfield,9e5947b629,ok,0,0,0,0,0,0,3.6791,1.4994,2.7258,2.0438,1.555,1,1,,8450,3.41
grid2:halfRNS,,,PR6_x1,holdout,3,1005,headon,vfield,9e5947b629,ok,0,0,0,0,0,0,1.8627,4.1376,2.7258,2.0438,1.555,1,1,,8450,3.36
grid2:halfRNS,,,PR6_x1,holdout,3,1007,headon,vfield,9e5947b629,ok,0,0,0,0,0,0,3.9729,3.1718,2.7258,2.0438,1.555,1,1,,8450,3.39
grid2:halfRNS,,,PR6_x1,holdout,3,1009,headon,vfield,9e5947b629,ok,0,0,0,0,0,0,4.4202,1.6433,2.7258,2.0438,1.555,1,1,,8450,3.4
grid2:halfRNS,,,PR6_x1,holdout,3,1011,headon,vfield,9e5947b629,ok,0,0,0,0,0,0,3.5564,3.8884,2.7258,2.0438,1.555,1,1,,8450,3.39
grid2:halfRNS,,,PR6_x1,holdout,3,1013,headon,vfield,9e5947b629,ok,0,0,0,0,0,0,1.4181,5.1159,2.7258,2.0438,1.555,1,1,,8450,3.46
grid2:halfRNS,,,PR6_x1,holdout,3,1015,headon,vfield,9e5947b629,ok,0,0,0,0,0,0,3.7575,1.8112,2.7258,2.0438,1.555,1,1,,8450,3.42
grid2:halfRNS,,,PR6_x1,holdout,3,1017,headon,vfield,9e5947b629,ok,0,0,0,0,0,0,4.0138,1.4861,2.7258,2.0438,1.555,1,1,,8450,3.39
grid2:halfRNS,,,PR6_x1,holdout,3,1019,headon,vfield,9e5947b629,ok,0,0,0,0,0,0,4.0448,2.2645,2.7258,2.0438,1.555,1,1,,8450,3.62
grid2:halfRNS,,,PR6_x1,holdout,3,1021,headon,vfield,9e5947b629,ok,0,0,0,0,0,0,4.1223,1.4256,2.7258,2.0438,1.555,1,1,,8450,3.46
grid2:halfRNS,,,PR6_x1,holdout,3,1023,headon,vfield,9e5947b629,ok,0,0,0,0,0,0,4.6353,3.851,2.7258,2.0438,1.555,1,1,,8450,3.56
grid2:halfRNS,,,PR6_x1,holdout,3,1025,headon,vfield,9e5947b629,ok,0,0,0,0,0,0,2.9514,3.0893,2.7258,2.0438,1.555,1,1,,8450,3.5
grid2:halfRNS,,,PR6_x1,holdout,3,1027,headon,vfield,9e5947b629,ok,0,0,0,0,0,0,1.8376,2.3546,2.7258,2.0438,1.555,1,1,,8450,3.41
grid2:halfRNS,,,PR6_x1,holdout,3,1029,headon,vfield,9e5947b629,ok,0,0,0,0,0,0,2.7794,2.3353,2.7258,2.0438,1.555,1,1,,8450,3.41
grid2:halfRNS,,,PR6_x1,holdout,3,1031,headon,vfield,9e5947b629,ok,0,0,0,0,0,0,1.6944,3.6439,2.7258,2.0438,1.555,1,1,,8450,3.37
grid2:halfRNS,,,PR6_x1,holdout,3,1033,headon,vfield,9e5947b629,ok,0,0,0,0,0,0,4.5953,2.9644,2.7258,2.0438,1.555,1,1,,8450,3.42
grid2:halfRNS,,,PR6_x1,holdout,3,1035,headon,vfield,9e5947b629,ok,0,0,0,0,0,0,1.4942,1.5372,2.7258,2.0438,1.555,1,1,,8450,3.44
grid2:halfRNS,,,PR6_x1,holdout,3,1037,headon,vfield,9e5947b629,ok,0,0,0,0,0,0,4.2299,1.579,2.7258,2.0438,1.555,1,1,,8450,3.44
grid2:halfRNS,,,PR6_x1,holdout,3,1039,headon,vfield,9e5947b629,ok,0,0,0,0,0,0,4.1437,1.5904,2.7258,2.0438,1.555,1,1,,8450,3.44
grid2:halfRNS,,,PR6_x1,holdout,3,1041,headon,vfield,9e5947b629,ok,0,0,0,0,0,0,4.5325,2.3148,2.7258,2.0438,1.555,1,1,,8450,3.44
grid2:halfRNS,,,PR6_x1,holdout,3,1043,headon,vfield,9e5947b629,ok,0,0,0,0,0,0,4.1797,1.5081,2.7258,2.0438,1.555,1,1,,8450,3.49
grid2:halfRNS,,,PR6_x1,holdout,3,1045,headon,vfield,9e5947b629,ok,0,0,0,0,0,0,4.1832,1.5541,2.7258,2.0438,1.555,1,1,,8450,3.44
grid2:halfRNS,,,PR6_x1,holdout,3,1047,headon,vfield,9e5947b629,ok,0,0,0,0,0,0,2.2976,4.014,2.7258,2.0438,1.555,1,1,,8450,3.39
grid2:halfRNS,,,PR6_x1,holdout,3,1049,headon,vfield,9e5947b629,ok,0,0,0,0,0,0,3.8939,3.497,2.7258,2.0438,1.555,1,1,,8450,3.41
grid2:halfRNS,,,PR6_x1,holdout,3,1051,headon,vfield,9e5947b629,ok,1,0,1,0,0,0,3.3797,0.4659,2.7258,2.0438,1.555,1,1,7.97,8450,3.4
grid2:halfRNS,,,PR6_x1,holdout,3,1053,headon,vfield,9e5947b629,ok,1,0,1,0,0,0,3.639,0.6388,2.7258,2.0438,1.555,1,1,5.43,8450,3.41
grid2:halfRNS,,,PR6_x1,holdout,3,1055,headon,vfield,9e5947b629,ok,0,0,0,0,0,0,3.4926,1.0897,2.7258,2.0438,1.555,1,1,,8450,3.41
grid2:halfRNS,,,PR6_x1,holdout,3,1057,headon,vfield,9e5947b629,ok,1,1,0,0,0,0,4.1248,0.267,2.7258,2.0438,1.555,1,1,14.3,8450,3.39
grid2:halfRNS,,,PR6_x1,holdout,3,1059,headon,vfield,9e5947b629,ok,0,0,0,0,0,0,3.4661,1.7547,2.7258,2.0438,1.555,1,1,,8450,3.43
grid2:halfRNS,,,PR6_x1.25,holdout,3,1001,headon,vfield,3debb1988d,ok,0,0,0,0,0,0,2.0196,5.2331,2.7258,2.0438,1.555,1,1,,8450,3.42
grid2:halfRNS,,,PR6_x1.25,holdout,3,1003,headon,vfield,3debb1988d,ok,0,0,0,0,0,0,2.1544,4.1494,2.7258,2.0438,1.555,1,1,,8450,3.39
grid2:halfRNS,,,PR6_x1.25,holdout,3,1005,headon,vfield,3debb1988d,ok,0,0,0,0,0,0,1.9411,3.8654,2.7258,2.0438,1.555,1,1,,8450,3.43
grid2:halfRNS,,,PR6_x1.25,holdout,3,1007,headon,vfield,3debb1988d,ok,0,0,0,0,0,0,3.5443,2.1415,2.7258,2.0438,1.555,1,1,,8450,3.4
grid2:halfRNS,,,PR6_x1.25,holdout,3,1009,headon,vfield,3debb1988d,ok,0,0,0,0,0,0,2.3926,4.4294,2.7258,2.0438,1.555,1,1,,8450,3.41
grid2:halfRNS,,,PR6_x1.25,holdout,3,1011,headon,vfield,3debb1988d,ok,0,0,0,0,0,0,3.5547,3.5736,2.7258,2.0438,1.555,1,1,,8450,3.44
grid2:halfRNS,,,PR6_x1.25,holdout,3,1013,headon,vfield,3debb1988d,ok,0,0,0,0,0,0,1.2897,4.851,2.7258,2.0438,1.555,1,1,,8450,3.39
grid2:halfRNS,,,PR6_x1.25,holdout,3,1015,headon,vfield,3debb1988d,ok,0,0,0,0,0,0,1.9583,4.2838,2.7258,2.0438,1.555,1,1,,8450,3.44
grid2:halfRNS,,,PR6_x1.25,holdout,3,1017,headon,vfield,3debb1988d,ok,1,0,1,0,0,0,3.8012,0.7933,2.7258,2.0438,1.555,1,1,7.04,8450,3.42
grid2:halfRNS,,,PR6_x1.25,holdout,3,1019,headon,vfield,3debb1988d,ok,1,0,1,0,0,0,3.7844,0.0899,2.7258,2.0438,1.555,1,1,8.15,8450,3.42
grid2:halfRNS,,,PR6_x1.25,holdout,3,1021,headon,vfield,3debb1988d,ok,0,0,0,0,0,0,3.7702,5.2942,2.7258,2.0438,1.555,1,1,,8450,3.56
grid2:halfRNS,,,PR6_x1.25,holdout,3,1023,headon,vfield,3debb1988d,ok,0,0,0,0,0,0,4.3881,2.8967,2.7258,2.0438,1.555,1,1,,8450,3.54
grid2:halfRNS,,,PR6_x1.25,holdout,3,1025,headon,vfield,3debb1988d,ok,0,0,0,0,0,0,3.3353,4.5331,2.7258,2.0438,1.555,1,1,,8450,3.54
grid2:halfRNS,,,PR6_x1.25,holdout,3,1027,headon,vfield,3debb1988d,ok,0,0,0,0,0,0,4.1319,5.1063,2.7258,2.0438,1.555,1,1,,8450,3.48
grid2:halfRNS,,,PR6_x1.25,holdout,3,1029,headon,vfield,3debb1988d,ok,0,0,0,0,0,0,2.2036,5.0086,2.7258,2.0438,1.555,1,1,,8450,3.43
grid2:halfRNS,,,PR6_x1.25,holdout,3,1031,headon,vfield,3debb1988d,ok,0,0,0,0,0,0,2.2413,5.2939,2.7258,2.0438,1.555,1,1,,8450,3.41
grid2:halfRNS,,,PR6_x1.25,holdout,3,1033,headon,vfield,3debb1988d,ok,1,0,1,0,0,0,3.945,0.3176,2.7258,2.0438,1.555,1,1,6.67,8450,3.41
grid2:halfRNS,,,PR6_x1.25,holdout,3,1035,headon,vfield,3debb1988d,ok,0,0,0,0,0,0,4.3425,1.874,2.7258,2.0438,1.555,1,1,,8450,3.4
grid2:halfRNS,,,PR6_x1.25,holdout,3,1037,headon,vfield,3debb1988d,ok,0,0,0,0,0,0,3.6634,5.294,2.7258,2.0438,1.555,1,1,,8450,3.41
grid2:halfRNS,,,PR6_x1.25,holdout,3,1039,headon,vfield,3debb1988d,ok,0,0,0,0,0,0,4.3578,5.2981,2.7258,2.0438,1.555,1,1,,8450,3.41
grid2:halfRNS,,,PR6_x1.25,holdout,3,1041,headon,vfield,3debb1988d,ok,0,0,0,0,0,0,1.7226,5.1541,2.7258,2.0438,1.555,1,1,,8450,3.48
grid2:halfRNS,,,PR6_x1.25,holdout,3,1043,headon,vfield,3debb1988d,ok,0,0,0,0,0,0,1.211,4.2856,2.7258,2.0438,1.555,1,1,,8450,3.42
grid2:halfRNS,,,PR6_x1.25,holdout,3,1045,headon,vfield,3debb1988d,ok,0,0,0,0,0,0,2.5167,4.3206,2.7258,2.0438,1.555,1,1,,8450,3.42
grid2:halfRNS,,,PR6_x1.25,holdout,3,1047,headon,vfield,3debb1988d,ok,0,0,0,0,0,0,3.2055,3.2631,2.7258,2.0438,1.555,1,1,,8450,3.41
grid2:halfRNS,,,PR6_x1.25,holdout,3,1049,headon,vfield,3debb1988d,ok,0,0,0,0,0,0,2.1411,4.7605,2.7258,2.0438,1.555,1,1,,8450,3.4
grid2:halfRNS,,,PR6_x1.25,holdout,3,1051,headon,vfield,3debb1988d,ok,1,0,0,1,0,0,0.1188,1.7834,2.7258,2.0438,1.555,1,1,16.68,8450,3.49
grid2:halfRNS,,,PR6_x1.25,holdout,3,1053,headon,vfield,3debb1988d,ok,1,0,1,0,0,0,1.9766,0.4618,2.7258,2.0438,1.555,1,1,5.51,8450,3.45
grid2:halfRNS,,,PR6_x1.25,holdout,3,1055,headon,vfield,3debb1988d,ok,0,0,0,0,0,0,3.1259,3.0553,2.7258,2.0438,1.555,1,1,,8450,3.48
grid2:halfRNS,,,PR6_x1.25,holdout,3,1057,headon,vfield,3debb1988d,ok,0,0,0,0,0,0,2.0047,5.0109,2.7258,2.0438,1.555,1,1,,8450,3.65
grid2:halfRNS,,,PR6_x1.25,holdout,3,1059,headon,vfield,3debb1988d,ok,0,0,0,0,0,0,3.4538,3.0932,2.7258,2.0438,1.555,1,1,,8450,3.74
grid2:halfRNS,,,PR6_x1.5,holdout,3,1001,headon,vfield,828bc07a95,ok,0,0,0,0,0,0,3.116,5.1596,2.7258,2.0438,1.555,1,1,,8450,3.69
grid2:halfRNS,,,PR6_x1.5,holdout,3,1003,headon,vfield,828bc07a95,ok,0,0,0,0,0,0,1.3823,5.0441,2.7258,2.0438,1.555,1,1,,8450,3.67
grid2:halfRNS,,,PR6_x1.5,holdout,3,1005,headon,vfield,828bc07a95,ok,0,0,0,0,0,0,1.1859,1.6006,2.7258,2.0438,1.555,1,1,,8450,3.73
grid2:halfRNS,,,PR6_x1.5,holdout,3,1007,headon,vfield,828bc07a95,ok,0,0,0,0,0,0,3.0532,4.2929,2.7258,2.0438,1.555,1,1,,8450,3.7
grid2:halfRNS,,,PR6_x1.5,holdout,3,1009,headon,vfield,828bc07a95,ok,0,0,0,0,0,0,2.4642,4.4326,2.7258,2.0438,1.555,1,1,,8450,3.56
grid2:halfRNS,,,PR6_x1.5,holdout,3,1011,headon,vfield,828bc07a95,ok,1,0,1,0,0,0,3.2198,0.2385,2.7258,2.0438,1.555,1,1,15.81,8450,3.75
grid2:halfRNS,,,PR6_x1.5,holdout,3,1013,headon,vfield,828bc07a95,ok,0,0,0,0,0,0,2.0598,1.5142,2.7258,2.0438,1.555,1,1,,8450,3.56
grid2:halfRNS,,,PR6_x1.5,holdout,3,1015,headon,vfield,828bc07a95,ok,0,0,0,0,0,0,2.4317,1.8108,2.7258,2.0438,1.555,1,1,,8450,3.68
grid2:halfRNS,,,PR6_x1.5,holdout,3,1017,headon,vfield,828bc07a95,ok,0,0,0,0,0,0,1.9126,1.4653,2.7258,2.0438,1.555,1,1,,8450,3.6
grid2:halfRNS,,,PR6_x1.5,holdout,3,1019,headon,vfield,828bc07a95,ok,0,0,0,0,0,0,1.4983,4.1219,2.7258,2.0438,1.555,1,1,,8450,3.76
grid2:halfRNS,,,PR6_x1.5,holdout,3,1021,headon,vfield,828bc07a95,ok,0,0,0,0,0,0,2.6766,5.7566,2.7258,2.0438,1.555,1,1,,8450,3.69
grid2:halfRNS,,,PR6_x1.5,holdout,3,1023,headon,vfield,828bc07a95,ok,0,0,0,0,0,0,1.802,5.2944,2.7258,2.0438,1.555,1,1,,8450,3.7
grid2:halfRNS,,,PR6_x1.5,holdout,3,1025,headon,vfield,828bc07a95,ok,0,0,0,0,0,0,1.4993,4.3029,2.7258,2.0438,1.555,1,1,,8450,3.72
grid2:halfRNS,,,PR6_x1.5,holdout,3,1027,headon,vfield,828bc07a95,ok,0,0,0,0,0,0,1.5369,3.2931,2.7258,2.0438,1.555,1,1,,8450,3.73
grid2:halfRNS,,,PR6_x1.5,holdout,3,1029,headon,vfield,828bc07a95,ok,0,0,0,0,0,0,4.3464,4.2664,2.7258,2.0438,1.555,1,1,,8450,3.55
grid2:halfRNS,,,PR6_x1.5,holdout,3,1031,headon,vfield,828bc07a95,ok,0,0,0,0,0,0,2.1658,4.215,2.7258,2.0438,1.555,1,1,,8450,3.71
grid2:halfRNS,,,PR6_x1.5,holdout,3,1033,headon,vfield,828bc07a95,ok,1,0,1,0,0,0,4.6446,0.1126,2.7258,2.0438,1.555,1,1,4.43,8450,3.41
grid2:halfRNS,,,PR6_x1.5,holdout,3,1035,headon,vfield,828bc07a95,ok,0,0,0,0,0,0,2.3304,5.1199,2.7258,2.0438,1.555,1,1,,8450,3.47
grid2:halfRNS,,,PR6_x1.5,holdout,3,1037,headon,vfield,828bc07a95,ok,0,0,0,0,0,0,4.1424,4.9769,2.7258,2.0438,1.555,1,1,,8450,3.41
grid2:halfRNS,,,PR6_x1.5,holdout,3,1039,headon,vfield,828bc07a95,ok,0,0,0,0,0,0,4.3667,2.5782,2.7258,2.0438,1.555,1,1,,8450,3.44
grid2:halfRNS,,,PR6_x1.5,holdout,3,1041,headon,vfield,828bc07a95,ok,0,0,0,0,0,0,2.3128,5.296,2.7258,2.0438,1.555,1,1,,8450,3.47
grid2:halfRNS,,,PR6_x1.5,holdout,3,1043,headon,vfield,828bc07a95,ok,0,0,0,0,0,0,2.3977,4.2513,2.7258,2.0438,1.555,1,1,,8450,3.4
grid2:halfRNS,,,PR6_x1.5,holdout,3,1045,headon,vfield,828bc07a95,ok,0,0,0,0,0,0,2.0869,1.0073,2.7258,2.0438,1.555,1,1,,8450,3.49
grid2:halfRNS,,,PR6_x1.5,holdout,3,1047,headon,vfield,828bc07a95,ok,0,0,0,0,0,0,2.3931,2.4526,2.7258,2.0438,1.555,1,1,,8450,3.52
grid2:halfRNS,,,PR6_x1.5,holdout,3,1049,headon,vfield,828bc07a95,ok,0,0,0,0,0,0,3.7612,5.285,2.7258,2.0438,1.555,1,1,,8450,3.51
grid2:halfRNS,,,PR6_x1.5,holdout,3,1051,headon,vfield,828bc07a95,ok,0,0,0,0,0,0,3.6374,4.5752,2.7258,2.0438,1.555,1,1,,8450,3.56
grid2:halfRNS,,,PR6_x1.5,holdout,3,1053,headon,vfield,828bc07a95,ok,0,0,0,0,0,0,3.331,2.1166,2.7258,2.0438,1.555,1,1,,8450,3.5
grid2:halfRNS,,,PR6_x1.5,holdout,3,1055,headon,vfield,828bc07a95,ok,0,0,0,0,0,0,1.579,4.046,2.7258,2.0438,1.555,1,1,,8450,3.46
grid2:halfRNS,,,PR6_x1.5,holdout,3,1057,headon,vfield,828bc07a95,ok,0,0,0,0,0,0,1.8103,3.8962,2.7258,2.0438,1.555,1,1,,8450,3.41
grid2:halfRNS,,,PR6_x1.5,holdout,3,1059,headon,vfield,828bc07a95,ok,0,0,0,0,0,0,3.4905,3.3823,2.7258,2.0438,1.555,1,1,,8450,3.4
grid2:halfRNS,,,PR6_x2,holdout,3,1001,headon,vfield,60362b9eb5,ok,0,0,0,0,0,0,3.5774,1.8425,2.7258,2.0438,1.555,1,1,,8450,3.41
grid2:halfRNS,,,PR6_x2,holdout,3,1003,headon,vfield,60362b9eb5,ok,0,0,0,0,0,0,3.2182,2.9165,2.7258,2.0438,1.555,1,1,,8450,3.38
grid2:halfRNS,,,PR6_x2,holdout,3,1005,headon,vfield,60362b9eb5,ok,1,0,1,0,0,0,3.586,0.4412,2.7258,2.0438,1.555,1,1,5.54,8450,3.41
grid2:halfRNS,,,PR6_x2,holdout,3,1007,headon,vfield,60362b9eb5,ok,0,0,0,0,0,0,1.2593,4.1007,2.7258,2.0438,1.555,1,1,,8450,3.37
grid2:halfRNS,,,PR6_x2,holdout,3,1009,headon,vfield,60362b9eb5,ok,0,0,0,0,0,0,3.93,3.2735,2.7258,2.0438,1.555,1,1,,8450,3.4
grid2:halfRNS,,,PR6_x2,holdout,3,1011,headon,vfield,60362b9eb5,ok,0,0,0,0,0,0,2.6516,3.0279,2.7258,2.0438,1.555,1,1,,8450,3.42
grid2:halfRNS,,,PR6_x2,holdout,3,1013,headon,vfield,60362b9eb5,ok,2,0,2,0,0,0,2.1942,0.6787,2.7258,2.0438,1.555,1,1,4.21,8450,3.41
grid2:halfRNS,,,PR6_x2,holdout,3,1015,headon,vfield,60362b9eb5,ok,0,0,0,0,0,0,4.698,4.0805,2.7258,2.0438,1.555,1,1,,8450,3.43
grid2:halfRNS,,,PR6_x2,holdout,3,1017,headon,vfield,60362b9eb5,ok,0,0,0,0,0,0,2.243,2.8488,2.7258,2.0438,1.555,1,1,,8450,3.62
grid2:halfRNS,,,PR6_x2,holdout,3,1019,headon,vfield,60362b9eb5,ok,1,0,1,0,0,0,3.5457,0.4726,2.7258,2.0438,1.555,1,1,16.04,8450,3.42
grid2:halfRNS,,,PR6_x2,holdout,3,1021,headon,vfield,60362b9eb5,ok,0,0,0,0,0,0,3.5725,3.9424,2.7258,2.0438,1.555,1,1,,8450,3.4
grid2:halfRNS,,,PR6_x2,holdout,3,1023,headon,vfield,60362b9eb5,ok,1,0,1,0,0,0,2.7602,0.7901,2.7258,2.0438,1.555,1,1,11.64,8450,3.4
grid2:halfRNS,,,PR6_x2,holdout,3,1025,headon,vfield,60362b9eb5,ok,0,0,0,0,0,0,2.0713,5.8282,2.7258,2.0438,1.555,1,1,,8450,3.39
grid2:halfRNS,,,PR6_x2,holdout,3,1027,headon,vfield,60362b9eb5,ok,1,0,1,0,0,0,2.5883,0.6231,2.7258,2.0438,1.555,1,1,5.39,8450,3.42
grid2:halfRNS,,,PR6_x2,holdout,3,1029,headon,vfield,60362b9eb5,ok,0,0,0,0,0,0,2.4548,1.0852,2.7258,2.0438,1.555,1,1,,8450,3.44
grid2:halfRNS,,,PR6_x2,holdout,3,1031,headon,vfield,60362b9eb5,ok,0,0,0,0,0,0,2.8956,2.7983,2.7258,2.0438,1.555,1,1,,8450,3.51
grid2:halfRNS,,,PR6_x2,holdout,3,1033,headon,vfield,60362b9eb5,ok,0,0,0,0,0,0,3.3988,5.4197,2.7258,2.0438,1.555,1,1,,8450,3.44
grid2:halfRNS,,,PR6_x2,holdout,3,1035,headon,vfield,60362b9eb5,ok,1,0,1,0,0,0,2.5346,0.6253,2.7258,2.0438,1.555,1,1,5.6,8450,3.42
grid2:halfRNS,,,PR6_x2,holdout,3,1037,headon,vfield,60362b9eb5,ok,0,0,0,0,0,0,2.7278,3.3296,2.7258,2.0438,1.555,1,1,,8450,3.43
grid2:halfRNS,,,PR6_x2,holdout,3,1039,headon,vfield,60362b9eb5,ok,1,0,1,0,0,0,2.7058,0.7194,2.7258,2.0438,1.555,1,1,5.18,8450,4.32
grid2:halfRNS,,,PR6_x2,holdout,3,1041,headon,vfield,60362b9eb5,ok,1,0,1,0,0,0,2.3177,0.7007,2.7258,2.0438,1.555,1,1,4.25,8450,4.56
grid2:halfRNS,,,PR6_x2,holdout,3,1043,headon,vfield,60362b9eb5,ok,0,0,0,0,0,0,5.667,2.1472,2.7258,2.0438,1.555,1,1,,8450,3.87
grid2:halfRNS,,,PR6_x2,holdout,3,1045,headon,vfield,60362b9eb5,ok,0,0,0,0,0,0,2.2745,2.8878,2.7258,2.0438,1.555,1,1,,8450,3.52
grid2:halfRNS,,,PR6_x2,holdout,3,1047,headon,vfield,60362b9eb5,ok,0,0,0,0,0,0,5.6149,1.1606,2.7258,2.0438,1.555,1,1,,8450,3.78
grid2:halfRNS,,,PR6_x2,holdout,3,1049,headon,vfield,60362b9eb5,ok,1,0,1,0,0,0,1.9,0.6074,2.7258,2.0438,1.555,1,1,5.42,8450,3.49
grid2:halfRNS,,,PR6_x2,holdout,3,1051,headon,vfield,60362b9eb5,ok,0,0,0,0,0,0,3.5491,4.3888,2.7258,2.0438,1.555,1,1,,8450,3.47
grid2:halfRNS,,,PR6_x2,holdout,3,1053,headon,vfield,60362b9eb5,ok,0,0,0,0,0,0,3.4775,4.3166,2.7258,2.0438,1.555,1,1,,8450,3.46
grid2:halfRNS,,,PR6_x2,holdout,3,1055,headon,vfield,60362b9eb5,ok,1,0,1,0,0,0,4.1297,0.4211,2.7258,2.0438,1.555,1,1,5.37,8450,3.49
grid2:halfRNS,,,PR6_x2,holdout,3,1057,headon,vfield,60362b9eb5,ok,1,0,1,0,0,0,4.6065,0.9494,2.7258,2.0438,1.555,1,1,4.33,8450,3.5
grid2:halfRNS,,,PR6_x2,holdout,3,1059,headon,vfield,60362b9eb5,ok,0,0,0,0,0,0,2.2739,1.0821,2.7258,2.0438,1.555,1,1,,8450,3.49
grid2:halfRNS,,,PR8_x1,holdout,3,1001,headon,vfield,d6aa8135e8,ok,0,0,0,0,0,0,5.4423,7.2259,2.7258,2.0438,1.555,1,1,,8450,3.47
grid2:halfRNS,,,PR8_x1,holdout,3,1003,headon,vfield,d6aa8135e8,ok,0,0,0,0,0,0,3.3712,7.133,2.7258,2.0438,1.555,1,1,,8450,3.54
grid2:halfRNS,,,PR8_x1,holdout,3,1005,headon,vfield,d6aa8135e8,ok,0,0,0,0,0,0,3.4236,4.6581,2.7258,2.0438,1.555,1,1,,8450,3.5
grid2:halfRNS,,,PR8_x1,holdout,3,1007,headon,vfield,d6aa8135e8,ok,0,0,0,0,0,0,5.2905,2.4202,2.7258,2.0438,1.555,1,1,,8450,3.43
grid2:halfRNS,,,PR8_x1,holdout,3,1009,headon,vfield,d6aa8135e8,ok,0,0,0,0,0,0,6.0436,7.1712,2.7258,2.0438,1.555,1,1,,8450,3.51
grid2:halfRNS,,,PR8_x1,holdout,3,1011,headon,vfield,d6aa8135e8,ok,0,0,0,0,0,0,6.4366,4.4043,2.7258,2.0438,1.555,1,1,,8450,3.49
grid2:halfRNS,,,PR8_x1,holdout,3,1013,headon,vfield,d6aa8135e8,ok,0,0,0,0,0,0,4.2044,5.4059,2.7258,2.0438,1.555,1,1,,8450,3.5
grid2:halfRNS,,,PR8_x1,holdout,3,1015,headon,vfield,d6aa8135e8,ok,0,0,0,0,0,0,5.3409,4.2156,2.7258,2.0438,1.555,1,1,,8450,3.43
grid2:halfRNS,,,PR8_x1,holdout,3,1017,headon,vfield,d6aa8135e8,ok,0,0,0,0,0,0,3.0292,5.1442,2.7258,2.0438,1.555,1,1,,8450,3.47
grid2:halfRNS,,,PR8_x1,holdout,3,1019,headon,vfield,d6aa8135e8,ok,0,0,0,0,0,0,5.1232,3.3413,2.7258,2.0438,1.555,1,1,,8450,3.46
grid2:halfRNS,,,PR8_x1,holdout,3,1021,headon,vfield,d6aa8135e8,ok,0,0,0,0,0,0,2.0838,7.1813,2.7258,2.0438,1.555,1,1,,8450,3.41
grid2:halfRNS,,,PR8_x1,holdout,3,1023,headon,vfield,d6aa8135e8,ok,0,0,0,0,0,0,5.5369,7.4893,2.7258,2.0438,1.555,1,1,,8450,3.43
grid2:halfRNS,,,PR8_x1,holdout,3,1025,headon,vfield,d6aa8135e8,ok,0,0,0,0,0,0,3.4943,4.166,2.7258,2.0438,1.555,1,1,,8450,3.42
grid2:halfRNS,,,PR8_x1,holdout,3,1027,headon,vfield,d6aa8135e8,ok,0,0,0,0,0,0,5.1811,7.0736,2.7258,2.0438,1.555,1,1,,8450,3.49
grid2:halfRNS,,,PR8_x1,holdout,3,1029,headon,vfield,d6aa8135e8,ok,0,0,0,0,0,0,4.0143,6.7192,2.7258,2.0438,1.555,1,1,,8450,3.54
grid2:halfRNS,,,PR8_x1,holdout,3,1031,headon,vfield,d6aa8135e8,ok,0,0,0,0,0,0,4.0693,3.2447,2.7258,2.0438,1.555,1,1,,8450,3.48
grid2:halfRNS,,,PR8_x1,holdout,3,1033,headon,vfield,d6aa8135e8,ok,0,0,0,0,0,0,4.7404,7.3254,2.7258,2.0438,1.555,1,1,,8450,3.51
grid2:halfRNS,,,PR8_x1,holdout,3,1035,headon,vfield,d6aa8135e8,ok,0,0,0,0,0,0,4.2907,5.2576,2.7258,2.0438,1.555,1,1,,8450,3.49
grid2:halfRNS,,,PR8_x1,holdout,3,1037,headon,vfield,d6aa8135e8,ok,1,0,0,1,0,0,0.0281,3.9057,2.7258,2.0438,1.555,1,1,18.33,8450,3.52
grid2:halfRNS,,,PR8_x1,holdout,3,1039,headon,vfield,d6aa8135e8,ok,0,0,0,0,0,0,5.8894,7.1353,2.7258,2.0438,1.555,1,1,,8450,3.46
grid2:halfRNS,,,PR8_x1,holdout,3,1041,headon,vfield,d6aa8135e8,ok,0,0,0,0,0,0,3.2814,6.387,2.7258,2.0438,1.555,1,1,,8450,3.51
grid2:halfRNS,,,PR8_x1,holdout,3,1043,headon,vfield,d6aa8135e8,ok,0,0,0,0,0,0,5.3816,7.0376,2.7258,2.0438,1.555,1,1,,8450,3.49
grid2:halfRNS,,,PR8_x1,holdout,3,1045,headon,vfield,d6aa8135e8,ok,0,0,0,0,0,0,4.7254,7.2938,2.7258,2.0438,1.555,1,1,,8450,3.45
grid2:halfRNS,,,PR8_x1,holdout,3,1047,headon,vfield,d6aa8135e8,ok,0,0,0,0,0,0,5.5131,7.1391,2.7258,2.0438,1.555,1,1,,8450,3.55
grid2:halfRNS,,,PR8_x1,holdout,3,1049,headon,vfield,d6aa8135e8,ok,0,0,0,0,0,0,4.702,7.222,2.7258,2.0438,1.555,1,1,,8450,3.49
grid2:halfRNS,,,PR8_x1,holdout,3,1051,headon,vfield,d6aa8135e8,ok,0,0,0,0,0,0,4.1819,5.2469,2.7258,2.0438,1.555,1,1,,8450,3.41
grid2:halfRNS,,,PR8_x1,holdout,3,1053,headon,vfield,d6aa8135e8,ok,1,0,0,1,0,0,0.1738,3.6568,2.7258,2.0438,1.555,1,1,17.82,8450,3.47
grid2:halfRNS,,,PR8_x1,holdout,3,1055,headon,vfield,d6aa8135e8,ok,0,0,0,0,0,0,4.2045,3.4905,2.7258,2.0438,1.555,1,1,,8450,3.42
grid2:halfRNS,,,PR8_x1,holdout,3,1057,headon,vfield,d6aa8135e8,ok,0,0,0,0,0,0,2.5252,4.9464,2.7258,2.0438,1.555,1,1,,8450,3.4
grid2:halfRNS,,,PR8_x1,holdout,3,1059,headon,vfield,d6aa8135e8,ok,0,0,0,0,0,0,4.5062,3.4739,2.7258,2.0438,1.555,1,1,,8450,3.43
grid2:halfRNS,,,PR8_x1.25,holdout,3,1001,headon,vfield,06378378e0,ok,1,0,0,0,1,0,0.9872,3.2564,2.7258,2.0438,1.555,1,1,22.68,8450,3.38
grid2:halfRNS,,,PR8_x1.25,holdout,3,1003,headon,vfield,06378378e0,ok,1,0,0,0,1,0,0.1705,3.0348,2.7258,2.0438,1.555,1,1,18.14,8450,3.42
grid2:halfRNS,,,PR8_x1.25,holdout,3,1005,headon,vfield,06378378e0,ok,0,0,0,0,0,0,2.9772,4.8102,2.7258,2.0438,1.555,1,1,,8450,3.39
grid2:halfRNS,,,PR8_x1.25,holdout,3,1007,headon,vfield,06378378e0,ok,0,0,0,0,0,0,4.2521,7.1672,2.7258,2.0438,1.555,1,1,,8450,3.4
grid2:halfRNS,,,PR8_x1.25,holdout,3,1009,headon,vfield,06378378e0,ok,0,0,0,0,0,0,2.8515,3.3586,2.7258,2.0438,1.555,1,1,,8450,3.42
grid2:halfRNS,,,PR8_x1.25,holdout,3,1011,headon,vfield,06378378e0,ok,0,0,0,0,0,0,3.2993,3.3568,2.7258,2.0438,1.555,1,1,,8450,3.39
grid2:halfRNS,,,PR8_x1.25,holdout,3,1013,headon,vfield,06378378e0,ok,0,0,0,0,0,0,3.3847,6.8068,2.7258,2.0438,1.555,1,1,,8450,3.39
grid2:halfRNS,,,PR8_x1.25,holdout,3,1015,headon,vfield,06378378e0,ok,0,0,0,0,0,0,2.1598,3.8913,2.7258,2.0438,1.555,1,1,,8450,3.41
grid2:halfRNS,,,PR8_x1.25,holdout,3,1017,headon,vfield,06378378e0,ok,1,0,1,0,0,0,2.1829,0.792,2.7258,2.0438,1.555,1,1,16.58,8450,3.43
grid2:halfRNS,,,PR8_x1.25,holdout,3,1019,headon,vfield,06378378e0,ok,0,0,0,0,0,0,5.1016,2.8947,2.7258,2.0438,1.555,1,1,,8450,3.5
grid2:halfRNS,,,PR8_x1.25,holdout,3,1021,headon,vfield,06378378e0,ok,0,0,0,0,0,0,2.9709,5.7039,2.7258,2.0438,1.555,1,1,,8450,3.45
grid2:halfRNS,,,PR8_x1.25,holdout,3,1023,headon,vfield,06378378e0,ok,0,0,0,0,0,0,1.0686,3.158,2.7258,2.0438,1.555,1,1,,8450,3.48
grid2:halfRNS,,,PR8_x1.25,holdout,3,1025,headon,vfield,06378378e0,ok,0,0,0,0,0,0,3.2794,5.2655,2.7258,2.0438,1.555,1,1,,8450,3.46
grid2:halfRNS,,,PR8_x1.25,holdout,3,1027,headon,vfield,06378378e0,ok,1,0,1,0,0,0,3.0177,0.8727,2.7258,2.0438,1.555,1,1,16.95,8450,3.47
grid2:halfRNS,,,PR8_x1.25,holdout,3,1029,headon,vfield,06378378e0,ok,0,0,0,0,0,0,1.3866,2.9768,2.7258,2.0438,1.555,1,1,,8450,3.52
grid2:halfRNS,,,PR8_x1.25,holdout,3,1031,headon,vfield,06378378e0,ok,1,0,0,1,0,0,0.272,3.5398,2.7258,2.0438,1.555,1,1,17.37,8450,3.46
grid2:halfRNS,,,PR8_x1.25,holdout,3,1033,headon,vfield,06378378e0,ok,0,0,0,0,0,0,1.5985,1.0725,2.7258,2.0438,1.555,1,1,,8450,3.44
grid2:halfRNS,,,PR8_x1.25,holdout,3,1035,headon,vfield,06378378e0,ok,1,0,1,0,0,0,2.5645,0.9262,2.7258,2.0438,1.555,1,1,16.71,8450,3.44
grid2:halfRNS,,,PR8_x1.25,holdout,3,1037,headon,vfield,06378378e0,ok,0,0,0,0,0,0,2.9303,1.8853,2.7258,2.0438,1.555,1,1,,8450,3.57
grid2:halfRNS,,,PR8_x1.25,holdout,3,1039,headon,vfield,06378378e0,ok,1,0,1,0,0,0,3.9286,0.8865,2.7258,2.0438,1.555,1,1,16.6,8450,3.54
grid2:halfRNS,,,PR8_x1.25,holdout,3,1041,headon,vfield,06378378e0,ok,0,0,0,0,0,0,1.1886,1.3123,2.7258,2.0438,1.555,1,1,,8450,3.5
grid2:halfRNS,,,PR8_x1.25,holdout,3,1043,headon,vfield,06378378e0,ok,1,0,0,1,0,0,0.0581,3.3795,2.7258,2.0438,1.555,1,1,20.24,8450,3.47
grid2:halfRNS,,,PR8_x1.25,holdout,3,1045,headon,vfield,06378378e0,ok,0,0,0,0,0,0,4.022,2.9634,2.7258,2.0438,1.555,1,1,,8450,3.48
grid2:halfRNS,,,PR8_x1.25,holdout,3,1047,headon,vfield,06378378e0,ok,0,0,0,0,0,0,3.135,3.714,2.7258,2.0438,1.555,1,1,,8450,3.45
grid2:halfRNS,,,PR8_x1.25,holdout,3,1049,headon,vfield,06378378e0,ok,0,0,0,0,0,0,3.0427,3.4872,2.7258,2.0438,1.555,1,1,,8450,3.44
grid2:halfRNS,,,PR8_x1.25,holdout,3,1051,headon,vfield,06378378e0,ok,0,0,0,0,0,0,4.4561,3.1558,2.7258,2.0438,1.555,1,1,,8450,3.45
grid2:halfRNS,,,PR8_x1.25,holdout,3,1053,headon,vfield,06378378e0,ok,0,0,0,0,0,0,3.3249,1.1817,2.7258,2.0438,1.555,1,1,,8450,3.49
grid2:halfRNS,,,PR8_x1.25,holdout,3,1055,headon,vfield,06378378e0,ok,1,0,0,1,0,0,0.5353,3.3351,2.7258,2.0438,1.555,1,1,18.04,8450,3.47
grid2:halfRNS,,,PR8_x1.25,holdout,3,1057,headon,vfield,06378378e0,ok,0,0,0,0,0,0,2.9173,3.2594,2.7258,2.0438,1.555,1,1,,8450,3.44
grid2:halfRNS,,,PR8_x1.25,holdout,3,1059,headon,vfield,06378378e0,ok,0,0,0,0,0,0,5.2438,3.236,2.7258,2.0438,1.555,1,1,,8450,3.49
grid2:halfRNS,,,PR8_x1.5,holdout,3,1001,headon,vfield,caf32af248,ok,0,0,0,0,0,0,2.3257,4.9508,2.7258,2.0438,1.555,1,1,,8450,3.48
grid2:halfRNS,,,PR8_x1.5,holdout,3,1003,headon,vfield,caf32af248,ok,0,0,0,0,0,0,4.3075,4.2345,2.7258,2.0438,1.555,1,1,,8450,3.46
grid2:halfRNS,,,PR8_x1.5,holdout,3,1005,headon,vfield,caf32af248,ok,0,0,0,0,0,0,5.2351,3.8449,2.7258,2.0438,1.555,1,1,,8450,3.4
grid2:halfRNS,,,PR8_x1.5,holdout,3,1007,headon,vfield,caf32af248,ok,0,0,0,0,0,0,2.2061,4.753,2.7258,2.0438,1.555,1,1,,8450,3.39
grid2:halfRNS,,,PR8_x1.5,holdout,3,1009,headon,vfield,caf32af248,ok,0,0,0,0,0,0,5.8379,7.2231,2.7258,2.0438,1.555,1,1,,8450,3.85
grid2:halfRNS,,,PR8_x1.5,holdout,3,1011,headon,vfield,caf32af248,ok,0,0,0,0,0,0,3.1009,5.1466,2.7258,2.0438,1.555,1,1,,8450,3.42
grid2:halfRNS,,,PR8_x1.5,holdout,3,1013,headon,vfield,caf32af248,ok,0,0,0,0,0,0,3.5702,6.2024,2.7258,2.0438,1.555,1,1,,8450,3.44
grid2:halfRNS,,,PR8_x1.5,holdout,3,1015,headon,vfield,caf32af248,ok,0,0,0,0,0,0,5.9696,4.6664,2.7258,2.0438,1.555,1,1,,8450,3.43
grid2:halfRNS,,,PR8_x1.5,holdout,3,1017,headon,vfield,caf32af248,ok,0,0,0,0,0,0,5.3376,7.1782,2.7258,2.0438,1.555,1,1,,8450,3.41
grid2:halfRNS,,,PR8_x1.5,holdout,3,1019,headon,vfield,caf32af248,ok,1,0,1,0,0,0,4.8645,0.9879,2.7258,2.0438,1.555,1,1,10.06,8450,3.43
grid2:halfRNS,,,PR8_x1.5,holdout,3,1021,headon,vfield,caf32af248,ok,0,0,0,0,0,0,5.1888,6.9976,2.7258,2.0438,1.555,1,1,,8450,3.52
grid2:halfRNS,,,PR8_x1.5,holdout,3,1023,headon,vfield,caf32af248,ok,0,0,0,0,0,0,1.2867,4.8604,2.7258,2.0438,1.555,1,1,,8450,3.46
grid2:halfRNS,,,PR8_x1.5,holdout,3,1025,headon,vfield,caf32af248,ok,0,0,0,0,0,0,1.9515,4.9445,2.7258,2.0438,1.555,1,1,,8450,3.44
grid2:halfRNS,,,PR8_x1.5,holdout,3,1027,headon,vfield,caf32af248,ok,0,0,0,0,0,0,4.3188,6.8949,2.7258,2.0438,1.555,1,1,,8450,3.46
grid2:halfRNS,,,PR8_x1.5,holdout,3,1029,headon,vfield,caf32af248,ok,0,0,0,0,0,0,5.8779,5.6271,2.7258,2.0438,1.555,1,1,,8450,3.42
grid2:halfRNS,,,PR8_x1.5,holdout,3,1031,headon,vfield,caf32af248,ok,0,0,0,0,0,0,3.38,7.4287,2.7258,2.0438,1.555,1,1,,8450,3.49
grid2:halfRNS,,,PR8_x1.5,holdout,3,1033,headon,vfield,caf32af248,ok,0,0,0,0,0,0,1.6286,4.5091,2.7258,2.0438,1.555,1,1,,8450,3.45
grid2:halfRNS,,,PR8_x1.5,holdout,3,1035,headon,vfield,caf32af248,ok,0,0,0,0,0,0,4.1178,5.2186,2.7258,2.0438,1.555,1,1,,8450,3.52
grid2:halfRNS,,,PR8_x1.5,holdout,3,1037,headon,vfield,caf32af248,ok,0,0,0,0,0,0,4.0281,4.2596,2.7258,2.0438,1.555,1,1,,8450,3.52
grid2:halfRNS,,,PR8_x1.5,holdout,3,1039,headon,vfield,caf32af248,ok,0,0,0,0,0,0,1.6964,7.0457,2.7258,2.0438,1.555,1,1,,8450,3.45
grid2:halfRNS,,,PR8_x1.5,holdout,3,1041,headon,vfield,caf32af248,ok,0,0,0,0,0,0,6.0245,6.9247,2.7258,2.0438,1.555,1,1,,8450,3.41
grid2:halfRNS,,,PR8_x1.5,holdout,3,1043,headon,vfield,caf32af248,ok,0,0,0,0,0,0,6.1572,5.3638,2.7258,2.0438,1.555,1,1,,8450,3.42
grid2:halfRNS,,,PR8_x1.5,holdout,3,1045,headon,vfield,caf32af248,ok,0,0,0,0,0,0,2.1686,6.9592,2.7258,2.0438,1.555,1,1,,8450,3.43
grid2:halfRNS,,,PR8_x1.5,holdout,3,1047,headon,vfield,caf32af248,ok,0,0,0,0,0,0,2.3345,4.2585,2.7258,2.0438,1.555,1,1,,8450,3.49
grid2:halfRNS,,,PR8_x1.5,holdout,3,1049,headon,vfield,caf32af248,ok,0,0,0,0,0,0,3.9547,4.135,2.7258,2.0438,1.555,1,1,,8450,3.46
grid2:halfRNS,,,PR8_x1.5,holdout,3,1051,headon,vfield,caf32af248,ok,0,0,0,0,0,0,5.2083,4.2791,2.7258,2.0438,1.555,1,1,,8450,3.52
grid2:halfRNS,,,PR8_x1.5,holdout,3,1053,headon,vfield,caf32af248,ok,0,0,0,0,0,0,5.3078,7.483,2.7258,2.0438,1.555,1,1,,8450,3.5
grid2:halfRNS,,,PR8_x1.5,holdout,3,1055,headon,vfield,caf32af248,ok,0,0,0,0,0,0,1.4786,5.8923,2.7258,2.0438,1.555,1,1,,8450,3.47
grid2:halfRNS,,,PR8_x1.5,holdout,3,1057,headon,vfield,caf32af248,ok,0,0,0,0,0,0,5.6061,3.8631,2.7258,2.0438,1.555,1,1,,8450,3.46
grid2:halfRNS,,,PR8_x1.5,holdout,3,1059,headon,vfield,caf32af248,ok,0,0,0,0,0,0,5.462,5.8783,2.7258,2.0438,1.555,1,1,,8450,3.45
grid2:halfRNS,,,PR8_x2,holdout,3,1001,headon,vfield,a4441f1ecb,ok,0,0,0,0,0,0,5.4142,7.3966,2.7258,2.0438,1.555,1,1,,8450,3.38
grid2:halfRNS,,,PR8_x2,holdout,3,1003,headon,vfield,a4441f1ecb,ok,0,0,0,0,0,0,4.7847,5.7849,2.7258,2.0438,1.555,1,1,,8450,3.39
grid2:halfRNS,,,PR8_x2,holdout,3,1005,headon,vfield,a4441f1ecb,ok,0,0,0,0,0,0,2.7256,2.5743,2.7258,2.0438,1.555,1,1,,8450,3.52
grid2:halfRNS,,,PR8_x2,holdout,3,1007,headon,vfield,a4441f1ecb,ok,0,0,0,0,0,0,2.4848,4.8441,2.7258,2.0438,1.555,1,1,,8450,3.46
grid2:halfRNS,,,PR8_x2,holdout,3,1009,headon,vfield,a4441f1ecb,ok,0,0,0,0,0,0,5.7579,6.1311,2.7258,2.0438,1.555,1,1,,8450,3.51
grid2:halfRNS,,,PR8_x2,holdout,3,1011,headon,vfield,a4441f1ecb,ok,0,0,0,0,0,0,4.1797,6.5849,2.7258,2.0438,1.555,1,1,,8450,3.47
grid2:halfRNS,,,PR8_x2,holdout,3,1013,headon,vfield,a4441f1ecb,ok,0,0,0,0,0,0,2.3655,7.098,2.7258,2.0438,1.555,1,1,,8450,3.48
grid2:halfRNS,,,PR8_x2,holdout,3,1015,headon,vfield,a4441f1ecb,ok,0,0,0,0,0,0,1.1011,7.1998,2.7258,2.0438,1.555,1,1,,8450,3.49
grid2:halfRNS,,,PR8_x2,holdout,3,1017,headon,vfield,a4441f1ecb,ok,0,0,0,0,0,0,5.3953,7.4146,2.7258,2.0438,1.555,1,1,,8450,3.44
grid2:halfRNS,,,PR8_x2,holdout,3,1019,headon,vfield,a4441f1ecb,ok,0,0,0,0,0,0,3.3124,5.1737,2.7258,2.0438,1.555,1,1,,8450,3.48
grid2:halfRNS,,,PR8_x2,holdout,3,1021,headon,vfield,a4441f1ecb,ok,0,0,0,0,0,0,6.126,4.7135,2.7258,2.0438,1.555,1,1,,8450,3.52
grid2:halfRNS,,,PR8_x2,holdout,3,1023,headon,vfield,a4441f1ecb,ok,0,0,0,0,0,0,5.9372,7.2698,2.7258,2.0438,1.555,1,1,,8450,3.43
grid2:halfRNS,,,PR8_x2,holdout,3,1025,headon,vfield,a4441f1ecb,ok,0,0,0,0,0,0,5.496,5.92,2.7258,2.0438,1.555,1,1,,8450,3.42
grid2:halfRNS,,,PR8_x2,holdout,3,1027,headon,vfield,a4441f1ecb,ok,0,0,0,0,0,0,5.288,3.9049,2.7258,2.0438,1.555,1,1,,8450,3.44
grid2:halfRNS,,,PR8_x2,holdout,3,1029,headon,vfield,a4441f1ecb,ok,0,0,0,0,0,0,6.7005,6.5562,2.7258,2.0438,1.555,1,1,,8450,3.43
grid2:halfRNS,,,PR8_x2,holdout,3,1031,headon,vfield,a4441f1ecb,ok,0,0,0,0,0,0,6.5781,4.0428,2.7258,2.0438,1.555,1,1,,8450,3.44
grid2:halfRNS,,,PR8_x2,holdout,3,1033,headon,vfield,a4441f1ecb,ok,0,0,0,0,0,0,5.1898,5.9808,2.7258,2.0438,1.555,1,1,,8450,3.48
grid2:halfRNS,,,PR8_x2,holdout,3,1035,headon,vfield,a4441f1ecb,ok,0,0,0,0,0,0,4.6303,7.4262,2.7258,2.0438,1.555,1,1,,8450,3.51
grid2:halfRNS,,,PR8_x2,holdout,3,1037,headon,vfield,a4441f1ecb,ok,1,0,0,0,1,0,0.7615,6.7124,2.7258,2.0438,1.555,1,1,15.35,8450,3.48
grid2:halfRNS,,,PR8_x2,holdout,3,1039,headon,vfield,a4441f1ecb,ok,0,0,0,0,0,0,3.6917,6.5382,2.7258,2.0438,1.555,1,1,,8450,3.43
grid2:halfRNS,,,PR8_x2,holdout,3,1041,headon,vfield,a4441f1ecb,ok,0,0,0,0,0,0,5.3828,5.7174,2.7258,2.0438,1.555,1,1,,8450,3.49
grid2:halfRNS,,,PR8_x2,holdout,3,1043,headon,vfield,a4441f1ecb,ok,0,0,0,0,0,0,4.9402,6.0557,2.7258,2.0438,1.555,1,1,,8450,3.43
grid2:halfRNS,,,PR8_x2,holdout,3,1045,headon,vfield,a4441f1ecb,ok,0,0,0,0,0,0,6.3475,6.9663,2.7258,2.0438,1.555,1,1,,8450,3.47
grid2:halfRNS,,,PR8_x2,holdout,3,1047,headon,vfield,a4441f1ecb,ok,0,0,0,0,0,0,6.185,4.6753,2.7258,2.0438,1.555,1,1,,8450,3.42
grid2:halfRNS,,,PR8_x2,holdout,3,1049,headon,vfield,a4441f1ecb,ok,0,0,0,0,0,0,6.6352,6.322,2.7258,2.0438,1.555,1,1,,8450,3.46
grid2:halfRNS,,,PR8_x2,holdout,3,1051,headon,vfield,a4441f1ecb,ok,0,0,0,0,0,0,6.2011,5.793,2.7258,2.0438,1.555,1,1,,8450,3.48
grid2:halfRNS,,,PR8_x2,holdout,3,1053,headon,vfield,a4441f1ecb,ok,0,0,0,0,0,0,4.197,4.2811,2.7258,2.0438,1.555,1,1,,8450,3.46
grid2:halfRNS,,,PR8_x2,holdout,3,1055,headon,vfield,a4441f1ecb,ok,0,0,0,0,0,0,5.4449,6.1854,2.7258,2.0438,1.555,1,1,,8450,3.44
grid2:halfRNS,,,PR8_x2,holdout,3,1057,headon,vfield,a4441f1ecb,ok,0,0,0,0,0,0,3.4386,6.8282,2.7258,2.0438,1.555,1,1,,8450,3.45
grid2:halfRNS,,,PR8_x2,holdout,3,1059,headon,vfield,a4441f1ecb,ok,0,0,0,0,0,0,3.69,6.3861,2.7258,2.0438,1.555,1,1,,8450,3.44
grid2:halfRNS,,,PR10_x1,holdout,3,1001,headon,vfield,977d47a324,ok,0,0,0,0,0,0,7.9546,3.6381,2.7258,2.0438,1.555,1,1,,8450,3.46
grid2:halfRNS,,,PR10_x1,holdout,3,1003,headon,vfield,977d47a324,ok,0,0,0,0,0,0,7.1262,1.6253,2.7258,2.0438,1.555,1,1,,8450,3.47
grid2:halfRNS,,,PR10_x1,holdout,3,1005,headon,vfield,977d47a324,ok,0,0,0,0,0,0,5.199,4.1885,2.7258,2.0438,1.555,1,1,,8450,3.43
grid2:halfRNS,,,PR10_x1,holdout,3,1007,headon,vfield,977d47a324,ok,0,0,0,0,0,0,8.3922,4.6181,2.7258,2.0438,1.555,1,1,,8450,3.41
grid2:halfRNS,,,PR10_x1,holdout,3,1009,headon,vfield,977d47a324,ok,0,0,0,0,0,0,4.4785,4.1278,2.7258,2.0438,1.555,1,1,,8450,3.41
grid2:halfRNS,,,PR10_x1,holdout,3,1011,headon,vfield,977d47a324,ok,0,0,0,0,0,0,7.8046,3.383,2.7258,2.0438,1.555,1,1,,8450,3.44
grid2:halfRNS,,,PR10_x1,holdout,3,1013,headon,vfield,977d47a324,ok,0,0,0,0,0,0,5.0027,5.6987,2.7258,2.0438,1.555,1,1,,8450,3.43
grid2:halfRNS,,,PR10_x1,holdout,3,1015,headon,vfield,977d47a324,ok,0,0,0,0,0,0,8.4257,9.1098,2.7258,2.0438,1.555,1,1,,8450,3.42
grid2:halfRNS,,,PR10_x1,holdout,3,1017,headon,vfield,977d47a324,ok,1,0,0,0,1,0,0.5562,4.1256,2.7258,2.0438,1.555,1,1,21.37,8450,3.42
grid2:halfRNS,,,PR10_x1,holdout,3,1019,headon,vfield,977d47a324,ok,0,0,0,0,0,0,6.6646,4.8251,2.7258,2.0438,1.555,1,1,,8450,3.38
grid2:halfRNS,,,PR10_x1,holdout,3,1021,headon,vfield,977d47a324,ok,0,0,0,0,0,0,3.1515,7.2537,2.7258,2.0438,1.555,1,1,,8450,3.44
grid2:halfRNS,,,PR10_x1,holdout,3,1023,headon,vfield,977d47a324,ok,0,0,0,0,0,0,4.8655,8.4548,2.7258,2.0438,1.555,1,1,,8450,3.39
grid2:halfRNS,,,PR10_x1,holdout,3,1025,headon,vfield,977d47a324,ok,0,0,0,0,0,0,6.229,3.7273,2.7258,2.0438,1.555,1,1,,8450,3.41
grid2:halfRNS,,,PR10_x1,holdout,3,1027,headon,vfield,977d47a324,ok,0,0,0,0,0,0,7.1614,4.8237,2.7258,2.0438,1.555,1,1,,8450,3.43
grid2:halfRNS,,,PR10_x1,holdout,3,1029,headon,vfield,977d47a324,ok,0,0,0,0,0,0,5.2737,6.8366,2.7258,2.0438,1.555,1,1,,8450,3.52
grid2:halfRNS,,,PR10_x1,holdout,3,1031,headon,vfield,977d47a324,ok,0,0,0,0,0,0,6.5707,7.1148,2.7258,2.0438,1.555,1,1,,8450,3.47
grid2:halfRNS,,,PR10_x1,holdout,3,1033,headon,vfield,977d47a324,ok,0,0,0,0,0,0,6.3442,3.2245,2.7258,2.0438,1.555,1,1,,8450,3.6
grid2:halfRNS,,,PR10_x1,holdout,3,1035,headon,vfield,977d47a324,ok,0,0,0,0,0,0,6.0858,4.1415,2.7258,2.0438,1.555,1,1,,8450,3.47
grid2:halfRNS,,,PR10_x1,holdout,3,1037,headon,vfield,977d47a324,ok,0,0,0,0,0,0,6.485,8.5343,2.7258,2.0438,1.555,1,1,,8450,3.47
grid2:halfRNS,,,PR10_x1,holdout,3,1039,headon,vfield,977d47a324,ok,0,0,0,0,0,0,1.0701,4.3151,2.7258,2.0438,1.555,1,1,,8450,3.48
grid2:halfRNS,,,PR10_x1,holdout,3,1041,headon,vfield,977d47a324,ok,0,0,0,0,0,0,6.7349,6.0536,2.7258,2.0438,1.555,1,1,,8450,3.45
grid2:halfRNS,,,PR10_x1,holdout,3,1043,headon,vfield,977d47a324,ok,0,0,0,0,0,0,7.917,1.6157,2.7258,2.0438,1.555,1,1,,8450,3.46
grid2:halfRNS,,,PR10_x1,holdout,3,1045,headon,vfield,977d47a324,ok,0,0,0,0,0,0,3.5202,3.713,2.7258,2.0438,1.555,1,1,,8450,3.45
grid2:halfRNS,,,PR10_x1,holdout,3,1047,headon,vfield,977d47a324,ok,0,0,0,0,0,0,6.6642,4.9172,2.7258,2.0438,1.555,1,1,,8450,3.46
grid2:halfRNS,,,PR10_x1,holdout,3,1049,headon,vfield,977d47a324,ok,0,0,0,0,0,0,6.7453,8.6188,2.7258,2.0438,1.555,1,1,,8450,3.46
grid2:halfRNS,,,PR10_x1,holdout,3,1051,headon,vfield,977d47a324,ok,0,0,0,0,0,0,7.8396,1.142,2.7258,2.0438,1.555,1,1,,8450,3.44
grid2:halfRNS,,,PR10_x1,holdout,3,1053,headon,vfield,977d47a324,ok,0,0,0,0,0,0,8.1929,8.3765,2.7258,2.0438,1.555,1,1,,8450,3.46
grid2:halfRNS,,,PR10_x1,holdout,3,1055,headon,vfield,977d47a324,ok,0,0,0,0,0,0,6.0792,7.1568,2.7258,2.0438,1.555,1,1,,8450,3.43
grid2:halfRNS,,,PR10_x1,holdout,3,1057,headon,vfield,977d47a324,ok,0,0,0,0,0,0,1.9324,2.9164,2.7258,2.0438,1.555,1,1,,8450,3.44
grid2:halfRNS,,,PR10_x1,holdout,3,1059,headon,vfield,977d47a324,ok,0,0,0,0,0,0,5.0581,3.56,2.7258,2.0438,1.555,1,1,,8450,3.45
grid2:halfRNS,,,PR10_x1.25,holdout,3,1001,headon,vfield,8d4924b421,ok,0,0,0,0,0,0,6.9219,6.1656,2.7258,2.0438,1.555,1,1,,8450,3.41
grid2:halfRNS,,,PR10_x1.25,holdout,3,1003,headon,vfield,8d4924b421,ok,0,0,0,0,0,0,4.9374,3.6097,2.7258,2.0438,1.555,1,1,,8450,3.6
grid2:halfRNS,,,PR10_x1.25,holdout,3,1005,headon,vfield,8d4924b421,ok,0,0,0,0,0,0,6.8594,4.0082,2.7258,2.0438,1.555,1,1,,8450,3.48
grid2:halfRNS,,,PR10_x1.25,holdout,3,1007,headon,vfield,8d4924b421,ok,0,0,0,0,0,0,5.7675,4.3654,2.7258,2.0438,1.555,1,1,,8450,3.4
grid2:halfRNS,,,PR10_x1.25,holdout,3,1009,headon,vfield,8d4924b421,ok,0,0,0,0,0,0,5.966,3.8245,2.7258,2.0438,1.555,1,1,,8450,3.46
grid2:halfRNS,,,PR10_x1.25,holdout,3,1011,headon,vfield,8d4924b421,ok,0,0,0,0,0,0,7.5376,4.0438,2.7258,2.0438,1.555,1,1,,8450,3.41
grid2:halfRNS,,,PR10_x1.25,holdout,3,1013,headon,vfield,8d4924b421,ok,0,0,0,0,0,0,7.1919,3.4138,2.7258,2.0438,1.555,1,1,,8450,3.43
grid2:halfRNS,,,PR10_x1.25,holdout,3,1015,headon,vfield,8d4924b421,ok,0,0,0,0,0,0,5.2101,3.8247,2.7258,2.0438,1.555,1,1,,8450,3.41
grid2:halfRNS,,,PR10_x1.25,holdout,3,1017,headon,vfield,8d4924b421,ok,0,0,0,0,0,0,8.5168,6.1686,2.7258,2.0438,1.555,1,1,,8450,3.44
grid2:halfRNS,,,PR10_x1.25,holdout,3,1019,headon,vfield,8d4924b421,ok,0,0,0,0,0,0,6.7844,4.2197,2.7258,2.0438,1.555,1,1,,8450,3.43
grid2:halfRNS,,,PR10_x1.25,holdout,3,1021,headon,vfield,8d4924b421,ok,0,0,0,0,0,0,5.0112,4.5551,2.7258,2.0438,1.555,1,1,,8450,3.42
grid2:halfRNS,,,PR10_x1.25,holdout,3,1023,headon,vfield,8d4924b421,ok,0,0,0,0,0,0,6.5621,7.2048,2.7258,2.0438,1.555,1,1,,8450,3.46
grid2:halfRNS,,,PR10_x1.25,holdout,3,1025,headon,vfield,8d4924b421,ok,0,0,0,0,0,0,6.2514,6.1607,2.7258,2.0438,1.555,1,1,,8450,3.44
grid2:halfRNS,,,PR10_x1.25,holdout,3,1027,headon,vfield,8d4924b421,ok,0,0,0,0,0,0,5.9572,6.1183,2.7258,2.0438,1.555,1,1,,8450,3.42
grid2:halfRNS,,,PR10_x1.25,holdout,3,1029,headon,vfield,8d4924b421,ok,0,0,0,0,0,0,3.9807,3.9539,2.7258,2.0438,1.555,1,1,,8450,3.43
grid2:halfRNS,,,PR10_x1.25,holdout,3,1031,headon,vfield,8d4924b421,ok,0,0,0,0,0,0,6.8731,8.0754,2.7258,2.0438,1.555,1,1,,8450,3.41
grid2:halfRNS,,,PR10_x1.25,holdout,3,1033,headon,vfield,8d4924b421,ok,0,0,0,0,0,0,6.4378,5.5051,2.7258,2.0438,1.555,1,1,,8450,3.46
grid2:halfRNS,,,PR10_x1.25,holdout,3,1035,headon,vfield,8d4924b421,ok,0,0,0,0,0,0,5.2461,4.9171,2.7258,2.0438,1.555,1,1,,8450,3.43
grid2:halfRNS,,,PR10_x1.25,holdout,3,1037,headon,vfield,8d4924b421,ok,0,0,0,0,0,0,6.2436,3.6906,2.7258,2.0438,1.555,1,1,,8450,3.45
grid2:halfRNS,,,PR10_x1.25,holdout,3,1039,headon,vfield,8d4924b421,ok,0,0,0,0,0,0,7.7871,8.2568,2.7258,2.0438,1.555,1,1,,8450,3.44
grid2:halfRNS,,,PR10_x1.25,holdout,3,1041,headon,vfield,8d4924b421,ok,0,0,0,0,0,0,5.8616,7.6921,2.7258,2.0438,1.555,1,1,,8450,3.42
grid2:halfRNS,,,PR10_x1.25,holdout,3,1043,headon,vfield,8d4924b421,ok,0,0,0,0,0,0,5.1238,4.7821,2.7258,2.0438,1.555,1,1,,8450,3.44
grid2:halfRNS,,,PR10_x1.25,holdout,3,1045,headon,vfield,8d4924b421,ok,0,0,0,0,0,0,7.7377,7.8869,2.7258,2.0438,1.555,1,1,,8450,3.45
grid2:halfRNS,,,PR10_x1.25,holdout,3,1047,headon,vfield,8d4924b421,ok,0,0,0,0,0,0,4.8612,4.6065,2.7258,2.0438,1.555,1,1,,8450,3.42
grid2:halfRNS,,,PR10_x1.25,holdout,3,1049,headon,vfield,8d4924b421,ok,0,0,0,0,0,0,5.3344,4.8725,2.7258,2.0438,1.555,1,1,,8450,3.47
grid2:halfRNS,,,PR10_x1.25,holdout,3,1051,headon,vfield,8d4924b421,ok,0,0,0,0,0,0,5.8938,5.5478,2.7258,2.0438,1.555,1,1,,8450,3.42
grid2:halfRNS,,,PR10_x1.25,holdout,3,1053,headon,vfield,8d4924b421,ok,0,0,0,0,0,0,5.2302,4.7639,2.7258,2.0438,1.555,1,1,,8450,3.44
grid2:halfRNS,,,PR10_x1.25,holdout,3,1055,headon,vfield,8d4924b421,ok,0,0,0,0,0,0,6.8589,5.7801,2.7258,2.0438,1.555,1,1,,8450,3.48
grid2:halfRNS,,,PR10_x1.25,holdout,3,1057,headon,vfield,8d4924b421,ok,0,0,0,0,0,0,5.7004,6.9662,2.7258,2.0438,1.555,1,1,,8450,3.43
grid2:halfRNS,,,PR10_x1.25,holdout,3,1059,headon,vfield,8d4924b421,ok,0,0,0,0,0,0,5.7656,3.1904,2.7258,2.0438,1.555,1,1,,8450,3.43
grid2:halfRNS,,,PR10_x1.5,holdout,3,1001,headon,vfield,8e1ea5eaca,ok,0,0,0,0,0,0,3.0803,3.7629,2.7258,2.0438,1.555,1,1,,8450,3.43
grid2:halfRNS,,,PR10_x1.5,holdout,3,1003,headon,vfield,8e1ea5eaca,ok,0,0,0,0,0,0,6.0252,4.2572,2.7258,2.0438,1.555,1,1,,8450,3.4
grid2:halfRNS,,,PR10_x1.5,holdout,3,1005,headon,vfield,8e1ea5eaca,ok,0,0,0,0,0,0,7.3555,7.2194,2.7258,2.0438,1.555,1,1,,8450,3.46
grid2:halfRNS,,,PR10_x1.5,holdout,3,1007,headon,vfield,8e1ea5eaca,ok,0,0,0,0,0,0,5.6472,4.0644,2.7258,2.0438,1.555,1,1,,8450,3.42
grid2:halfRNS,,,PR10_x1.5,holdout,3,1009,headon,vfield,8e1ea5eaca,ok,0,0,0,0,0,0,3.5736,5.1081,2.7258,2.0438,1.555,1,1,,8450,3.4
grid2:halfRNS,,,PR10_x1.5,holdout,3,1011,headon,vfield,8e1ea5eaca,ok,0,0,0,0,0,0,5.763,5.5016,2.7258,2.0438,1.555,1,1,,8450,3.44
grid2:halfRNS,,,PR10_x1.5,holdout,3,1013,headon,vfield,8e1ea5eaca,ok,0,0,0,0,0,0,5.4605,9.4196,2.7258,2.0438,1.555,1,1,,8450,3.4
grid2:halfRNS,,,PR10_x1.5,holdout,3,1015,headon,vfield,8e1ea5eaca,ok,0,0,0,0,0,0,6.4066,8.9268,2.7258,2.0438,1.555,1,1,,8450,3.47
grid2:halfRNS,,,PR10_x1.5,holdout,3,1017,headon,vfield,8e1ea5eaca,ok,0,0,0,0,0,0,5.6652,3.7038,2.7258,2.0438,1.555,1,1,,8450,3.4
grid2:halfRNS,,,PR10_x1.5,holdout,3,1019,headon,vfield,8e1ea5eaca,ok,0,0,0,0,0,0,6.682,6.297,2.7258,2.0438,1.555,1,1,,8450,3.45
grid2:halfRNS,,,PR10_x1.5,holdout,3,1021,headon,vfield,8e1ea5eaca,ok,0,0,0,0,0,0,4.6585,3.8578,2.7258,2.0438,1.555,1,1,,8450,3.41
grid2:halfRNS,,,PR10_x1.5,holdout,3,1023,headon,vfield,8e1ea5eaca,ok,0,0,0,0,0,0,6.9286,5.52,2.7258,2.0438,1.555,1,1,,8450,3.43
grid2:halfRNS,,,PR10_x1.5,holdout,3,1025,headon,vfield,8e1ea5eaca,ok,0,0,0,0,0,0,5.3402,4.9782,2.7258,2.0438,1.555,1,1,,8450,3.5
grid2:halfRNS,,,PR10_x1.5,holdout,3,1027,headon,vfield,8e1ea5eaca,ok,0,0,0,0,0,0,5.9788,3.6622,2.7258,2.0438,1.555,1,1,,8450,3.46
grid2:halfRNS,,,PR10_x1.5,holdout,3,1029,headon,vfield,8e1ea5eaca,ok,0,0,0,0,0,0,5.5236,3.4737,2.7258,2.0438,1.555,1,1,,8450,3.48
grid2:halfRNS,,,PR10_x1.5,holdout,3,1031,headon,vfield,8e1ea5eaca,ok,0,0,0,0,0,0,7.8626,8.0193,2.7258,2.0438,1.555,1,1,,8450,3.45
grid2:halfRNS,,,PR10_x1.5,holdout,3,1033,headon,vfield,8e1ea5eaca,ok,0,0,0,0,0,0,5.6312,3.5603,2.7258,2.0438,1.555,1,1,,8450,3.41
grid2:halfRNS,,,PR10_x1.5,holdout,3,1035,headon,vfield,8e1ea5eaca,ok,0,0,0,0,0,0,4.614,4.198,2.7258,2.0438,1.555,1,1,,8450,3.42
grid2:halfRNS,,,PR10_x1.5,holdout,3,1037,headon,vfield,8e1ea5eaca,ok,0,0,0,0,0,0,6.0173,3.8938,2.7258,2.0438,1.555,1,1,,8450,3.46
grid2:halfRNS,,,PR10_x1.5,holdout,3,1039,headon,vfield,8e1ea5eaca,ok,0,0,0,0,0,0,6.8052,3.6308,2.7258,2.0438,1.555,1,1,,8450,3.43
grid2:halfRNS,,,PR10_x1.5,holdout,3,1041,headon,vfield,8e1ea5eaca,ok,0,0,0,0,0,0,5.0299,3.6489,2.7258,2.0438,1.555,1,1,,8450,3.43
grid2:halfRNS,,,PR10_x1.5,holdout,3,1043,headon,vfield,8e1ea5eaca,ok,0,0,0,0,0,0,5.4601,3.6646,2.7258,2.0438,1.555,1,1,,8450,3.43
grid2:halfRNS,,,PR10_x1.5,holdout,3,1045,headon,vfield,8e1ea5eaca,ok,0,0,0,0,0,0,4.1189,3.5993,2.7258,2.0438,1.555,1,1,,8450,3.46
grid2:halfRNS,,,PR10_x1.5,holdout,3,1047,headon,vfield,8e1ea5eaca,ok,0,0,0,0,0,0,4.1036,3.7275,2.7258,2.0438,1.555,1,1,,8450,3.55
grid2:halfRNS,,,PR10_x1.5,holdout,3,1049,headon,vfield,8e1ea5eaca,ok,0,0,0,0,0,0,6.6957,3.8567,2.7258,2.0438,1.555,1,1,,8450,3.45
grid2:halfRNS,,,PR10_x1.5,holdout,3,1051,headon,vfield,8e1ea5eaca,ok,0,0,0,0,0,0,6.5145,4.8888,2.7258,2.0438,1.555,1,1,,8450,3.47
grid2:halfRNS,,,PR10_x1.5,holdout,3,1053,headon,vfield,8e1ea5eaca,ok,0,0,0,0,0,0,6.7851,3.7086,2.7258,2.0438,1.555,1,1,,8450,3.43
grid2:halfRNS,,,PR10_x1.5,holdout,3,1055,headon,vfield,8e1ea5eaca,ok,0,0,0,0,0,0,1.6934,3.6257,2.7258,2.0438,1.555,1,1,,8450,3.43
grid2:halfRNS,,,PR10_x1.5,holdout,3,1057,headon,vfield,8e1ea5eaca,ok,0,0,0,0,0,0,5.0912,3.6037,2.7258,2.0438,1.555,1,1,,8450,3.55
grid2:halfRNS,,,PR10_x1.5,holdout,3,1059,headon,vfield,8e1ea5eaca,ok,0,0,0,0,0,0,6.597,3.8595,2.7258,2.0438,1.555,1,1,,8450,3.46
grid2:halfRNS,,,PR10_x2,holdout,3,1001,headon,vfield,232a970cd5,ok,0,0,0,0,0,0,5.9411,3.8374,2.7258,2.0438,1.555,1,1,,8450,3.46
grid2:halfRNS,,,PR10_x2,holdout,3,1003,headon,vfield,232a970cd5,ok,0,0,0,0,0,0,7.7132,5.4089,2.7258,2.0438,1.555,1,1,,8450,3.45
grid2:halfRNS,,,PR10_x2,holdout,3,1005,headon,vfield,232a970cd5,ok,0,0,0,0,0,0,8.0562,4.8872,2.7258,2.0438,1.555,1,1,,8450,3.43
grid2:halfRNS,,,PR10_x2,holdout,3,1007,headon,vfield,232a970cd5,ok,0,0,0,0,0,0,7.3404,5.2254,2.7258,2.0438,1.555,1,1,,8450,3.49
grid2:halfRNS,,,PR10_x2,holdout,3,1009,headon,vfield,232a970cd5,ok,0,0,0,0,0,0,6.313,3.6392,2.7258,2.0438,1.555,1,1,,8450,3.43
grid2:halfRNS,,,PR10_x2,holdout,3,1011,headon,vfield,232a970cd5,ok,0,0,0,0,0,0,7.5057,5.8868,2.7258,2.0438,1.555,1,1,,8450,3.53
grid2:halfRNS,,,PR10_x2,holdout,3,1013,headon,vfield,232a970cd5,ok,0,0,0,0,0,0,5.84,8.982,2.7258,2.0438,1.555,1,1,,8450,3.48
grid2:halfRNS,,,PR10_x2,holdout,3,1015,headon,vfield,232a970cd5,ok,0,0,0,0,0,0,6.1678,6.1982,2.7258,2.0438,1.555,1,1,,8450,3.46
grid2:halfRNS,,,PR10_x2,holdout,3,1017,headon,vfield,232a970cd5,ok,0,0,0,0,0,0,7.3305,5.927,2.7258,2.0438,1.555,1,1,,8450,3.53
grid2:halfRNS,,,PR10_x2,holdout,3,1019,headon,vfield,232a970cd5,ok,0,0,0,0,0,0,7.3844,8.2197,2.7258,2.0438,1.555,1,1,,8450,3.47
grid2:halfRNS,,,PR10_x2,holdout,3,1021,headon,vfield,232a970cd5,ok,0,0,0,0,0,0,5.8441,4.6149,2.7258,2.0438,1.555,1,1,,8450,3.69
grid2:halfRNS,,,PR10_x2,holdout,3,1023,headon,vfield,232a970cd5,ok,0,0,0,0,0,0,8.2021,4.2993,2.7258,2.0438,1.555,1,1,,8450,3.69
grid2:halfRNS,,,PR10_x2,holdout,3,1025,headon,vfield,232a970cd5,ok,1,0,1,0,0,0,6.1596,0.0728,2.7258,2.0438,1.555,1,1,10.38,8450,3.49
grid2:halfRNS,,,PR10_x2,holdout,3,1027,headon,vfield,232a970cd5,ok,0,0,0,0,0,0,8.0958,7.7138,2.7258,2.0438,1.555,1,1,,8450,3.51
grid2:halfRNS,,,PR10_x2,holdout,3,1029,headon,vfield,232a970cd5,ok,0,0,0,0,0,0,5.7047,3.6696,2.7258,2.0438,1.555,1,1,,8450,3.6
grid2:halfRNS,,,PR10_x2,holdout,3,1031,headon,vfield,232a970cd5,ok,0,0,0,0,0,0,6.6256,5.2972,2.7258,2.0438,1.555,1,1,,8450,3.45
grid2:halfRNS,,,PR10_x2,holdout,3,1033,headon,vfield,232a970cd5,ok,0,0,0,0,0,0,3.373,5.4965,2.7258,2.0438,1.555,1,1,,8450,3.49
grid2:halfRNS,,,PR10_x2,holdout,3,1035,headon,vfield,232a970cd5,ok,0,0,0,0,0,0,5.3216,3.8669,2.7258,2.0438,1.555,1,1,,8450,3.53
grid2:halfRNS,,,PR10_x2,holdout,3,1037,headon,vfield,232a970cd5,ok,0,0,0,0,0,0,6.2457,9.2018,2.7258,2.0438,1.555,1,1,,8450,3.48
grid2:halfRNS,,,PR10_x2,holdout,3,1039,headon,vfield,232a970cd5,ok,0,0,0,0,0,0,6.7883,3.5704,2.7258,2.0438,1.555,1,1,,8450,3.52
grid2:halfRNS,,,PR10_x2,holdout,3,1041,headon,vfield,232a970cd5,ok,0,0,0,0,0,0,6.7177,3.243,2.7258,2.0438,1.555,1,1,,8450,3.48
grid2:halfRNS,,,PR10_x2,holdout,3,1043,headon,vfield,232a970cd5,ok,0,0,0,0,0,0,7.1079,4.7988,2.7258,2.0438,1.555,1,1,,8450,3.57
grid2:halfRNS,,,PR10_x2,holdout,3,1045,headon,vfield,232a970cd5,ok,0,0,0,0,0,0,7.9493,5.3565,2.7258,2.0438,1.555,1,1,,8450,3.52
grid2:halfRNS,,,PR10_x2,holdout,3,1047,headon,vfield,232a970cd5,ok,0,0,0,0,0,0,6.774,5.9189,2.7258,2.0438,1.555,1,1,,8450,3.6
grid2:halfRNS,,,PR10_x2,holdout,3,1049,headon,vfield,232a970cd5,ok,0,0,0,0,0,0,4.4591,4.9273,2.7258,2.0438,1.555,1,1,,8450,3.52
grid2:halfRNS,,,PR10_x2,holdout,3,1051,headon,vfield,232a970cd5,ok,0,0,0,0,0,0,6.0397,3.8695,2.7258,2.0438,1.555,1,1,,8450,3.61
grid2:halfRNS,,,PR10_x2,holdout,3,1053,headon,vfield,232a970cd5,ok,0,0,0,0,0,0,6.7278,3.5921,2.7258,2.0438,1.555,1,1,,8450,3.53
grid2:halfRNS,,,PR10_x2,holdout,3,1055,headon,vfield,232a970cd5,ok,0,0,0,0,0,0,7.5398,9.4633,2.7258,2.0438,1.555,1,1,,8450,3.59
grid2:halfRNS,,,PR10_x2,holdout,3,1057,headon,vfield,232a970cd5,ok,0,0,0,0,0,0,4.5652,5.0368,2.7258,2.0438,1.555,1,1,,8450,3.73
grid2:halfRNS,,,PR10_x2,holdout,3,1059,headon,vfield,232a970cd5,ok,0,0,0,0,0,0,6.547,5.3885,2.7258,2.0438,1.555,1,1,,8450,3.45
grid2:halfRNS,,,PR13_x1,holdout,3,1001,headon,vfield,0bcbf2f8d5,ok,0,0,0,0,0,0,9.0792,10.0448,2.7258,2.0438,1.555,1,1,,8450,3.52
grid2:halfRNS,,,PR13_x1,holdout,3,1003,headon,vfield,0bcbf2f8d5,ok,0,0,0,0,0,0,10.6272,5.9621,2.7258,2.0438,1.555,1,1,,8450,3.48
grid2:halfRNS,,,PR13_x1,holdout,3,1005,headon,vfield,0bcbf2f8d5,ok,0,0,0,0,0,0,8.2157,10.234,2.7258,2.0438,1.555,1,1,,8450,3.47
grid2:halfRNS,,,PR13_x1,holdout,3,1007,headon,vfield,0bcbf2f8d5,ok,0,0,0,0,0,0,11.0629,3.4609,2.7258,2.0438,1.555,1,1,,8450,3.5
grid2:halfRNS,,,PR13_x1,holdout,3,1009,headon,vfield,0bcbf2f8d5,ok,0,0,0,0,0,0,11.5574,8.3191,2.7258,2.0438,1.555,1,1,,8450,3.5
grid2:halfRNS,,,PR13_x1,holdout,3,1011,headon,vfield,0bcbf2f8d5,ok,0,0,0,0,0,0,11.9251,6.11,2.7258,2.0438,1.555,1,1,,8450,3.52
grid2:halfRNS,,,PR13_x1,holdout,3,1013,headon,vfield,0bcbf2f8d5,ok,0,0,0,0,0,0,6.7953,9.9057,2.7258,2.0438,1.555,1,1,,8450,3.57
grid2:halfRNS,,,PR13_x1,holdout,3,1015,headon,vfield,0bcbf2f8d5,ok,0,0,0,0,0,0,11.064,11.1387,2.7258,2.0438,1.555,1,1,,8450,3.52
grid2:halfRNS,,,PR13_x1,holdout,3,1017,headon,vfield,0bcbf2f8d5,ok,0,0,0,0,0,0,9.1039,7.1139,2.7258,2.0438,1.555,1,1,,8450,3.52
grid2:halfRNS,,,PR13_x1,holdout,3,1019,headon,vfield,0bcbf2f8d5,ok,0,0,0,0,0,0,9.8996,7.7508,2.7258,2.0438,1.555,1,1,,8450,3.52
grid2:halfRNS,,,PR13_x1,holdout,3,1021,headon,vfield,0bcbf2f8d5,ok,0,0,0,0,0,0,9.3021,9.4459,2.7258,2.0438,1.555,1,1,,8450,3.51
grid2:halfRNS,,,PR13_x1,holdout,3,1023,headon,vfield,0bcbf2f8d5,ok,0,0,0,0,0,0,11.1371,6.8996,2.7258,2.0438,1.555,1,1,,8450,3.53
grid2:halfRNS,,,PR13_x1,holdout,3,1025,headon,vfield,0bcbf2f8d5,ok,0,0,0,0,0,0,6.6765,8.3682,2.7258,2.0438,1.555,1,1,,8450,3.5
grid2:halfRNS,,,PR13_x1,holdout,3,1027,headon,vfield,0bcbf2f8d5,ok,0,0,0,0,0,0,11.9658,7.2664,2.7258,2.0438,1.555,1,1,,8450,3.53
grid2:halfRNS,,,PR13_x1,holdout,3,1029,headon,vfield,0bcbf2f8d5,ok,0,0,0,0,0,0,10.0857,8.333,2.7258,2.0438,1.555,1,1,,8450,3.52
grid2:halfRNS,,,PR13_x1,holdout,3,1031,headon,vfield,0bcbf2f8d5,ok,0,0,0,0,0,0,10.4304,8.0814,2.7258,2.0438,1.555,1,1,,8450,3.45
grid2:halfRNS,,,PR13_x1,holdout,3,1033,headon,vfield,0bcbf2f8d5,ok,0,0,0,0,0,0,10.3375,11.0006,2.7258,2.0438,1.555,1,1,,8450,3.5
grid2:halfRNS,,,PR13_x1,holdout,3,1035,headon,vfield,0bcbf2f8d5,ok,0,0,0,0,0,0,10.3,8.9418,2.7258,2.0438,1.555,1,1,,8450,3.59
grid2:halfRNS,,,PR13_x1,holdout,3,1037,headon,vfield,0bcbf2f8d5,ok,0,0,0,0,0,0,10.8518,3.3403,2.7258,2.0438,1.555,1,1,,8450,3.51
grid2:halfRNS,,,PR13_x1,holdout,3,1039,headon,vfield,0bcbf2f8d5,ok,0,0,0,0,0,0,10.4354,8.2773,2.7258,2.0438,1.555,1,1,,8450,3.49
grid2:halfRNS,,,PR13_x1,holdout,3,1041,headon,vfield,0bcbf2f8d5,ok,0,0,0,0,0,0,9.5351,6.2545,2.7258,2.0438,1.555,1,1,,8450,3.47
grid2:halfRNS,,,PR13_x1,holdout,3,1043,headon,vfield,0bcbf2f8d5,ok,0,0,0,0,0,0,8.4586,10.3584,2.7258,2.0438,1.555,1,1,,8450,3.52
grid2:halfRNS,,,PR13_x1,holdout,3,1045,headon,vfield,0bcbf2f8d5,ok,0,0,0,0,0,0,11.6564,8.3338,2.7258,2.0438,1.555,1,1,,8450,3.47
grid2:halfRNS,,,PR13_x1,holdout,3,1047,headon,vfield,0bcbf2f8d5,ok,0,0,0,0,0,0,9.6431,10.9468,2.7258,2.0438,1.555,1,1,,8450,3.52
grid2:halfRNS,,,PR13_x1,holdout,3,1049,headon,vfield,0bcbf2f8d5,ok,0,0,0,0,0,0,8.8093,11.2787,2.7258,2.0438,1.555,1,1,,8450,3.54
grid2:halfRNS,,,PR13_x1,holdout,3,1051,headon,vfield,0bcbf2f8d5,ok,0,0,0,0,0,0,9.1739,9.0333,2.7258,2.0438,1.555,1,1,,8450,3.64
grid2:halfRNS,,,PR13_x1,holdout,3,1053,headon,vfield,0bcbf2f8d5,ok,0,0,0,0,0,0,9.2166,10.4173,2.7258,2.0438,1.555,1,1,,8450,3.49
grid2:halfRNS,,,PR13_x1,holdout,3,1055,headon,vfield,0bcbf2f8d5,ok,0,0,0,0,0,0,3.5598,11.0811,2.7258,2.0438,1.555,1,1,,8450,3.48
grid2:halfRNS,,,PR13_x1,holdout,3,1057,headon,vfield,0bcbf2f8d5,ok,0,0,0,0,0,0,9.8527,9.2832,2.7258,2.0438,1.555,1,1,,8450,3.45
grid2:halfRNS,,,PR13_x1,holdout,3,1059,headon,vfield,0bcbf2f8d5,ok,0,0,0,0,0,0,7.837,5.3895,2.7258,2.0438,1.555,1,1,,8450,3.51
grid2:halfRNS,,,PR13_x1.25,holdout,3,1001,headon,vfield,3af0d7167a,ok,0,0,0,0,0,0,6.6913,10.6288,2.7258,2.0438,1.555,1,1,,8450,3.46
grid2:halfRNS,,,PR13_x1.25,holdout,3,1003,headon,vfield,3af0d7167a,ok,0,0,0,0,0,0,8.9851,4.9842,2.7258,2.0438,1.555,1,1,,8450,3.56
grid2:halfRNS,,,PR13_x1.25,holdout,3,1005,headon,vfield,3af0d7167a,ok,0,0,0,0,0,0,9.8042,11.6928,2.7258,2.0438,1.555,1,1,,8450,3.48
grid2:halfRNS,,,PR13_x1.25,holdout,3,1007,headon,vfield,3af0d7167a,ok,0,0,0,0,0,0,8.071,5.1714,2.7258,2.0438,1.555,1,1,,8450,3.5
grid2:halfRNS,,,PR13_x1.25,holdout,3,1009,headon,vfield,3af0d7167a,ok,0,0,0,0,0,0,9.2316,8.4925,2.7258,2.0438,1.555,1,1,,8450,3.53
grid2:halfRNS,,,PR13_x1.25,holdout,3,1011,headon,vfield,3af0d7167a,ok,0,0,0,0,0,0,5.9146,6.154,2.7258,2.0438,1.555,1,1,,8450,3.45
grid2:halfRNS,,,PR13_x1.25,holdout,3,1013,headon,vfield,3af0d7167a,ok,0,0,0,0,0,0,8.8893,7.5652,2.7258,2.0438,1.555,1,1,,8450,3.47
grid2:halfRNS,,,PR13_x1.25,holdout,3,1015,headon,vfield,3af0d7167a,ok,0,0,0,0,0,0,8.157,10.7634,2.7258,2.0438,1.555,1,1,,8450,3.54
grid2:halfRNS,,,PR13_x1.25,holdout,3,1017,headon,vfield,3af0d7167a,ok,0,0,0,0,0,0,7.2393,6.1876,2.7258,2.0438,1.555,1,1,,8450,3.48
grid2:halfRNS,,,PR13_x1.25,holdout,3,1019,headon,vfield,3af0d7167a,ok,0,0,0,0,0,0,10.2047,7.2189,2.7258,2.0438,1.555,1,1,,8450,3.57
grid2:halfRNS,,,PR13_x1.25,holdout,3,1021,headon,vfield,3af0d7167a,ok,0,0,0,0,0,0,10.824,6.0618,2.7258,2.0438,1.555,1,1,,8450,3.83
grid2:halfRNS,,,PR13_x1.25,holdout,3,1023,headon,vfield,3af0d7167a,ok,0,0,0,0,0,0,8.0183,5.8658,2.7258,2.0438,1.555,1,1,,8450,3.62
grid2:halfRNS,,,PR13_x1.25,holdout,3,1025,headon,vfield,3af0d7167a,ok,0,0,0,0,0,0,9.1785,8.4411,2.7258,2.0438,1.555,1,1,,8450,3.46
grid2:halfRNS,,,PR13_x1.25,holdout,3,1027,headon,vfield,3af0d7167a,ok,0,0,0,0,0,0,11.2706,8.9023,2.7258,2.0438,1.555,1,1,,8450,3.47
grid2:halfRNS,,,PR13_x1.25,holdout,3,1029,headon,vfield,3af0d7167a,ok,0,0,0,0,0,0,6.9618,11.9448,2.7258,2.0438,1.555,1,1,,8450,3.5
grid2:halfRNS,,,PR13_x1.25,holdout,3,1031,headon,vfield,3af0d7167a,ok,0,0,0,0,0,0,9.1164,8.1258,2.7258,2.0438,1.555,1,1,,8450,3.57
grid2:halfRNS,,,PR13_x1.25,holdout,3,1033,headon,vfield,3af0d7167a,ok,0,0,0,0,0,0,10.7673,5.4409,2.7258,2.0438,1.555,1,1,,8450,3.46
grid2:halfRNS,,,PR13_x1.25,holdout,3,1035,headon,vfield,3af0d7167a,ok,0,0,0,0,0,0,6.793,4.3184,2.7258,2.0438,1.555,1,1,,8450,3.48
grid2:halfRNS,,,PR13_x1.25,holdout,3,1037,headon,vfield,3af0d7167a,ok,0,0,0,0,0,0,9.3917,3.8516,2.7258,2.0438,1.555,1,1,,8450,3.54
grid2:halfRNS,,,PR13_x1.25,holdout,3,1039,headon,vfield,3af0d7167a,ok,0,0,0,0,0,0,11.1841,6.332,2.7258,2.0438,1.555,1,1,,8450,3.61
grid2:halfRNS,,,PR13_x1.25,holdout,3,1041,headon,vfield,3af0d7167a,ok,0,0,0,0,0,0,8.4022,6.1672,2.7258,2.0438,1.555,1,1,,8450,3.45
grid2:halfRNS,,,PR13_x1.25,holdout,3,1043,headon,vfield,3af0d7167a,ok,0,0,0,0,0,0,8.4595,10.5584,2.7258,2.0438,1.555,1,1,,8450,3.49
grid2:halfRNS,,,PR13_x1.25,holdout,3,1045,headon,vfield,3af0d7167a,ok,0,0,0,0,0,0,8.0734,5.7065,2.7258,2.0438,1.555,1,1,,8450,3.61
grid2:halfRNS,,,PR13_x1.25,holdout,3,1047,headon,vfield,3af0d7167a,ok,0,0,0,0,0,0,11.1526,8.4639,2.7258,2.0438,1.555,1,1,,8450,3.54
grid2:halfRNS,,,PR13_x1.25,holdout,3,1049,headon,vfield,3af0d7167a,ok,0,0,0,0,0,0,10.5271,5.6851,2.7258,2.0438,1.555,1,1,,8450,3.53
grid2:halfRNS,,,PR13_x1.25,holdout,3,1051,headon,vfield,3af0d7167a,ok,0,0,0,0,0,0,10.7789,6.4766,2.7258,2.0438,1.555,1,1,,8450,3.5
grid2:halfRNS,,,PR13_x1.25,holdout,3,1053,headon,vfield,3af0d7167a,ok,0,0,0,0,0,0,9.7128,9.4611,2.7258,2.0438,1.555,1,1,,8450,3.48
grid2:halfRNS,,,PR13_x1.25,holdout,3,1055,headon,vfield,3af0d7167a,ok,0,0,0,0,0,0,8.2912,8.2042,2.7258,2.0438,1.555,1,1,,8450,3.51
grid2:halfRNS,,,PR13_x1.25,holdout,3,1057,headon,vfield,3af0d7167a,ok,0,0,0,0,0,0,10.371,7.4014,2.7258,2.0438,1.555,1,1,,8450,3.47
grid2:halfRNS,,,PR13_x1.25,holdout,3,1059,headon,vfield,3af0d7167a,ok,0,0,0,0,0,0,9.578,5.843,2.7258,2.0438,1.555,1,1,,8450,3.61
grid2:halfRNS,,,PR13_x1.5,holdout,3,1001,headon,vfield,206f21610e,ok,0,0,0,0,0,0,9.7299,11.8492,2.7258,2.0438,1.555,1,1,,8450,3.5
grid2:halfRNS,,,PR13_x1.5,holdout,3,1003,headon,vfield,206f21610e,ok,0,0,0,0,0,0,6.5127,9.7622,2.7258,2.0438,1.555,1,1,,8450,3.58
grid2:halfRNS,,,PR13_x1.5,holdout,3,1005,headon,vfield,206f21610e,ok,0,0,0,0,0,0,10.1582,11.522,2.7258,2.0438,1.555,1,1,,8450,3.51
grid2:halfRNS,,,PR13_x1.5,holdout,3,1007,headon,vfield,206f21610e,ok,0,0,0,0,0,0,8.8526,6.1369,2.7258,2.0438,1.555,1,1,,8450,3.52
grid2:halfRNS,,,PR13_x1.5,holdout,3,1009,headon,vfield,206f21610e,ok,0,0,0,0,0,0,7.7519,7.7605,2.7258,2.0438,1.555,1,1,,8450,3.45
grid2:halfRNS,,,PR13_x1.5,holdout,3,1011,headon,vfield,206f21610e,ok,0,0,0,0,0,0,11.2096,9.3839,2.7258,2.0438,1.555,1,1,,8450,3.46
grid2:halfRNS,,,PR13_x1.5,holdout,3,1013,headon,vfield,206f21610e,ok,0,0,0,0,0,0,8.4817,8.3799,2.7258,2.0438,1.555,1,1,,8450,3.46
grid2:halfRNS,,,PR13_x1.5,holdout,3,1015,headon,vfield,206f21610e,ok,0,0,0,0,0,0,10.0265,10.6508,2.7258,2.0438,1.555,1,1,,8450,3.49
grid2:halfRNS,,,PR13_x1.5,holdout,3,1017,headon,vfield,206f21610e,ok,0,0,0,0,0,0,9.881,10.4671,2.7258,2.0438,1.555,1,1,,8450,3.45
grid2:halfRNS,,,PR13_x1.5,holdout,3,1019,headon,vfield,206f21610e,ok,0,0,0,0,0,0,6.6656,8.2571,2.7258,2.0438,1.555,1,1,,8450,3.47
grid2:halfRNS,,,PR13_x1.5,holdout,3,1021,headon,vfield,206f21610e,ok,0,0,0,0,0,0,8.5504,5.3973,2.7258,2.0438,1.555,1,1,,8450,3.48
grid2:halfRNS,,,PR13_x1.5,holdout,3,1023,headon,vfield,206f21610e,ok,0,0,0,0,0,0,12.1607,6.3878,2.7258,2.0438,1.555,1,1,,8450,3.46
grid2:halfRNS,,,PR13_x1.5,holdout,3,1025,headon,vfield,206f21610e,ok,0,0,0,0,0,0,7.903,8.0883,2.7258,2.0438,1.555,1,1,,8450,3.46
grid2:halfRNS,,,PR13_x1.5,holdout,3,1027,headon,vfield,206f21610e,ok,0,0,0,0,0,0,10.2189,5.9458,2.7258,2.0438,1.555,1,1,,8450,3.45
grid2:halfRNS,,,PR13_x1.5,holdout,3,1029,headon,vfield,206f21610e,ok,0,0,0,0,0,0,10.1737,5.293,2.7258,2.0438,1.555,1,1,,8450,3.46
grid2:halfRNS,,,PR13_x1.5,holdout,3,1031,headon,vfield,206f21610e,ok,0,0,0,0,0,0,7.5861,5.0873,2.7258,2.0438,1.555,1,1,,8450,3.46
grid2:halfRNS,,,PR13_x1.5,holdout,3,1033,headon,vfield,206f21610e,ok,0,0,0,0,0,0,10.104,6.2898,2.7258,2.0438,1.555,1,1,,8450,3.46
grid2:halfRNS,,,PR13_x1.5,holdout,3,1035,headon,vfield,206f21610e,ok,0,0,0,0,0,0,9.9036,9.9933,2.7258,2.0438,1.555,1,1,,8450,3.47
grid2:halfRNS,,,PR13_x1.5,holdout,3,1037,headon,vfield,206f21610e,ok,0,0,0,0,0,0,10.6738,6.7591,2.7258,2.0438,1.555,1,1,,8450,3.49
grid2:halfRNS,,,PR13_x1.5,holdout,3,1039,headon,vfield,206f21610e,ok,0,0,0,0,0,0,10.968,6.7588,2.7258,2.0438,1.555,1,1,,8450,3.44
grid2:halfRNS,,,PR13_x1.5,holdout,3,1041,headon,vfield,206f21610e,ok,0,0,0,0,0,0,7.8447,11.1974,2.7258,2.0438,1.555,1,1,,8450,3.46
grid2:halfRNS,,,PR13_x1.5,holdout,3,1043,headon,vfield,206f21610e,ok,0,0,0,0,0,0,9.0224,6.2067,2.7258,2.0438,1.555,1,1,,8450,3.44
grid2:halfRNS,,,PR13_x1.5,holdout,3,1045,headon,vfield,206f21610e,ok,0,0,0,0,0,0,9.3004,5.2384,2.7258,2.0438,1.555,1,1,,8450,3.47
grid2:halfRNS,,,PR13_x1.5,holdout,3,1047,headon,vfield,206f21610e,ok,0,0,0,0,0,0,10.6773,6.5826,2.7258,2.0438,1.555,1,1,,8450,3.45
grid2:halfRNS,,,PR13_x1.5,holdout,3,1049,headon,vfield,206f21610e,ok,0,0,0,0,0,0,11.2187,6.2504,2.7258,2.0438,1.555,1,1,,8450,3.66
grid2:halfRNS,,,PR13_x1.5,holdout,3,1051,headon,vfield,206f21610e,ok,0,0,0,0,0,0,11.5258,6.2255,2.7258,2.0438,1.555,1,1,,8450,3.46
grid2:halfRNS,,,PR13_x1.5,holdout,3,1053,headon,vfield,206f21610e,ok,0,0,0,0,0,0,11.9645,10.485,2.7258,2.0438,1.555,1,1,,8450,3.46
grid2:halfRNS,,,PR13_x1.5,holdout,3,1055,headon,vfield,206f21610e,ok,0,0,0,0,0,0,9.4994,11.1734,2.7258,2.0438,1.555,1,1,,8450,3.46
grid2:halfRNS,,,PR13_x1.5,holdout,3,1057,headon,vfield,206f21610e,ok,0,0,0,0,0,0,10.4065,9.0895,2.7258,2.0438,1.555,1,1,,8450,3.49
grid2:halfRNS,,,PR13_x1.5,holdout,3,1059,headon,vfield,206f21610e,ok,0,0,0,0,0,0,9.876,10.2605,2.7258,2.0438,1.555,1,1,,8450,3.53
grid2:halfRNS,,,PR13_x2,holdout,3,1001,headon,vfield,3d47af2bf1,ok,0,0,0,0,0,0,10.4041,7.2567,2.7258,2.0438,1.555,1,1,,8450,3.48
grid2:halfRNS,,,PR13_x2,holdout,3,1003,headon,vfield,3d47af2bf1,ok,0,0,0,0,0,0,10.6835,6.6214,2.7258,2.0438,1.555,1,1,,8450,3.44
grid2:halfRNS,,,PR13_x2,holdout,3,1005,headon,vfield,3d47af2bf1,ok,0,0,0,0,0,0,8.6968,6.5753,2.7258,2.0438,1.555,1,1,,8450,3.55
grid2:halfRNS,,,PR13_x2,holdout,3,1007,headon,vfield,3d47af2bf1,ok,0,0,0,0,0,0,9.6637,9.7351,2.7258,2.0438,1.555,1,1,,8450,3.5
grid2:halfRNS,,,PR13_x2,holdout,3,1009,headon,vfield,3d47af2bf1,ok,0,0,0,0,0,0,10.1584,9.0252,2.7258,2.0438,1.555,1,1,,8450,3.49
grid2:halfRNS,,,PR13_x2,holdout,3,1011,headon,vfield,3d47af2bf1,ok,0,0,0,0,0,0,10.0813,7.9458,2.7258,2.0438,1.555,1,1,,8450,3.46
grid2:halfRNS,,,PR13_x2,holdout,3,1013,headon,vfield,3d47af2bf1,ok,0,0,0,0,0,0,8.8725,10.1042,2.7258,2.0438,1.555,1,1,,8450,3.5
grid2:halfRNS,,,PR13_x2,holdout,3,1015,headon,vfield,3d47af2bf1,ok,0,0,0,0,0,0,10.5711,7.4869,2.7258,2.0438,1.555,1,1,,8450,3.45
grid2:halfRNS,,,PR13_x2,holdout,3,1017,headon,vfield,3d47af2bf1,ok,0,0,0,0,0,0,8.9847,9.1932,2.7258,2.0438,1.555,1,1,,8450,3.45
grid2:halfRNS,,,PR13_x2,holdout,3,1019,headon,vfield,3d47af2bf1,ok,0,0,0,0,0,0,8.6332,8.0574,2.7258,2.0438,1.555,1,1,,8450,3.44
grid2:halfRNS,,,PR13_x2,holdout,3,1021,headon,vfield,3d47af2bf1,ok,0,0,0,0,0,0,9.9426,8.785,2.7258,2.0438,1.555,1,1,,8450,3.53
grid2:halfRNS,,,PR13_x2,holdout,3,1023,headon,vfield,3d47af2bf1,ok,0,0,0,0,0,0,9.289,3.4721,2.7258,2.0438,1.555,1,1,,8450,3.47
grid2:halfRNS,,,PR13_x2,holdout,3,1025,headon,vfield,3d47af2bf1,ok,1,0,1,0,0,0,9.8004,0.3583,2.7258,2.0438,1.555,1,1,6.97,8450,3.43
grid2:halfRNS,,,PR13_x2,holdout,3,1027,headon,vfield,3d47af2bf1,ok,0,0,0,0,0,0,9.6001,7.7206,2.7258,2.0438,1.555,1,1,,8450,3.59
grid2:halfRNS,,,PR13_x2,holdout,3,1029,headon,vfield,3d47af2bf1,ok,0,0,0,0,0,0,9.4185,9.7116,2.7258,2.0438,1.555,1,1,,8450,3.46
grid2:halfRNS,,,PR13_x2,holdout,3,1031,headon,vfield,3d47af2bf1,ok,0,0,0,0,0,0,10.5424,5.2667,2.7258,2.0438,1.555,1,1,,8450,3.51
grid2:halfRNS,,,PR13_x2,holdout,3,1033,headon,vfield,3d47af2bf1,ok,0,0,0,0,0,0,7.9529,8.3101,2.7258,2.0438,1.555,1,1,,8450,3.43
grid2:halfRNS,,,PR13_x2,holdout,3,1035,headon,vfield,3d47af2bf1,ok,0,0,0,0,0,0,10.7467,8.8144,2.7258,2.0438,1.555,1,1,,8450,3.5
grid2:halfRNS,,,PR13_x2,holdout,3,1037,headon,vfield,3d47af2bf1,ok,0,0,0,0,0,0,5.8351,8.2578,2.7258,2.0438,1.555,1,1,,8450,3.45
grid2:halfRNS,,,PR13_x2,holdout,3,1039,headon,vfield,3d47af2bf1,ok,0,0,0,0,0,0,9.363,9.0555,2.7258,2.0438,1.555,1,1,,8450,3.54
grid2:halfRNS,,,PR13_x2,holdout,3,1041,headon,vfield,3d47af2bf1,ok,0,0,0,0,0,0,11.2738,5.9769,2.7258,2.0438,1.555,1,1,,8450,3.46
grid2:halfRNS,,,PR13_x2,holdout,3,1043,headon,vfield,3d47af2bf1,ok,0,0,0,0,0,0,11.2563,5.5086,2.7258,2.0438,1.555,1,1,,8450,3.45
grid2:halfRNS,,,PR13_x2,holdout,3,1045,headon,vfield,3d47af2bf1,ok,0,0,0,0,0,0,9.2139,2.7276,2.7258,2.0438,1.555,1,1,,8450,3.53
grid2:halfRNS,,,PR13_x2,holdout,3,1047,headon,vfield,3d47af2bf1,ok,0,0,0,0,0,0,7.6451,9.6967,2.7258,2.0438,1.555,1,1,,8450,3.45
grid2:halfRNS,,,PR13_x2,holdout,3,1049,headon,vfield,3d47af2bf1,ok,0,0,0,0,0,0,7.7175,10.5151,2.7258,2.0438,1.555,1,1,,8450,3.51
grid2:halfRNS,,,PR13_x2,holdout,3,1051,headon,vfield,3d47af2bf1,ok,0,0,0,0,0,0,8.4923,5.5277,2.7258,2.0438,1.555,1,1,,8450,3.47
grid2:halfRNS,,,PR13_x2,holdout,3,1053,headon,vfield,3d47af2bf1,ok,0,0,0,0,0,0,11.1119,7.2618,2.7258,2.0438,1.555,1,1,,8450,3.44
grid2:halfRNS,,,PR13_x2,holdout,3,1055,headon,vfield,3d47af2bf1,ok,0,0,0,0,0,0,9.2696,9.4439,2.7258,2.0438,1.555,1,1,,8450,3.45
grid2:halfRNS,,,PR13_x2,holdout,3,1057,headon,vfield,3d47af2bf1,ok,0,0,0,0,0,0,9.2594,8.3005,2.7258,2.0438,1.555,1,1,,8450,3.45
grid2:halfRNS,,,PR13_x2,holdout,3,1059,headon,vfield,3d47af2bf1,ok,0,0,0,0,0,0,9.6072,10.1715,2.7258,2.0438,1.555,1,1,,8450,3.46
grid2:halfRNS,,,PR16_x1,holdout,3,1001,headon,vfield,7a9c3aadda,ok,0,0,0,0,0,0,11.6522,13.4253,2.7258,2.0438,1.555,1,1,,8450,3.52
grid2:halfRNS,,,PR16_x1,holdout,3,1003,headon,vfield,7a9c3aadda,ok,0,0,0,0,0,0,11.2001,9.8073,2.7258,2.0438,1.555,1,1,,8450,3.61
grid2:halfRNS,,,PR16_x1,holdout,3,1005,headon,vfield,7a9c3aadda,ok,0,0,0,0,0,0,10.5611,12.8239,2.7258,2.0438,1.555,1,1,,8450,3.57
grid2:halfRNS,,,PR16_x1,holdout,3,1007,headon,vfield,7a9c3aadda,ok,0,0,0,0,0,0,11.8969,8.6989,2.7258,2.0438,1.555,1,1,,8450,3.63
grid2:halfRNS,,,PR16_x1,holdout,3,1009,headon,vfield,7a9c3aadda,ok,0,0,0,0,0,0,13.0645,8.4779,2.7258,2.0438,1.555,1,1,,8450,3.54
grid2:halfRNS,,,PR16_x1,holdout,3,1011,headon,vfield,7a9c3aadda,ok,0,0,0,0,0,0,13.4317,11.9766,2.7258,2.0438,1.555,1,1,,8450,3.62
grid2:halfRNS,,,PR16_x1,holdout,3,1013,headon,vfield,7a9c3aadda,ok,0,0,0,0,0,0,10.5583,10.7551,2.7258,2.0438,1.555,1,1,,8450,3.47
grid2:halfRNS,,,PR16_x1,holdout,3,1015,headon,vfield,7a9c3aadda,ok,0,0,0,0,0,0,11.0078,11.753,2.7258,2.0438,1.555,1,1,,8450,3.48
grid2:halfRNS,,,PR16_x1,holdout,3,1017,headon,vfield,7a9c3aadda,ok,0,0,0,0,0,0,10.9112,11.1722,2.7258,2.0438,1.555,1,1,,8450,4.2
grid2:halfRNS,,,PR16_x1,holdout,3,1019,headon,vfield,7a9c3aadda,ok,0,0,0,0,0,0,13.4978,4.6455,2.7258,2.0438,1.555,1,1,,8450,3.63
grid2:halfRNS,,,PR16_x1,holdout,3,1021,headon,vfield,7a9c3aadda,ok,0,0,0,0,0,0,12.4217,12.7522,2.7258,2.0438,1.555,1,1,,8450,3.59
grid2:halfRNS,,,PR16_x1,holdout,3,1023,headon,vfield,7a9c3aadda,ok,0,0,0,0,0,0,14.1526,11.8421,2.7258,2.0438,1.555,1,1,,8450,3.54
grid2:halfRNS,,,PR16_x1,holdout,3,1025,headon,vfield,7a9c3aadda,ok,0,0,0,0,0,0,10.8339,14.254,2.7258,2.0438,1.555,1,1,,8450,3.47
grid2:halfRNS,,,PR16_x1,holdout,3,1027,headon,vfield,7a9c3aadda,ok,0,0,0,0,0,0,12.178,12.7493,2.7258,2.0438,1.555,1,1,,8450,3.67
grid2:halfRNS,,,PR16_x1,holdout,3,1029,headon,vfield,7a9c3aadda,ok,0,0,0,0,0,0,12.835,11.9266,2.7258,2.0438,1.555,1,1,,8450,3.49
grid2:halfRNS,,,PR16_x1,holdout,3,1031,headon,vfield,7a9c3aadda,ok,0,0,0,0,0,0,11.6031,8.1221,2.7258,2.0438,1.555,1,1,,8450,3.49
grid2:halfRNS,,,PR16_x1,holdout,3,1033,headon,vfield,7a9c3aadda,ok,0,0,0,0,0,0,13.2819,12.6535,2.7258,2.0438,1.555,1,1,,8450,3.47
grid2:halfRNS,,,PR16_x1,holdout,3,1035,headon,vfield,7a9c3aadda,ok,0,0,0,0,0,0,12.0622,9.3891,2.7258,2.0438,1.555,1,1,,8450,3.58
grid2:halfRNS,,,PR16_x1,holdout,3,1037,headon,vfield,7a9c3aadda,ok,0,0,0,0,0,0,11.7031,13.2162,2.7258,2.0438,1.555,1,1,,8450,3.53
grid2:halfRNS,,,PR16_x1,holdout,3,1039,headon,vfield,7a9c3aadda,ok,0,0,0,0,0,0,12.8405,8.4159,2.7258,2.0438,1.555,1,1,,8450,3.48
grid2:halfRNS,,,PR16_x1,holdout,3,1041,headon,vfield,7a9c3aadda,ok,0,0,0,0,0,0,13.8166,10.2633,2.7258,2.0438,1.555,1,1,,8450,3.77
grid2:halfRNS,,,PR16_x1,holdout,3,1043,headon,vfield,7a9c3aadda,ok,0,0,0,0,0,0,12.5476,6.7516,2.7258,2.0438,1.555,1,1,,8450,3.61
grid2:halfRNS,,,PR16_x1,holdout,3,1045,headon,vfield,7a9c3aadda,ok,0,0,0,0,0,0,10.35,8.4996,2.7258,2.0438,1.555,1,1,,8450,3.59
grid2:halfRNS,,,PR16_x1,holdout,3,1047,headon,vfield,7a9c3aadda,ok,0,0,0,0,0,0,6.0523,10.8067,2.7258,2.0438,1.555,1,1,,8450,4.52
grid2:halfRNS,,,PR16_x1,holdout,3,1049,headon,vfield,7a9c3aadda,ok,0,0,0,0,0,0,12.0077,10.7303,2.7258,2.0438,1.555,1,1,,8450,4.66
grid2:halfRNS,,,PR16_x1,holdout,3,1051,headon,vfield,7a9c3aadda,ok,0,0,0,0,0,0,12.4826,8.237,2.7258,2.0438,1.555,1,1,,8450,5.3
grid2:halfRNS,,,PR16_x1,holdout,3,1053,headon,vfield,7a9c3aadda,ok,0,0,0,0,0,0,13.3727,11.4455,2.7258,2.0438,1.555,1,1,,8450,4.96
grid2:halfRNS,,,PR16_x1,holdout,3,1055,headon,vfield,7a9c3aadda,ok,0,0,0,0,0,0,11.9913,10.8268,2.7258,2.0438,1.555,1,1,,8450,3.71
grid2:halfRNS,,,PR16_x1,holdout,3,1057,headon,vfield,7a9c3aadda,ok,0,0,0,0,0,0,12.3045,6.3419,2.7258,2.0438,1.555,1,1,,8450,3.52
grid2:halfRNS,,,PR16_x1,holdout,3,1059,headon,vfield,7a9c3aadda,ok,0,0,0,0,0,0,10.6302,9.3689,2.7258,2.0438,1.555,1,1,,8450,3.5
grid2:halfRNS,,,PR16_x1.25,holdout,3,1001,headon,vfield,f4ca73a442,ok,0,0,0,0,0,0,12.2896,14.4715,2.7258,2.0438,1.555,1,1,,8450,3.45
grid2:halfRNS,,,PR16_x1.25,holdout,3,1003,headon,vfield,f4ca73a442,ok,0,0,0,0,0,0,12.364,10.6896,2.7258,2.0438,1.555,1,1,,8450,3.51
grid2:halfRNS,,,PR16_x1.25,holdout,3,1005,headon,vfield,f4ca73a442,ok,0,0,0,0,0,0,12.8336,14.5618,2.7258,2.0438,1.555,1,1,,8450,3.5
grid2:halfRNS,,,PR16_x1.25,holdout,3,1007,headon,vfield,f4ca73a442,ok,0,0,0,0,0,0,10.9952,9.0675,2.7258,2.0438,1.555,1,1,,8450,3.49
grid2:halfRNS,,,PR16_x1.25,holdout,3,1009,headon,vfield,f4ca73a442,ok,0,0,0,0,0,0,6.9779,8.7344,2.7258,2.0438,1.555,1,1,,8450,3.48
grid2:halfRNS,,,PR16_x1.25,holdout,3,1011,headon,vfield,f4ca73a442,ok,0,0,0,0,0,0,14.454,14.5366,2.7258,2.0438,1.555,1,1,,8450,3.49
grid2:halfRNS,,,PR16_x1.25,holdout,3,1013,headon,vfield,f4ca73a442,ok,0,0,0,0,0,0,11.4726,11.2568,2.7258,2.0438,1.555,1,1,,8450,3.68
grid2:halfRNS,,,PR16_x1.25,holdout,3,1015,headon,vfield,f4ca73a442,ok,0,0,0,0,0,0,14.7041,13.5662,2.7258,2.0438,1.555,1,1,,8450,3.71
grid2:halfRNS,,,PR16_x1.25,holdout,3,1017,headon,vfield,f4ca73a442,ok,0,0,0,0,0,0,13.9038,14.4448,2.7258,2.0438,1.555,1,1,,8450,3.63
grid2:halfRNS,,,PR16_x1.25,holdout,3,1019,headon,vfield,f4ca73a442,ok,0,0,0,0,0,0,12.9778,9.017,2.7258,2.0438,1.555,1,1,,8450,3.62
grid2:halfRNS,,,PR16_x1.25,holdout,3,1021,headon,vfield,f4ca73a442,ok,0,0,0,0,0,0,8.0955,11.9727,2.7258,2.0438,1.555,1,1,,8450,3.5
grid2:halfRNS,,,PR16_x1.25,holdout,3,1023,headon,vfield,f4ca73a442,ok,0,0,0,0,0,0,12.8309,10.8625,2.7258,2.0438,1.555,1,1,,8450,3.47
grid2:halfRNS,,,PR16_x1.25,holdout,3,1025,headon,vfield,f4ca73a442,ok,0,0,0,0,0,0,11.3124,5.4915,2.7258,2.0438,1.555,1,1,,8450,3.47
grid2:halfRNS,,,PR16_x1.25,holdout,3,1027,headon,vfield,f4ca73a442,ok,0,0,0,0,0,0,12.8462,12.3561,2.7258,2.0438,1.555,1,1,,8450,3.46
grid2:halfRNS,,,PR16_x1.25,holdout,3,1029,headon,vfield,f4ca73a442,ok,0,0,0,0,0,0,9.6129,13.6469,2.7258,2.0438,1.555,1,1,,8450,3.49
grid2:halfRNS,,,PR16_x1.25,holdout,3,1031,headon,vfield,f4ca73a442,ok,0,0,0,0,0,0,13.732,8.189,2.7258,2.0438,1.555,1,1,,8450,3.6
grid2:halfRNS,,,PR16_x1.25,holdout,3,1033,headon,vfield,f4ca73a442,ok,0,0,0,0,0,0,12.372,13.23,2.7258,2.0438,1.555,1,1,,8450,3.47
grid2:halfRNS,,,PR16_x1.25,holdout,3,1035,headon,vfield,f4ca73a442,ok,0,0,0,0,0,0,12.7676,10.086,2.7258,2.0438,1.555,1,1,,8450,3.46
grid2:halfRNS,,,PR16_x1.25,holdout,3,1037,headon,vfield,f4ca73a442,ok,0,0,0,0,0,0,15.0479,12.1292,2.7258,2.0438,1.555,1,1,,8450,3.63
grid2:halfRNS,,,PR16_x1.25,holdout,3,1039,headon,vfield,f4ca73a442,ok,0,0,0,0,0,0,12.7539,8.6406,2.7258,2.0438,1.555,1,1,,8450,3.5
grid2:halfRNS,,,PR16_x1.25,holdout,3,1041,headon,vfield,f4ca73a442,ok,0,0,0,0,0,0,11.3762,11.3387,2.7258,2.0438,1.555,1,1,,8450,3.47
grid2:halfRNS,,,PR16_x1.25,holdout,3,1043,headon,vfield,f4ca73a442,ok,0,0,0,0,0,0,12.093,11.1308,2.7258,2.0438,1.555,1,1,,8450,3.5
grid2:halfRNS,,,PR16_x1.25,holdout,3,1045,headon,vfield,f4ca73a442,ok,0,0,0,0,0,0,13.2539,8.7671,2.7258,2.0438,1.555,1,1,,8450,3.61
grid2:halfRNS,,,PR16_x1.25,holdout,3,1047,headon,vfield,f4ca73a442,ok,0,0,0,0,0,0,13.7709,8.0817,2.7258,2.0438,1.555,1,1,,8450,3.48
grid2:halfRNS,,,PR16_x1.25,holdout,3,1049,headon,vfield,f4ca73a442,ok,0,0,0,0,0,0,11.203,4.185,2.7258,2.0438,1.555,1,1,,8450,3.52
grid2:halfRNS,,,PR16_x1.25,holdout,3,1051,headon,vfield,f4ca73a442,ok,0,0,0,0,0,0,14.143,12.9407,2.7258,2.0438,1.555,1,1,,8450,3.53
grid2:halfRNS,,,PR16_x1.25,holdout,3,1053,headon,vfield,f4ca73a442,ok,0,0,0,0,0,0,12.6349,12.3257,2.7258,2.0438,1.555,1,1,,8450,3.52
grid2:halfRNS,,,PR16_x1.25,holdout,3,1055,headon,vfield,f4ca73a442,ok,0,0,0,0,0,0,13.4178,9.4436,2.7258,2.0438,1.555,1,1,,8450,3.51
grid2:halfRNS,,,PR16_x1.25,holdout,3,1057,headon,vfield,f4ca73a442,ok,0,0,0,0,0,0,11.7155,11.4839,2.7258,2.0438,1.555,1,1,,8450,3.45
grid2:halfRNS,,,PR16_x1.25,holdout,3,1059,headon,vfield,f4ca73a442,ok,0,0,0,0,0,0,11.2582,10.9037,2.7258,2.0438,1.555,1,1,,8450,3.49
grid2:halfRNS,,,PR16_x1.5,holdout,3,1001,headon,vfield,37b1896e00,ok,0,0,0,0,0,0,11.6607,11.6431,2.7258,2.0438,1.555,1,1,,8450,3.53
grid2:halfRNS,,,PR16_x1.5,holdout,3,1003,headon,vfield,37b1896e00,ok,0,0,0,0,0,0,12.608,11.4184,2.7258,2.0438,1.555,1,1,,8450,3.51
grid2:halfRNS,,,PR16_x1.5,holdout,3,1005,headon,vfield,37b1896e00,ok,0,0,0,0,0,0,12.6856,11.4674,2.7258,2.0438,1.555,1,1,,8450,3.53
grid2:halfRNS,,,PR16_x1.5,holdout,3,1007,headon,vfield,37b1896e00,ok,0,0,0,0,0,0,12.7874,9.4986,2.7258,2.0438,1.555,1,1,,8450,3.52
grid2:halfRNS,,,PR16_x1.5,holdout,3,1009,headon,vfield,37b1896e00,ok,0,0,0,0,0,0,13.7151,9.038,2.7258,2.0438,1.555,1,1,,8450,3.5
grid2:halfRNS,,,PR16_x1.5,holdout,3,1011,headon,vfield,37b1896e00,ok,0,0,0,0,0,0,13.2788,12.7304,2.7258,2.0438,1.555,1,1,,8450,3.48
grid2:halfRNS,,,PR16_x1.5,holdout,3,1013,headon,vfield,37b1896e00,ok,0,0,0,0,0,0,12.5218,11.4423,2.7258,2.0438,1.555,1,1,,8450,3.47
grid2:halfRNS,,,PR16_x1.5,holdout,3,1015,headon,vfield,37b1896e00,ok,0,0,0,0,0,0,14.621,2.3565,2.7258,2.0438,1.555,1,1,,8450,3.47
grid2:halfRNS,,,PR16_x1.5,holdout,3,1017,headon,vfield,37b1896e00,ok,0,0,0,0,0,0,12.8795,3.8715,2.7258,2.0438,1.555,1,1,,8450,3.59
grid2:halfRNS,,,PR16_x1.5,holdout,3,1019,headon,vfield,37b1896e00,ok,0,0,0,0,0,0,12.7194,9.4293,2.7258,2.0438,1.555,1,1,,8450,4.21
grid2:halfRNS,,,PR16_x1.5,holdout,3,1021,headon,vfield,37b1896e00,ok,0,0,0,0,0,0,12.6872,11.9516,2.7258,2.0438,1.555,1,1,,8450,4.02
grid2:halfRNS,,,PR16_x1.5,holdout,3,1023,headon,vfield,37b1896e00,ok,0,0,0,0,0,0,15.0044,13.1211,2.7258,2.0438,1.555,1,1,,8450,3.57
grid2:halfRNS,,,PR16_x1.5,holdout,3,1025,headon,vfield,37b1896e00,ok,0,0,0,0,0,0,12.1562,11.0152,2.7258,2.0438,1.555,1,1,,8450,3.47
grid2:halfRNS,,,PR16_x1.5,holdout,3,1027,headon,vfield,37b1896e00,ok,0,0,0,0,0,0,12.8367,8.105,2.7258,2.0438,1.555,1,1,,8450,3.6
grid2:halfRNS,,,PR16_x1.5,holdout,3,1029,headon,vfield,37b1896e00,ok,0,0,0,0,0,0,11.642,13.8758,2.7258,2.0438,1.555,1,1,,8450,3.59
grid2:halfRNS,,,PR16_x1.5,holdout,3,1031,headon,vfield,37b1896e00,ok,0,0,0,0,0,0,9.337,8.27,2.7258,2.0438,1.555,1,1,,8450,3.78
grid2:halfRNS,,,PR16_x1.5,holdout,3,1033,headon,vfield,37b1896e00,ok,0,0,0,0,0,0,12.8527,13.849,2.7258,2.0438,1.555,1,1,,8450,3.54
grid2:halfRNS,,,PR16_x1.5,holdout,3,1035,headon,vfield,37b1896e00,ok,0,0,0,0,0,0,14.6907,10.8772,2.7258,2.0438,1.555,1,1,,8450,3.53
grid2:halfRNS,,,PR16_x1.5,holdout,3,1037,headon,vfield,37b1896e00,ok,0,0,0,0,0,0,12.6579,10.8395,2.7258,2.0438,1.555,1,1,,8450,3.49
grid2:halfRNS,,,PR16_x1.5,holdout,3,1039,headon,vfield,37b1896e00,ok,0,0,0,0,0,0,11.9016,8.9074,2.7258,2.0438,1.555,1,1,,8450,3.48
grid2:halfRNS,,,PR16_x1.5,holdout,3,1041,headon,vfield,37b1896e00,ok,0,0,0,0,0,0,11.9861,12.1798,2.7258,2.0438,1.555,1,1,,8450,3.53
grid2:halfRNS,,,PR16_x1.5,holdout,3,1043,headon,vfield,37b1896e00,ok,0,0,0,0,0,0,11.2571,11.5751,2.7258,2.0438,1.555,1,1,,8450,3.53
grid2:halfRNS,,,PR16_x1.5,holdout,3,1045,headon,vfield,37b1896e00,ok,0,0,0,0,0,0,14.4337,9.0834,2.7258,2.0438,1.555,1,1,,8450,3.65
grid2:halfRNS,,,PR16_x1.5,holdout,3,1047,headon,vfield,37b1896e00,ok,0,0,0,0,0,0,9.5353,13.0081,2.7258,2.0438,1.555,1,1,,8450,3.48
grid2:halfRNS,,,PR16_x1.5,holdout,3,1049,headon,vfield,37b1896e00,ok,0,0,0,0,0,0,12.9267,12.357,2.7258,2.0438,1.555,1,1,,8450,3.55
grid2:halfRNS,,,PR16_x1.5,holdout,3,1051,headon,vfield,37b1896e00,ok,0,0,0,0,0,0,11.3573,11.9886,2.7258,2.0438,1.555,1,1,,8450,3.53
grid2:halfRNS,,,PR16_x1.5,holdout,3,1053,headon,vfield,37b1896e00,ok,0,0,0,0,0,0,13.9159,12.2966,2.7258,2.0438,1.555,1,1,,8450,3.52
grid2:halfRNS,,,PR16_x1.5,holdout,3,1055,headon,vfield,37b1896e00,ok,0,0,0,0,0,0,12.6756,13.56,2.7258,2.0438,1.555,1,1,,8450,3.57
grid2:halfRNS,,,PR16_x1.5,holdout,3,1057,headon,vfield,37b1896e00,ok,0,0,0,0,0,0,10.9467,11.8543,2.7258,2.0438,1.555,1,1,,8450,3.56
grid2:halfRNS,,,PR16_x1.5,holdout,3,1059,headon,vfield,37b1896e00,ok,0,0,0,0,0,0,12.7726,11.9597,2.7258,2.0438,1.555,1,1,,8450,3.67
grid2:halfRNS,,,PR16_x2,holdout,3,1001,headon,vfield,1cd0a24834,ok,0,0,0,0,0,0,13.4443,10.9647,2.7258,2.0438,1.555,1,1,,8450,3.55
grid2:halfRNS,,,PR16_x2,holdout,3,1003,headon,vfield,1cd0a24834,ok,0,0,0,0,0,0,12.2045,11.9471,2.7258,2.0438,1.555,1,1,,8450,3.51
grid2:halfRNS,,,PR16_x2,holdout,3,1005,headon,vfield,1cd0a24834,ok,0,0,0,0,0,0,12.3699,10.9001,2.7258,2.0438,1.555,1,1,,8450,3.64
grid2:halfRNS,,,PR16_x2,holdout,3,1007,headon,vfield,1cd0a24834,ok,0,0,0,0,0,0,12.2619,10.4118,2.7258,2.0438,1.555,1,1,,8450,3.47
grid2:halfRNS,,,PR16_x2,holdout,3,1009,headon,vfield,1cd0a24834,ok,0,0,0,0,0,0,12.529,9.7684,2.7258,2.0438,1.555,1,1,,8450,3.5
grid2:halfRNS,,,PR16_x2,holdout,3,1011,headon,vfield,1cd0a24834,ok,0,0,0,0,0,0,13.198,12.0779,2.7258,2.0438,1.555,1,1,,8450,3.49
grid2:halfRNS,,,PR16_x2,holdout,3,1013,headon,vfield,1cd0a24834,ok,0,0,0,0,0,0,11.8873,12.7193,2.7258,2.0438,1.555,1,1,,8450,3.48
grid2:halfRNS,,,PR16_x2,holdout,3,1015,headon,vfield,1cd0a24834,ok,0,0,0,0,0,0,12.3481,10.412,2.7258,2.0438,1.555,1,1,,8450,3.58
grid2:halfRNS,,,PR16_x2,holdout,3,1017,headon,vfield,1cd0a24834,ok,0,0,0,0,0,0,12.1986,13.7138,2.7258,2.0438,1.555,1,1,,8450,3.5
grid2:halfRNS,,,PR16_x2,holdout,3,1019,headon,vfield,1cd0a24834,ok,0,0,0,0,0,0,12.1129,10.1216,2.7258,2.0438,1.555,1,1,,8450,3.5
grid2:halfRNS,,,PR16_x2,holdout,3,1021,headon,vfield,1cd0a24834,ok,0,0,0,0,0,0,12.3319,13.0155,2.7258,2.0438,1.555,1,1,,8450,3.47
grid2:halfRNS,,,PR16_x2,holdout,3,1023,headon,vfield,1cd0a24834,ok,0,0,0,0,0,0,14.8312,12.8224,2.7258,2.0438,1.555,1,1,,8450,3.61
grid2:halfRNS,,,PR16_x2,holdout,3,1025,headon,vfield,1cd0a24834,ok,0,0,0,0,0,0,13.2424,12.034,2.7258,2.0438,1.555,1,1,,8450,3.49
grid2:halfRNS,,,PR16_x2,holdout,3,1027,headon,vfield,1cd0a24834,ok,0,0,0,0,0,0,12.5579,12.2891,2.7258,2.0438,1.555,1,1,,8450,3.45
grid2:halfRNS,,,PR16_x2,holdout,3,1029,headon,vfield,1cd0a24834,ok,0,0,0,0,0,0,8.8861,12.3858,2.7258,2.0438,1.555,1,1,,8450,3.47
grid2:halfRNS,,,PR16_x2,holdout,3,1031,headon,vfield,1cd0a24834,ok,0,0,0,0,0,0,11.962,8.4728,2.7258,2.0438,1.555,1,1,,8450,3.49
grid2:halfRNS,,,PR16_x2,holdout,3,1033,headon,vfield,1cd0a24834,ok,0,0,0,0,0,0,12.6038,11.1412,2.7258,2.0438,1.555,1,1,,8450,3.49
grid2:halfRNS,,,PR16_x2,holdout,3,1035,headon,vfield,1cd0a24834,ok,0,0,0,0,0,0,12.1554,12.6702,2.7258,2.0438,1.555,1,1,,8450,3.49
grid2:halfRNS,,,PR16_x2,holdout,3,1037,headon,vfield,1cd0a24834,ok,0,0,0,0,0,0,11.6699,11.7614,2.7258,2.0438,1.555,1,1,,8450,3.5
grid2:halfRNS,,,PR16_x2,holdout,3,1039,headon,vfield,1cd0a24834,ok,0,0,0,0,0,0,12.7879,9.5531,2.7258,2.0438,1.555,1,1,,8450,3.53
grid2:halfRNS,,,PR16_x2,holdout,3,1041,headon,vfield,1cd0a24834,ok,0,0,0,0,0,0,13.7268,11.4096,2.7258,2.0438,1.555,1,1,,8450,3.51
grid2:halfRNS,,,PR16_x2,holdout,3,1043,headon,vfield,1cd0a24834,ok,0,0,0,0,0,0,14.1475,11.8769,2.7258,2.0438,1.555,1,1,,8450,3.46
grid2:halfRNS,,,PR16_x2,holdout,3,1045,headon,vfield,1cd0a24834,ok,0,0,0,0,0,0,13.1646,9.8428,2.7258,2.0438,1.555,1,1,,8450,3.54
grid2:halfRNS,,,PR16_x2,holdout,3,1047,headon,vfield,1cd0a24834,ok,0,0,0,0,0,0,3.105,12.2746,2.7258,2.0438,1.555,1,1,,8450,3.5
grid2:halfRNS,,,PR16_x2,holdout,3,1049,headon,vfield,1cd0a24834,ok,0,0,0,0,0,0,9.4427,8.3536,2.7258,2.0438,1.555,1,1,,8450,3.51
grid2:halfRNS,,,PR16_x2,holdout,3,1051,headon,vfield,1cd0a24834,ok,0,0,0,0,0,0,12.1965,13.0773,2.7258,2.0438,1.555,1,1,,8450,3.52
grid2:halfRNS,,,PR16_x2,holdout,3,1053,headon,vfield,1cd0a24834,ok,0,0,0,0,0,0,12.525,5.0884,2.7258,2.0438,1.555,1,1,,8450,3.51
grid2:halfRNS,,,PR16_x2,holdout,3,1055,headon,vfield,1cd0a24834,ok,0,0,0,0,0,0,11.8272,11.5958,2.7258,2.0438,1.555,1,1,,8450,3.49
grid2:halfRNS,,,PR16_x2,holdout,3,1057,headon,vfield,1cd0a24834,ok,0,0,0,0,0,0,12.4142,10.7918,2.7258,2.0438,1.555,1,1,,8450,3.48
grid2:halfRNS,,,PR16_x2,holdout,3,1059,headon,vfield,1cd0a24834,ok,0,0,0,0,0,0,12.6909,13.4302,2.7258,2.0438,1.555,1,1,,8450,3.48
grid2:halfRNS,,,PR20_x1,holdout,3,1001,headon,vfield,a25540e21e,ok,0,0,0,0,0,0,13.8407,15.7206,2.7258,2.0438,1.555,1,1,,8450,3.54
grid2:halfRNS,,,PR20_x1,holdout,3,1003,headon,vfield,a25540e21e,ok,0,0,0,0,0,0,16.8504,10.6896,2.7258,2.0438,1.555,1,1,,8450,3.46
grid2:halfRNS,,,PR20_x1,holdout,3,1005,headon,vfield,a25540e21e,ok,0,0,0,0,0,0,15.7019,10.0157,2.7258,2.0438,1.555,1,1,,8450,3.47
grid2:halfRNS,,,PR20_x1,holdout,3,1007,headon,vfield,a25540e21e,ok,0,0,0,0,0,0,16.1723,9.0675,2.7258,2.0438,1.555,1,1,,8450,3.51
grid2:halfRNS,,,PR20_x1,holdout,3,1009,headon,vfield,a25540e21e,ok,0,0,0,0,0,0,15.7656,8.7344,2.7258,2.0438,1.555,1,1,,8450,3.56
grid2:halfRNS,,,PR20_x1,holdout,3,1011,headon,vfield,a25540e21e,ok,0,0,0,0,0,0,14.6696,14.8299,2.7258,2.0438,1.555,1,1,,8450,3.5
grid2:halfRNS,,,PR20_x1,holdout,3,1013,headon,vfield,a25540e21e,ok,0,0,0,0,0,0,14.7556,12.03,2.7258,2.0438,1.555,1,1,,8450,3.46
grid2:halfRNS,,,PR20_x1,holdout,3,1015,headon,vfield,a25540e21e,ok,0,0,0,0,0,0,18.2049,17.866,2.7258,2.0438,1.555,1,1,,8450,3.49
grid2:halfRNS,,,PR20_x1,holdout,3,1017,headon,vfield,a25540e21e,ok,0,0,0,0,0,0,17.2955,15.4749,2.7258,2.0438,1.555,1,1,,8450,3.51
grid2:halfRNS,,,PR20_x1,holdout,3,1019,headon,vfield,a25540e21e,ok,0,0,0,0,0,0,17.2064,9.017,2.7258,2.0438,1.555,1,1,,8450,3.46
grid2:halfRNS,,,PR20_x1,holdout,3,1021,headon,vfield,a25540e21e,ok,0,0,0,0,0,0,16.3194,16.6369,2.7258,2.0438,1.555,1,1,,8450,3.5
grid2:halfRNS,,,PR20_x1,holdout,3,1023,headon,vfield,a25540e21e,ok,0,0,0,0,0,0,15.5087,13.5311,2.7258,2.0438,1.555,1,1,,8450,3.5
grid2:halfRNS,,,PR20_x1,holdout,3,1025,headon,vfield,a25540e21e,ok,0,0,0,0,0,0,15.7855,15.4168,2.7258,2.0438,1.555,1,1,,8450,3.49
grid2:halfRNS,,,PR20_x1,holdout,3,1027,headon,vfield,a25540e21e,ok,0,0,0,0,0,0,14.8424,16.8849,2.7258,2.0438,1.555,1,1,,8450,3.7
grid2:halfRNS,,,PR20_x1,holdout,3,1029,headon,vfield,a25540e21e,ok,0,0,0,0,0,0,14.0224,13.6469,2.7258,2.0438,1.555,1,1,,8450,3.5
grid2:halfRNS,,,PR20_x1,holdout,3,1031,headon,vfield,a25540e21e,ok,0,0,0,0,0,0,15.908,8.189,2.7258,2.0438,1.555,1,1,,8450,3.5
grid2:halfRNS,,,PR20_x1,holdout,3,1033,headon,vfield,a25540e21e,ok,0,0,0,0,0,0,17.0408,18.2245,2.7258,2.0438,1.555,1,1,,8450,3.51
grid2:halfRNS,,,PR20_x1,holdout,3,1035,headon,vfield,a25540e21e,ok,0,0,0,0,0,0,13.584,10.086,2.7258,2.0438,1.555,1,1,,8450,3.48
grid2:halfRNS,,,PR20_x1,holdout,3,1037,headon,vfield,a25540e21e,ok,0,0,0,0,0,0,17.2499,17.9771,2.7258,2.0438,1.555,1,1,,8450,3.49
grid2:halfRNS,,,PR20_x1,holdout,3,1039,headon,vfield,a25540e21e,ok,0,0,0,0,0,0,14.6962,8.6406,2.7258,2.0438,1.555,1,1,,8450,3.47
grid2:halfRNS,,,PR20_x1,holdout,3,1041,headon,vfield,a25540e21e,ok,0,0,0,0,0,0,12.1591,11.3387,2.7258,2.0438,1.555,1,1,,8450,3.48
grid2:halfRNS,,,PR20_x1,holdout,3,1043,headon,vfield,a25540e21e,ok,0,0,0,0,0,0,15.464,13.0174,2.7258,2.0438,1.555,1,1,,8450,3.45
grid2:halfRNS,,,PR20_x1,holdout,3,1045,headon,vfield,a25540e21e,ok,0,0,0,0,0,0,15.0001,8.7671,2.7258,2.0438,1.555,1,1,,8450,3.5
grid2:halfRNS,,,PR20_x1,holdout,3,1047,headon,vfield,a25540e21e,ok,0,0,0,0,0,0,16.203,15.5228,2.7258,2.0438,1.555,1,1,,8450,3.47
grid2:halfRNS,,,PR20_x1,holdout,3,1049,headon,vfield,a25540e21e,ok,0,0,0,0,0,0,14.0375,14.6918,2.7258,2.0438,1.555,1,1,,8450,3.47
grid2:halfRNS,,,PR20_x1,holdout,3,1051,headon,vfield,a25540e21e,ok,0,0,0,0,0,0,17.0244,15.1357,2.7258,2.0438,1.555,1,1,,8450,3.46
grid2:halfRNS,,,PR20_x1,holdout,3,1053,headon,vfield,a25540e21e,ok,0,0,0,0,0,0,17.7635,16.5385,2.7258,2.0438,1.555,1,1,,8450,3.46
grid2:halfRNS,,,PR20_x1,holdout,3,1055,headon,vfield,a25540e21e,ok,0,0,0,0,0,0,16.3712,12.0245,2.7258,2.0438,1.555,1,1,,8450,3.44
grid2:halfRNS,,,PR20_x1,holdout,3,1057,headon,vfield,a25540e21e,ok,0,0,0,0,0,0,16.2565,11.484,2.7258,2.0438,1.555,1,1,,8450,3.52
grid2:halfRNS,,,PR20_x1,holdout,3,1059,headon,vfield,a25540e21e,ok,0,0,0,0,0,0,13.5867,10.9037,2.7258,2.0438,1.555,1,1,,8450,3.49
grid2:halfRNS,,,PR20_x1.25,holdout,3,1001,headon,vfield,cd72139706,ok,0,0,0,0,0,0,15.9298,13.0982,2.7258,2.0438,1.555,1,1,,8450,3.49
grid2:halfRNS,,,PR20_x1.25,holdout,3,1003,headon,vfield,cd72139706,ok,0,0,0,0,0,0,18.2501,11.9383,2.7258,2.0438,1.555,1,1,,8450,3.47
grid2:halfRNS,,,PR20_x1.25,holdout,3,1005,headon,vfield,cd72139706,ok,0,0,0,0,0,0,13.5842,9.2831,2.7258,2.0438,1.555,1,1,,8450,3.52
grid2:halfRNS,,,PR20_x1.25,holdout,3,1007,headon,vfield,cd72139706,ok,0,0,0,0,0,0,18.0587,9.6152,2.7258,2.0438,1.555,1,1,,8450,3.48
grid2:halfRNS,,,PR20_x1.25,holdout,3,1009,headon,vfield,cd72139706,ok,0,0,0,0,0,0,18.6636,9.1208,2.7258,2.0438,1.555,1,1,,8450,3.46
grid2:halfRNS,,,PR20_x1.25,holdout,3,1011,headon,vfield,cd72139706,ok,0,0,0,0,0,0,15.2717,16.1095,2.7258,2.0438,1.555,1,1,,8450,3.48
grid2:halfRNS,,,PR20_x1.25,holdout,3,1013,headon,vfield,cd72139706,ok,0,0,0,0,0,0,14.6756,13.788,2.7258,2.0438,1.555,1,1,,8450,3.53
grid2:halfRNS,,,PR20_x1.25,holdout,3,1015,headon,vfield,cd72139706,ok,0,0,0,0,0,0,18.1092,17.0347,2.7258,2.0438,1.555,1,1,,8450,3.47
grid2:halfRNS,,,PR20_x1.25,holdout,3,1017,headon,vfield,cd72139706,ok,0,0,0,0,0,0,16.0907,16.3267,2.7258,2.0438,1.555,1,1,,8450,3.52
grid2:halfRNS,,,PR20_x1.25,holdout,3,1019,headon,vfield,cd72139706,ok,0,0,0,0,0,0,16.5619,9.5409,2.7258,2.0438,1.555,1,1,,8450,3.49
grid2:halfRNS,,,PR20_x1.25,holdout,3,1021,headon,vfield,cd72139706,ok,0,0,0,0,0,0,14.5333,17.4455,2.7258,2.0438,1.555,1,1,,8450,3.53
grid2:halfRNS,,,PR20_x1.25,holdout,3,1023,headon,vfield,cd72139706,ok,0,0,0,0,0,0,15.2271,15.7655,2.7258,2.0438,1.555,1,1,,8450,3.58
grid2:halfRNS,,,PR20_x1.25,holdout,3,1025,headon,vfield,cd72139706,ok,0,0,0,0,0,0,16.0088,18.103,2.7258,2.0438,1.555,1,1,,8450,3.45
grid2:halfRNS,,,PR20_x1.25,holdout,3,1027,headon,vfield,cd72139706,ok,0,0,0,0,0,0,18.0114,15.3077,2.7258,2.0438,1.555,1,1,,8450,3.5
grid2:halfRNS,,,PR20_x1.25,holdout,3,1029,headon,vfield,cd72139706,ok,0,0,0,0,0,0,17.118,15.9679,2.7258,2.0438,1.555,1,1,,8450,3.46
grid2:halfRNS,,,PR20_x1.25,holdout,3,1031,headon,vfield,cd72139706,ok,0,0,0,0,0,0,17.4191,8.2924,2.7258,2.0438,1.555,1,1,,8450,3.52
grid2:halfRNS,,,PR20_x1.25,holdout,3,1033,headon,vfield,cd72139706,ok,0,0,0,0,0,0,18.3811,14.5966,2.7258,2.0438,1.555,1,1,,8450,3.49
grid2:halfRNS,,,PR20_x1.25,holdout,3,1035,headon,vfield,cd72139706,ok,0,0,0,0,0,0,16.4377,11.0874,2.7258,2.0438,1.555,1,1,,8450,3.48
grid2:halfRNS,,,PR20_x1.25,holdout,3,1037,headon,vfield,cd72139706,ok,0,0,0,0,0,0,18.3765,8.1415,2.7258,2.0438,1.555,1,1,,8450,3.5
grid2:halfRNS,,,PR20_x1.25,holdout,3,1039,headon,vfield,cd72139706,ok,0,0,0,0,0,0,15.4195,8.9803,2.7258,2.0438,1.555,1,1,,8450,3.47
grid2:halfRNS,,,PR20_x1.25,holdout,3,1041,headon,vfield,cd72139706,ok,0,0,0,0,0,0,17.4187,12.84,2.7258,2.0438,1.555,1,1,,8450,3.48
grid2:halfRNS,,,PR20_x1.25,holdout,3,1043,headon,vfield,cd72139706,ok,0,0,0,0,0,0,16.2637,13.3268,2.7258,2.0438,1.555,1,1,,8450,3.49
grid2:halfRNS,,,PR20_x1.25,holdout,3,1045,headon,vfield,cd72139706,ok,0,0,0,0,0,0,18.2591,9.1695,2.7258,2.0438,1.555,1,1,,8450,3.45
grid2:halfRNS,,,PR20_x1.25,holdout,3,1047,headon,vfield,cd72139706,ok,0,0,0,0,0,0,15.7702,17.9603,2.7258,2.0438,1.555,1,1,,8450,3.49
grid2:halfRNS,,,PR20_x1.25,holdout,3,1049,headon,vfield,cd72139706,ok,0,0,0,0,0,0,17.3024,16.2879,2.7258,2.0438,1.555,1,1,,8450,3.59
grid2:halfRNS,,,PR20_x1.25,holdout,3,1051,headon,vfield,cd72139706,ok,0,0,0,0,0,0,16.5183,16.6427,2.7258,2.0438,1.555,1,1,,8450,3.53
grid2:halfRNS,,,PR20_x1.25,holdout,3,1053,headon,vfield,cd72139706,ok,0,0,0,0,0,0,17.3571,16.7883,2.7258,2.0438,1.555,1,1,,8450,3.66
grid2:halfRNS,,,PR20_x1.25,holdout,3,1055,headon,vfield,cd72139706,ok,0,0,0,0,0,0,16.6556,15.3958,2.7258,2.0438,1.555,1,1,,8450,3.51
grid2:halfRNS,,,PR20_x1.25,holdout,3,1057,headon,vfield,cd72139706,ok,0,0,0,0,0,0,17.2897,13.0403,2.7258,2.0438,1.555,1,1,,8450,3.53
grid2:halfRNS,,,PR20_x1.25,holdout,3,1059,headon,vfield,cd72139706,ok,0,0,0,0,0,0,13.0934,12.2374,2.7258,2.0438,1.555,1,1,,8450,3.42
grid2:halfRNS,,,PR20_x1.5,holdout,3,1001,headon,vfield,d6386dc0bc,ok,0,0,0,0,0,0,16.7828,12.3407,2.7258,2.0438,1.555,1,1,,8450,3.41
grid2:halfRNS,,,PR20_x1.5,holdout,3,1003,headon,vfield,d6386dc0bc,ok,0,0,0,0,0,0,17.3076,13.3063,2.7258,2.0438,1.555,1,1,,8450,3.42
grid2:halfRNS,,,PR20_x1.5,holdout,3,1005,headon,vfield,d6386dc0bc,ok,0,0,0,0,0,0,15.4458,17.2243,2.7258,2.0438,1.555,1,1,,8450,3.43
grid2:halfRNS,,,PR20_x1.5,holdout,3,1007,headon,vfield,d6386dc0bc,ok,0,0,0,0,0,0,17.2238,10.2449,2.7258,2.0438,1.555,1,1,,8450,3.41
grid2:halfRNS,,,PR20_x1.5,holdout,3,1009,headon,vfield,d6386dc0bc,ok,0,0,0,0,0,0,19.2834,9.5718,2.7258,2.0438,1.555,1,1,,8450,3.42
grid2:halfRNS,,,PR20_x1.5,holdout,3,1011,headon,vfield,d6386dc0bc,ok,0,0,0,0,0,0,16.9015,15.3275,2.7258,2.0438,1.555,1,1,,8450,3.4
grid2:halfRNS,,,PR20_x1.5,holdout,3,1013,headon,vfield,d6386dc0bc,ok,0,0,0,0,0,0,15.3844,15.6711,2.7258,2.0438,1.555,1,1,,8450,3.42
grid2:halfRNS,,,PR20_x1.5,holdout,3,1015,headon,vfield,d6386dc0bc,ok,0,0,0,0,0,0,16.1769,15.3728,2.7258,2.0438,1.555,1,1,,8450,3.42
grid2:halfRNS,,,PR20_x1.5,holdout,3,1017,headon,vfield,d6386dc0bc,ok,0,0,0,0,0,0,11.6954,17.5034,2.7258,2.0438,1.555,1,1,,8450,3.41
grid2:halfRNS,,,PR20_x1.5,holdout,3,1019,headon,vfield,d6386dc0bc,ok,0,0,0,0,0,0,17.0368,10.1445,2.7258,2.0438,1.555,1,1,,8450,3.43
grid2:halfRNS,,,PR20_x1.5,holdout,3,1021,headon,vfield,d6386dc0bc,ok,0,0,0,0,0,0,17.2599,16.615,2.7258,2.0438,1.555,1,1,,8450,3.43
grid2:halfRNS,,,PR20_x1.5,holdout,3,1023,headon,vfield,d6386dc0bc,ok,0,0,0,0,0,0,16.0129,16.5614,2.7258,2.0438,1.555,1,1,,8450,3.41
grid2:halfRNS,,,PR20_x1.5,holdout,3,1025,headon,vfield,d6386dc0bc,ok,0,0,0,0,0,0,15.9273,8.4523,2.7258,2.0438,1.555,1,1,,8450,3.42
grid2:halfRNS,,,PR20_x1.5,holdout,3,1027,headon,vfield,d6386dc0bc,ok,0,0,0,0,0,0,16.9536,17.5802,2.7258,2.0438,1.555,1,1,,8450,3.4
grid2:halfRNS,,,PR20_x1.5,holdout,3,1029,headon,vfield,d6386dc0bc,ok,0,0,0,0,0,0,17.1074,16.5455,2.7258,2.0438,1.555,1,1,,8450,3.41
grid2:halfRNS,,,PR20_x1.5,holdout,3,1031,headon,vfield,d6386dc0bc,ok,0,0,0,0,0,0,15.6231,8.4172,2.7258,2.0438,1.555,1,1,,8450,3.42
grid2:halfRNS,,,PR20_x1.5,holdout,3,1033,headon,vfield,d6386dc0bc,ok,0,0,0,0,0,0,17.5516,15.9263,2.7258,2.0438,1.555,1,1,,8450,3.4
grid2:halfRNS,,,PR20_x1.5,holdout,3,1035,headon,vfield,d6386dc0bc,ok,0,0,0,0,0,0,17.0549,12.2003,2.7258,2.0438,1.555,1,1,,8450,3.4
grid2:halfRNS,,,PR20_x1.5,holdout,3,1037,headon,vfield,d6386dc0bc,ok,0,0,0,0,0,0,17.4743,2.2499,2.7258,2.0438,1.555,1,1,,8450,3.42
grid2:halfRNS,,,PR20_x1.5,holdout,3,1039,headon,vfield,d6386dc0bc,ok,0,0,0,0,0,0,15.0998,9.3788,2.7258,2.0438,1.555,1,1,,8450,3.42
grid2:halfRNS,,,PR20_x1.5,holdout,3,1041,headon,vfield,d6386dc0bc,ok,0,0,0,0,0,0,12.2603,14.4649,2.7258,2.0438,1.555,1,1,,8450,3.43
grid2:halfRNS,,,PR20_x1.5,holdout,3,1043,headon,vfield,d6386dc0bc,ok,0,0,0,0,0,0,15.16,15.4325,2.7258,2.0438,1.555,1,1,,8450,3.42
grid2:halfRNS,,,PR20_x1.5,holdout,3,1045,headon,vfield,d6386dc0bc,ok,0,0,0,0,0,0,18.4947,9.6386,2.7258,2.0438,1.555,1,1,,8450,3.41
grid2:halfRNS,,,PR20_x1.5,holdout,3,1047,headon,vfield,d6386dc0bc,ok,0,0,0,0,0,0,16.7307,17.8315,2.7258,2.0438,1.555,1,1,,8450,3.41
grid2:halfRNS,,,PR20_x1.5,holdout,3,1049,headon,vfield,d6386dc0bc,ok,0,0,0,0,0,0,16.4244,16.7406,2.7258,2.0438,1.555,1,1,,8450,3.41
grid2:halfRNS,,,PR20_x1.5,holdout,3,1051,headon,vfield,d6386dc0bc,ok,0,0,0,0,0,0,18.9874,17.4954,2.7258,2.0438,1.555,1,1,,8450,3.42
grid2:halfRNS,,,PR20_x1.5,holdout,3,1053,headon,vfield,d6386dc0bc,ok,0,0,0,0,0,0,17.8717,16.9639,2.7258,2.0438,1.555,1,1,,8450,3.41
grid2:halfRNS,,,PR20_x1.5,holdout,3,1055,headon,vfield,d6386dc0bc,ok,0,0,0,0,0,0,16.3236,16.4257,2.7258,2.0438,1.555,1,1,,8450,3.42
grid2:halfRNS,,,PR20_x1.5,holdout,3,1057,headon,vfield,d6386dc0bc,ok,0,0,0,0,0,0,16.5694,11.7268,2.7258,2.0438,1.555,1,1,,8450,3.44
grid2:halfRNS,,,PR20_x1.5,holdout,3,1059,headon,vfield,d6386dc0bc,ok,0,0,0,0,0,0,16.7982,13.6922,2.7258,2.0438,1.555,1,1,,8450,3.41
grid2:halfRNS,,,PR20_x2,holdout,3,1001,headon,vfield,375caa43b4,ok,0,0,0,0,0,0,16.807,14.2999,2.7258,2.0438,1.555,1,1,,8450,3.42
grid2:halfRNS,,,PR20_x2,holdout,3,1003,headon,vfield,375caa43b4,ok,0,0,0,0,0,0,15.895,16.2777,2.7258,2.0438,1.555,1,1,,8450,3.41
grid2:halfRNS,,,PR20_x2,holdout,3,1005,headon,vfield,375caa43b4,ok,0,0,0,0,0,0,16.4604,15.0942,2.7258,2.0438,1.555,1,1,,8450,3.44
grid2:halfRNS,,,PR20_x2,holdout,3,1007,headon,vfield,375caa43b4,ok,0,0,0,0,0,0,17.5895,11.6958,2.7258,2.0438,1.555,1,1,,8450,3.42
grid2:halfRNS,,,PR20_x2,holdout,3,1009,headon,vfield,375caa43b4,ok,0,0,0,0,0,0,15.9491,2.1127,2.7258,2.0438,1.555,1,1,,8450,3.42
grid2:halfRNS,,,PR20_x2,holdout,3,1011,headon,vfield,375caa43b4,ok,0,0,0,0,0,0,14.0354,16.895,2.7258,2.0438,1.555,1,1,,8450,3.41
grid2:halfRNS,,,PR20_x2,holdout,3,1013,headon,vfield,375caa43b4,ok,0,0,0,0,0,0,16.2232,15.0677,2.7258,2.0438,1.555,1,1,,8450,3.42
grid2:halfRNS,,,PR20_x2,holdout,3,1015,headon,vfield,375caa43b4,ok,0,0,0,0,0,0,16.2725,16.6056,2.7258,2.0438,1.555,1,1,,8450,3.41
grid2:halfRNS,,,PR20_x2,holdout,3,1017,headon,vfield,375caa43b4,ok,0,0,0,0,0,0,15.6332,18.1679,2.7258,2.0438,1.555,1,1,,8450,3.42
grid2:halfRNS,,,PR20_x2,holdout,3,1019,headon,vfield,375caa43b4,ok,0,0,0,0,0,0,18.5917,11.5393,2.7258,2.0438,1.555,1,1,,8450,3.42
grid2:halfRNS,,,PR20_x2,holdout,3,1021,headon,vfield,375caa43b4,ok,0,0,0,0,0,0,16.1399,11.9469,2.7258,2.0438,1.555,1,1,,8450,3.73
grid2:halfRNS,,,PR20_x2,holdout,3,1023,headon,vfield,375caa43b4,ok,0,0,0,0,0,0,17.7491,14.4504,2.7258,2.0438,1.555,1,1,,8450,3.4
grid2:halfRNS,,,PR20_x2,holdout,3,1025,headon,vfield,375caa43b4,ok,0,0,0,0,0,0,16.347,17.8022,2.7258,2.0438,1.555,1,1,,8450,3.42
grid2:halfRNS,,,PR20_x2,holdout,3,1027,headon,vfield,375caa43b4,ok,0,0,0,0,0,0,16.6915,17.6088,2.7258,2.0438,1.555,1,1,,8450,3.42
grid2:halfRNS,,,PR20_x2,holdout,3,1029,headon,vfield,375caa43b4,ok,0,0,0,0,0,0,14.134,15.633,2.7258,2.0438,1.555,1,1,,8450,3.44
grid2:halfRNS,,,PR20_x2,holdout,3,1031,headon,vfield,375caa43b4,ok,0,0,0,0,0,0,16.572,8.7266,2.7258,2.0438,1.555,1,1,,8450,3.43
grid2:halfRNS,,,PR20_x2,holdout,3,1033,headon,vfield,375caa43b4,ok,0,0,0,0,0,0,16.9817,14.3613,2.7258,2.0438,1.555,1,1,,8450,3.41
grid2:halfRNS,,,PR20_x2,holdout,3,1035,headon,vfield,375caa43b4,ok,0,0,0,0,0,0,15.6755,14.6566,2.7258,2.0438,1.555,1,1,,8450,3.43
grid2:halfRNS,,,PR20_x2,holdout,3,1037,headon,vfield,375caa43b4,ok,0,0,0,0,0,0,16.5479,12.5613,2.7258,2.0438,1.555,1,1,,8450,3.43
grid2:halfRNS,,,PR20_x2,holdout,3,1039,headon,vfield,375caa43b4,ok,0,0,0,0,0,0,16.2911,10.324,2.7258,2.0438,1.555,1,1,,8450,3.37
grid2:halfRNS,,,PR20_x2,holdout,3,1041,headon,vfield,375caa43b4,ok,0,0,0,0,0,0,16.465,17.02,2.7258,2.0438,1.555,1,1,,8450,3.39
grid2:halfRNS,,,PR20_x2,holdout,3,1043,headon,vfield,375caa43b4,ok,0,0,0,0,0,0,17.365,17.6533,2.7258,2.0438,1.555,1,1,,8450,3.39
grid2:halfRNS,,,PR20_x2,holdout,3,1045,headon,vfield,375caa43b4,ok,0,0,0,0,0,0,16.9218,10.7404,2.7258,2.0438,1.555,1,1,,8450,3.43
grid2:halfRNS,,,PR20_x2,holdout,3,1047,headon,vfield,375caa43b4,ok,0,0,0,0,0,0,14.2357,16.9422,2.7258,2.0438,1.555,1,1,,8450,3.42
grid2:halfRNS,,,PR20_x2,holdout,3,1049,headon,vfield,375caa43b4,ok,0,0,0,0,0,0,16.9318,17.8197,2.7258,2.0438,1.555,1,1,,8450,3.37
grid2:halfRNS,,,PR20_x2,holdout,3,1051,headon,vfield,375caa43b4,ok,0,0,0,0,0,0,16.5628,16.1382,2.7258,2.0438,1.555,1,1,,8450,3.4
grid2:halfRNS,,,PR20_x2,holdout,3,1053,headon,vfield,375caa43b4,ok,0,0,0,0,0,0,18.9799,16.1543,2.7258,2.0438,1.555,1,1,,8450,3.4
grid2:halfRNS,,,PR20_x2,holdout,3,1055,headon,vfield,375caa43b4,ok,0,0,0,0,0,0,17.9231,15.5088,2.7258,2.0438,1.555,1,1,,8450,3.4
grid2:halfRNS,,,PR20_x2,holdout,3,1057,headon,vfield,375caa43b4,ok,0,0,0,0,0,0,13.4813,14.5415,2.7258,2.0438,1.555,1,1,,8450,3.4
grid2:halfRNS,,,PR20_x2,holdout,3,1059,headon,vfield,375caa43b4,ok,0,0,0,0,0,0,14.6829,16.2533,2.7258,2.0438,1.555,1,1,,8450,3.37
grid2:halfRNS,,,PR4_x1,holdout,4,1001,headon,vfield,356b979057,ok,0,0,0,0,0,0,3.006,3.6563,2.7258,2.0438,1.555,1,1,,8450,3.4
grid2:halfRNS,,,PR4_x1,holdout,4,1003,headon,vfield,356b979057,ok,1,0,1,0,0,0,2.5558,0.7661,2.7258,2.0438,1.555,1,1,20.08,8450,3.38
grid2:halfRNS,,,PR4_x1,holdout,4,1005,headon,vfield,356b979057,ok,0,0,0,0,0,0,1.6536,2.8114,2.7258,2.0438,1.555,1,1,,8450,3.38
grid2:halfRNS,,,PR4_x1,holdout,4,1007,headon,vfield,356b979057,ok,0,0,0,0,0,0,1.2963,1.1798,2.7258,2.0438,1.555,1,1,,8450,3.39
grid2:halfRNS,,,PR4_x1,holdout,4,1009,headon,vfield,356b979057,ok,1,0,0,0,1,0,0.3573,1.1331,2.7258,2.0438,1.555,1,1,20.21,8450,3.37
grid2:halfRNS,,,PR4_x1,holdout,4,1011,headon,vfield,356b979057,ok,0,0,0,0,0,0,1.4264,1.9146,2.7258,2.0438,1.555,1,1,,8450,3.39
grid2:halfRNS,,,PR4_x1,holdout,4,1013,headon,vfield,356b979057,ok,0,0,0,0,0,0,1.3155,3.8799,2.7258,2.0438,1.555,1,1,,8450,3.48
grid2:halfRNS,,,PR4_x1,holdout,4,1015,headon,vfield,356b979057,ok,1,0,1,0,0,0,2.6613,0.4887,2.7258,2.0438,1.555,1,1,15.93,8450,3.37
grid2:halfRNS,,,PR4_x1,holdout,4,1017,headon,vfield,356b979057,ok,0,0,0,0,0,0,1.922,3.6337,2.7258,2.0438,1.555,1,1,,8450,3.42
grid2:halfRNS,,,PR4_x1,holdout,4,1019,headon,vfield,356b979057,ok,0,0,0,0,0,0,1.2356,3.6778,2.7258,2.0438,1.555,1,1,,8450,3.68
grid2:halfRNS,,,PR4_x1,holdout,4,1021,headon,vfield,356b979057,ok,1,0,1,0,0,0,2.1048,0.6217,2.7258,2.0438,1.555,1,1,17.95,8450,3.46
grid2:halfRNS,,,PR4_x1,holdout,4,1023,headon,vfield,356b979057,ok,0,0,0,0,0,0,1.61,3.92,2.7258,2.0438,1.555,1,1,,8450,3.53
grid2:halfRNS,,,PR4_x1,holdout,4,1025,headon,vfield,356b979057,ok,0,0,0,0,0,0,1.5643,1.9748,2.7258,2.0438,1.555,1,1,,8450,3.84
grid2:halfRNS,,,PR4_x1,holdout,4,1027,headon,vfield,356b979057,ok,0,0,0,0,0,0,1.9373,1.0068,2.7258,2.0438,1.555,1,1,,8450,3.5
grid2:halfRNS,,,PR4_x1,holdout,4,1029,headon,vfield,356b979057,ok,0,0,0,0,0,0,1.541,3.5236,2.7258,2.0438,1.555,1,1,,8450,3.59
grid2:halfRNS,,,PR4_x1,holdout,4,1031,headon,vfield,356b979057,ok,0,0,0,0,0,0,2.8944,3.9898,2.7258,2.0438,1.555,1,1,,8450,3.46
grid2:halfRNS,,,PR4_x1,holdout,4,1033,headon,vfield,356b979057,ok,2,0,1,1,0,0,0.4541,0.7994,2.7258,2.0438,1.555,1,1,3.59,8450,3.42
grid2:halfRNS,,,PR4_x1,holdout,4,1035,headon,vfield,356b979057,ok,0,0,0,0,0,0,1.8442,3.3469,2.7258,2.0438,1.555,1,1,,8450,3.41
grid2:halfRNS,,,PR4_x1,holdout,4,1037,headon,vfield,356b979057,ok,0,0,0,0,0,0,1.8566,4.0946,2.7258,2.0438,1.555,1,1,,8450,3.41
grid2:halfRNS,,,PR4_x1,holdout,4,1039,headon,vfield,356b979057,ok,0,0,0,0,0,0,2.8855,1.1414,2.7258,2.0438,1.555,1,1,,8450,3.4
grid2:halfRNS,,,PR4_x1,holdout,4,1041,headon,vfield,356b979057,ok,1,0,0,0,1,0,0.2116,2.2892,2.7258,2.0438,1.555,1,1,12.72,8450,3.38
grid2:halfRNS,,,PR4_x1,holdout,4,1043,headon,vfield,356b979057,ok,0,0,0,0,0,0,1.1753,2.5499,2.7258,2.0438,1.555,1,1,,8450,3.41
grid2:halfRNS,,,PR4_x1,holdout,4,1045,headon,vfield,356b979057,ok,0,0,0,0,0,0,2.8196,1.9955,2.7258,2.0438,1.555,1,1,,8450,3.39
grid2:halfRNS,,,PR4_x1,holdout,4,1047,headon,vfield,356b979057,ok,1,0,0,0,1,0,0.9458,2.6664,2.7258,2.0438,1.555,1,1,14.7,8450,3.4
grid2:halfRNS,,,PR4_x1,holdout,4,1049,headon,vfield,356b979057,ok,0,0,0,0,0,0,1.8059,1.4007,2.7258,2.0438,1.555,1,1,,8450,3.4
grid2:halfRNS,,,PR4_x1,holdout,4,1051,headon,vfield,356b979057,ok,0,0,0,0,0,0,1.6815,2.9178,2.7258,2.0438,1.555,1,1,,8450,3.37
grid2:halfRNS,,,PR4_x1,holdout,4,1053,headon,vfield,356b979057,ok,0,0,0,0,0,0,1.4028,3.6741,2.7258,2.0438,1.555,1,1,,8450,3.46
grid2:halfRNS,,,PR4_x1,holdout,4,1055,headon,vfield,356b979057,ok,2,0,1,1,0,0,0.2378,0.1246,2.7258,2.0438,1.555,1,1,-31.95,8450,3.39
grid2:halfRNS,,,PR4_x1,holdout,4,1057,headon,vfield,356b979057,ok,1,0,0,0,1,0,0.8046,2.4323,2.7258,2.0438,1.555,1,1,23.93,8450,3.37
grid2:halfRNS,,,PR4_x1,holdout,4,1059,headon,vfield,356b979057,ok,1,0,1,0,0,0,1.7868,0.8077,2.7258,2.0438,1.555,1,1,4.12,8450,3.48
grid2:halfRNS,,,PR4_x1.25,holdout,4,1001,headon,vfield,38ca3d461c,ok,1,0,0,1,0,0,0.9555,3.9247,2.7258,2.0438,1.555,1,1,-32.08,8450,3.38
grid2:halfRNS,,,PR4_x1.25,holdout,4,1003,headon,vfield,38ca3d461c,ok,0,0,0,0,0,0,2.1459,3.4165,2.7258,2.0438,1.555,1,1,,8450,3.44
grid2:halfRNS,,,PR4_x1.25,holdout,4,1005,headon,vfield,38ca3d461c,ok,0,0,0,0,0,0,1.8817,2.675,2.7258,2.0438,1.555,1,1,,8450,3.42
grid2:halfRNS,,,PR4_x1.25,holdout,4,1007,headon,vfield,38ca3d461c,ok,2,0,1,0,1,0,0.9887,0.9235,2.7258,2.0438,1.555,1,1,5.58,8450,3.45
grid2:halfRNS,,,PR4_x1.25,holdout,4,1009,headon,vfield,38ca3d461c,ok,0,0,0,0,0,0,3.3484,1.6686,2.7258,2.0438,1.555,1,1,,8450,3.43
grid2:halfRNS,,,PR4_x1.25,holdout,4,1011,headon,vfield,38ca3d461c,ok,0,0,0,0,0,0,1.3496,3.3211,2.7258,2.0438,1.555,1,1,,8450,3.42
grid2:halfRNS,,,PR4_x1.25,holdout,4,1013,headon,vfield,38ca3d461c,ok,0,0,0,0,0,0,1.3557,3.9565,2.7258,2.0438,1.555,1,1,,8450,3.42
grid2:halfRNS,,,PR4_x1.25,holdout,4,1015,headon,vfield,38ca3d461c,ok,1,0,0,0,1,0,0.1999,3.544,2.7258,2.0438,1.555,1,1,20.99,8450,3.42
grid2:halfRNS,,,PR4_x1.25,holdout,4,1017,headon,vfield,38ca3d461c,ok,0,0,0,0,0,0,2.7999,3.9449,2.7258,2.0438,1.555,1,1,,8450,3.41
grid2:halfRNS,,,PR4_x1.25,holdout,4,1019,headon,vfield,38ca3d461c,ok,0,0,0,0,0,0,2.1174,3.969,2.7258,2.0438,1.555,1,1,,8450,3.43
grid2:halfRNS,,,PR4_x1.25,holdout,4,1021,headon,vfield,38ca3d461c,ok,0,0,0,0,0,0,2.8536,3.9823,2.7258,2.0438,1.555,1,1,,8450,3.41
grid2:halfRNS,,,PR4_x1.25,holdout,4,1023,headon,vfield,38ca3d461c,ok,0,0,0,0,0,0,1.6105,3.8692,2.7258,2.0438,1.555,1,1,,8450,3.42
grid2:halfRNS,,,PR4_x1.25,holdout,4,1025,headon,vfield,38ca3d461c,ok,0,0,0,0,0,0,2.7846,3.9893,2.7258,2.0438,1.555,1,1,,8450,3.41
grid2:halfRNS,,,PR4_x1.25,holdout,4,1027,headon,vfield,38ca3d461c,ok,0,0,0,0,0,0,2.4551,3.9879,2.7258,2.0438,1.555,1,1,,8450,3.42
grid2:halfRNS,,,PR4_x1.25,holdout,4,1029,headon,vfield,38ca3d461c,ok,0,0,0,0,0,0,2.1414,3.9817,2.7258,2.0438,1.555,1,1,,8450,3.42
grid2:halfRNS,,,PR4_x1.25,holdout,4,1031,headon,vfield,38ca3d461c,ok,0,0,0,0,0,0,2.7701,3.9322,2.7258,2.0438,1.555,1,1,,8450,3.42
grid2:halfRNS,,,PR4_x1.25,holdout,4,1033,headon,vfield,38ca3d461c,ok,0,0,0,0,0,0,1.199,3.7142,2.7258,2.0438,1.555,1,1,,8450,3.41
grid2:halfRNS,,,PR4_x1.25,holdout,4,1035,headon,vfield,38ca3d461c,ok,0,0,0,0,0,0,2.1124,3.9551,2.7258,2.0438,1.555,1,1,,8450,3.43
grid2:halfRNS,,,PR4_x1.25,holdout,4,1037,headon,vfield,38ca3d461c,ok,0,0,0,0,0,0,2.4211,3.9159,2.7258,2.0438,1.555,1,1,,8450,3.41
grid2:halfRNS,,,PR4_x1.25,holdout,4,1039,headon,vfield,38ca3d461c,ok,1,0,0,1,0,0,0.7399,3.8897,2.7258,2.0438,1.555,1,1,8.07,8450,3.42
grid2:halfRNS,,,PR4_x1.25,holdout,4,1041,headon,vfield,38ca3d461c,ok,0,0,0,0,0,0,2.0766,3.8211,2.7258,2.0438,1.555,1,1,,8450,3.4
grid2:halfRNS,,,PR4_x1.25,holdout,4,1043,headon,vfield,38ca3d461c,ok,0,0,0,0,0,0,2.2146,3.9573,2.7258,2.0438,1.555,1,1,,8450,3.41
grid2:halfRNS,,,PR4_x1.25,holdout,4,1045,headon,vfield,38ca3d461c,ok,1,0,0,0,1,0,0.5604,3.9312,2.7258,2.0438,1.555,1,1,19.46,8450,3.42
grid2:halfRNS,,,PR4_x1.25,holdout,4,1047,headon,vfield,38ca3d461c,ok,0,0,0,0,0,0,1.5432,2.1033,2.7258,2.0438,1.555,1,1,,8450,3.41
grid2:halfRNS,,,PR4_x1.25,holdout,4,1049,headon,vfield,38ca3d461c,ok,0,0,0,0,0,0,1.8097,3.8485,2.7258,2.0438,1.555,1,1,,8450,3.42
grid2:halfRNS,,,PR4_x1.25,holdout,4,1051,headon,vfield,38ca3d461c,ok,0,0,0,0,0,0,1.8661,3.9408,2.7258,2.0438,1.555,1,1,,8450,3.42
grid2:halfRNS,,,PR4_x1.25,holdout,4,1053,headon,vfield,38ca3d461c,ok,0,0,0,0,0,0,2.8041,3.862,2.7258,2.0438,1.555,1,1,,8450,3.4
grid2:halfRNS,,,PR4_x1.25,holdout,4,1055,headon,vfield,38ca3d461c,ok,0,0,0,0,0,0,2.0523,3.818,2.7258,2.0438,1.555,1,1,,8450,3.42
grid2:halfRNS,,,PR4_x1.25,holdout,4,1057,headon,vfield,38ca3d461c,ok,0,0,0,0,0,0,2.6117,2.7123,2.7258,2.0438,1.555,1,1,,8450,3.41
grid2:halfRNS,,,PR4_x1.25,holdout,4,1059,headon,vfield,38ca3d461c,ok,0,0,0,0,0,0,2.5526,3.7037,2.7258,2.0438,1.555,1,1,,8450,3.43
grid2:halfRNS,,,PR4_x1.5,holdout,4,1001,headon,vfield,f71a5dc751,ok,0,0,0,0,0,0,1.9888,3.9827,2.7258,2.0438,1.555,1,1,,8450,3.41
grid2:halfRNS,,,PR4_x1.5,holdout,4,1003,headon,vfield,f71a5dc751,ok,0,0,0,0,0,0,3.0571,2.74,2.7258,2.0438,1.555,1,1,,8450,3.42
grid2:halfRNS,,,PR4_x1.5,holdout,4,1005,headon,vfield,f71a5dc751,ok,0,0,0,0,0,0,2.0117,3.8607,2.7258,2.0438,1.555,1,1,,8450,3.43
grid2:halfRNS,,,PR4_x1.5,holdout,4,1007,headon,vfield,f71a5dc751,ok,0,0,0,0,0,0,2.7701,3.8887,2.7258,2.0438,1.555,1,1,,8450,3.4
grid2:halfRNS,,,PR4_x1.5,holdout,4,1009,headon,vfield,f71a5dc751,ok,0,0,0,0,0,0,2.1951,2.4444,2.7258,2.0438,1.555,1,1,,8450,3.42
grid2:halfRNS,,,PR4_x1.5,holdout,4,1011,headon,vfield,f71a5dc751,ok,0,0,0,0,0,0,1.9312,3.934,2.7258,2.0438,1.555,1,1,,8450,3.41
grid2:halfRNS,,,PR4_x1.5,holdout,4,1013,headon,vfield,f71a5dc751,ok,0,0,0,0,0,0,1.4264,3.7417,2.7258,2.0438,1.555,1,1,,8450,3.41
grid2:halfRNS,,,PR4_x1.5,holdout,4,1015,headon,vfield,f71a5dc751,ok,0,0,0,0,0,0,2.3465,3.7774,2.7258,2.0438,1.555,1,1,,8450,3.43
grid2:halfRNS,,,PR4_x1.5,holdout,4,1017,headon,vfield,f71a5dc751,ok,1,0,1,0,0,0,1.8842,0.1738,2.7258,2.0438,1.555,1,1,18.72,8450,3.7
grid2:halfRNS,,,PR4_x1.5,holdout,4,1019,headon,vfield,f71a5dc751,ok,0,0,0,0,0,0,1.8386,3.8899,2.7258,2.0438,1.555,1,1,,8450,3.42
grid2:halfRNS,,,PR4_x1.5,holdout,4,1021,headon,vfield,f71a5dc751,ok,1,0,1,0,0,0,1.9369,0.5276,2.7258,2.0438,1.555,1,1,7.21,8450,3.43
grid2:halfRNS,,,PR4_x1.5,holdout,4,1023,headon,vfield,f71a5dc751,ok,0,0,0,0,0,0,2.444,3.8243,2.7258,2.0438,1.555,1,1,,8450,3.4
grid2:halfRNS,,,PR4_x1.5,holdout,4,1025,headon,vfield,f71a5dc751,ok,0,0,0,0,0,0,1.3663,1.3992,2.7258,2.0438,1.555,1,1,,8450,3.41
grid2:halfRNS,,,PR4_x1.5,holdout,4,1027,headon,vfield,f71a5dc751,ok,0,0,0,0,0,0,1.827,2.3598,2.7258,2.0438,1.555,1,1,,8450,3.44
grid2:halfRNS,,,PR4_x1.5,holdout,4,1029,headon,vfield,f71a5dc751,ok,0,0,0,0,0,0,2.406,2.3679,2.7258,2.0438,1.555,1,1,,8450,3.42
grid2:halfRNS,,,PR4_x1.5,holdout,4,1031,headon,vfield,f71a5dc751,ok,0,0,0,0,0,0,2.2677,2.1505,2.7258,2.0438,1.555,1,1,,8450,3.4
grid2:halfRNS,,,PR4_x1.5,holdout,4,1033,headon,vfield,f71a5dc751,ok,0,0,0,0,0,0,2.1013,3.5942,2.7258,2.0438,1.555,1,1,,8450,3.4
grid2:halfRNS,,,PR4_x1.5,holdout,4,1035,headon,vfield,f71a5dc751,ok,1,0,1,0,0,0,2.3527,0.5841,2.7258,2.0438,1.555,1,1,21.31,8450,3.41
grid2:halfRNS,,,PR4_x1.5,holdout,4,1037,headon,vfield,f71a5dc751,ok,0,0,0,0,0,0,2.0414,3.9831,2.7258,2.0438,1.555,1,1,,8450,3.4
grid2:halfRNS,,,PR4_x1.5,holdout,4,1039,headon,vfield,f71a5dc751,ok,0,0,0,0,0,0,2.4526,3.2211,2.7258,2.0438,1.555,1,1,,8450,3.39
grid2:halfRNS,,,PR4_x1.5,holdout,4,1041,headon,vfield,f71a5dc751,ok,0,0,0,0,0,0,2.2327,3.8309,2.7258,2.0438,1.555,1,1,,8450,3.43
grid2:halfRNS,,,PR4_x1.5,holdout,4,1043,headon,vfield,f71a5dc751,ok,0,0,0,0,0,0,2.2579,2.1002,2.7258,2.0438,1.555,1,1,,8450,3.41
grid2:halfRNS,,,PR4_x1.5,holdout,4,1045,headon,vfield,f71a5dc751,ok,0,0,0,0,0,0,3.0814,2.6761,2.7258,2.0438,1.555,1,1,,8450,3.42
grid2:halfRNS,,,PR4_x1.5,holdout,4,1047,headon,vfield,f71a5dc751,ok,0,0,0,0,0,0,2.7137,3.8072,2.7258,2.0438,1.555,1,1,,8450,3.42
grid2:halfRNS,,,PR4_x1.5,holdout,4,1049,headon,vfield,f71a5dc751,ok,1,0,0,1,0,0,0.8654,2.1158,2.7258,2.0438,1.555,1,1,-35.3,8450,3.42
grid2:halfRNS,,,PR4_x1.5,holdout,4,1051,headon,vfield,f71a5dc751,ok,0,0,0,0,0,0,2.1611,3.7274,2.7258,2.0438,1.555,1,1,,8450,3.44
grid2:halfRNS,,,PR4_x1.5,holdout,4,1053,headon,vfield,f71a5dc751,ok,0,0,0,0,0,0,2.3275,3.773,2.7258,2.0438,1.555,1,1,,8450,3.53
grid2:halfRNS,,,PR4_x1.5,holdout,4,1055,headon,vfield,f71a5dc751,ok,0,0,0,0,0,0,2.4202,3.9845,2.7258,2.0438,1.555,1,1,,8450,3.43
grid2:halfRNS,,,PR4_x1.5,holdout,4,1057,headon,vfield,f71a5dc751,ok,0,0,0,0,0,0,1.733,2.3673,2.7258,2.0438,1.555,1,1,,8450,3.42
grid2:halfRNS,,,PR4_x1.5,holdout,4,1059,headon,vfield,f71a5dc751,ok,0,0,0,0,0,0,2.554,2.284,2.7258,2.0438,1.555,1,1,,8450,3.4
grid2:halfRNS,,,PR4_x2,holdout,4,1001,headon,vfield,47e4addec3,ok,0,0,0,0,0,0,2.8934,2.9268,2.7258,2.0438,1.555,1,1,,8450,3.44
grid2:halfRNS,,,PR4_x2,holdout,4,1003,headon,vfield,47e4addec3,ok,1,0,0,0,1,0,0.1831,3.2696,2.7258,2.0438,1.555,1,1,13.45,8450,3.41
grid2:halfRNS,,,PR4_x2,holdout,4,1005,headon,vfield,47e4addec3,ok,0,0,0,0,0,0,2.2226,3.8903,2.7258,2.0438,1.555,1,1,,8450,3.41
grid2:halfRNS,,,PR4_x2,holdout,4,1007,headon,vfield,47e4addec3,ok,0,0,0,0,0,0,1.2391,3.6015,2.7258,2.0438,1.555,1,1,,8450,3.42
grid2:halfRNS,,,PR4_x2,holdout,4,1009,headon,vfield,47e4addec3,ok,0,0,0,0,0,0,2.336,3.6028,2.7258,2.0438,1.555,1,1,,8450,3.42
grid2:halfRNS,,,PR4_x2,holdout,4,1011,headon,vfield,47e4addec3,ok,0,0,0,0,0,0,1.1798,1.9162,2.7258,2.0438,1.555,1,1,,8450,3.4
grid2:halfRNS,,,PR4_x2,holdout,4,1013,headon,vfield,47e4addec3,ok,0,0,0,0,0,0,1.5164,3.8908,2.7258,2.0438,1.555,1,1,,8450,3.43
grid2:halfRNS,,,PR4_x2,holdout,4,1015,headon,vfield,47e4addec3,ok,0,0,0,0,0,0,2.7787,3.773,2.7258,2.0438,1.555,1,1,,8450,3.41
grid2:halfRNS,,,PR4_x2,holdout,4,1017,headon,vfield,47e4addec3,ok,0,0,0,0,0,0,1.7426,3.6026,2.7258,2.0438,1.555,1,1,,8450,3.39
grid2:halfRNS,,,PR4_x2,holdout,4,1019,headon,vfield,47e4addec3,ok,0,0,0,0,0,0,2.1009,3.6027,2.7258,2.0438,1.555,1,1,,8450,3.41
grid2:halfRNS,,,PR4_x2,holdout,4,1021,headon,vfield,47e4addec3,ok,0,0,0,0,0,0,1.7005,3.5274,2.7258,2.0438,1.555,1,1,,8450,3.4
grid2:halfRNS,,,PR4_x2,holdout,4,1023,headon,vfield,47e4addec3,ok,0,0,0,0,0,0,2.7857,3.8903,2.7258,2.0438,1.555,1,1,,8450,3.44
grid2:halfRNS,,,PR4_x2,holdout,4,1025,headon,vfield,47e4addec3,ok,1,0,1,0,0,0,2.5221,0.7311,2.7258,2.0438,1.555,1,1,11.1,8450,3.4
grid2:halfRNS,,,PR4_x2,holdout,4,1027,headon,vfield,47e4addec3,ok,0,0,0,0,0,0,2.9835,3.8797,2.7258,2.0438,1.555,1,1,,8450,3.4
grid2:halfRNS,,,PR4_x2,holdout,4,1029,headon,vfield,47e4addec3,ok,0,0,0,0,0,0,2.8611,3.6026,2.7258,2.0438,1.555,1,1,,8450,3.41
grid2:halfRNS,,,PR4_x2,holdout,4,1031,headon,vfield,47e4addec3,ok,0,0,0,0,0,0,2.6332,3.6027,2.7258,2.0438,1.555,1,1,,8450,3.4
grid2:halfRNS,,,PR4_x2,holdout,4,1033,headon,vfield,47e4addec3,ok,0,0,0,0,0,0,2.1997,3.6027,2.7258,2.0438,1.555,1,1,,8450,3.42
grid2:halfRNS,,,PR4_x2,holdout,4,1035,headon,vfield,47e4addec3,ok,0,0,0,0,0,0,1.332,1.2994,2.7258,2.0438,1.555,1,1,,8450,3.41
grid2:halfRNS,,,PR4_x2,holdout,4,1037,headon,vfield,47e4addec3,ok,0,0,0,0,0,0,2.564,2.9258,2.7258,2.0438,1.555,1,1,,8450,3.43
grid2:halfRNS,,,PR4_x2,holdout,4,1039,headon,vfield,47e4addec3,ok,0,0,0,0,0,0,1.6574,2.9394,2.7258,2.0438,1.555,1,1,,8450,3.47
grid2:halfRNS,,,PR4_x2,holdout,4,1041,headon,vfield,47e4addec3,ok,0,0,0,0,0,0,1.3865,2.0447,2.7258,2.0438,1.555,1,1,,8450,3.43
grid2:halfRNS,,,PR4_x2,holdout,4,1043,headon,vfield,47e4addec3,ok,0,0,0,0,0,0,2.536,3.6015,2.7258,2.0438,1.555,1,1,,8450,3.41
grid2:halfRNS,,,PR4_x2,holdout,4,1045,headon,vfield,47e4addec3,ok,0,0,0,0,0,0,2.5848,2.1791,2.7258,2.0438,1.555,1,1,,8450,3.42
grid2:halfRNS,,,PR4_x2,holdout,4,1047,headon,vfield,47e4addec3,ok,0,0,0,0,0,0,2.4194,2.6622,2.7258,2.0438,1.555,1,1,,8450,3.41
grid2:halfRNS,,,PR4_x2,holdout,4,1049,headon,vfield,47e4addec3,ok,0,0,0,0,0,0,1.6878,1.7389,2.7258,2.0438,1.555,1,1,,8450,3.42
grid2:halfRNS,,,PR4_x2,holdout,4,1051,headon,vfield,47e4addec3,ok,0,0,0,0,0,0,2.7877,3.7169,2.7258,2.0438,1.555,1,1,,8450,3.41
grid2:halfRNS,,,PR4_x2,holdout,4,1053,headon,vfield,47e4addec3,ok,0,0,0,0,0,0,2.8331,3.8209,2.7258,2.0438,1.555,1,1,,8450,3.42
grid2:halfRNS,,,PR4_x2,holdout,4,1055,headon,vfield,47e4addec3,ok,0,0,0,0,0,0,1.5863,2.1949,2.7258,2.0438,1.555,1,1,,8450,3.42
grid2:halfRNS,,,PR4_x2,holdout,4,1057,headon,vfield,47e4addec3,ok,0,0,0,0,0,0,2.7109,2.173,2.7258,2.0438,1.555,1,1,,8450,3.42
grid2:halfRNS,,,PR4_x2,holdout,4,1059,headon,vfield,47e4addec3,ok,0,0,0,0,0,0,2.4337,1.4556,2.7258,2.0438,1.555,1,1,,8450,3.41
grid2:halfRNS,,,PR6_x1,holdout,4,1001,headon,vfield,9e5947b629,ok,0,0,0,0,0,0,1.7329,1.0249,2.7258,2.0438,1.555,1,1,,8450,3.42
grid2:halfRNS,,,PR6_x1,holdout,4,1003,headon,vfield,9e5947b629,ok,1,0,0,0,1,0,0.3899,4.019,2.7258,2.0438,1.555,1,1,17.63,8450,3.39
grid2:halfRNS,,,PR6_x1,holdout,4,1005,headon,vfield,9e5947b629,ok,0,0,0,0,0,0,1.0895,2.7875,2.7258,2.0438,1.555,1,1,,8450,3.42
grid2:halfRNS,,,PR6_x1,holdout,4,1007,headon,vfield,9e5947b629,ok,1,0,1,0,0,0,1.7026,0.8095,2.7258,2.0438,1.555,1,1,12.14,8450,3.42
grid2:halfRNS,,,PR6_x1,holdout,4,1009,headon,vfield,9e5947b629,ok,1,0,1,0,0,0,1.939,0.8882,2.7258,2.0438,1.555,1,1,6.45,8450,3.41
grid2:halfRNS,,,PR6_x1,holdout,4,1011,headon,vfield,9e5947b629,ok,1,0,1,0,0,0,2.6625,0.9866,2.7258,2.0438,1.555,1,1,5.85,8450,3.44
grid2:halfRNS,,,PR6_x1,holdout,4,1013,headon,vfield,9e5947b629,ok,1,0,1,0,0,0,2.0018,0.7113,2.7258,2.0438,1.555,1,1,5.73,8450,3.39
grid2:halfRNS,,,PR6_x1,holdout,4,1015,headon,vfield,9e5947b629,ok,0,0,0,0,0,0,3.3249,2.0111,2.7258,2.0438,1.555,1,1,,8450,3.41
grid2:halfRNS,,,PR6_x1,holdout,4,1017,headon,vfield,9e5947b629,ok,0,0,0,0,0,0,1.8703,1.6593,2.7258,2.0438,1.555,1,1,,8450,3.43
grid2:halfRNS,,,PR6_x1,holdout,4,1019,headon,vfield,9e5947b629,ok,0,0,0,0,0,0,1.8797,3.157,2.7258,2.0438,1.555,1,1,,8450,3.42
grid2:halfRNS,,,PR6_x1,holdout,4,1021,headon,vfield,9e5947b629,ok,0,0,0,0,0,0,2.3217,2.4174,2.7258,2.0438,1.555,1,1,,8450,3.43
grid2:halfRNS,,,PR6_x1,holdout,4,1023,headon,vfield,9e5947b629,ok,0,0,0,0,0,0,3.2178,4.1539,2.7258,2.0438,1.555,1,1,,8450,3.42
grid2:halfRNS,,,PR6_x1,holdout,4,1025,headon,vfield,9e5947b629,ok,1,0,1,0,0,0,2.828,0.3318,2.7258,2.0438,1.555,1,1,16.74,8450,3.4
grid2:halfRNS,,,PR6_x1,holdout,4,1027,headon,vfield,9e5947b629,ok,0,0,0,0,0,0,1.3405,3.1628,2.7258,2.0438,1.555,1,1,,8450,3.41
grid2:halfRNS,,,PR6_x1,holdout,4,1029,headon,vfield,9e5947b629,ok,0,0,0,0,0,0,3.4281,4.049,2.7258,2.0438,1.555,1,1,,8450,3.4
grid2:halfRNS,,,PR6_x1,holdout,4,1031,headon,vfield,9e5947b629,ok,0,0,0,0,0,0,2.5107,1.8732,2.7258,2.0438,1.555,1,1,,8450,3.41
grid2:halfRNS,,,PR6_x1,holdout,4,1033,headon,vfield,9e5947b629,ok,0,0,0,0,0,0,2.9562,3.6244,2.7258,2.0438,1.555,1,1,,8450,3.43
grid2:halfRNS,,,PR6_x1,holdout,4,1035,headon,vfield,9e5947b629,ok,0,0,0,0,0,0,1.4458,3.4139,2.7258,2.0438,1.555,1,1,,8450,3.41
grid2:halfRNS,,,PR6_x1,holdout,4,1037,headon,vfield,9e5947b629,ok,1,0,1,0,0,0,2.1215,0.4285,2.7258,2.0438,1.555,1,1,6.13,8450,3.43
grid2:halfRNS,,,PR6_x1,holdout,4,1039,headon,vfield,9e5947b629,ok,1,0,1,0,0,0,3.7917,0.0024,2.7258,2.0438,1.555,1,1,6.58,8450,3.4
grid2:halfRNS,,,PR6_x1,holdout,4,1041,headon,vfield,9e5947b629,ok,0,0,0,0,0,0,1.5359,3.861,2.7258,2.0438,1.555,1,1,,8450,3.4
grid2:halfRNS,,,PR6_x1,holdout,4,1043,headon,vfield,9e5947b629,ok,0,0,0,0,0,0,4.0043,1.591,2.7258,2.0438,1.555,1,1,,8450,3.43
grid2:halfRNS,,,PR6_x1,holdout,4,1045,headon,vfield,9e5947b629,ok,1,0,0,1,0,0,0.1466,1.2208,2.7258,2.0438,1.555,1,1,7.87,8450,3.41
grid2:halfRNS,,,PR6_x1,holdout,4,1047,headon,vfield,9e5947b629,ok,0,0,0,0,0,0,2.3931,3.2063,2.7258,2.0438,1.555,1,1,,8450,3.42
grid2:halfRNS,,,PR6_x1,holdout,4,1049,headon,vfield,9e5947b629,ok,0,0,0,0,0,0,3.4261,2.8469,2.7258,2.0438,1.555,1,1,,8450,3.42
grid2:halfRNS,,,PR6_x1,holdout,4,1051,headon,vfield,9e5947b629,ok,1,0,0,0,1,0,0.7884,3.0238,2.7258,2.0438,1.555,1,1,1.84,8450,3.44
grid2:halfRNS,,,PR6_x1,holdout,4,1053,headon,vfield,9e5947b629,ok,0,0,0,0,0,0,1.3365,2.6742,2.7258,2.0438,1.555,1,1,,8450,3.42
grid2:halfRNS,,,PR6_x1,holdout,4,1055,headon,vfield,9e5947b629,ok,0,0,0,0,0,0,1.9325,3.9803,2.7258,2.0438,1.555,1,1,,8450,3.44
grid2:halfRNS,,,PR6_x1,holdout,4,1057,headon,vfield,9e5947b629,ok,1,0,1,0,0,0,1.2173,0.262,2.7258,2.0438,1.555,1,1,5.58,8450,3.4
grid2:halfRNS,,,PR6_x1,holdout,4,1059,headon,vfield,9e5947b629,ok,0,0,0,0,0,0,3.1935,4.0086,2.7258,2.0438,1.555,1,1,,8450,3.42
grid2:halfRNS,,,PR6_x1.25,holdout,4,1001,headon,vfield,3debb1988d,ok,1,0,1,0,0,0,2.7408,0.9271,2.7258,2.0438,1.555,1,1,3.62,8450,3.41
grid2:halfRNS,,,PR6_x1.25,holdout,4,1003,headon,vfield,3debb1988d,ok,0,0,0,0,0,0,3.3257,2.7874,2.7258,2.0438,1.555,1,1,,8450,3.42
grid2:halfRNS,,,PR6_x1.25,holdout,4,1005,headon,vfield,3debb1988d,ok,1,0,1,0,0,0,2.7386,0.7033,2.7258,2.0438,1.555,1,1,12.01,8450,3.43
grid2:halfRNS,,,PR6_x1.25,holdout,4,1007,headon,vfield,3debb1988d,ok,0,0,0,0,0,0,1.8726,1.0819,2.7258,2.0438,1.555,1,1,,8450,3.42
grid2:halfRNS,,,PR6_x1.25,holdout,4,1009,headon,vfield,3debb1988d,ok,0,0,0,0,0,0,1.5689,2.6682,2.7258,2.0438,1.555,1,1,,8450,3.42
grid2:halfRNS,,,PR6_x1.25,holdout,4,1011,headon,vfield,3debb1988d,ok,0,0,0,0,0,0,1.9526,2.4081,2.7258,2.0438,1.555,1,1,,8450,3.43
grid2:halfRNS,,,PR6_x1.25,holdout,4,1013,headon,vfield,3debb1988d,ok,0,0,0,0,0,0,1.3107,4.6299,2.7258,2.0438,1.555,1,1,,8450,3.42
grid2:halfRNS,,,PR6_x1.25,holdout,4,1015,headon,vfield,3debb1988d,ok,0,0,0,0,0,0,2.7228,5.2959,2.7258,2.0438,1.555,1,1,,8450,3.4
grid2:halfRNS,,,PR6_x1.25,holdout,4,1017,headon,vfield,3debb1988d,ok,0,0,0,0,0,0,1.4274,3.6197,2.7258,2.0438,1.555,1,1,,8450,3.41
grid2:halfRNS,,,PR6_x1.25,holdout,4,1019,headon,vfield,3debb1988d,ok,0,0,0,0,0,0,2.7067,2.4522,2.7258,2.0438,1.555,1,1,,8450,3.45
grid2:halfRNS,,,PR6_x1.25,holdout,4,1021,headon,vfield,3debb1988d,ok,0,0,0,0,0,0,3.6613,2.8323,2.7258,2.0438,1.555,1,1,,8450,3.43
grid2:halfRNS,,,PR6_x1.25,holdout,4,1023,headon,vfield,3debb1988d,ok,0,0,0,0,0,0,2.1154,2.4933,2.7258,2.0438,1.555,1,1,,8450,3.42
grid2:halfRNS,,,PR6_x1.25,holdout,4,1025,headon,vfield,3debb1988d,ok,0,0,0,0,0,0,3.2658,1.5233,2.7258,2.0438,1.555,1,1,,8450,3.41
grid2:halfRNS,,,PR6_x1.25,holdout,4,1027,headon,vfield,3debb1988d,ok,0,0,0,0,0,0,3.5088,2.3861,2.7258,2.0438,1.555,1,1,,8450,3.44
grid2:halfRNS,,,PR6_x1.25,holdout,4,1029,headon,vfield,3debb1988d,ok,0,0,0,0,0,0,3.138,5.1216,2.7258,2.0438,1.555,1,1,,8450,3.42
grid2:halfRNS,,,PR6_x1.25,holdout,4,1031,headon,vfield,3debb1988d,ok,0,0,0,0,0,0,2.0252,1.5837,2.7258,2.0438,1.555,1,1,,8450,3.42
grid2:halfRNS,,,PR6_x1.25,holdout,4,1033,headon,vfield,3debb1988d,ok,0,0,0,0,0,0,2.9717,4.2741,2.7258,2.0438,1.555,1,1,,8450,3.41
grid2:halfRNS,,,PR6_x1.25,holdout,4,1035,headon,vfield,3debb1988d,ok,1,0,1,0,0,0,1.2727,0.7156,2.7258,2.0438,1.555,1,1,5.67,8450,3.43
grid2:halfRNS,,,PR6_x1.25,holdout,4,1037,headon,vfield,3debb1988d,ok,0,0,0,0,0,0,3.8357,2.4047,2.7258,2.0438,1.555,1,1,,8450,3.4
grid2:halfRNS,,,PR6_x1.25,holdout,4,1039,headon,vfield,3debb1988d,ok,1,0,1,0,0,0,1.2218,0.4526,2.7258,2.0438,1.555,1,1,4.3,8450,3.42
grid2:halfRNS,,,PR6_x1.25,holdout,4,1041,headon,vfield,3debb1988d,ok,0,0,0,0,0,0,2.9405,2.5802,2.7258,2.0438,1.555,1,1,,8450,3.41
grid2:halfRNS,,,PR6_x1.25,holdout,4,1043,headon,vfield,3debb1988d,ok,0,0,0,0,0,0,1.8172,5.1315,2.7258,2.0438,1.555,1,1,,8450,3.43
grid2:halfRNS,,,PR6_x1.25,holdout,4,1045,headon,vfield,3debb1988d,ok,0,0,0,0,0,0,1.9983,3.3079,2.7258,2.0438,1.555,1,1,,8450,3.43
grid2:halfRNS,,,PR6_x1.25,holdout,4,1047,headon,vfield,3debb1988d,ok,0,0,0,0,0,0,3.2443,1.4915,2.7258,2.0438,1.555,1,1,,8450,3.4
grid2:halfRNS,,,PR6_x1.25,holdout,4,1049,headon,vfield,3debb1988d,ok,0,0,0,0,0,0,3.1597,4.6074,2.7258,2.0438,1.555,1,1,,8450,3.42
grid2:halfRNS,,,PR6_x1.25,holdout,4,1051,headon,vfield,3debb1988d,ok,0,0,0,0,0,0,1.6178,2.497,2.7258,2.0438,1.555,1,1,,8450,3.41
grid2:halfRNS,,,PR6_x1.25,holdout,4,1053,headon,vfield,3debb1988d,ok,2,0,1,0,1,0,0.8897,0.0399,2.7258,2.0438,1.555,1,1,5.47,8450,3.42
grid2:halfRNS,,,PR6_x1.25,holdout,4,1055,headon,vfield,3debb1988d,ok,2,0,1,0,1,0,0.5726,0.6154,2.7258,2.0438,1.555,1,1,6.16,8450,3.43
grid2:halfRNS,,,PR6_x1.25,holdout,4,1057,headon,vfield,3debb1988d,ok,0,0,0,0,0,0,1.7236,3.7942,2.7258,2.0438,1.555,1,1,,8450,3.4
grid2:halfRNS,,,PR6_x1.25,holdout,4,1059,headon,vfield,3debb1988d,ok,0,0,0,0,0,0,1.5856,2.7627,2.7258,2.0438,1.555,1,1,,8450,3.42
grid2:halfRNS,,,PR6_x1.5,holdout,4,1001,headon,vfield,828bc07a95,ok,1,0,1,0,0,0,3.2097,0.2918,2.7258,2.0438,1.555,1,1,8.01,8450,3.42
grid2:halfRNS,,,PR6_x1.5,holdout,4,1003,headon,vfield,828bc07a95,ok,1,0,0,0,1,0,0.7039,3.8261,2.7258,2.0438,1.555,1,1,10.76,8450,3.54
grid2:halfRNS,,,PR6_x1.5,holdout,4,1005,headon,vfield,828bc07a95,ok,1,0,0,1,0,0,0.8253,3.5512,2.7258,2.0438,1.555,1,1,23.0,8450,3.42
grid2:halfRNS,,,PR6_x1.5,holdout,4,1007,headon,vfield,828bc07a95,ok,0,0,0,0,0,0,3.2116,4.1969,2.7258,2.0438,1.555,1,1,,8450,3.48
grid2:halfRNS,,,PR6_x1.5,holdout,4,1009,headon,vfield,828bc07a95,ok,0,0,0,0,0,0,3.8685,1.9773,2.7258,2.0438,1.555,1,1,,8450,3.43
grid2:halfRNS,,,PR6_x1.5,holdout,4,1011,headon,vfield,828bc07a95,ok,0,0,0,0,0,0,2.7832,2.1806,2.7258,2.0438,1.555,1,1,,8450,3.44
grid2:halfRNS,,,PR6_x1.5,holdout,4,1013,headon,vfield,828bc07a95,ok,1,1,0,0,0,0,2.1123,0.3462,2.7258,2.0438,1.555,1,1,13.1,8450,3.41
grid2:halfRNS,,,PR6_x1.5,holdout,4,1015,headon,vfield,828bc07a95,ok,0,0,0,0,0,0,3.3605,2.4426,2.7258,2.0438,1.555,1,1,,8450,3.41
grid2:halfRNS,,,PR6_x1.5,holdout,4,1017,headon,vfield,828bc07a95,ok,0,0,0,0,0,0,2.2426,1.7431,2.7258,2.0438,1.555,1,1,,8450,3.43
grid2:halfRNS,,,PR6_x1.5,holdout,4,1019,headon,vfield,828bc07a95,ok,1,0,1,0,0,0,3.2553,0.2988,2.7258,2.0438,1.555,1,1,5.18,8450,3.41
grid2:halfRNS,,,PR6_x1.5,holdout,4,1021,headon,vfield,828bc07a95,ok,1,0,1,0,0,0,2.8804,0.6794,2.7258,2.0438,1.555,1,1,24.5,8450,3.43
grid2:halfRNS,,,PR6_x1.5,holdout,4,1023,headon,vfield,828bc07a95,ok,0,0,0,0,0,0,3.6405,2.1567,2.7258,2.0438,1.555,1,1,,8450,3.41
grid2:halfRNS,,,PR6_x1.5,holdout,4,1025,headon,vfield,828bc07a95,ok,0,0,0,0,0,0,2.6659,4.4978,2.7258,2.0438,1.555,1,1,,8450,3.39
grid2:halfRNS,,,PR6_x1.5,holdout,4,1027,headon,vfield,828bc07a95,ok,0,0,0,0,0,0,2.313,5.2939,2.7258,2.0438,1.555,1,1,,8450,3.43
grid2:halfRNS,,,PR6_x1.5,holdout,4,1029,headon,vfield,828bc07a95,ok,1,0,1,0,0,0,3.7536,0.9179,2.7258,2.0438,1.555,1,1,4.39,8450,3.4
grid2:halfRNS,,,PR6_x1.5,holdout,4,1031,headon,vfield,828bc07a95,ok,0,0,0,0,0,0,2.6451,2.8015,2.7258,2.0438,1.555,1,1,,8450,3.42
grid2:halfRNS,,,PR6_x1.5,holdout,4,1033,headon,vfield,828bc07a95,ok,0,0,0,0,0,0,1.7407,2.5785,2.7258,2.0438,1.555,1,1,,8450,3.43
grid2:halfRNS,,,PR6_x1.5,holdout,4,1035,headon,vfield,828bc07a95,ok,1,0,1,0,0,0,2.4655,0.401,2.7258,2.0438,1.555,1,1,8.25,8450,3.42
grid2:halfRNS,,,PR6_x1.5,holdout,4,1037,headon,vfield,828bc07a95,ok,3,0,2,0,1,0,0.114,0.1115,2.7258,2.0438,1.555,1,1,5.36,8450,3.41
grid2:halfRNS,,,PR6_x1.5,holdout,4,1039,headon,vfield,828bc07a95,ok,1,0,0,0,1,0,0.0076,2.9248,2.7258,2.0438,1.555,1,1,10.57,8450,3.42
grid2:halfRNS,,,PR6_x1.5,holdout,4,1041,headon,vfield,828bc07a95,ok,2,0,1,0,1,0,0.2094,0.6558,2.7258,2.0438,1.555,1,1,8.08,8450,3.41
grid2:halfRNS,,,PR6_x1.5,holdout,4,1043,headon,vfield,828bc07a95,ok,1,0,0,0,1,0,0.7303,1.338,2.7258,2.0438,1.555,1,1,25.09,8450,3.43
grid2:halfRNS,,,PR6_x1.5,holdout,4,1045,headon,vfield,828bc07a95,ok,0,0,0,0,0,0,1.7924,5.8794,2.7258,2.0438,1.555,1,1,,8450,3.43
grid2:halfRNS,,,PR6_x1.5,holdout,4,1047,headon,vfield,828bc07a95,ok,0,0,0,0,0,0,2.4809,2.1371,2.7258,2.0438,1.555,1,1,,8450,3.4
grid2:halfRNS,,,PR6_x1.5,holdout,4,1049,headon,vfield,828bc07a95,ok,0,0,0,0,0,0,1.4411,3.7831,2.7258,2.0438,1.555,1,1,,8450,3.41
grid2:halfRNS,,,PR6_x1.5,holdout,4,1051,headon,vfield,828bc07a95,ok,1,0,1,0,0,0,1.7769,0.5711,2.7258,2.0438,1.555,1,1,8.29,8450,3.42
grid2:halfRNS,,,PR6_x1.5,holdout,4,1053,headon,vfield,828bc07a95,ok,1,0,1,0,0,0,1.5461,0.4146,2.7258,2.0438,1.555,1,1,8.22,8450,3.43
grid2:halfRNS,,,PR6_x1.5,holdout,4,1055,headon,vfield,828bc07a95,ok,0,0,0,0,0,0,3.3309,5.2819,2.7258,2.0438,1.555,1,1,,8450,3.43
grid2:halfRNS,,,PR6_x1.5,holdout,4,1057,headon,vfield,828bc07a95,ok,0,0,0,0,0,0,1.241,3.1798,2.7258,2.0438,1.555,1,1,,8450,3.46
grid2:halfRNS,,,PR6_x1.5,holdout,4,1059,headon,vfield,828bc07a95,ok,1,0,1,0,0,0,3.19,0.1639,2.7258,2.0438,1.555,1,1,5.55,8450,3.44
grid2:halfRNS,,,PR6_x2,holdout,4,1001,headon,vfield,60362b9eb5,ok,0,0,0,0,0,0,2.5929,3.3266,2.7258,2.0438,1.555,1,1,,8450,3.42
grid2:halfRNS,,,PR6_x2,holdout,4,1003,headon,vfield,60362b9eb5,ok,0,0,0,0,0,0,3.1422,4.3328,2.7258,2.0438,1.555,1,1,,8450,3.43
grid2:halfRNS,,,PR6_x2,holdout,4,1005,headon,vfield,60362b9eb5,ok,1,0,1,0,0,0,3.7357,0.3625,2.7258,2.0438,1.555,1,1,5.53,8450,3.43
grid2:halfRNS,,,PR6_x2,holdout,4,1007,headon,vfield,60362b9eb5,ok,0,0,0,0,0,0,1.4859,3.926,2.7258,2.0438,1.555,1,1,,8450,3.43
grid2:halfRNS,,,PR6_x2,holdout,4,1009,headon,vfield,60362b9eb5,ok,0,0,0,0,0,0,2.6465,4.2776,2.7258,2.0438,1.555,1,1,,8450,3.41
grid2:halfRNS,,,PR6_x2,holdout,4,1011,headon,vfield,60362b9eb5,ok,0,0,0,0,0,0,1.9934,5.2981,2.7258,2.0438,1.555,1,1,,8450,3.43
grid2:halfRNS,,,PR6_x2,holdout,4,1013,headon,vfield,60362b9eb5,ok,0,0,0,0,0,0,2.2683,1.0905,2.7258,2.0438,1.555,1,1,,8450,3.43
grid2:halfRNS,,,PR6_x2,holdout,4,1015,headon,vfield,60362b9eb5,ok,1,0,1,0,0,0,1.6096,0.7783,2.7258,2.0438,1.555,1,1,7.29,8450,3.43
grid2:halfRNS,,,PR6_x2,holdout,4,1017,headon,vfield,60362b9eb5,ok,0,0,0,0,0,0,2.8531,1.9974,2.7258,2.0438,1.555,1,1,,8450,3.41
grid2:halfRNS,,,PR6_x2,holdout,4,1019,headon,vfield,60362b9eb5,ok,0,0,0,0,0,0,3.6917,3.6241,2.7258,2.0438,1.555,1,1,,8450,3.42
grid2:halfRNS,,,PR6_x2,holdout,4,1021,headon,vfield,60362b9eb5,ok,0,0,0,0,0,0,3.4304,1.9412,2.7258,2.0438,1.555,1,1,,8450,3.43
grid2:halfRNS,,,PR6_x2,holdout,4,1023,headon,vfield,60362b9eb5,ok,0,0,0,0,0,0,1.6767,4.5107,2.7258,2.0438,1.555,1,1,,8450,3.4
grid2:halfRNS,,,PR6_x2,holdout,4,1025,headon,vfield,60362b9eb5,ok,0,0,0,0,0,0,3.9702,3.8298,2.7258,2.0438,1.555,1,1,,8450,3.42
grid2:halfRNS,,,PR6_x2,holdout,4,1027,headon,vfield,60362b9eb5,ok,0,0,0,0,0,0,3.51,1.3848,2.7258,2.0438,1.555,1,1,,8450,3.42
grid2:halfRNS,,,PR6_x2,holdout,4,1029,headon,vfield,60362b9eb5,ok,0,0,0,0,0,0,2.3138,3.6704,2.7258,2.0438,1.555,1,1,,8450,3.42
grid2:halfRNS,,,PR6_x2,holdout,4,1031,headon,vfield,60362b9eb5,ok,0,0,0,0,0,0,3.7003,1.8959,2.7258,2.0438,1.555,1,1,,8450,3.46
grid2:halfRNS,,,PR6_x2,holdout,4,1033,headon,vfield,60362b9eb5,ok,0,0,0,0,0,0,2.4901,1.0213,2.7258,2.0438,1.555,1,1,,8450,3.42
grid2:halfRNS,,,PR6_x2,holdout,4,1035,headon,vfield,60362b9eb5,ok,0,0,0,0,0,0,3.5651,3.6018,2.7258,2.0438,1.555,1,1,,8450,3.43
grid2:halfRNS,,,PR6_x2,holdout,4,1037,headon,vfield,60362b9eb5,ok,0,0,0,0,0,0,3.6263,4.1461,2.7258,2.0438,1.555,1,1,,8450,3.42
grid2:halfRNS,,,PR6_x2,holdout,4,1039,headon,vfield,60362b9eb5,ok,1,0,1,0,0,0,3.1226,0.9284,2.7258,2.0438,1.555,1,1,6.52,8450,3.42
grid2:halfRNS,,,PR6_x2,holdout,4,1041,headon,vfield,60362b9eb5,ok,1,0,1,0,0,0,3.3448,0.5613,2.7258,2.0438,1.555,1,1,5.54,8450,3.43
grid2:halfRNS,,,PR6_x2,holdout,4,1043,headon,vfield,60362b9eb5,ok,0,0,0,0,0,0,3.6223,1.6019,2.7258,2.0438,1.555,1,1,,8450,3.44
grid2:halfRNS,,,PR6_x2,holdout,4,1045,headon,vfield,60362b9eb5,ok,0,0,0,0,0,0,4.0797,3.6342,2.7258,2.0438,1.555,1,1,,8450,3.4
grid2:halfRNS,,,PR6_x2,holdout,4,1047,headon,vfield,60362b9eb5,ok,1,0,1,0,0,0,1.2793,0.9053,2.7258,2.0438,1.555,1,1,5.32,8450,3.42
grid2:halfRNS,,,PR6_x2,holdout,4,1049,headon,vfield,60362b9eb5,ok,1,0,1,0,0,0,1.469,0.3514,2.7258,2.0438,1.555,1,1,12.09,8450,3.42
grid2:halfRNS,,,PR6_x2,holdout,4,1051,headon,vfield,60362b9eb5,ok,0,0,0,0,0,0,2.8926,3.6653,2.7258,2.0438,1.555,1,1,,8450,3.41
grid2:halfRNS,,,PR6_x2,holdout,4,1053,headon,vfield,60362b9eb5,ok,0,0,0,0,0,0,1.3328,3.7613,2.7258,2.0438,1.555,1,1,,8450,3.41
grid2:halfRNS,,,PR6_x2,holdout,4,1055,headon,vfield,60362b9eb5,ok,0,0,0,0,0,0,3.228,4.3969,2.7258,2.0438,1.555,1,1,,8450,3.39
grid2:halfRNS,,,PR6_x2,holdout,4,1057,headon,vfield,60362b9eb5,ok,1,0,1,0,0,0,1.7875,0.4996,2.7258,2.0438,1.555,1,1,5.57,8450,3.43
grid2:halfRNS,,,PR6_x2,holdout,4,1059,headon,vfield,60362b9eb5,ok,1,0,1,0,0,0,3.0236,0.6633,2.7258,2.0438,1.555,1,1,15.71,8450,3.41
grid2:halfRNS,,,PR8_x1,holdout,4,1001,headon,vfield,d6aa8135e8,ok,0,0,0,0,0,0,4.9763,2.9683,2.7258,2.0438,1.555,1,1,,8450,3.41
grid2:halfRNS,,,PR8_x1,holdout,4,1003,headon,vfield,d6aa8135e8,ok,0,0,0,0,0,0,4.0639,2.6805,2.7258,2.0438,1.555,1,1,,8450,3.43
grid2:halfRNS,,,PR8_x1,holdout,4,1005,headon,vfield,d6aa8135e8,ok,0,0,0,0,0,0,4.803,3.5431,2.7258,2.0438,1.555,1,1,,8450,3.41
grid2:halfRNS,,,PR8_x1,holdout,4,1007,headon,vfield,d6aa8135e8,ok,0,0,0,0,0,0,2.6841,5.0094,2.7258,2.0438,1.555,1,1,,8450,3.43
grid2:halfRNS,,,PR8_x1,holdout,4,1009,headon,vfield,d6aa8135e8,ok,0,0,0,0,0,0,4.0096,5.5441,2.7258,2.0438,1.555,1,1,,8450,3.45
grid2:halfRNS,,,PR8_x1,holdout,4,1011,headon,vfield,d6aa8135e8,ok,0,0,0,0,0,0,4.6988,2.7043,2.7258,2.0438,1.555,1,1,,8450,3.43
grid2:halfRNS,,,PR8_x1,holdout,4,1013,headon,vfield,d6aa8135e8,ok,0,0,0,0,0,0,1.6074,5.5596,2.7258,2.0438,1.555,1,1,,8450,3.42
grid2:halfRNS,,,PR8_x1,holdout,4,1015,headon,vfield,d6aa8135e8,ok,0,0,0,0,0,0,3.7004,6.719,2.7258,2.0438,1.555,1,1,,8450,3.45
grid2:halfRNS,,,PR8_x1,holdout,4,1017,headon,vfield,d6aa8135e8,ok,1,0,1,0,0,0,1.7398,0.6183,2.7258,2.0438,1.555,1,1,12.69,8450,3.42
grid2:halfRNS,,,PR8_x1,holdout,4,1019,headon,vfield,d6aa8135e8,ok,0,0,0,0,0,0,4.9049,3.2177,2.7258,2.0438,1.555,1,1,,8450,3.42
grid2:halfRNS,,,PR8_x1,holdout,4,1021,headon,vfield,d6aa8135e8,ok,0,0,0,0,0,0,4.2268,4.9091,2.7258,2.0438,1.555,1,1,,8450,3.42
grid2:halfRNS,,,PR8_x1,holdout,4,1023,headon,vfield,d6aa8135e8,ok,0,0,0,0,0,0,2.4755,5.0844,2.7258,2.0438,1.555,1,1,,8450,3.41
grid2:halfRNS,,,PR8_x1,holdout,4,1025,headon,vfield,d6aa8135e8,ok,0,0,0,0,0,0,1.5453,4.268,2.7258,2.0438,1.555,1,1,,8450,3.43
grid2:halfRNS,,,PR8_x1,holdout,4,1027,headon,vfield,d6aa8135e8,ok,0,0,0,0,0,0,4.4125,4.6993,2.7258,2.0438,1.555,1,1,,8450,3.4
grid2:halfRNS,,,PR8_x1,holdout,4,1029,headon,vfield,d6aa8135e8,ok,0,0,0,0,0,0,3.7086,4.4876,2.7258,2.0438,1.555,1,1,,8450,3.43
grid2:halfRNS,,,PR8_x1,holdout,4,1031,headon,vfield,d6aa8135e8,ok,0,0,0,0,0,0,3.0656,2.0227,2.7258,2.0438,1.555,1,1,,8450,3.42
grid2:halfRNS,,,PR8_x1,holdout,4,1033,headon,vfield,d6aa8135e8,ok,1,0,0,1,0,0,0.8343,3.0851,2.7258,2.0438,1.555,1,1,15.22,8450,3.4
grid2:halfRNS,,,PR8_x1,holdout,4,1035,headon,vfield,d6aa8135e8,ok,0,0,0,0,0,0,4.1861,1.7023,2.7258,2.0438,1.555,1,1,,8450,3.43
grid2:halfRNS,,,PR8_x1,holdout,4,1037,headon,vfield,d6aa8135e8,ok,1,0,0,1,0,0,0.0498,5.1789,2.7258,2.0438,1.555,1,1,14.94,8450,3.41
grid2:halfRNS,,,PR8_x1,holdout,4,1039,headon,vfield,d6aa8135e8,ok,0,0,0,0,0,0,1.5736,2.9067,2.7258,2.0438,1.555,1,1,,8450,3.42
grid2:halfRNS,,,PR8_x1,holdout,4,1041,headon,vfield,d6aa8135e8,ok,0,0,0,0,0,0,1.943,1.921,2.7258,2.0438,1.555,1,1,,8450,3.43
grid2:halfRNS,,,PR8_x1,holdout,4,1043,headon,vfield,d6aa8135e8,ok,0,0,0,0,0,0,3.3079,5.1405,2.7258,2.0438,1.555,1,1,,8450,3.4
grid2:halfRNS,,,PR8_x1,holdout,4,1045,headon,vfield,d6aa8135e8,ok,0,0,0,0,0,0,5.4716,3.0813,2.7258,2.0438,1.555,1,1,,8450,3.46
grid2:halfRNS,,,PR8_x1,holdout,4,1047,headon,vfield,d6aa8135e8,ok,0,0,0,0,0,0,3.7438,1.3446,2.7258,2.0438,1.555,1,1,,8450,3.43
grid2:halfRNS,,,PR8_x1,holdout,4,1049,headon,vfield,d6aa8135e8,ok,0,0,0,0,0,0,3.9019,3.4137,2.7258,2.0438,1.555,1,1,,8450,3.39
grid2:halfRNS,,,PR8_x1,holdout,4,1051,headon,vfield,d6aa8135e8,ok,0,0,0,0,0,0,5.2871,1.5388,2.7258,2.0438,1.555,1,1,,8450,3.42
grid2:halfRNS,,,PR8_x1,holdout,4,1053,headon,vfield,d6aa8135e8,ok,0,0,0,0,0,0,2.7578,1.7221,2.7258,2.0438,1.555,1,1,,8450,3.4
grid2:halfRNS,,,PR8_x1,holdout,4,1055,headon,vfield,d6aa8135e8,ok,0,0,0,0,0,0,3.43,3.7054,2.7258,2.0438,1.555,1,1,,8450,3.43
grid2:halfRNS,,,PR8_x1,holdout,4,1057,headon,vfield,d6aa8135e8,ok,0,0,0,0,0,0,4.3544,4.9419,2.7258,2.0438,1.555,1,1,,8450,3.41
grid2:halfRNS,,,PR8_x1,holdout,4,1059,headon,vfield,d6aa8135e8,ok,0,0,0,0,0,0,5.9792,3.4655,2.7258,2.0438,1.555,1,1,,8450,3.41
grid2:halfRNS,,,PR8_x1.25,holdout,4,1001,headon,vfield,06378378e0,ok,0,0,0,0,0,0,1.4336,5.8119,2.7258,2.0438,1.555,1,1,,8450,3.42
grid2:halfRNS,,,PR8_x1.25,holdout,4,1003,headon,vfield,06378378e0,ok,0,0,0,0,0,0,1.5107,3.1297,2.7258,2.0438,1.555,1,1,,8450,3.42
grid2:halfRNS,,,PR8_x1.25,holdout,4,1005,headon,vfield,06378378e0,ok,0,0,0,0,0,0,4.5376,1.3031,2.7258,2.0438,1.555,1,1,,8450,3.4
grid2:halfRNS,,,PR8_x1.25,holdout,4,1007,headon,vfield,06378378e0,ok,0,0,0,0,0,0,4.5965,5.1458,2.7258,2.0438,1.555,1,1,,8450,3.42
grid2:halfRNS,,,PR8_x1.25,holdout,4,1009,headon,vfield,06378378e0,ok,0,0,0,0,0,0,1.5414,6.8688,2.7258,2.0438,1.555,1,1,,8450,3.39
grid2:halfRNS,,,PR8_x1.25,holdout,4,1011,headon,vfield,06378378e0,ok,0,0,0,0,0,0,4.8829,6.0444,2.7258,2.0438,1.555,1,1,,8450,3.44
grid2:halfRNS,,,PR8_x1.25,holdout,4,1013,headon,vfield,06378378e0,ok,0,0,0,0,0,0,3.3164,5.2439,2.7258,2.0438,1.555,1,1,,8450,3.41
grid2:halfRNS,,,PR8_x1.25,holdout,4,1015,headon,vfield,06378378e0,ok,1,0,0,0,1,0,0.9703,6.8322,2.7258,2.0438,1.555,1,1,28.74,8450,3.41
grid2:halfRNS,,,PR8_x1.25,holdout,4,1017,headon,vfield,06378378e0,ok,1,0,0,0,1,0,0.08,2.1019,2.7258,2.0438,1.555,1,1,18.95,8450,3.42
grid2:halfRNS,,,PR8_x1.25,holdout,4,1019,headon,vfield,06378378e0,ok,0,0,0,0,0,0,4.0414,2.9107,2.7258,2.0438,1.555,1,1,,8450,3.42
grid2:halfRNS,,,PR8_x1.25,holdout,4,1021,headon,vfield,06378378e0,ok,1,0,0,1,0,0,0.5345,3.2986,2.7258,2.0438,1.555,1,1,18.22,8450,3.41
grid2:halfRNS,,,PR8_x1.25,holdout,4,1023,headon,vfield,06378378e0,ok,0,0,0,0,0,0,4.2866,1.8698,2.7258,2.0438,1.555,1,1,,8450,3.41
grid2:halfRNS,,,PR8_x1.25,holdout,4,1025,headon,vfield,06378378e0,ok,0,0,0,0,0,0,4.4735,6.9486,2.7258,2.0438,1.555,1,1,,8450,3.41
grid2:halfRNS,,,PR8_x1.25,holdout,4,1027,headon,vfield,06378378e0,ok,0,0,0,0,0,0,3.5631,7.053,2.7258,2.0438,1.555,1,1,,8450,3.42
grid2:halfRNS,,,PR8_x1.25,holdout,4,1029,headon,vfield,06378378e0,ok,0,0,0,0,0,0,2.0664,3.404,2.7258,2.0438,1.555,1,1,,8450,3.44
grid2:halfRNS,,,PR8_x1.25,holdout,4,1031,headon,vfield,06378378e0,ok,0,0,0,0,0,0,3.5821,4.3455,2.7258,2.0438,1.555,1,1,,8450,3.42
grid2:halfRNS,,,PR8_x1.25,holdout,4,1033,headon,vfield,06378378e0,ok,0,0,0,0,0,0,3.4428,2.6778,2.7258,2.0438,1.555,1,1,,8450,3.42
grid2:halfRNS,,,PR8_x1.25,holdout,4,1035,headon,vfield,06378378e0,ok,0,0,0,0,0,0,2.4017,3.9433,2.7258,2.0438,1.555,1,1,,8450,3.41
grid2:halfRNS,,,PR8_x1.25,holdout,4,1037,headon,vfield,06378378e0,ok,0,0,0,0,0,0,1.5347,2.7017,2.7258,2.0438,1.555,1,1,,8450,3.42
grid2:halfRNS,,,PR8_x1.25,holdout,4,1039,headon,vfield,06378378e0,ok,0,0,0,0,0,0,1.5872,7.0024,2.7258,2.0438,1.555,1,1,,8450,3.41
grid2:halfRNS,,,PR8_x1.25,holdout,4,1041,headon,vfield,06378378e0,ok,0,0,0,0,0,0,1.473,2.7716,2.7258,2.0438,1.555,1,1,,8450,3.41
grid2:halfRNS,,,PR8_x1.25,holdout,4,1043,headon,vfield,06378378e0,ok,1,0,0,1,0,0,0.0754,3.7442,2.7258,2.0438,1.555,1,1,18.37,8450,3.44
grid2:halfRNS,,,PR8_x1.25,holdout,4,1045,headon,vfield,06378378e0,ok,0,0,0,0,0,0,3.0695,6.3417,2.7258,2.0438,1.555,1,1,,8450,3.41
grid2:halfRNS,,,PR8_x1.25,holdout,4,1047,headon,vfield,06378378e0,ok,0,0,0,0,0,0,5.6625,6.5414,2.7258,2.0438,1.555,1,1,,8450,3.41
grid2:halfRNS,,,PR8_x1.25,holdout,4,1049,headon,vfield,06378378e0,ok,1,0,0,1,0,0,0.5915,3.3437,2.7258,2.0438,1.555,1,1,18.55,8450,3.43
grid2:halfRNS,,,PR8_x1.25,holdout,4,1051,headon,vfield,06378378e0,ok,0,0,0,0,0,0,2.5328,4.3025,2.7258,2.0438,1.555,1,1,,8450,3.42
grid2:halfRNS,,,PR8_x1.25,holdout,4,1053,headon,vfield,06378378e0,ok,1,0,1,0,0,0,4.4027,0.9553,2.7258,2.0438,1.555,1,1,9.72,8450,3.42
grid2:halfRNS,,,PR8_x1.25,holdout,4,1055,headon,vfield,06378378e0,ok,0,0,0,0,0,0,3.9293,2.9479,2.7258,2.0438,1.555,1,1,,8450,3.41
grid2:halfRNS,,,PR8_x1.25,holdout,4,1057,headon,vfield,06378378e0,ok,0,0,0,0,0,0,3.831,5.92,2.7258,2.0438,1.555,1,1,,8450,3.42
grid2:halfRNS,,,PR8_x1.25,holdout,4,1059,headon,vfield,06378378e0,ok,0,0,0,0,0,0,1.5617,3.4424,2.7258,2.0438,1.555,1,1,,8450,3.43
grid2:halfRNS,,,PR8_x1.5,holdout,4,1001,headon,vfield,caf32af248,ok,0,0,0,0,0,0,1.96,7.0329,2.7258,2.0438,1.555,1,1,,8450,3.41
grid2:halfRNS,,,PR8_x1.5,holdout,4,1003,headon,vfield,caf32af248,ok,0,0,0,0,0,0,1.8297,3.5427,2.7258,2.0438,1.555,1,1,,8450,3.42
grid2:halfRNS,,,PR8_x1.5,holdout,4,1005,headon,vfield,caf32af248,ok,0,0,0,0,0,0,4.534,7.1062,2.7258,2.0438,1.555,1,1,,8450,3.43
grid2:halfRNS,,,PR8_x1.5,holdout,4,1007,headon,vfield,caf32af248,ok,0,0,0,0,0,0,1.624,5.6676,2.7258,2.0438,1.555,1,1,,8450,3.41
grid2:halfRNS,,,PR8_x1.5,holdout,4,1009,headon,vfield,caf32af248,ok,0,0,0,0,0,0,2.9311,1.3615,2.7258,2.0438,1.555,1,1,,8450,3.41
grid2:halfRNS,,,PR8_x1.5,holdout,4,1011,headon,vfield,caf32af248,ok,0,0,0,0,0,0,2.9603,1.8452,2.7258,2.0438,1.555,1,1,,8450,3.41
grid2:halfRNS,,,PR8_x1.5,holdout,4,1013,headon,vfield,caf32af248,ok,0,0,0,0,0,0,3.9162,6.5538,2.7258,2.0438,1.555,1,1,,8450,3.4
grid2:halfRNS,,,PR8_x1.5,holdout,4,1015,headon,vfield,caf32af248,ok,0,0,0,0,0,0,1.5191,2.1411,2.7258,2.0438,1.555,1,1,,8450,3.43
grid2:halfRNS,,,PR8_x1.5,holdout,4,1017,headon,vfield,caf32af248,ok,0,0,0,0,0,0,3.7904,7.029,2.7258,2.0438,1.555,1,1,,8450,3.41
grid2:halfRNS,,,PR8_x1.5,holdout,4,1019,headon,vfield,caf32af248,ok,0,0,0,0,0,0,4.0,2.8181,2.7258,2.0438,1.555,1,1,,8450,3.39
grid2:halfRNS,,,PR8_x1.5,holdout,4,1021,headon,vfield,caf32af248,ok,0,0,0,0,0,0,3.3736,4.976,2.7258,2.0438,1.555,1,1,,8450,3.43
grid2:halfRNS,,,PR8_x1.5,holdout,4,1023,headon,vfield,caf32af248,ok,0,0,0,0,0,0,4.6286,7.463,2.7258,2.0438,1.555,1,1,,8450,3.41
grid2:halfRNS,,,PR8_x1.5,holdout,4,1025,headon,vfield,caf32af248,ok,0,0,0,0,0,0,1.7614,6.8536,2.7258,2.0438,1.555,1,1,,8450,3.43
grid2:halfRNS,,,PR8_x1.5,holdout,4,1027,headon,vfield,caf32af248,ok,0,0,0,0,0,0,1.665,6.2764,2.7258,2.0438,1.555,1,1,,8450,3.41
grid2:halfRNS,,,PR8_x1.5,holdout,4,1029,headon,vfield,caf32af248,ok,0,0,0,0,0,0,5.8457,5.6823,2.7258,2.0438,1.555,1,1,,8450,3.42
grid2:halfRNS,,,PR8_x1.5,holdout,4,1031,headon,vfield,caf32af248,ok,0,0,0,0,0,0,5.0429,3.9164,2.7258,2.0438,1.555,1,1,,8450,3.42
grid2:halfRNS,,,PR8_x1.5,holdout,4,1033,headon,vfield,caf32af248,ok,0,0,0,0,0,0,3.3281,4.5038,2.7258,2.0438,1.555,1,1,,8450,3.42
grid2:halfRNS,,,PR8_x1.5,holdout,4,1035,headon,vfield,caf32af248,ok,1,0,0,1,0,0,0.3227,3.74,2.7258,2.0438,1.555,1,1,20.27,8450,3.41
grid2:halfRNS,,,PR8_x1.5,holdout,4,1037,headon,vfield,caf32af248,ok,0,0,0,0,0,0,5.1891,6.2011,2.7258,2.0438,1.555,1,1,,8450,3.42
grid2:halfRNS,,,PR8_x1.5,holdout,4,1039,headon,vfield,caf32af248,ok,0,0,0,0,0,0,3.7576,6.2914,2.7258,2.0438,1.555,1,1,,8450,3.4
grid2:halfRNS,,,PR8_x1.5,holdout,4,1041,headon,vfield,caf32af248,ok,0,0,0,0,0,0,4.591,6.6213,2.7258,2.0438,1.555,1,1,,8450,3.44
grid2:halfRNS,,,PR8_x1.5,holdout,4,1043,headon,vfield,caf32af248,ok,1,0,0,1,0,0,0.7689,3.9971,2.7258,2.0438,1.555,1,1,19.44,8450,3.41
grid2:halfRNS,,,PR8_x1.5,holdout,4,1045,headon,vfield,caf32af248,ok,0,0,0,0,0,0,2.0182,6.8868,2.7258,2.0438,1.555,1,1,,8450,3.41
grid2:halfRNS,,,PR8_x1.5,holdout,4,1047,headon,vfield,caf32af248,ok,0,0,0,0,0,0,2.8536,2.1669,2.7258,2.0438,1.555,1,1,,8450,3.42
grid2:halfRNS,,,PR8_x1.5,holdout,4,1049,headon,vfield,caf32af248,ok,0,0,0,0,0,0,3.2898,3.2232,2.7258,2.0438,1.555,1,1,,8450,3.42
grid2:halfRNS,,,PR8_x1.5,holdout,4,1051,headon,vfield,caf32af248,ok,0,0,0,0,0,0,3.4063,4.5835,2.7258,2.0438,1.555,1,1,,8450,3.41
grid2:halfRNS,,,PR8_x1.5,holdout,4,1053,headon,vfield,caf32af248,ok,0,0,0,0,0,0,4.1074,4.2013,2.7258,2.0438,1.555,1,1,,8450,3.43
grid2:halfRNS,,,PR8_x1.5,holdout,4,1055,headon,vfield,caf32af248,ok,0,0,0,0,0,0,3.138,6.5174,2.7258,2.0438,1.555,1,1,,8450,3.41
grid2:halfRNS,,,PR8_x1.5,holdout,4,1057,headon,vfield,caf32af248,ok,0,0,0,0,0,0,4.8846,3.3791,2.7258,2.0438,1.555,1,1,,8450,3.42
grid2:halfRNS,,,PR8_x1.5,holdout,4,1059,headon,vfield,caf32af248,ok,2,0,0,2,0,0,0.5812,5.1258,2.7258,2.0438,1.555,1,1,20.22,8450,3.42
grid2:halfRNS,,,PR8_x2,holdout,4,1001,headon,vfield,a4441f1ecb,ok,0,0,0,0,0,0,3.3784,6.0646,2.7258,2.0438,1.555,1,1,,8450,3.42
grid2:halfRNS,,,PR8_x2,holdout,4,1003,headon,vfield,a4441f1ecb,ok,0,0,0,0,0,0,5.3613,6.1438,2.7258,2.0438,1.555,1,1,,8450,3.41
grid2:halfRNS,,,PR8_x2,holdout,4,1005,headon,vfield,a4441f1ecb,ok,0,0,0,0,0,0,3.2363,1.2658,2.7258,2.0438,1.555,1,1,,8450,3.42
grid2:halfRNS,,,PR8_x2,holdout,4,1007,headon,vfield,a4441f1ecb,ok,0,0,0,0,0,0,5.5237,4.6852,2.7258,2.0438,1.555,1,1,,8450,3.41
grid2:halfRNS,,,PR8_x2,holdout,4,1009,headon,vfield,a4441f1ecb,ok,0,0,0,0,0,0,5.6105,6.0252,2.7258,2.0438,1.555,1,1,,8450,3.46
grid2:halfRNS,,,PR8_x2,holdout,4,1011,headon,vfield,a4441f1ecb,ok,0,0,0,0,0,0,3.8772,6.8682,2.7258,2.0438,1.555,1,1,,8450,3.42
grid2:halfRNS,,,PR8_x2,holdout,4,1013,headon,vfield,a4441f1ecb,ok,0,0,0,0,0,0,4.3783,6.6235,2.7258,2.0438,1.555,1,1,,8450,3.45
grid2:halfRNS,,,PR8_x2,holdout,4,1015,headon,vfield,a4441f1ecb,ok,0,0,0,0,0,0,1.7858,3.4923,2.7258,2.0438,1.555,1,1,,8450,3.4
grid2:halfRNS,,,PR8_x2,holdout,4,1017,headon,vfield,a4441f1ecb,ok,0,0,0,0,0,0,1.4427,5.424,2.7258,2.0438,1.555,1,1,,8450,3.41
grid2:halfRNS,,,PR8_x2,holdout,4,1019,headon,vfield,a4441f1ecb,ok,0,0,0,0,0,0,5.3317,5.177,2.7258,2.0438,1.555,1,1,,8450,3.44
grid2:halfRNS,,,PR8_x2,holdout,4,1021,headon,vfield,a4441f1ecb,ok,0,0,0,0,0,0,2.0789,3.4755,2.7258,2.0438,1.555,1,1,,8450,3.4
grid2:halfRNS,,,PR8_x2,holdout,4,1023,headon,vfield,a4441f1ecb,ok,0,0,0,0,0,0,4.5531,3.7513,2.7258,2.0438,1.555,1,1,,8450,3.41
grid2:halfRNS,,,PR8_x2,holdout,4,1025,headon,vfield,a4441f1ecb,ok,0,0,0,0,0,0,2.4265,6.5748,2.7258,2.0438,1.555,1,1,,8450,3.4
grid2:halfRNS,,,PR8_x2,holdout,4,1027,headon,vfield,a4441f1ecb,ok,0,0,0,0,0,0,5.2929,6.8976,2.7258,2.0438,1.555,1,1,,8450,3.39
grid2:halfRNS,,,PR8_x2,holdout,4,1029,headon,vfield,a4441f1ecb,ok,0,0,0,0,0,0,3.9853,5.2039,2.7258,2.0438,1.555,1,1,,8450,3.44
grid2:halfRNS,,,PR8_x2,holdout,4,1031,headon,vfield,a4441f1ecb,ok,0,0,0,0,0,0,5.1782,6.9128,2.7258,2.0438,1.555,1,1,,8450,3.4
grid2:halfRNS,,,PR8_x2,holdout,4,1033,headon,vfield,a4441f1ecb,ok,0,0,0,0,0,0,5.4383,3.3072,2.7258,2.0438,1.555,1,1,,8450,3.4
grid2:halfRNS,,,PR8_x2,holdout,4,1035,headon,vfield,a4441f1ecb,ok,0,0,0,0,0,0,5.3904,6.6928,2.7258,2.0438,1.555,1,1,,8450,3.41
grid2:halfRNS,,,PR8_x2,holdout,4,1037,headon,vfield,a4441f1ecb,ok,0,0,0,0,0,0,3.7114,4.7312,2.7258,2.0438,1.555,1,1,,8450,3.39
grid2:halfRNS,,,PR8_x2,holdout,4,1039,headon,vfield,a4441f1ecb,ok,0,0,0,0,0,0,2.9934,6.8749,2.7258,2.0438,1.555,1,1,,8450,3.42
grid2:halfRNS,,,PR8_x2,holdout,4,1041,headon,vfield,a4441f1ecb,ok,0,0,0,0,0,0,5.6156,6.7004,2.7258,2.0438,1.555,1,1,,8450,3.39
grid2:halfRNS,,,PR8_x2,holdout,4,1043,headon,vfield,a4441f1ecb,ok,0,0,0,0,0,0,5.0348,6.2894,2.7258,2.0438,1.555,1,1,,8450,3.4
grid2:halfRNS,,,PR8_x2,holdout,4,1045,headon,vfield,a4441f1ecb,ok,0,0,0,0,0,0,4.5154,6.154,2.7258,2.0438,1.555,1,1,,8450,3.46
grid2:halfRNS,,,PR8_x2,holdout,4,1047,headon,vfield,a4441f1ecb,ok,0,0,0,0,0,0,4.9292,4.886,2.7258,2.0438,1.555,1,1,,8450,3.43
grid2:halfRNS,,,PR8_x2,holdout,4,1049,headon,vfield,a4441f1ecb,ok,0,0,0,0,0,0,1.4515,5.4807,2.7258,2.0438,1.555,1,1,,8450,3.41
grid2:halfRNS,,,PR8_x2,holdout,4,1051,headon,vfield,a4441f1ecb,ok,0,0,0,0,0,0,4.7559,2.917,2.7258,2.0438,1.555,1,1,,8450,3.42
grid2:halfRNS,,,PR8_x2,holdout,4,1053,headon,vfield,a4441f1ecb,ok,0,0,0,0,0,0,5.1381,5.6253,2.7258,2.0438,1.555,1,1,,8450,3.51
grid2:halfRNS,,,PR8_x2,holdout,4,1055,headon,vfield,a4441f1ecb,ok,0,0,0,0,0,0,5.4165,4.9366,2.7258,2.0438,1.555,1,1,,8450,3.42
grid2:halfRNS,,,PR8_x2,holdout,4,1057,headon,vfield,a4441f1ecb,ok,0,0,0,0,0,0,4.9598,4.7873,2.7258,2.0438,1.555,1,1,,8450,3.4
grid2:halfRNS,,,PR8_x2,holdout,4,1059,headon,vfield,a4441f1ecb,ok,0,0,0,0,0,0,4.7183,6.6389,2.7258,2.0438,1.555,1,1,,8450,3.41
grid2:halfRNS,,,PR10_x1,holdout,4,1001,headon,vfield,977d47a324,ok,0,0,0,0,0,0,5.4797,6.5512,2.7258,2.0438,1.555,1,1,,8450,3.41
grid2:halfRNS,,,PR10_x1,holdout,4,1003,headon,vfield,977d47a324,ok,0,0,0,0,0,0,4.27,2.095,2.7258,2.0438,1.555,1,1,,8450,3.39
grid2:halfRNS,,,PR10_x1,holdout,4,1005,headon,vfield,977d47a324,ok,0,0,0,0,0,0,5.7509,3.9247,2.7258,2.0438,1.555,1,1,,8450,3.41
grid2:halfRNS,,,PR10_x1,holdout,4,1007,headon,vfield,977d47a324,ok,0,0,0,0,0,0,6.9217,5.2734,2.7258,2.0438,1.555,1,1,,8450,3.41
grid2:halfRNS,,,PR10_x1,holdout,4,1009,headon,vfield,977d47a324,ok,0,0,0,0,0,0,5.6254,6.4805,2.7258,2.0438,1.555,1,1,,8450,3.41
grid2:halfRNS,,,PR10_x1,holdout,4,1011,headon,vfield,977d47a324,ok,0,0,0,0,0,0,1.1801,1.8404,2.7258,2.0438,1.555,1,1,,8450,3.44
grid2:halfRNS,,,PR10_x1,holdout,4,1013,headon,vfield,977d47a324,ok,0,0,0,0,0,0,4.8154,5.5006,2.7258,2.0438,1.555,1,1,,8450,3.39
grid2:halfRNS,,,PR10_x1,holdout,4,1015,headon,vfield,977d47a324,ok,0,0,0,0,0,0,3.7132,3.8277,2.7258,2.0438,1.555,1,1,,8450,3.41
grid2:halfRNS,,,PR10_x1,holdout,4,1017,headon,vfield,977d47a324,ok,0,0,0,0,0,0,6.8148,6.886,2.7258,2.0438,1.555,1,1,,8450,3.42
grid2:halfRNS,,,PR10_x1,holdout,4,1019,headon,vfield,977d47a324,ok,0,0,0,0,0,0,7.4275,2.4359,2.7258,2.0438,1.555,1,1,,8450,3.4
grid2:halfRNS,,,PR10_x1,holdout,4,1021,headon,vfield,977d47a324,ok,0,0,0,0,0,0,6.5893,5.1602,2.7258,2.0438,1.555,1,1,,8450,3.42
grid2:halfRNS,,,PR10_x1,holdout,4,1023,headon,vfield,977d47a324,ok,0,0,0,0,0,0,6.3729,3.1527,2.7258,2.0438,1.555,1,1,,8450,3.44
grid2:halfRNS,,,PR10_x1,holdout,4,1025,headon,vfield,977d47a324,ok,0,0,0,0,0,0,2.9816,6.1409,2.7258,2.0438,1.555,1,1,,8450,3.49
grid2:halfRNS,,,PR10_x1,holdout,4,1027,headon,vfield,977d47a324,ok,0,0,0,0,0,0,6.9005,6.0441,2.7258,2.0438,1.555,1,1,,8450,3.44
grid2:halfRNS,,,PR10_x1,holdout,4,1029,headon,vfield,977d47a324,ok,0,0,0,0,0,0,6.7501,3.2642,2.7258,2.0438,1.555,1,1,,8450,3.4
grid2:halfRNS,,,PR10_x1,holdout,4,1031,headon,vfield,977d47a324,ok,0,0,0,0,0,0,5.8069,2.8065,2.7258,2.0438,1.555,1,1,,8450,3.41
grid2:halfRNS,,,PR10_x1,holdout,4,1033,headon,vfield,977d47a324,ok,0,0,0,0,0,0,4.918,2.2854,2.7258,2.0438,1.555,1,1,,8450,3.39
grid2:halfRNS,,,PR10_x1,holdout,4,1035,headon,vfield,977d47a324,ok,0,0,0,0,0,0,4.8947,5.2405,2.7258,2.0438,1.555,1,1,,8450,3.4
grid2:halfRNS,,,PR10_x1,holdout,4,1037,headon,vfield,977d47a324,ok,1,0,0,0,1,0,0.5532,5.1274,2.7258,2.0438,1.555,1,1,4.93,8450,3.42
grid2:halfRNS,,,PR10_x1,holdout,4,1039,headon,vfield,977d47a324,ok,0,0,0,0,0,0,1.4516,3.6971,2.7258,2.0438,1.555,1,1,,8450,3.4
grid2:halfRNS,,,PR10_x1,holdout,4,1041,headon,vfield,977d47a324,ok,0,0,0,0,0,0,3.2324,5.866,2.7258,2.0438,1.555,1,1,,8450,3.41
grid2:halfRNS,,,PR10_x1,holdout,4,1043,headon,vfield,977d47a324,ok,0,0,0,0,0,0,6.8501,3.9118,2.7258,2.0438,1.555,1,1,,8450,3.42
grid2:halfRNS,,,PR10_x1,holdout,4,1045,headon,vfield,977d47a324,ok,0,0,0,0,0,0,2.12,6.3769,2.7258,2.0438,1.555,1,1,,8450,3.41
grid2:halfRNS,,,PR10_x1,holdout,4,1047,headon,vfield,977d47a324,ok,0,0,0,0,0,0,5.1143,4.7906,2.7258,2.0438,1.555,1,1,,8450,3.4
grid2:halfRNS,,,PR10_x1,holdout,4,1049,headon,vfield,977d47a324,ok,0,0,0,0,0,0,1.1502,3.928,2.7258,2.0438,1.555,1,1,,8450,3.4
grid2:halfRNS,,,PR10_x1,holdout,4,1051,headon,vfield,977d47a324,ok,0,0,0,0,0,0,3.3305,5.6156,2.7258,2.0438,1.555,1,1,,8450,3.39
grid2:halfRNS,,,PR10_x1,holdout,4,1053,headon,vfield,977d47a324,ok,0,0,0,0,0,0,2.774,5.6288,2.7258,2.0438,1.555,1,1,,8450,3.41
grid2:halfRNS,,,PR10_x1,holdout,4,1055,headon,vfield,977d47a324,ok,0,0,0,0,0,0,5.8762,5.1103,2.7258,2.0438,1.555,1,1,,8450,3.4
grid2:halfRNS,,,PR10_x1,holdout,4,1057,headon,vfield,977d47a324,ok,0,0,0,0,0,0,7.2322,6.3883,2.7258,2.0438,1.555,1,1,,8450,3.44
grid2:halfRNS,,,PR10_x1,holdout,4,1059,headon,vfield,977d47a324,ok,0,0,0,0,0,0,3.0423,7.1725,2.7258,2.0438,1.555,1,1,,8450,3.51
grid2:halfRNS,,,PR10_x1.25,holdout,4,1001,headon,vfield,8d4924b421,ok,0,0,0,0,0,0,3.0993,5.8736,2.7258,2.0438,1.555,1,1,,8450,3.39
grid2:halfRNS,,,PR10_x1.25,holdout,4,1003,headon,vfield,8d4924b421,ok,0,0,0,0,0,0,4.9341,3.725,2.7258,2.0438,1.555,1,1,,8450,3.41
grid2:halfRNS,,,PR10_x1.25,holdout,4,1005,headon,vfield,8d4924b421,ok,0,0,0,0,0,0,7.0673,7.8165,2.7258,2.0438,1.555,1,1,,8450,3.5
grid2:halfRNS,,,PR10_x1.25,holdout,4,1007,headon,vfield,8d4924b421,ok,1,0,1,0,0,0,5.03,0.1815,2.7258,2.0438,1.555,1,1,10.54,8450,3.53
grid2:halfRNS,,,PR10_x1.25,holdout,4,1009,headon,vfield,8d4924b421,ok,0,0,0,0,0,0,4.6473,5.0567,2.7258,2.0438,1.555,1,1,,8450,3.4
grid2:halfRNS,,,PR10_x1.25,holdout,4,1011,headon,vfield,8d4924b421,ok,0,0,0,0,0,0,5.8298,4.0091,2.7258,2.0438,1.555,1,1,,8450,3.47
grid2:halfRNS,,,PR10_x1.25,holdout,4,1013,headon,vfield,8d4924b421,ok,0,0,0,0,0,0,5.6131,4.4706,2.7258,2.0438,1.555,1,1,,8450,3.44
grid2:halfRNS,,,PR10_x1.25,holdout,4,1015,headon,vfield,8d4924b421,ok,0,0,0,0,0,0,3.6279,6.0167,2.7258,2.0438,1.555,1,1,,8450,3.42
grid2:halfRNS,,,PR10_x1.25,holdout,4,1017,headon,vfield,8d4924b421,ok,0,0,0,0,0,0,7.7806,9.4477,2.7258,2.0438,1.555,1,1,,8450,3.41
grid2:halfRNS,,,PR10_x1.25,holdout,4,1019,headon,vfield,8d4924b421,ok,0,0,0,0,0,0,5.4117,4.0591,2.7258,2.0438,1.555,1,1,,8450,3.41
grid2:halfRNS,,,PR10_x1.25,holdout,4,1021,headon,vfield,8d4924b421,ok,0,0,0,0,0,0,7.415,4.2831,2.7258,2.0438,1.555,1,1,,8450,3.4
grid2:halfRNS,,,PR10_x1.25,holdout,4,1023,headon,vfield,8d4924b421,ok,0,0,0,0,0,0,4.4521,5.0776,2.7258,2.0438,1.555,1,1,,8450,3.42
grid2:halfRNS,,,PR10_x1.25,holdout,4,1025,headon,vfield,8d4924b421,ok,0,0,0,0,0,0,6.1648,5.0723,2.7258,2.0438,1.555,1,1,,8450,3.41
grid2:halfRNS,,,PR10_x1.25,holdout,4,1027,headon,vfield,8d4924b421,ok,0,0,0,0,0,0,6.2071,1.6363,2.7258,2.0438,1.555,1,1,,8450,3.41
grid2:halfRNS,,,PR10_x1.25,holdout,4,1029,headon,vfield,8d4924b421,ok,0,0,0,0,0,0,6.2928,1.7315,2.7258,2.0438,1.555,1,1,,8450,3.4
grid2:halfRNS,,,PR10_x1.25,holdout,4,1031,headon,vfield,8d4924b421,ok,0,0,0,0,0,0,5.5419,8.0998,2.7258,2.0438,1.555,1,1,,8450,3.4
grid2:halfRNS,,,PR10_x1.25,holdout,4,1033,headon,vfield,8d4924b421,ok,0,0,0,0,0,0,5.7915,5.0715,2.7258,2.0438,1.555,1,1,,8450,3.42
grid2:halfRNS,,,PR10_x1.25,holdout,4,1035,headon,vfield,8d4924b421,ok,0,0,0,0,0,0,5.3255,5.4064,2.7258,2.0438,1.555,1,1,,8450,3.4
grid2:halfRNS,,,PR10_x1.25,holdout,4,1037,headon,vfield,8d4924b421,ok,1,0,1,0,0,0,5.1922,0.1893,2.7258,2.0438,1.555,1,1,17.59,8450,3.42
grid2:halfRNS,,,PR10_x1.25,holdout,4,1039,headon,vfield,8d4924b421,ok,0,0,0,0,0,0,3.1321,8.3403,2.7258,2.0438,1.555,1,1,,8450,3.42
grid2:halfRNS,,,PR10_x1.25,holdout,4,1041,headon,vfield,8d4924b421,ok,0,0,0,0,0,0,5.8747,4.0994,2.7258,2.0438,1.555,1,1,,8450,3.4
grid2:halfRNS,,,PR10_x1.25,holdout,4,1043,headon,vfield,8d4924b421,ok,0,0,0,0,0,0,7.744,7.7217,2.7258,2.0438,1.555,1,1,,8450,3.41
grid2:halfRNS,,,PR10_x1.25,holdout,4,1045,headon,vfield,8d4924b421,ok,0,0,0,0,0,0,2.1376,1.6859,2.7258,2.0438,1.555,1,1,,8450,3.43
grid2:halfRNS,,,PR10_x1.25,holdout,4,1047,headon,vfield,8d4924b421,ok,0,0,0,0,0,0,1.4564,6.565,2.7258,2.0438,1.555,1,1,,8450,3.43
grid2:halfRNS,,,PR10_x1.25,holdout,4,1049,headon,vfield,8d4924b421,ok,0,0,0,0,0,0,8.0049,8.0673,2.7258,2.0438,1.555,1,1,,8450,3.45
grid2:halfRNS,,,PR10_x1.25,holdout,4,1051,headon,vfield,8d4924b421,ok,0,0,0,0,0,0,5.4716,3.6751,2.7258,2.0438,1.555,1,1,,8450,3.41
grid2:halfRNS,,,PR10_x1.25,holdout,4,1053,headon,vfield,8d4924b421,ok,0,0,0,0,0,0,6.046,7.2964,2.7258,2.0438,1.555,1,1,,8450,3.4
grid2:halfRNS,,,PR10_x1.25,holdout,4,1055,headon,vfield,8d4924b421,ok,0,0,0,0,0,0,3.6538,3.681,2.7258,2.0438,1.555,1,1,,8450,3.43
grid2:halfRNS,,,PR10_x1.25,holdout,4,1057,headon,vfield,8d4924b421,ok,0,0,0,0,0,0,6.2759,7.8165,2.7258,2.0438,1.555,1,1,,8450,3.4
grid2:halfRNS,,,PR10_x1.25,holdout,4,1059,headon,vfield,8d4924b421,ok,0,0,0,0,0,0,8.3085,3.682,2.7258,2.0438,1.555,1,1,,8450,3.42
grid2:halfRNS,,,PR10_x1.5,holdout,4,1001,headon,vfield,8e1ea5eaca,ok,0,0,0,0,0,0,4.1931,3.4275,2.7258,2.0438,1.555,1,1,,8450,3.41
grid2:halfRNS,,,PR10_x1.5,holdout,4,1003,headon,vfield,8e1ea5eaca,ok,0,0,0,0,0,0,6.007,3.7422,2.7258,2.0438,1.555,1,1,,8450,3.4
grid2:halfRNS,,,PR10_x1.5,holdout,4,1005,headon,vfield,8e1ea5eaca,ok,0,0,0,0,0,0,3.9896,8.9311,2.7258,2.0438,1.555,1,1,,8450,3.41
grid2:halfRNS,,,PR10_x1.5,holdout,4,1007,headon,vfield,8e1ea5eaca,ok,0,0,0,0,0,0,6.5942,7.5631,2.7258,2.0438,1.555,1,1,,8450,3.42
grid2:halfRNS,,,PR10_x1.5,holdout,4,1009,headon,vfield,8e1ea5eaca,ok,0,0,0,0,0,0,5.8036,4.7776,2.7258,2.0438,1.555,1,1,,8450,3.41
grid2:halfRNS,,,PR10_x1.5,holdout,4,1011,headon,vfield,8e1ea5eaca,ok,0,0,0,0,0,0,3.9983,6.844,2.7258,2.0438,1.555,1,1,,8450,3.4
grid2:halfRNS,,,PR10_x1.5,holdout,4,1013,headon,vfield,8e1ea5eaca,ok,0,0,0,0,0,0,4.7054,4.0852,2.7258,2.0438,1.555,1,1,,8450,3.4
grid2:halfRNS,,,PR10_x1.5,holdout,4,1015,headon,vfield,8e1ea5eaca,ok,0,0,0,0,0,0,4.6116,4.922,2.7258,2.0438,1.555,1,1,,8450,3.42
grid2:halfRNS,,,PR10_x1.5,holdout,4,1017,headon,vfield,8e1ea5eaca,ok,0,0,0,0,0,0,4.5147,3.9839,2.7258,2.0438,1.555,1,1,,8450,3.41
grid2:halfRNS,,,PR10_x1.5,holdout,4,1019,headon,vfield,8e1ea5eaca,ok,0,0,0,0,0,0,6.4305,3.7379,2.7258,2.0438,1.555,1,1,,8450,3.4
grid2:halfRNS,,,PR10_x1.5,holdout,4,1021,headon,vfield,8e1ea5eaca,ok,0,0,0,0,0,0,6.3488,8.4152,2.7258,2.0438,1.555,1,1,,8450,3.41
grid2:halfRNS,,,PR10_x1.5,holdout,4,1023,headon,vfield,8e1ea5eaca,ok,0,0,0,0,0,0,5.2848,3.4515,2.7258,2.0438,1.555,1,1,,8450,3.41
grid2:halfRNS,,,PR10_x1.5,holdout,4,1025,headon,vfield,8e1ea5eaca,ok,0,0,0,0,0,0,5.5189,3.5965,2.7258,2.0438,1.555,1,1,,8450,3.44
grid2:halfRNS,,,PR10_x1.5,holdout,4,1027,headon,vfield,8e1ea5eaca,ok,0,0,0,0,0,0,5.4541,4.7349,2.7258,2.0438,1.555,1,1,,8450,3.42
grid2:halfRNS,,,PR10_x1.5,holdout,4,1029,headon,vfield,8e1ea5eaca,ok,0,0,0,0,0,0,4.8338,4.2894,2.7258,2.0438,1.555,1,1,,8450,3.41
grid2:halfRNS,,,PR10_x1.5,holdout,4,1031,headon,vfield,8e1ea5eaca,ok,0,0,0,0,0,0,4.0076,3.5365,2.7258,2.0438,1.555,1,1,,8450,3.42
grid2:halfRNS,,,PR10_x1.5,holdout,4,1033,headon,vfield,8e1ea5eaca,ok,0,0,0,0,0,0,6.4518,6.2157,2.7258,2.0438,1.555,1,1,,8450,3.41
grid2:halfRNS,,,PR10_x1.5,holdout,4,1035,headon,vfield,8e1ea5eaca,ok,0,0,0,0,0,0,4.4831,3.7031,2.7258,2.0438,1.555,1,1,,8450,3.42
grid2:halfRNS,,,PR10_x1.5,holdout,4,1037,headon,vfield,8e1ea5eaca,ok,0,0,0,0,0,0,4.9309,3.9779,2.7258,2.0438,1.555,1,1,,8450,3.43
grid2:halfRNS,,,PR10_x1.5,holdout,4,1039,headon,vfield,8e1ea5eaca,ok,0,0,0,0,0,0,5.7909,6.0202,2.7258,2.0438,1.555,1,1,,8450,3.41
grid2:halfRNS,,,PR10_x1.5,holdout,4,1041,headon,vfield,8e1ea5eaca,ok,0,0,0,0,0,0,4.3814,8.0365,2.7258,2.0438,1.555,1,1,,8450,3.57
grid2:halfRNS,,,PR10_x1.5,holdout,4,1043,headon,vfield,8e1ea5eaca,ok,0,0,0,0,0,0,6.508,3.5484,2.7258,2.0438,1.555,1,1,,8450,3.42
grid2:halfRNS,,,PR10_x1.5,holdout,4,1045,headon,vfield,8e1ea5eaca,ok,0,0,0,0,0,0,5.9426,8.5822,2.7258,2.0438,1.555,1,1,,8450,3.4
grid2:halfRNS,,,PR10_x1.5,holdout,4,1047,headon,vfield,8e1ea5eaca,ok,0,0,0,0,0,0,5.0567,3.9931,2.7258,2.0438,1.555,1,1,,8450,3.42
grid2:halfRNS,,,PR10_x1.5,holdout,4,1049,headon,vfield,8e1ea5eaca,ok,0,0,0,0,0,0,5.2686,4.2234,2.7258,2.0438,1.555,1,1,,8450,3.39
grid2:halfRNS,,,PR10_x1.5,holdout,4,1051,headon,vfield,8e1ea5eaca,ok,0,0,0,0,0,0,5.8747,3.5722,2.7258,2.0438,1.555,1,1,,8450,3.41
grid2:halfRNS,,,PR10_x1.5,holdout,4,1053,headon,vfield,8e1ea5eaca,ok,0,0,0,0,0,0,5.5491,7.5976,2.7258,2.0438,1.555,1,1,,8450,3.4
grid2:halfRNS,,,PR10_x1.5,holdout,4,1055,headon,vfield,8e1ea5eaca,ok,0,0,0,0,0,0,7.0061,7.0598,2.7258,2.0438,1.555,1,1,,8450,3.39
grid2:halfRNS,,,PR10_x1.5,holdout,4,1057,headon,vfield,8e1ea5eaca,ok,0,0,0,0,0,0,6.8459,7.5565,2.7258,2.0438,1.555,1,1,,8450,3.43
grid2:halfRNS,,,PR10_x1.5,holdout,4,1059,headon,vfield,8e1ea5eaca,ok,0,0,0,0,0,0,4.6122,3.7245,2.7258,2.0438,1.555,1,1,,8450,3.42
grid2:halfRNS,,,PR10_x2,holdout,4,1001,headon,vfield,232a970cd5,ok,0,0,0,0,0,0,4.59,4.7601,2.7258,2.0438,1.555,1,1,,8450,3.4
grid2:halfRNS,,,PR10_x2,holdout,4,1003,headon,vfield,232a970cd5,ok,0,0,0,0,0,0,7.7487,3.2543,2.7258,2.0438,1.555,1,1,,8450,3.42
grid2:halfRNS,,,PR10_x2,holdout,4,1005,headon,vfield,232a970cd5,ok,0,0,0,0,0,0,6.5469,7.5215,2.7258,2.0438,1.555,1,1,,8450,3.41
grid2:halfRNS,,,PR10_x2,holdout,4,1007,headon,vfield,232a970cd5,ok,0,0,0,0,0,0,5.2542,6.4666,2.7258,2.0438,1.555,1,1,,8450,3.41
grid2:halfRNS,,,PR10_x2,holdout,4,1009,headon,vfield,232a970cd5,ok,0,0,0,0,0,0,6.0742,5.9977,2.7258,2.0438,1.555,1,1,,8450,3.41
grid2:halfRNS,,,PR10_x2,holdout,4,1011,headon,vfield,232a970cd5,ok,0,0,0,0,0,0,5.511,8.1503,2.7258,2.0438,1.555,1,1,,8450,3.4
grid2:halfRNS,,,PR10_x2,holdout,4,1013,headon,vfield,232a970cd5,ok,0,0,0,0,0,0,5.689,5.7449,2.7258,2.0438,1.555,1,1,,8450,3.43
grid2:halfRNS,,,PR10_x2,holdout,4,1015,headon,vfield,232a970cd5,ok,0,0,0,0,0,0,6.299,4.902,2.7258,2.0438,1.555,1,1,,8450,3.39
grid2:halfRNS,,,PR10_x2,holdout,4,1017,headon,vfield,232a970cd5,ok,0,0,0,0,0,0,5.3435,5.0699,2.7258,2.0438,1.555,1,1,,8450,3.4
grid2:halfRNS,,,PR10_x2,holdout,4,1019,headon,vfield,232a970cd5,ok,0,0,0,0,0,0,6.6667,8.5538,2.7258,2.0438,1.555,1,1,,8450,3.42
grid2:halfRNS,,,PR10_x2,holdout,4,1021,headon,vfield,232a970cd5,ok,0,0,0,0,0,0,6.3985,5.9579,2.7258,2.0438,1.555,1,1,,8450,3.43
grid2:halfRNS,,,PR10_x2,holdout,4,1023,headon,vfield,232a970cd5,ok,0,0,0,0,0,0,6.6887,4.0786,2.7258,2.0438,1.555,1,1,,8450,3.44
grid2:halfRNS,,,PR10_x2,holdout,4,1025,headon,vfield,232a970cd5,ok,0,0,0,0,0,0,6.2297,5.3887,2.7258,2.0438,1.555,1,1,,8450,3.43
grid2:halfRNS,,,PR10_x2,holdout,4,1027,headon,vfield,232a970cd5,ok,0,0,0,0,0,0,5.087,5.5945,2.7258,2.0438,1.555,1,1,,8450,3.42
grid2:halfRNS,,,PR10_x2,holdout,4,1029,headon,vfield,232a970cd5,ok,0,0,0,0,0,0,6.5463,4.9013,2.7258,2.0438,1.555,1,1,,8450,3.44
grid2:halfRNS,,,PR10_x2,holdout,4,1031,headon,vfield,232a970cd5,ok,0,0,0,0,0,0,7.9822,4.1909,2.7258,2.0438,1.555,1,1,,8450,3.42
grid2:halfRNS,,,PR10_x2,holdout,4,1033,headon,vfield,232a970cd5,ok,0,0,0,0,0,0,4.7359,6.6146,2.7258,2.0438,1.555,1,1,,8450,3.44
grid2:halfRNS,,,PR10_x2,holdout,4,1035,headon,vfield,232a970cd5,ok,0,0,0,0,0,0,6.1222,6.0277,2.7258,2.0438,1.555,1,1,,8450,3.4
grid2:halfRNS,,,PR10_x2,holdout,4,1037,headon,vfield,232a970cd5,ok,0,0,0,0,0,0,5.7025,5.1958,2.7258,2.0438,1.555,1,1,,8450,3.41
grid2:halfRNS,,,PR10_x2,holdout,4,1039,headon,vfield,232a970cd5,ok,0,0,0,0,0,0,5.8799,3.5537,2.7258,2.0438,1.555,1,1,,8450,3.42
grid2:halfRNS,,,PR10_x2,holdout,4,1041,headon,vfield,232a970cd5,ok,0,0,0,0,0,0,5.9885,5.8617,2.7258,2.0438,1.555,1,1,,8450,3.41
grid2:halfRNS,,,PR10_x2,holdout,4,1043,headon,vfield,232a970cd5,ok,0,0,0,0,0,0,6.4125,5.0614,2.7258,2.0438,1.555,1,1,,8450,3.42
grid2:halfRNS,,,PR10_x2,holdout,4,1045,headon,vfield,232a970cd5,ok,0,0,0,0,0,0,6.432,8.1001,2.7258,2.0438,1.555,1,1,,8450,3.41
grid2:halfRNS,,,PR10_x2,holdout,4,1047,headon,vfield,232a970cd5,ok,0,0,0,0,0,0,6.5779,5.3999,2.7258,2.0438,1.555,1,1,,8450,3.4
grid2:halfRNS,,,PR10_x2,holdout,4,1049,headon,vfield,232a970cd5,ok,0,0,0,0,0,0,5.5323,4.2905,2.7258,2.0438,1.555,1,1,,8450,3.41
grid2:halfRNS,,,PR10_x2,holdout,4,1051,headon,vfield,232a970cd5,ok,0,0,0,0,0,0,6.9732,3.9048,2.7258,2.0438,1.555,1,1,,8450,3.41
grid2:halfRNS,,,PR10_x2,holdout,4,1053,headon,vfield,232a970cd5,ok,0,0,0,0,0,0,6.8304,6.8493,2.7258,2.0438,1.555,1,1,,8450,3.41
grid2:halfRNS,,,PR10_x2,holdout,4,1055,headon,vfield,232a970cd5,ok,0,0,0,0,0,0,5.6312,8.4649,2.7258,2.0438,1.555,1,1,,8450,3.42
grid2:halfRNS,,,PR10_x2,holdout,4,1057,headon,vfield,232a970cd5,ok,0,0,0,0,0,0,6.694,5.7503,2.7258,2.0438,1.555,1,1,,8450,3.38
grid2:halfRNS,,,PR10_x2,holdout,4,1059,headon,vfield,232a970cd5,ok,0,0,0,0,0,0,6.4311,5.3164,2.7258,2.0438,1.555,1,1,,8450,3.46
grid2:halfRNS,,,PR13_x1,holdout,4,1001,headon,vfield,0bcbf2f8d5,ok,0,0,0,0,0,0,8.0848,8.5121,2.7258,2.0438,1.555,1,1,,8450,3.41
grid2:halfRNS,,,PR13_x1,holdout,4,1003,headon,vfield,0bcbf2f8d5,ok,0,0,0,0,0,0,10.3602,8.9914,2.7258,2.0438,1.555,1,1,,8450,3.39
grid2:halfRNS,,,PR13_x1,holdout,4,1005,headon,vfield,0bcbf2f8d5,ok,0,0,0,0,0,0,7.9349,6.2713,2.7258,2.0438,1.555,1,1,,8450,3.4
grid2:halfRNS,,,PR13_x1,holdout,4,1007,headon,vfield,0bcbf2f8d5,ok,0,0,0,0,0,0,7.6247,5.3027,2.7258,2.0438,1.555,1,1,,8450,3.39
grid2:halfRNS,,,PR13_x1,holdout,4,1009,headon,vfield,0bcbf2f8d5,ok,0,0,0,0,0,0,8.2425,8.2984,2.7258,2.0438,1.555,1,1,,8450,3.42
grid2:halfRNS,,,PR13_x1,holdout,4,1011,headon,vfield,0bcbf2f8d5,ok,0,0,0,0,0,0,9.2748,10.6869,2.7258,2.0438,1.555,1,1,,8450,3.4
grid2:halfRNS,,,PR13_x1,holdout,4,1013,headon,vfield,0bcbf2f8d5,ok,0,0,0,0,0,0,7.9584,8.098,2.7258,2.0438,1.555,1,1,,8450,3.4
grid2:halfRNS,,,PR13_x1,holdout,4,1015,headon,vfield,0bcbf2f8d5,ok,0,0,0,0,0,0,8.8741,10.7504,2.7258,2.0438,1.555,1,1,,8450,3.42
grid2:halfRNS,,,PR13_x1,holdout,4,1017,headon,vfield,0bcbf2f8d5,ok,0,0,0,0,0,0,6.425,8.5637,2.7258,2.0438,1.555,1,1,,8450,3.42
grid2:halfRNS,,,PR13_x1,holdout,4,1019,headon,vfield,0bcbf2f8d5,ok,0,0,0,0,0,0,4.4755,8.5884,2.7258,2.0438,1.555,1,1,,8450,3.41
grid2:halfRNS,,,PR13_x1,holdout,4,1021,headon,vfield,0bcbf2f8d5,ok,0,0,0,0,0,0,10.2311,8.0701,2.7258,2.0438,1.555,1,1,,8450,3.4
grid2:halfRNS,,,PR13_x1,holdout,4,1023,headon,vfield,0bcbf2f8d5,ok,0,0,0,0,0,0,7.6767,9.3812,2.7258,2.0438,1.555,1,1,,8450,3.41
grid2:halfRNS,,,PR13_x1,holdout,4,1025,headon,vfield,0bcbf2f8d5,ok,0,0,0,0,0,0,9.8927,5.6937,2.7258,2.0438,1.555,1,1,,8450,3.41
grid2:halfRNS,,,PR13_x1,holdout,4,1027,headon,vfield,0bcbf2f8d5,ok,0,0,0,0,0,0,9.2308,9.5492,2.7258,2.0438,1.555,1,1,,8450,3.43
grid2:halfRNS,,,PR13_x1,holdout,4,1029,headon,vfield,0bcbf2f8d5,ok,0,0,0,0,0,0,10.0689,3.9513,2.7258,2.0438,1.555,1,1,,8450,3.39
grid2:halfRNS,,,PR13_x1,holdout,4,1031,headon,vfield,0bcbf2f8d5,ok,0,0,0,0,0,0,7.7759,8.1078,2.7258,2.0438,1.555,1,1,,8450,3.41
grid2:halfRNS,,,PR13_x1,holdout,4,1033,headon,vfield,0bcbf2f8d5,ok,0,0,0,0,0,0,9.91,3.3782,2.7258,2.0438,1.555,1,1,,8450,3.39
grid2:halfRNS,,,PR13_x1,holdout,4,1035,headon,vfield,0bcbf2f8d5,ok,0,0,0,0,0,0,7.0123,8.749,2.7258,2.0438,1.555,1,1,,8450,3.4
grid2:halfRNS,,,PR13_x1,holdout,4,1037,headon,vfield,0bcbf2f8d5,ok,0,0,0,0,0,0,9.7156,7.5996,2.7258,2.0438,1.555,1,1,,8450,3.4
grid2:halfRNS,,,PR13_x1,holdout,4,1039,headon,vfield,0bcbf2f8d5,ok,0,0,0,0,0,0,8.8078,6.3708,2.7258,2.0438,1.555,1,1,,8450,3.4
grid2:halfRNS,,,PR13_x1,holdout,4,1041,headon,vfield,0bcbf2f8d5,ok,0,0,0,0,0,0,5.4699,8.9127,2.7258,2.0438,1.555,1,1,,8450,3.43
grid2:halfRNS,,,PR13_x1,holdout,4,1043,headon,vfield,0bcbf2f8d5,ok,0,0,0,0,0,0,7.5503,7.6679,2.7258,2.0438,1.555,1,1,,8450,3.39
grid2:halfRNS,,,PR13_x1,holdout,4,1045,headon,vfield,0bcbf2f8d5,ok,0,0,0,0,0,0,9.1944,8.4415,2.7258,2.0438,1.555,1,1,,8450,3.41
grid2:halfRNS,,,PR13_x1,holdout,4,1047,headon,vfield,0bcbf2f8d5,ok,0,0,0,0,0,0,9.1646,5.2306,2.7258,2.0438,1.555,1,1,,8450,3.42
grid2:halfRNS,,,PR13_x1,holdout,4,1049,headon,vfield,0bcbf2f8d5,ok,0,0,0,0,0,0,8.9867,10.7493,2.7258,2.0438,1.555,1,1,,8450,3.39
grid2:halfRNS,,,PR13_x1,holdout,4,1051,headon,vfield,0bcbf2f8d5,ok,0,0,0,0,0,0,7.1711,9.4327,2.7258,2.0438,1.555,1,1,,8450,3.43
grid2:halfRNS,,,PR13_x1,holdout,4,1053,headon,vfield,0bcbf2f8d5,ok,0,0,0,0,0,0,8.8372,8.0202,2.7258,2.0438,1.555,1,1,,8450,3.41
grid2:halfRNS,,,PR13_x1,holdout,4,1055,headon,vfield,0bcbf2f8d5,ok,1,0,1,0,0,0,7.8966,0.9791,2.7258,2.0438,1.555,1,1,16.57,8450,3.44
grid2:halfRNS,,,PR13_x1,holdout,4,1057,headon,vfield,0bcbf2f8d5,ok,0,0,0,0,0,0,5.3584,9.3963,2.7258,2.0438,1.555,1,1,,8450,3.44
grid2:halfRNS,,,PR13_x1,holdout,4,1059,headon,vfield,0bcbf2f8d5,ok,0,0,0,0,0,0,8.1077,1.7944,2.7258,2.0438,1.555,1,1,,8450,3.41
grid2:halfRNS,,,PR13_x1.25,holdout,4,1001,headon,vfield,3af0d7167a,ok,0,0,0,0,0,0,9.6909,5.6103,2.7258,2.0438,1.555,1,1,,8450,3.41
grid2:halfRNS,,,PR13_x1.25,holdout,4,1003,headon,vfield,3af0d7167a,ok,0,0,0,0,0,0,5.6724,9.7341,2.7258,2.0438,1.555,1,1,,8450,3.41
grid2:halfRNS,,,PR13_x1.25,holdout,4,1005,headon,vfield,3af0d7167a,ok,0,0,0,0,0,0,9.6913,10.2151,2.7258,2.0438,1.555,1,1,,8450,3.4
grid2:halfRNS,,,PR13_x1.25,holdout,4,1007,headon,vfield,3af0d7167a,ok,0,0,0,0,0,0,9.4466,8.7289,2.7258,2.0438,1.555,1,1,,8450,3.42
grid2:halfRNS,,,PR13_x1.25,holdout,4,1009,headon,vfield,3af0d7167a,ok,0,0,0,0,0,0,8.8875,4.481,2.7258,2.0438,1.555,1,1,,8450,3.41
grid2:halfRNS,,,PR13_x1.25,holdout,4,1011,headon,vfield,3af0d7167a,ok,0,0,0,0,0,0,8.0479,10.5386,2.7258,2.0438,1.555,1,1,,8450,3.42
grid2:halfRNS,,,PR13_x1.25,holdout,4,1013,headon,vfield,3af0d7167a,ok,0,0,0,0,0,0,5.4974,8.6135,2.7258,2.0438,1.555,1,1,,8450,3.42
grid2:halfRNS,,,PR13_x1.25,holdout,4,1015,headon,vfield,3af0d7167a,ok,0,0,0,0,0,0,8.4309,6.8445,2.7258,2.0438,1.555,1,1,,8450,3.38
grid2:halfRNS,,,PR13_x1.25,holdout,4,1017,headon,vfield,3af0d7167a,ok,0,0,0,0,0,0,8.2724,7.6524,2.7258,2.0438,1.555,1,1,,8450,3.41
grid2:halfRNS,,,PR13_x1.25,holdout,4,1019,headon,vfield,3af0d7167a,ok,0,0,0,0,0,0,8.4841,7.7273,2.7258,2.0438,1.555,1,1,,8450,3.4
grid2:halfRNS,,,PR13_x1.25,holdout,4,1021,headon,vfield,3af0d7167a,ok,0,0,0,0,0,0,10.1238,4.7975,2.7258,2.0438,1.555,1,1,,8450,3.4
grid2:halfRNS,,,PR13_x1.25,holdout,4,1023,headon,vfield,3af0d7167a,ok,0,0,0,0,0,0,8.5127,8.3282,2.7258,2.0438,1.555,1,1,,8450,3.42
grid2:halfRNS,,,PR13_x1.25,holdout,4,1025,headon,vfield,3af0d7167a,ok,0,0,0,0,0,0,10.3762,8.7892,2.7258,2.0438,1.555,1,1,,8450,3.42
grid2:halfRNS,,,PR13_x1.25,holdout,4,1027,headon,vfield,3af0d7167a,ok,0,0,0,0,0,0,2.2977,3.1542,2.7258,2.0438,1.555,1,1,,8450,3.42
grid2:halfRNS,,,PR13_x1.25,holdout,4,1029,headon,vfield,3af0d7167a,ok,0,0,0,0,0,0,7.0493,9.9089,2.7258,2.0438,1.555,1,1,,8450,3.42
grid2:halfRNS,,,PR13_x1.25,holdout,4,1031,headon,vfield,3af0d7167a,ok,0,0,0,0,0,0,8.7656,5.5132,2.7258,2.0438,1.555,1,1,,8450,3.44
grid2:halfRNS,,,PR13_x1.25,holdout,4,1033,headon,vfield,3af0d7167a,ok,0,0,0,0,0,0,9.6138,11.0291,2.7258,2.0438,1.555,1,1,,8450,3.45
grid2:halfRNS,,,PR13_x1.25,holdout,4,1035,headon,vfield,3af0d7167a,ok,0,0,0,0,0,0,8.4463,9.3594,2.7258,2.0438,1.555,1,1,,8450,3.42
grid2:halfRNS,,,PR13_x1.25,holdout,4,1037,headon,vfield,3af0d7167a,ok,0,0,0,0,0,0,9.5594,10.1135,2.7258,2.0438,1.555,1,1,,8450,3.41
grid2:halfRNS,,,PR13_x1.25,holdout,4,1039,headon,vfield,3af0d7167a,ok,0,0,0,0,0,0,5.8762,7.6382,2.7258,2.0438,1.555,1,1,,8450,3.41
grid2:halfRNS,,,PR13_x1.25,holdout,4,1041,headon,vfield,3af0d7167a,ok,0,0,0,0,0,0,8.8305,10.9926,2.7258,2.0438,1.555,1,1,,8450,3.37
grid2:halfRNS,,,PR13_x1.25,holdout,4,1043,headon,vfield,3af0d7167a,ok,0,0,0,0,0,0,9.905,6.3799,2.7258,2.0438,1.555,1,1,,8450,3.41
grid2:halfRNS,,,PR13_x1.25,holdout,4,1045,headon,vfield,3af0d7167a,ok,0,0,0,0,0,0,8.7213,7.0809,2.7258,2.0438,1.555,1,1,,8450,3.51
grid2:halfRNS,,,PR13_x1.25,holdout,4,1047,headon,vfield,3af0d7167a,ok,0,0,0,0,0,0,9.6411,4.7927,2.7258,2.0438,1.555,1,1,,8450,3.41
grid2:halfRNS,,,PR13_x1.25,holdout,4,1049,headon,vfield,3af0d7167a,ok,0,0,0,0,0,0,7.2175,10.9939,2.7258,2.0438,1.555,1,1,,8450,3.41
grid2:halfRNS,,,PR13_x1.25,holdout,4,1051,headon,vfield,3af0d7167a,ok,0,0,0,0,0,0,7.54,7.5524,2.7258,2.0438,1.555,1,1,,8450,3.42
grid2:halfRNS,,,PR13_x1.25,holdout,4,1053,headon,vfield,3af0d7167a,ok,0,0,0,0,0,0,8.3533,8.0307,2.7258,2.0438,1.555,1,1,,8450,3.41
grid2:halfRNS,,,PR13_x1.25,holdout,4,1055,headon,vfield,3af0d7167a,ok,0,0,0,0,0,0,9.9697,11.7274,2.7258,2.0438,1.555,1,1,,8450,3.38
grid2:halfRNS,,,PR13_x1.25,holdout,4,1057,headon,vfield,3af0d7167a,ok,0,0,0,0,0,0,2.2087,11.1245,2.7258,2.0438,1.555,1,1,,8450,3.4
grid2:halfRNS,,,PR13_x1.25,holdout,4,1059,headon,vfield,3af0d7167a,ok,0,0,0,0,0,0,8.0004,9.2856,2.7258,2.0438,1.555,1,1,,8450,3.41
grid2:halfRNS,,,PR13_x1.5,holdout,4,1001,headon,vfield,206f21610e,ok,0,0,0,0,0,0,10.9088,5.2413,2.7258,2.0438,1.555,1,1,,8450,3.4
grid2:halfRNS,,,PR13_x1.5,holdout,4,1003,headon,vfield,206f21610e,ok,0,0,0,0,0,0,8.0638,6.2316,2.7258,2.0438,1.555,1,1,,8450,3.41
grid2:halfRNS,,,PR13_x1.5,holdout,4,1005,headon,vfield,206f21610e,ok,0,0,0,0,0,0,8.9999,11.2562,2.7258,2.0438,1.555,1,1,,8450,3.43
grid2:halfRNS,,,PR13_x1.5,holdout,4,1007,headon,vfield,206f21610e,ok,0,0,0,0,0,0,8.4031,9.332,2.7258,2.0438,1.555,1,1,,8450,3.39
grid2:halfRNS,,,PR13_x1.5,holdout,4,1009,headon,vfield,206f21610e,ok,0,0,0,0,0,0,6.5332,8.9202,2.7258,2.0438,1.555,1,1,,8450,3.45
grid2:halfRNS,,,PR13_x1.5,holdout,4,1011,headon,vfield,206f21610e,ok,0,0,0,0,0,0,9.1549,5.6678,2.7258,2.0438,1.555,1,1,,8450,3.4
grid2:halfRNS,,,PR13_x1.5,holdout,4,1013,headon,vfield,206f21610e,ok,0,0,0,0,0,0,9.058,8.8696,2.7258,2.0438,1.555,1,1,,8450,3.41
grid2:halfRNS,,,PR13_x1.5,holdout,4,1015,headon,vfield,206f21610e,ok,0,0,0,0,0,0,9.4253,8.3816,2.7258,2.0438,1.555,1,1,,8450,3.42
grid2:halfRNS,,,PR13_x1.5,holdout,4,1017,headon,vfield,206f21610e,ok,0,0,0,0,0,0,8.3894,6.4848,2.7258,2.0438,1.555,1,1,,8450,3.41
grid2:halfRNS,,,PR13_x1.5,holdout,4,1019,headon,vfield,206f21610e,ok,0,0,0,0,0,0,8.7582,5.5651,2.7258,2.0438,1.555,1,1,,8450,3.42
grid2:halfRNS,,,PR13_x1.5,holdout,4,1021,headon,vfield,206f21610e,ok,0,0,0,0,0,0,7.2232,6.3937,2.7258,2.0438,1.555,1,1,,8450,3.41
grid2:halfRNS,,,PR13_x1.5,holdout,4,1023,headon,vfield,206f21610e,ok,0,0,0,0,0,0,8.8033,8.6254,2.7258,2.0438,1.555,1,1,,8450,3.4
grid2:halfRNS,,,PR13_x1.5,holdout,4,1025,headon,vfield,206f21610e,ok,0,0,0,0,0,0,9.889,10.5063,2.7258,2.0438,1.555,1,1,,8450,3.42
grid2:halfRNS,,,PR13_x1.5,holdout,4,1027,headon,vfield,206f21610e,ok,0,0,0,0,0,0,8.6534,11.9267,2.7258,2.0438,1.555,1,1,,8450,3.4
grid2:halfRNS,,,PR13_x1.5,holdout,4,1029,headon,vfield,206f21610e,ok,0,0,0,0,0,0,8.4062,11.2441,2.7258,2.0438,1.555,1,1,,8450,3.42
grid2:halfRNS,,,PR13_x1.5,holdout,4,1031,headon,vfield,206f21610e,ok,0,0,0,0,0,0,8.4809,7.6672,2.7258,2.0438,1.555,1,1,,8450,3.42
grid2:halfRNS,,,PR13_x1.5,holdout,4,1033,headon,vfield,206f21610e,ok,0,0,0,0,0,0,8.3738,11.3354,2.7258,2.0438,1.555,1,1,,8450,3.4
grid2:halfRNS,,,PR13_x1.5,holdout,4,1035,headon,vfield,206f21610e,ok,0,0,0,0,0,0,8.085,8.7008,2.7258,2.0438,1.555,1,1,,8450,3.42
grid2:halfRNS,,,PR13_x1.5,holdout,4,1037,headon,vfield,206f21610e,ok,0,0,0,0,0,0,7.9807,10.7983,2.7258,2.0438,1.555,1,1,,8450,3.41
grid2:halfRNS,,,PR13_x1.5,holdout,4,1039,headon,vfield,206f21610e,ok,0,0,0,0,0,0,8.4437,8.8031,2.7258,2.0438,1.555,1,1,,8450,3.41
grid2:halfRNS,,,PR13_x1.5,holdout,4,1041,headon,vfield,206f21610e,ok,0,0,0,0,0,0,9.1553,8.1689,2.7258,2.0438,1.555,1,1,,8450,3.43
grid2:halfRNS,,,PR13_x1.5,holdout,4,1043,headon,vfield,206f21610e,ok,0,0,0,0,0,0,8.8326,9.8392,2.7258,2.0438,1.555,1,1,,8450,3.41
grid2:halfRNS,,,PR13_x1.5,holdout,4,1045,headon,vfield,206f21610e,ok,0,0,0,0,0,0,8.3302,5.7946,2.7258,2.0438,1.555,1,1,,8450,3.39
grid2:halfRNS,,,PR13_x1.5,holdout,4,1047,headon,vfield,206f21610e,ok,0,0,0,0,0,0,9.6457,9.2834,2.7258,2.0438,1.555,1,1,,8450,3.4
grid2:halfRNS,,,PR13_x1.5,holdout,4,1049,headon,vfield,206f21610e,ok,0,0,0,0,0,0,6.5578,5.2026,2.7258,2.0438,1.555,1,1,,8450,3.42
grid2:halfRNS,,,PR13_x1.5,holdout,4,1051,headon,vfield,206f21610e,ok,0,0,0,0,0,0,9.2016,6.0497,2.7258,2.0438,1.555,1,1,,8450,3.42
grid2:halfRNS,,,PR13_x1.5,holdout,4,1053,headon,vfield,206f21610e,ok,0,0,0,0,0,0,7.8698,8.0436,2.7258,2.0438,1.555,1,1,,8450,3.41
grid2:halfRNS,,,PR13_x1.5,holdout,4,1055,headon,vfield,206f21610e,ok,0,0,0,0,0,0,8.9098,11.7768,2.7258,2.0438,1.555,1,1,,8450,3.42
grid2:halfRNS,,,PR13_x1.5,holdout,4,1057,headon,vfield,206f21610e,ok,0,0,0,0,0,0,8.1448,9.7305,2.7258,2.0438,1.555,1,1,,8450,3.41
grid2:halfRNS,,,PR13_x1.5,holdout,4,1059,headon,vfield,206f21610e,ok,0,0,0,0,0,0,8.2259,7.0093,2.7258,2.0438,1.555,1,1,,8450,3.39
grid2:halfRNS,,,PR13_x2,holdout,4,1001,headon,vfield,3d47af2bf1,ok,0,0,0,0,0,0,8.9697,10.5724,2.7258,2.0438,1.555,1,1,,8450,3.42
grid2:halfRNS,,,PR13_x2,holdout,4,1003,headon,vfield,3d47af2bf1,ok,0,0,0,0,0,0,9.3558,8.5459,2.7258,2.0438,1.555,1,1,,8450,3.38
grid2:halfRNS,,,PR13_x2,holdout,4,1005,headon,vfield,3d47af2bf1,ok,0,0,0,0,0,0,9.2688,8.519,2.7258,2.0438,1.555,1,1,,8450,3.42
grid2:halfRNS,,,PR13_x2,holdout,4,1007,headon,vfield,3d47af2bf1,ok,0,0,0,0,0,0,8.3145,8.5149,2.7258,2.0438,1.555,1,1,,8450,3.42
grid2:halfRNS,,,PR13_x2,holdout,4,1009,headon,vfield,3d47af2bf1,ok,0,0,0,0,0,0,9.6927,8.1109,2.7258,2.0438,1.555,1,1,,8450,3.43
grid2:halfRNS,,,PR13_x2,holdout,4,1011,headon,vfield,3d47af2bf1,ok,0,0,0,0,0,0,8.5762,8.2775,2.7258,2.0438,1.555,1,1,,8450,3.42
grid2:halfRNS,,,PR13_x2,holdout,4,1013,headon,vfield,3d47af2bf1,ok,0,0,0,0,0,0,8.9141,7.3249,2.7258,2.0438,1.555,1,1,,8450,3.43
grid2:halfRNS,,,PR13_x2,holdout,4,1015,headon,vfield,3d47af2bf1,ok,0,0,0,0,0,0,8.638,9.6794,2.7258,2.0438,1.555,1,1,,8450,3.4
grid2:halfRNS,,,PR13_x2,holdout,4,1017,headon,vfield,3d47af2bf1,ok,0,0,0,0,0,0,8.2512,8.5271,2.7258,2.0438,1.555,1,1,,8450,3.42
grid2:halfRNS,,,PR13_x2,holdout,4,1019,headon,vfield,3d47af2bf1,ok,0,0,0,0,0,0,10.0815,8.5819,2.7258,2.0438,1.555,1,1,,8450,3.42
grid2:halfRNS,,,PR13_x2,holdout,4,1021,headon,vfield,3d47af2bf1,ok,0,0,0,0,0,0,8.8591,7.7743,2.7258,2.0438,1.555,1,1,,8450,3.41
grid2:halfRNS,,,PR13_x2,holdout,4,1023,headon,vfield,3d47af2bf1,ok,0,0,0,0,0,0,9.6432,8.8607,2.7258,2.0438,1.555,1,1,,8450,3.41
grid2:halfRNS,,,PR13_x2,holdout,4,1025,headon,vfield,3d47af2bf1,ok,0,0,0,0,0,0,8.428,8.0845,2.7258,2.0438,1.555,1,1,,8450,3.42
grid2:halfRNS,,,PR13_x2,holdout,4,1027,headon,vfield,3d47af2bf1,ok,0,0,0,0,0,0,9.2688,8.4412,2.7258,2.0438,1.555,1,1,,8450,3.4
grid2:halfRNS,,,PR13_x2,holdout,4,1029,headon,vfield,3d47af2bf1,ok,0,0,0,0,0,0,9.0904,8.1541,2.7258,2.0438,1.555,1,1,,8450,3.41
grid2:halfRNS,,,PR13_x2,holdout,4,1031,headon,vfield,3d47af2bf1,ok,0,0,0,0,0,0,8.5348,8.4178,2.7258,2.0438,1.555,1,1,,8450,3.41
grid2:halfRNS,,,PR13_x2,holdout,4,1033,headon,vfield,3d47af2bf1,ok,0,0,0,0,0,0,8.7543,3.8553,2.7258,2.0438,1.555,1,1,,8450,3.42
grid2:halfRNS,,,PR13_x2,holdout,4,1035,headon,vfield,3d47af2bf1,ok,0,0,0,0,0,0,7.7864,9.8615,2.7258,2.0438,1.555,1,1,,8450,3.4
grid2:halfRNS,,,PR13_x2,holdout,4,1037,headon,vfield,3d47af2bf1,ok,0,0,0,0,0,0,8.6065,8.3962,2.7258,2.0438,1.555,1,1,,8450,3.4
grid2:halfRNS,,,PR13_x2,holdout,4,1039,headon,vfield,3d47af2bf1,ok,0,0,0,0,0,0,9.6349,9.3797,2.7258,2.0438,1.555,1,1,,8450,3.42
grid2:halfRNS,,,PR13_x2,holdout,4,1041,headon,vfield,3d47af2bf1,ok,0,0,0,0,0,0,9.8905,11.2431,2.7258,2.0438,1.555,1,1,,8450,3.39
grid2:halfRNS,,,PR13_x2,holdout,4,1043,headon,vfield,3d47af2bf1,ok,0,0,0,0,0,0,10.585,8.4853,2.7258,2.0438,1.555,1,1,,8450,3.42
grid2:halfRNS,,,PR13_x2,holdout,4,1045,headon,vfield,3d47af2bf1,ok,0,0,0,0,0,0,5.4307,7.213,2.7258,2.0438,1.555,1,1,,8450,3.4
grid2:halfRNS,,,PR13_x2,holdout,4,1047,headon,vfield,3d47af2bf1,ok,0,0,0,0,0,0,7.0777,9.433,2.7258,2.0438,1.555,1,1,,8450,3.4
grid2:halfRNS,,,PR13_x2,holdout,4,1049,headon,vfield,3d47af2bf1,ok,0,0,0,0,0,0,8.8207,9.0332,2.7258,2.0438,1.555,1,1,,8450,3.41
grid2:halfRNS,,,PR13_x2,holdout,4,1051,headon,vfield,3d47af2bf1,ok,0,0,0,0,0,0,7.7863,5.275,2.7258,2.0438,1.555,1,1,,8450,3.43
grid2:halfRNS,,,PR13_x2,holdout,4,1053,headon,vfield,3d47af2bf1,ok,0,0,0,0,0,0,8.1659,8.0763,2.7258,2.0438,1.555,1,1,,8450,3.42
grid2:halfRNS,,,PR13_x2,holdout,4,1055,headon,vfield,3d47af2bf1,ok,0,0,0,0,0,0,8.7966,10.6322,2.7258,2.0438,1.555,1,1,,8450,3.41
grid2:halfRNS,,,PR13_x2,holdout,4,1057,headon,vfield,3d47af2bf1,ok,0,0,0,0,0,0,8.8193,9.551,2.7258,2.0438,1.555,1,1,,8450,3.46
grid2:halfRNS,,,PR13_x2,holdout,4,1059,headon,vfield,3d47af2bf1,ok,0,0,0,0,0,0,8.0858,10.3483,2.7258,2.0438,1.555,1,1,,8450,3.43
grid2:halfRNS,,,PR16_x1,holdout,4,1001,headon,vfield,7a9c3aadda,ok,0,0,0,0,0,0,10.6385,10.8816,2.7258,2.0438,1.555,1,1,,8450,3.44
grid2:halfRNS,,,PR16_x1,holdout,4,1003,headon,vfield,7a9c3aadda,ok,0,0,0,0,0,0,10.3465,10.3392,2.7258,2.0438,1.555,1,1,,8450,3.4
grid2:halfRNS,,,PR16_x1,holdout,4,1005,headon,vfield,7a9c3aadda,ok,0,0,0,0,0,0,9.2901,9.2727,2.7258,2.0438,1.555,1,1,,8450,3.41
grid2:halfRNS,,,PR16_x1,holdout,4,1007,headon,vfield,7a9c3aadda,ok,0,0,0,0,0,0,6.4878,2.6653,2.7258,2.0438,1.555,1,1,,8450,3.41
grid2:halfRNS,,,PR16_x1,holdout,4,1009,headon,vfield,7a9c3aadda,ok,0,0,0,0,0,0,9.6843,8.6309,2.7258,2.0438,1.555,1,1,,8450,3.41
grid2:halfRNS,,,PR16_x1,holdout,4,1011,headon,vfield,7a9c3aadda,ok,0,0,0,0,0,0,12.6029,10.4869,2.7258,2.0438,1.555,1,1,,8450,3.39
grid2:halfRNS,,,PR16_x1,holdout,4,1013,headon,vfield,7a9c3aadda,ok,0,0,0,0,0,0,10.8258,8.5954,2.7258,2.0438,1.555,1,1,,8450,3.41
grid2:halfRNS,,,PR16_x1,holdout,4,1015,headon,vfield,7a9c3aadda,ok,0,0,0,0,0,0,10.9034,11.5531,2.7258,2.0438,1.555,1,1,,8450,3.42
grid2:halfRNS,,,PR16_x1,holdout,4,1017,headon,vfield,7a9c3aadda,ok,0,0,0,0,0,0,12.1723,14.0645,2.7258,2.0438,1.555,1,1,,8450,3.4
grid2:halfRNS,,,PR16_x1,holdout,4,1019,headon,vfield,7a9c3aadda,ok,0,0,0,0,0,0,8.1186,8.8754,2.7258,2.0438,1.555,1,1,,8450,3.42
grid2:halfRNS,,,PR16_x1,holdout,4,1021,headon,vfield,7a9c3aadda,ok,0,0,0,0,0,0,10.5463,12.8288,2.7258,2.0438,1.555,1,1,,8450,3.41
grid2:halfRNS,,,PR16_x1,holdout,4,1023,headon,vfield,7a9c3aadda,ok,0,0,0,0,0,0,12.5597,11.0876,2.7258,2.0438,1.555,1,1,,8450,3.39
grid2:halfRNS,,,PR16_x1,holdout,4,1025,headon,vfield,7a9c3aadda,ok,0,0,0,0,0,0,12.3916,12.8978,2.7258,2.0438,1.555,1,1,,8450,3.42
grid2:halfRNS,,,PR16_x1,holdout,4,1027,headon,vfield,7a9c3aadda,ok,0,0,0,0,0,0,8.309,9.8355,2.7258,2.0438,1.555,1,1,,8450,3.39
grid2:halfRNS,,,PR16_x1,holdout,4,1029,headon,vfield,7a9c3aadda,ok,0,0,0,0,0,0,14.3856,8.2825,2.7258,2.0438,1.555,1,1,,8450,3.44
grid2:halfRNS,,,PR16_x1,holdout,4,1031,headon,vfield,7a9c3aadda,ok,0,0,0,0,0,0,10.2131,8.1618,2.7258,2.0438,1.555,1,1,,8450,3.41
grid2:halfRNS,,,PR16_x1,holdout,4,1033,headon,vfield,7a9c3aadda,ok,0,0,0,0,0,0,11.9845,10.976,2.7258,2.0438,1.555,1,1,,8450,3.39
grid2:halfRNS,,,PR16_x1,holdout,4,1035,headon,vfield,7a9c3aadda,ok,0,0,0,0,0,0,10.8059,9.808,2.7258,2.0438,1.555,1,1,,8450,3.42
grid2:halfRNS,,,PR16_x1,holdout,4,1037,headon,vfield,7a9c3aadda,ok,0,0,0,0,0,0,10.0828,12.2599,2.7258,2.0438,1.555,1,1,,8450,3.42
grid2:halfRNS,,,PR16_x1,holdout,4,1039,headon,vfield,7a9c3aadda,ok,0,0,0,0,0,0,12.8341,8.5492,2.7258,2.0438,1.555,1,1,,8450,3.42
grid2:halfRNS,,,PR16_x1,holdout,4,1041,headon,vfield,7a9c3aadda,ok,0,0,0,0,0,0,9.347,7.1689,2.7258,2.0438,1.555,1,1,,8450,3.43
grid2:halfRNS,,,PR16_x1,holdout,4,1043,headon,vfield,7a9c3aadda,ok,0,0,0,0,0,0,9.1334,12.4092,2.7258,2.0438,1.555,1,1,,8450,3.39
grid2:halfRNS,,,PR16_x1,holdout,4,1045,headon,vfield,7a9c3aadda,ok,0,0,0,0,0,0,12.0091,8.6591,2.7258,2.0438,1.555,1,1,,8450,3.41
grid2:halfRNS,,,PR16_x1,holdout,4,1047,headon,vfield,7a9c3aadda,ok,0,0,0,0,0,0,10.705,14.1084,2.7258,2.0438,1.555,1,1,,8450,3.41
grid2:halfRNS,,,PR16_x1,holdout,4,1049,headon,vfield,7a9c3aadda,ok,0,0,0,0,0,0,11.4898,10.5077,2.7258,2.0438,1.555,1,1,,8450,3.39
grid2:halfRNS,,,PR16_x1,holdout,4,1051,headon,vfield,7a9c3aadda,ok,0,0,0,0,0,0,10.682,12.7315,2.7258,2.0438,1.555,1,1,,8450,3.41
grid2:halfRNS,,,PR16_x1,holdout,4,1053,headon,vfield,7a9c3aadda,ok,0,0,0,0,0,0,8.0618,1.2707,2.7258,2.0438,1.555,1,1,,8450,3.4
grid2:halfRNS,,,PR16_x1,holdout,4,1055,headon,vfield,7a9c3aadda,ok,0,0,0,0,0,0,10.2137,12.2579,2.7258,2.0438,1.555,1,1,,8450,3.41
grid2:halfRNS,,,PR16_x1,holdout,4,1057,headon,vfield,7a9c3aadda,ok,0,0,0,0,0,0,12.4143,5.0661,2.7258,2.0438,1.555,1,1,,8450,3.42
grid2:halfRNS,,,PR16_x1,holdout,4,1059,headon,vfield,7a9c3aadda,ok,0,0,0,0,0,0,11.2417,10.5283,2.7258,2.0438,1.555,1,1,,8450,3.38
grid2:halfRNS,,,PR16_x1.25,holdout,4,1001,headon,vfield,f4ca73a442,ok,0,0,0,0,0,0,11.3199,12.4816,2.7258,2.0438,1.555,1,1,,8450,3.43
grid2:halfRNS,,,PR16_x1.25,holdout,4,1003,headon,vfield,f4ca73a442,ok,0,0,0,0,0,0,12.0942,11.446,2.7258,2.0438,1.555,1,1,,8450,3.41
grid2:halfRNS,,,PR16_x1.25,holdout,4,1005,headon,vfield,f4ca73a442,ok,1,0,1,0,0,0,10.8396,0.3467,2.7258,2.0438,1.555,1,1,18.26,8450,3.41
grid2:halfRNS,,,PR16_x1.25,holdout,4,1007,headon,vfield,f4ca73a442,ok,0,0,0,0,0,0,12.1566,9.3959,2.7258,2.0438,1.555,1,1,,8450,3.43
grid2:halfRNS,,,PR16_x1.25,holdout,4,1009,headon,vfield,f4ca73a442,ok,0,0,0,0,0,0,11.5758,8.9654,2.7258,2.0438,1.555,1,1,,8450,3.39
grid2:halfRNS,,,PR16_x1.25,holdout,4,1011,headon,vfield,f4ca73a442,ok,0,0,0,0,0,0,10.9342,13.1909,2.7258,2.0438,1.555,1,1,,8450,3.41
grid2:halfRNS,,,PR16_x1.25,holdout,4,1013,headon,vfield,f4ca73a442,ok,0,0,0,0,0,0,11.9054,8.9124,2.7258,2.0438,1.555,1,1,,8450,3.45
grid2:halfRNS,,,PR16_x1.25,holdout,4,1015,headon,vfield,f4ca73a442,ok,0,0,0,0,0,0,11.1997,12.2541,2.7258,2.0438,1.555,1,1,,8450,3.39
grid2:halfRNS,,,PR16_x1.25,holdout,4,1017,headon,vfield,f4ca73a442,ok,0,0,0,0,0,0,11.7383,11.9257,2.7258,2.0438,1.555,1,1,,8450,3.42
grid2:halfRNS,,,PR16_x1.25,holdout,4,1019,headon,vfield,f4ca73a442,ok,0,0,0,0,0,0,12.3743,9.331,2.7258,2.0438,1.555,1,1,,8450,3.39
grid2:halfRNS,,,PR16_x1.25,holdout,4,1021,headon,vfield,f4ca73a442,ok,0,0,0,0,0,0,8.1666,12.7306,2.7258,2.0438,1.555,1,1,,8450,3.4
grid2:halfRNS,,,PR16_x1.25,holdout,4,1023,headon,vfield,f4ca73a442,ok,0,0,0,0,0,0,12.2905,12.2211,2.7258,2.0438,1.555,1,1,,8450,3.39
grid2:halfRNS,,,PR16_x1.25,holdout,4,1025,headon,vfield,f4ca73a442,ok,0,0,0,0,0,0,11.3073,11.6644,2.7258,2.0438,1.555,1,1,,8450,3.41
grid2:halfRNS,,,PR16_x1.25,holdout,4,1027,headon,vfield,f4ca73a442,ok,0,0,0,0,0,0,9.6701,10.599,2.7258,2.0438,1.555,1,1,,8450,3.41
grid2:halfRNS,,,PR16_x1.25,holdout,4,1029,headon,vfield,f4ca73a442,ok,0,0,0,0,0,0,7.3319,9.2846,2.7258,2.0438,1.555,1,1,,8450,3.39
grid2:halfRNS,,,PR16_x1.25,holdout,4,1031,headon,vfield,f4ca73a442,ok,0,0,0,0,0,0,12.0284,8.2504,2.7258,2.0438,1.555,1,1,,8450,3.43
grid2:halfRNS,,,PR16_x1.25,holdout,4,1033,headon,vfield,f4ca73a442,ok,0,0,0,0,0,0,12.1162,12.4692,2.7258,2.0438,1.555,1,1,,8450,3.41
grid2:halfRNS,,,PR16_x1.25,holdout,4,1035,headon,vfield,f4ca73a442,ok,0,0,0,0,0,0,10.128,4.3881,2.7258,2.0438,1.555,1,1,,8450,3.39
grid2:halfRNS,,,PR16_x1.25,holdout,4,1037,headon,vfield,f4ca73a442,ok,0,0,0,0,0,0,9.4943,13.5702,2.7258,2.0438,1.555,1,1,,8450,3.41
grid2:halfRNS,,,PR16_x1.25,holdout,4,1039,headon,vfield,f4ca73a442,ok,0,0,0,0,0,0,12.3851,8.8427,2.7258,2.0438,1.555,1,1,,8450,3.4
grid2:halfRNS,,,PR16_x1.25,holdout,4,1041,headon,vfield,f4ca73a442,ok,0,0,0,0,0,0,11.954,5.8727,2.7258,2.0438,1.555,1,1,,8450,3.39
grid2:halfRNS,,,PR16_x1.25,holdout,4,1043,headon,vfield,f4ca73a442,ok,1,0,1,0,0,0,5.3523,0.7077,2.7258,2.0438,1.555,1,1,33.46,8450,3.43
grid2:halfRNS,,,PR16_x1.25,holdout,4,1045,headon,vfield,f4ca73a442,ok,0,0,0,0,0,0,10.8364,9.0078,2.7258,2.0438,1.555,1,1,,8450,3.4
grid2:halfRNS,,,PR16_x1.25,holdout,4,1047,headon,vfield,f4ca73a442,ok,0,0,0,0,0,0,12.9898,11.5364,2.7258,2.0438,1.555,1,1,,8450,3.41
grid2:halfRNS,,,PR16_x1.25,holdout,4,1049,headon,vfield,f4ca73a442,ok,0,0,0,0,0,0,11.0276,12.1836,2.7258,2.0438,1.555,1,1,,8450,3.42
grid2:halfRNS,,,PR16_x1.25,holdout,4,1051,headon,vfield,f4ca73a442,ok,0,0,0,0,0,0,11.3613,9.331,2.7258,2.0438,1.555,1,1,,8450,3.39
grid2:halfRNS,,,PR16_x1.25,holdout,4,1053,headon,vfield,f4ca73a442,ok,0,0,0,0,0,0,11.5111,8.0458,2.7258,2.0438,1.555,1,1,,8450,3.43
grid2:halfRNS,,,PR16_x1.25,holdout,4,1055,headon,vfield,f4ca73a442,ok,0,0,0,0,0,0,11.639,12.3865,2.7258,2.0438,1.555,1,1,,8450,3.41
grid2:halfRNS,,,PR16_x1.25,holdout,4,1057,headon,vfield,f4ca73a442,ok,0,0,0,0,0,0,11.4526,9.8104,2.7258,2.0438,1.555,1,1,,8450,3.4
grid2:halfRNS,,,PR16_x1.25,holdout,4,1059,headon,vfield,f4ca73a442,ok,0,0,0,0,0,0,10.5616,11.2628,2.7258,2.0438,1.555,1,1,,8450,3.41
grid2:halfRNS,,,PR16_x1.5,holdout,4,1001,headon,vfield,37b1896e00,ok,0,0,0,0,0,0,9.4337,11.2012,2.7258,2.0438,1.555,1,1,,8450,3.4
grid2:halfRNS,,,PR16_x1.5,holdout,4,1003,headon,vfield,37b1896e00,ok,0,0,0,0,0,0,11.9377,12.6083,2.7258,2.0438,1.555,1,1,,8450,3.41
grid2:halfRNS,,,PR16_x1.5,holdout,4,1005,headon,vfield,37b1896e00,ok,0,0,0,0,0,0,12.1039,14.0622,2.7258,2.0438,1.555,1,1,,8450,3.41
grid2:halfRNS,,,PR16_x1.5,holdout,4,1007,headon,vfield,37b1896e00,ok,0,0,0,0,0,0,11.1778,9.9476,2.7258,2.0438,1.555,1,1,,8450,3.4
grid2:halfRNS,,,PR16_x1.5,holdout,4,1009,headon,vfield,37b1896e00,ok,0,0,0,0,0,0,10.1509,9.358,2.7258,2.0438,1.555,1,1,,8450,3.42
grid2:halfRNS,,,PR16_x1.5,holdout,4,1011,headon,vfield,37b1896e00,ok,0,0,0,0,0,0,10.5156,12.6038,2.7258,2.0438,1.555,1,1,,8450,3.4
grid2:halfRNS,,,PR16_x1.5,holdout,4,1013,headon,vfield,37b1896e00,ok,0,0,0,0,0,0,11.6654,9.2851,2.7258,2.0438,1.555,1,1,,8450,3.39
grid2:halfRNS,,,PR16_x1.5,holdout,4,1015,headon,vfield,37b1896e00,ok,0,0,0,0,0,0,11.3345,10.4086,2.7258,2.0438,1.555,1,1,,8450,3.42
grid2:halfRNS,,,PR16_x1.5,holdout,4,1017,headon,vfield,37b1896e00,ok,0,0,0,0,0,0,11.7884,13.2343,2.7258,2.0438,1.555,1,1,,8450,3.4
grid2:halfRNS,,,PR16_x1.5,holdout,4,1019,headon,vfield,37b1896e00,ok,0,0,0,0,0,0,11.9932,7.1724,2.7258,2.0438,1.555,1,1,,8450,3.41
grid2:halfRNS,,,PR16_x1.5,holdout,4,1021,headon,vfield,37b1896e00,ok,0,0,0,0,0,0,12.7543,13.6226,2.7258,2.0438,1.555,1,1,,8450,3.42
grid2:halfRNS,,,PR16_x1.5,holdout,4,1023,headon,vfield,37b1896e00,ok,0,0,0,0,0,0,12.299,7.3489,2.7258,2.0438,1.555,1,1,,8450,3.4
grid2:halfRNS,,,PR16_x1.5,holdout,4,1025,headon,vfield,37b1896e00,ok,0,0,0,0,0,0,11.6076,11.5483,2.7258,2.0438,1.555,1,1,,8450,3.42
grid2:halfRNS,,,PR16_x1.5,holdout,4,1027,headon,vfield,37b1896e00,ok,0,0,0,0,0,0,11.6919,5.7795,2.7258,2.0438,1.555,1,1,,8450,3.42
grid2:halfRNS,,,PR16_x1.5,holdout,4,1029,headon,vfield,37b1896e00,ok,0,0,0,0,0,0,7.9322,9.9823,2.7258,2.0438,1.555,1,1,,8450,3.41
grid2:halfRNS,,,PR16_x1.5,holdout,4,1031,headon,vfield,37b1896e00,ok,0,0,0,0,0,0,11.8831,6.9117,2.7258,2.0438,1.555,1,1,,8450,3.4
grid2:halfRNS,,,PR16_x1.5,holdout,4,1033,headon,vfield,37b1896e00,ok,0,0,0,0,0,0,12.4088,13.4183,2.7258,2.0438,1.555,1,1,,8450,3.45
grid2:halfRNS,,,PR16_x1.5,holdout,4,1035,headon,vfield,37b1896e00,ok,0,0,0,0,0,0,10.8985,11.6794,2.7258,2.0438,1.555,1,1,,8450,3.47
grid2:halfRNS,,,PR16_x1.5,holdout,4,1037,headon,vfield,37b1896e00,ok,0,0,0,0,0,0,11.377,11.7472,2.7258,2.0438,1.555,1,1,,8450,3.44
grid2:halfRNS,,,PR16_x1.5,holdout,4,1039,headon,vfield,37b1896e00,ok,0,0,0,0,0,0,10.7939,9.1887,2.7258,2.0438,1.555,1,1,,8450,3.49
grid2:halfRNS,,,PR16_x1.5,holdout,4,1041,headon,vfield,37b1896e00,ok,0,0,0,0,0,0,11.1256,12.6751,2.7258,2.0438,1.555,1,1,,8450,3.46
grid2:halfRNS,,,PR16_x1.5,holdout,4,1043,headon,vfield,37b1896e00,ok,0,0,0,0,0,0,11.8946,11.4224,2.7258,2.0438,1.555,1,1,,8450,3.41
grid2:halfRNS,,,PR16_x1.5,holdout,4,1045,headon,vfield,37b1896e00,ok,0,0,0,0,0,0,12.1344,9.4163,2.7258,2.0438,1.555,1,1,,8450,3.43
grid2:halfRNS,,,PR16_x1.5,holdout,4,1047,headon,vfield,37b1896e00,ok,0,0,0,0,0,0,13.7816,13.4504,2.7258,2.0438,1.555,1,1,,8450,3.41
grid2:halfRNS,,,PR16_x1.5,holdout,4,1049,headon,vfield,37b1896e00,ok,0,0,0,0,0,0,12.7207,13.0485,2.7258,2.0438,1.555,1,1,,8450,3.41
grid2:halfRNS,,,PR16_x1.5,holdout,4,1051,headon,vfield,37b1896e00,ok,0,0,0,0,0,0,11.8748,12.8847,2.7258,2.0438,1.555,1,1,,8450,3.43
grid2:halfRNS,,,PR16_x1.5,holdout,4,1053,headon,vfield,37b1896e00,ok,0,0,0,0,0,0,7.4363,8.0652,2.7258,2.0438,1.555,1,1,,8450,3.42
grid2:halfRNS,,,PR16_x1.5,holdout,4,1055,headon,vfield,37b1896e00,ok,0,0,0,0,0,0,10.8558,14.2527,2.7258,2.0438,1.555,1,1,,8450,3.42
grid2:halfRNS,,,PR16_x1.5,holdout,4,1057,headon,vfield,37b1896e00,ok,0,0,0,0,0,0,9.2225,11.2708,2.7258,2.0438,1.555,1,1,,8450,3.44
grid2:halfRNS,,,PR16_x1.5,holdout,4,1059,headon,vfield,37b1896e00,ok,0,0,0,0,0,0,10.0526,12.8994,2.7258,2.0438,1.555,1,1,,8450,3.42
grid2:halfRNS,,,PR16_x2,holdout,4,1001,headon,vfield,1cd0a24834,ok,0,0,0,0,0,0,11.6748,10.3662,2.7258,2.0438,1.555,1,1,,8450,3.45
grid2:halfRNS,,,PR16_x2,holdout,4,1003,headon,vfield,1cd0a24834,ok,0,0,0,0,0,0,11.769,11.354,2.7258,2.0438,1.555,1,1,,8450,3.5
grid2:halfRNS,,,PR16_x2,holdout,4,1005,headon,vfield,1cd0a24834,ok,0,0,0,0,0,0,13.5156,13.7982,2.7258,2.0438,1.555,1,1,,8450,3.41
grid2:halfRNS,,,PR16_x2,holdout,4,1007,headon,vfield,1cd0a24834,ok,0,0,0,0,0,0,12.859,8.577,2.7258,2.0438,1.555,1,1,,8450,3.98
grid2:halfRNS,,,PR16_x2,holdout,4,1009,headon,vfield,1cd0a24834,ok,0,0,0,0,0,0,12.475,3.6003,2.7258,2.0438,1.555,1,1,,8450,3.4
grid2:halfRNS,,,PR16_x2,holdout,4,1011,headon,vfield,1cd0a24834,ok,0,0,0,0,0,0,12.5447,11.9386,2.7258,2.0438,1.555,1,1,,8450,3.44
grid2:halfRNS,,,PR16_x2,holdout,4,1013,headon,vfield,1cd0a24834,ok,0,0,0,0,0,0,12.0622,10.1723,2.7258,2.0438,1.555,1,1,,8450,3.72
grid2:halfRNS,,,PR16_x2,holdout,4,1015,headon,vfield,1cd0a24834,ok,0,0,0,0,0,0,11.4824,11.4395,2.7258,2.0438,1.555,1,1,,8450,3.41
grid2:halfRNS,,,PR16_x2,holdout,4,1017,headon,vfield,1cd0a24834,ok,0,0,0,0,0,0,11.3961,12.3192,2.7258,2.0438,1.555,1,1,,8450,3.45
grid2:halfRNS,,,PR16_x2,holdout,4,1019,headon,vfield,1cd0a24834,ok,0,0,0,0,0,0,12.7692,10.7277,2.7258,2.0438,1.555,1,1,,8450,3.41
grid2:halfRNS,,,PR16_x2,holdout,4,1021,headon,vfield,1cd0a24834,ok,0,0,0,0,0,0,12.8289,12.6144,2.7258,2.0438,1.555,1,1,,8450,3.43
grid2:halfRNS,,,PR16_x2,holdout,4,1023,headon,vfield,1cd0a24834,ok,0,0,0,0,0,0,11.6375,10.8724,2.7258,2.0438,1.555,1,1,,8450,3.4
grid2:halfRNS,,,PR16_x2,holdout,4,1025,headon,vfield,1cd0a24834,ok,0,0,0,0,0,0,11.0416,11.408,2.7258,2.0438,1.555,1,1,,8450,3.44
grid2:halfRNS,,,PR16_x2,holdout,4,1027,headon,vfield,1cd0a24834,ok,0,0,0,0,0,0,13.1304,6.3621,2.7258,2.0438,1.555,1,1,,8450,3.42
grid2:halfRNS,,,PR16_x2,holdout,4,1029,headon,vfield,1cd0a24834,ok,0,0,0,0,0,0,12.0813,12.9773,2.7258,2.0438,1.555,1,1,,8450,3.4
grid2:halfRNS,,,PR16_x2,holdout,4,1031,headon,vfield,1cd0a24834,ok,0,0,0,0,0,0,10.9639,8.6241,2.7258,2.0438,1.555,1,1,,8450,3.42
grid2:halfRNS,,,PR16_x2,holdout,4,1033,headon,vfield,1cd0a24834,ok,0,0,0,0,0,0,11.1302,11.7232,2.7258,2.0438,1.555,1,1,,8450,3.4
grid2:halfRNS,,,PR16_x2,holdout,4,1035,headon,vfield,1cd0a24834,ok,0,0,0,0,0,0,12.527,12.4123,2.7258,2.0438,1.555,1,1,,8450,3.54
grid2:halfRNS,,,PR16_x2,holdout,4,1037,headon,vfield,1cd0a24834,ok,0,0,0,0,0,0,12.0514,3.7972,2.7258,2.0438,1.555,1,1,,8450,3.51
grid2:halfRNS,,,PR16_x2,holdout,4,1039,headon,vfield,1cd0a24834,ok,0,0,0,0,0,0,11.4122,10.0093,2.7258,2.0438,1.555,1,1,,8450,3.41
grid2:halfRNS,,,PR16_x2,holdout,4,1041,headon,vfield,1cd0a24834,ok,0,0,0,0,0,0,11.2503,11.8332,2.7258,2.0438,1.555,1,1,,8450,3.45
grid2:halfRNS,,,PR16_x2,holdout,4,1043,headon,vfield,1cd0a24834,ok,0,0,0,0,0,0,11.4843,10.294,2.7258,2.0438,1.555,1,1,,8450,3.41
grid2:halfRNS,,,PR16_x2,holdout,4,1045,headon,vfield,1cd0a24834,ok,0,0,0,0,0,0,12.208,10.3841,2.7258,2.0438,1.555,1,1,,8450,3.4
grid2:halfRNS,,,PR16_x2,holdout,4,1047,headon,vfield,1cd0a24834,ok,0,0,0,0,0,0,11.4083,11.772,2.7258,2.0438,1.555,1,1,,8450,3.43
grid2:halfRNS,,,PR16_x2,holdout,4,1049,headon,vfield,1cd0a24834,ok,0,0,0,0,0,0,12.0267,12.0741,2.7258,2.0438,1.555,1,1,,8450,3.39
grid2:halfRNS,,,PR16_x2,holdout,4,1051,headon,vfield,1cd0a24834,ok,0,0,0,0,0,0,11.5844,11.0701,2.7258,2.0438,1.555,1,1,,8450,3.42
grid2:halfRNS,,,PR16_x2,holdout,4,1053,headon,vfield,1cd0a24834,ok,0,0,0,0,0,0,11.7474,8.1146,2.7258,2.0438,1.555,1,1,,8450,3.41
grid2:halfRNS,,,PR16_x2,holdout,4,1055,headon,vfield,1cd0a24834,ok,0,0,0,0,0,0,11.4819,12.4558,2.7258,2.0438,1.555,1,1,,8450,3.4
grid2:halfRNS,,,PR16_x2,holdout,4,1057,headon,vfield,1cd0a24834,ok,0,0,0,0,0,0,12.3364,12.4536,2.7258,2.0438,1.555,1,1,,8450,3.42
grid2:halfRNS,,,PR16_x2,holdout,4,1059,headon,vfield,1cd0a24834,ok,0,0,0,0,0,0,11.6989,9.0408,2.7258,2.0438,1.555,1,1,,8450,3.4
grid2:halfRNS,,,PR20_x1,holdout,4,1001,headon,vfield,a25540e21e,ok,0,0,0,0,0,0,16.0851,12.4816,2.7258,2.0438,1.555,1,1,,8450,3.42
grid2:halfRNS,,,PR20_x1,holdout,4,1003,headon,vfield,a25540e21e,ok,0,0,0,0,0,0,15.5479,11.446,2.7258,2.0438,1.555,1,1,,8450,3.41
grid2:halfRNS,,,PR20_x1,holdout,4,1005,headon,vfield,a25540e21e,ok,0,0,0,0,0,0,16.3866,3.2861,2.7258,2.0438,1.555,1,1,,8450,3.39
grid2:halfRNS,,,PR20_x1,holdout,4,1007,headon,vfield,a25540e21e,ok,0,0,0,0,0,0,3.7873,9.3959,2.7258,2.0438,1.555,1,1,,8450,3.45
grid2:halfRNS,,,PR20_x1,holdout,4,1009,headon,vfield,a25540e21e,ok,0,0,0,0,0,0,15.7133,8.9654,2.7258,2.0438,1.555,1,1,,8450,3.42
grid2:halfRNS,,,PR20_x1,holdout,4,1011,headon,vfield,a25540e21e,ok,0,0,0,0,0,0,15.8813,14.3687,2.7258,2.0438,1.555,1,1,,8450,3.39
grid2:halfRNS,,,PR20_x1,holdout,4,1013,headon,vfield,a25540e21e,ok,0,0,0,0,0,0,14.1378,8.9124,2.7258,2.0438,1.555,1,1,,8450,3.43
grid2:halfRNS,,,PR20_x1,holdout,4,1015,headon,vfield,a25540e21e,ok,0,0,0,0,0,0,15.8228,14.8115,2.7258,2.0438,1.555,1,1,,8450,3.4
grid2:halfRNS,,,PR20_x1,holdout,4,1017,headon,vfield,a25540e21e,ok,0,0,0,0,0,0,14.5708,17.1415,2.7258,2.0438,1.555,1,1,,8450,3.41
grid2:halfRNS,,,PR20_x1,holdout,4,1019,headon,vfield,a25540e21e,ok,0,0,0,0,0,0,15.9986,9.331,2.7258,2.0438,1.555,1,1,,8450,3.47
grid2:halfRNS,,,PR20_x1,holdout,4,1021,headon,vfield,a25540e21e,ok,0,0,0,0,0,0,14.0893,18.0162,2.7258,2.0438,1.555,1,1,,8450,3.4
grid2:halfRNS,,,PR20_x1,holdout,4,1023,headon,vfield,a25540e21e,ok,0,0,0,0,0,0,12.3826,1.8997,2.7258,2.0438,1.555,1,1,,8450,3.46
grid2:halfRNS,,,PR20_x1,holdout,4,1025,headon,vfield,a25540e21e,ok,0,0,0,0,0,0,16.6734,14.7474,2.7258,2.0438,1.555,1,1,,8450,3.41
grid2:halfRNS,,,PR20_x1,holdout,4,1027,headon,vfield,a25540e21e,ok,0,0,0,0,0,0,15.2653,17.7106,2.7258,2.0438,1.555,1,1,,8450,3.4
grid2:halfRNS,,,PR20_x1,holdout,4,1029,headon,vfield,a25540e21e,ok,0,0,0,0,0,0,16.4833,6.0978,2.7258,2.0438,1.555,1,1,,8450,3.42
grid2:halfRNS,,,PR20_x1,holdout,4,1031,headon,vfield,a25540e21e,ok,0,0,0,0,0,0,13.8773,3.8076,2.7258,2.0438,1.555,1,1,,8450,3.4
grid2:halfRNS,,,PR20_x1,holdout,4,1033,headon,vfield,a25540e21e,ok,0,0,0,0,0,0,16.7016,4.1053,2.7258,2.0438,1.555,1,1,,8450,3.4
grid2:halfRNS,,,PR20_x1,holdout,4,1035,headon,vfield,a25540e21e,ok,0,0,0,0,0,0,14.7448,9.5588,2.7258,2.0438,1.555,1,1,,8450,3.43
grid2:halfRNS,,,PR20_x1,holdout,4,1037,headon,vfield,a25540e21e,ok,0,0,0,0,0,0,14.8928,17.1703,2.7258,2.0438,1.555,1,1,,8450,3.42
grid2:halfRNS,,,PR20_x1,holdout,4,1039,headon,vfield,a25540e21e,ok,0,0,0,0,0,0,16.7162,8.8426,2.7258,2.0438,1.555,1,1,,8450,3.4
grid2:halfRNS,,,PR20_x1,holdout,4,1041,headon,vfield,a25540e21e,ok,0,0,0,0,0,0,15.7393,12.2506,2.7258,2.0438,1.555,1,1,,8450,3.4
grid2:halfRNS,,,PR20_x1,holdout,4,1043,headon,vfield,a25540e21e,ok,0,0,0,0,0,0,16.1371,14.3036,2.7258,2.0438,1.555,1,1,,8450,3.4
grid2:halfRNS,,,PR20_x1,holdout,4,1045,headon,vfield,a25540e21e,ok,0,0,0,0,0,0,14.9466,9.0078,2.7258,2.0438,1.555,1,1,,8450,3.41
grid2:halfRNS,,,PR20_x1,holdout,4,1047,headon,vfield,a25540e21e,ok,0,0,0,0,0,0,14.103,18.0633,2.7258,2.0438,1.555,1,1,,8450,3.4
grid2:halfRNS,,,PR20_x1,holdout,4,1049,headon,vfield,a25540e21e,ok,0,0,0,0,0,0,13.8528,15.0892,2.7258,2.0438,1.555,1,1,,8450,3.41
grid2:halfRNS,,,PR20_x1,holdout,4,1051,headon,vfield,a25540e21e,ok,0,0,0,0,0,0,13.549,16.6094,2.7258,2.0438,1.555,1,1,,8450,3.38
grid2:halfRNS,,,PR20_x1,holdout,4,1053,headon,vfield,a25540e21e,ok,0,0,0,0,0,0,13.2188,5.4355,2.7258,2.0438,1.555,1,1,,8450,3.42
grid2:halfRNS,,,PR20_x1,holdout,4,1055,headon,vfield,a25540e21e,ok,0,0,0,0,0,0,16.8462,14.5485,2.7258,2.0438,1.555,1,1,,8450,3.45
grid2:halfRNS,,,PR20_x1,holdout,4,1057,headon,vfield,a25540e21e,ok,0,0,0,0,0,0,15.285,12.4298,2.7258,2.0438,1.555,1,1,,8450,3.4
grid2:halfRNS,,,PR20_x1,holdout,4,1059,headon,vfield,a25540e21e,ok,0,0,0,0,0,0,13.8533,11.7124,2.7258,2.0438,1.555,1,1,,8450,3.41
grid2:halfRNS,,,PR20_x1.25,holdout,4,1001,headon,vfield,cd72139706,ok,0,0,0,0,0,0,14.6888,14.4013,2.7258,2.0438,1.555,1,1,,8450,3.44
grid2:halfRNS,,,PR20_x1.25,holdout,4,1003,headon,vfield,cd72139706,ok,0,0,0,0,0,0,16.0902,12.9879,2.7258,2.0438,1.555,1,1,,8450,3.38
grid2:halfRNS,,,PR20_x1.25,holdout,4,1005,headon,vfield,cd72139706,ok,0,0,0,0,0,0,15.5584,14.8642,2.7258,2.0438,1.555,1,1,,8450,3.41
grid2:halfRNS,,,PR20_x1.25,holdout,4,1007,headon,vfield,cd72139706,ok,0,0,0,0,0,0,15.5896,10.0959,2.7258,2.0438,1.555,1,1,,8450,3.42
grid2:halfRNS,,,PR20_x1.25,holdout,4,1009,headon,vfield,cd72139706,ok,0,0,0,0,0,0,15.1172,1.4359,2.7258,2.0438,1.555,1,1,,8450,3.39
grid2:halfRNS,,,PR20_x1.25,holdout,4,1011,headon,vfield,cd72139706,ok,0,0,0,0,0,0,15.7061,11.8905,2.7258,2.0438,1.555,1,1,,8450,3.41
grid2:halfRNS,,,PR20_x1.25,holdout,4,1013,headon,vfield,cd72139706,ok,0,0,0,0,0,0,15.4604,9.3862,2.7258,2.0438,1.555,1,1,,8450,3.4
grid2:halfRNS,,,PR20_x1.25,holdout,4,1015,headon,vfield,cd72139706,ok,0,0,0,0,0,0,16.0376,14.5723,2.7258,2.0438,1.555,1,1,,8450,3.41
grid2:halfRNS,,,PR20_x1.25,holdout,4,1017,headon,vfield,cd72139706,ok,0,0,0,0,0,0,14.7785,12.9337,2.7258,2.0438,1.555,1,1,,8450,3.4
grid2:halfRNS,,,PR20_x1.25,holdout,4,1019,headon,vfield,cd72139706,ok,0,0,0,0,0,0,13.6543,4.201,2.7258,2.0438,1.555,1,1,,8450,3.4
grid2:halfRNS,,,PR20_x1.25,holdout,4,1021,headon,vfield,cd72139706,ok,0,0,0,0,0,0,15.7882,18.29,2.7258,2.0438,1.555,1,1,,8450,3.42
grid2:halfRNS,,,PR20_x1.25,holdout,4,1023,headon,vfield,cd72139706,ok,0,0,0,0,0,0,11.8109,16.7169,2.7258,2.0438,1.555,1,1,,8450,3.39
grid2:halfRNS,,,PR20_x1.25,holdout,4,1025,headon,vfield,cd72139706,ok,0,0,0,0,0,0,9.5619,13.2376,2.7258,2.0438,1.555,1,1,,8450,3.42
grid2:halfRNS,,,PR20_x1.25,holdout,4,1027,headon,vfield,cd72139706,ok,0,0,0,0,0,0,15.5588,14.4128,2.7258,2.0438,1.555,1,1,,8450,3.4
grid2:halfRNS,,,PR20_x1.25,holdout,4,1029,headon,vfield,cd72139706,ok,0,0,0,0,0,0,14.6905,16.4464,2.7258,2.0438,1.555,1,1,,8450,3.41
grid2:halfRNS,,,PR20_x1.25,holdout,4,1031,headon,vfield,cd72139706,ok,1,0,1,0,0,0,16.3359,0.7277,2.7258,2.0438,1.555,1,1,39.96,8450,3.41
grid2:halfRNS,,,PR20_x1.25,holdout,4,1033,headon,vfield,cd72139706,ok,0,0,0,0,0,0,16.8314,10.223,2.7258,2.0438,1.555,1,1,,8450,3.41
grid2:halfRNS,,,PR20_x1.25,holdout,4,1035,headon,vfield,cd72139706,ok,0,0,0,0,0,0,14.5696,11.9401,2.7258,2.0438,1.555,1,1,,8450,3.41
grid2:halfRNS,,,PR20_x1.25,holdout,4,1037,headon,vfield,cd72139706,ok,0,0,0,0,0,0,14.9715,15.7014,2.7258,2.0438,1.555,1,1,,8450,3.42
grid2:halfRNS,,,PR20_x1.25,holdout,4,1039,headon,vfield,cd72139706,ok,0,0,0,0,0,0,14.456,9.2827,2.7258,2.0438,1.555,1,1,,8450,3.39
grid2:halfRNS,,,PR20_x1.25,holdout,4,1041,headon,vfield,cd72139706,ok,0,0,0,0,0,0,16.3977,14.0882,2.7258,2.0438,1.555,1,1,,8450,3.41
grid2:halfRNS,,,PR20_x1.25,holdout,4,1043,headon,vfield,cd72139706,ok,0,0,0,0,0,0,14.9422,15.9604,2.7258,2.0438,1.555,1,1,,8450,3.41
grid2:halfRNS,,,PR20_x1.25,holdout,4,1045,headon,vfield,cd72139706,ok,0,0,0,0,0,0,16.9732,9.527,2.7258,2.0438,1.555,1,1,,8450,3.39
grid2:halfRNS,,,PR20_x1.25,holdout,4,1047,headon,vfield,cd72139706,ok,0,0,0,0,0,0,14.3092,17.9216,2.7258,2.0438,1.555,1,1,,8450,3.42
grid2:halfRNS,,,PR20_x1.25,holdout,4,1049,headon,vfield,cd72139706,ok,0,0,0,0,0,0,14.627,14.9236,2.7258,2.0438,1.555,1,1,,8450,3.4
grid2:halfRNS,,,PR20_x1.25,holdout,4,1051,headon,vfield,cd72139706,ok,0,0,0,0,0,0,16.5374,17.2764,2.7258,2.0438,1.555,1,1,,8450,3.41
grid2:halfRNS,,,PR20_x1.25,holdout,4,1053,headon,vfield,cd72139706,ok,0,0,0,0,0,0,15.6254,8.0707,2.7258,2.0438,1.555,1,1,,8450,3.43
grid2:halfRNS,,,PR20_x1.25,holdout,4,1055,headon,vfield,cd72139706,ok,0,0,0,0,0,0,16.27,16.5354,2.7258,2.0438,1.555,1,1,,8450,3.39
grid2:halfRNS,,,PR20_x1.25,holdout,4,1057,headon,vfield,cd72139706,ok,0,0,0,0,0,0,13.7293,9.7915,2.7258,2.0438,1.555,1,1,,8450,3.43
grid2:halfRNS,,,PR20_x1.25,holdout,4,1059,headon,vfield,cd72139706,ok,0,0,0,0,0,0,10.5931,13.3541,2.7258,2.0438,1.555,1,1,,8450,3.38
grid2:halfRNS,,,PR20_x1.5,holdout,4,1001,headon,vfield,d6386dc0bc,ok,0,0,0,0,0,0,15.3707,16.4453,2.7258,2.0438,1.555,1,1,,8450,3.4
grid2:halfRNS,,,PR20_x1.5,holdout,4,1003,headon,vfield,d6386dc0bc,ok,0,0,0,0,0,0,15.3577,8.2222,2.7258,2.0438,1.555,1,1,,8450,3.41
grid2:halfRNS,,,PR20_x1.5,holdout,4,1005,headon,vfield,d6386dc0bc,ok,0,0,0,0,0,0,15.7679,16.1581,2.7258,2.0438,1.555,1,1,,8450,3.38
grid2:halfRNS,,,PR20_x1.5,holdout,4,1007,headon,vfield,d6386dc0bc,ok,0,0,0,0,0,0,16.4075,10.8904,2.7258,2.0438,1.555,1,1,,8450,3.44
grid2:halfRNS,,,PR20_x1.5,holdout,4,1009,headon,vfield,d6386dc0bc,ok,0,0,0,0,0,0,14.7155,10.0407,2.7258,2.0438,1.555,1,1,,8450,3.43
grid2:halfRNS,,,PR20_x1.5,holdout,4,1011,headon,vfield,d6386dc0bc,ok,0,0,0,0,0,0,16.6886,16.4356,2.7258,2.0438,1.555,1,1,,8450,3.4
grid2:halfRNS,,,PR20_x1.5,holdout,4,1013,headon,vfield,d6386dc0bc,ok,0,0,0,0,0,0,16.0585,9.9346,2.7258,2.0438,1.555,1,1,,8450,3.43
grid2:halfRNS,,,PR20_x1.5,holdout,4,1015,headon,vfield,d6386dc0bc,ok,0,0,0,0,0,0,17.1586,16.0339,2.7258,2.0438,1.555,1,1,,8450,3.41
grid2:halfRNS,,,PR20_x1.5,holdout,4,1017,headon,vfield,d6386dc0bc,ok,0,0,0,0,0,0,15.2495,16.3987,2.7258,2.0438,1.555,1,1,,8450,3.4
grid2:halfRNS,,,PR20_x1.5,holdout,4,1019,headon,vfield,d6386dc0bc,ok,0,0,0,0,0,0,15.7523,10.7644,2.7258,2.0438,1.555,1,1,,8450,3.47
grid2:halfRNS,,,PR20_x1.5,holdout,4,1021,headon,vfield,d6386dc0bc,ok,0,0,0,0,0,0,15.0232,14.5486,2.7258,2.0438,1.555,1,1,,8450,3.4
grid2:halfRNS,,,PR20_x1.5,holdout,4,1023,headon,vfield,d6386dc0bc,ok,0,0,0,0,0,0,15.1009,17.4166,2.7258,2.0438,1.555,1,1,,8450,3.41
grid2:halfRNS,,,PR20_x1.5,holdout,4,1025,headon,vfield,d6386dc0bc,ok,0,0,0,0,0,0,16.093,16.7593,2.7258,2.0438,1.555,1,1,,8450,3.39
grid2:halfRNS,,,PR20_x1.5,holdout,4,1027,headon,vfield,d6386dc0bc,ok,0,0,0,0,0,0,14.9722,16.3809,2.7258,2.0438,1.555,1,1,,8450,3.41
grid2:halfRNS,,,PR20_x1.5,holdout,4,1029,headon,vfield,d6386dc0bc,ok,0,0,0,0,0,0,15.1054,12.2101,2.7258,2.0438,1.555,1,1,,8450,3.42
grid2:halfRNS,,,PR20_x1.5,holdout,4,1031,headon,vfield,d6386dc0bc,ok,0,0,0,0,0,0,15.8152,8.5511,2.7258,2.0438,1.555,1,1,,8450,3.39
grid2:halfRNS,,,PR20_x1.5,holdout,4,1033,headon,vfield,d6386dc0bc,ok,0,0,0,0,0,0,14.8885,10.1054,2.7258,2.0438,1.555,1,1,,8450,3.41
grid2:halfRNS,,,PR20_x1.5,holdout,4,1035,headon,vfield,d6386dc0bc,ok,0,0,0,0,0,0,15.818,13.3087,2.7258,2.0438,1.555,1,1,,8450,3.42
grid2:halfRNS,,,PR20_x1.5,holdout,4,1037,headon,vfield,d6386dc0bc,ok,0,0,0,0,0,0,14.8484,16.3838,2.7258,2.0438,1.555,1,1,,8450,3.38
grid2:halfRNS,,,PR20_x1.5,holdout,4,1039,headon,vfield,d6386dc0bc,ok,0,0,0,0,0,0,16.1844,9.7878,2.7258,2.0438,1.555,1,1,,8450,3.41
grid2:halfRNS,,,PR20_x1.5,holdout,4,1041,headon,vfield,d6386dc0bc,ok,0,0,0,0,0,0,8.6648,16.0509,2.7258,2.0438,1.555,1,1,,8450,3.4
grid2:halfRNS,,,PR20_x1.5,holdout,4,1043,headon,vfield,d6386dc0bc,ok,0,0,0,0,0,0,14.4572,14.9056,2.7258,2.0438,1.555,1,1,,8450,3.4
grid2:halfRNS,,,PR20_x1.5,holdout,4,1045,headon,vfield,d6386dc0bc,ok,0,0,0,0,0,0,15.954,10.1255,2.7258,2.0438,1.555,1,1,,8450,3.4
grid2:halfRNS,,,PR20_x1.5,holdout,4,1047,headon,vfield,d6386dc0bc,ok,0,0,0,0,0,0,14.6836,17.2879,2.7258,2.0438,1.555,1,1,,8450,3.42
grid2:halfRNS,,,PR20_x1.5,holdout,4,1049,headon,vfield,d6386dc0bc,ok,0,0,0,0,0,0,12.559,16.6775,2.7258,2.0438,1.555,1,1,,8450,3.41
grid2:halfRNS,,,PR20_x1.5,holdout,4,1051,headon,vfield,d6386dc0bc,ok,0,0,0,0,0,0,15.2949,15.5991,2.7258,2.0438,1.555,1,1,,8450,3.41
grid2:halfRNS,,,PR20_x1.5,holdout,4,1053,headon,vfield,d6386dc0bc,ok,0,0,0,0,0,0,15.761,8.1009,2.7258,2.0438,1.555,1,1,,8450,3.43
grid2:halfRNS,,,PR20_x1.5,holdout,4,1055,headon,vfield,d6386dc0bc,ok,0,0,0,0,0,0,14.9741,17.3539,2.7258,2.0438,1.555,1,1,,8450,3.41
grid2:halfRNS,,,PR20_x1.5,holdout,4,1057,headon,vfield,d6386dc0bc,ok,0,0,0,0,0,0,16.2711,16.3581,2.7258,2.0438,1.555,1,1,,8450,3.39
grid2:halfRNS,,,PR20_x1.5,holdout,4,1059,headon,vfield,d6386dc0bc,ok,0,0,0,0,0,0,14.6121,15.1204,2.7258,2.0438,1.555,1,1,,8450,3.41
grid2:halfRNS,,,PR20_x2,holdout,4,1001,headon,vfield,375caa43b4,ok,0,0,0,0,0,0,16.5697,16.3047,2.7258,2.0438,1.555,1,1,,8450,3.42
grid2:halfRNS,,,PR20_x2,holdout,4,1003,headon,vfield,375caa43b4,ok,0,0,0,0,0,0,16.7826,10.2421,2.7258,2.0438,1.555,1,1,,8450,3.46
grid2:halfRNS,,,PR20_x2,holdout,4,1005,headon,vfield,375caa43b4,ok,0,0,0,0,0,0,15.4776,15.6713,2.7258,2.0438,1.555,1,1,,8450,3.41
grid2:halfRNS,,,PR20_x2,holdout,4,1007,headon,vfield,375caa43b4,ok,0,0,0,0,0,0,16.5333,3.6025,2.7258,2.0438,1.555,1,1,,8450,3.42
grid2:halfRNS,,,PR20_x2,holdout,4,1009,headon,vfield,375caa43b4,ok,0,0,0,0,0,0,15.3381,4.4181,2.7258,2.0438,1.555,1,1,,8450,3.41
grid2:halfRNS,,,PR20_x2,holdout,4,1011,headon,vfield,375caa43b4,ok,0,0,0,0,0,0,16.6689,15.0484,2.7258,2.0438,1.555,1,1,,8450,3.4
grid2:halfRNS,,,PR20_x2,holdout,4,1013,headon,vfield,375caa43b4,ok,0,0,0,0,0,0,15.3879,11.2103,2.7258,2.0438,1.555,1,1,,8450,3.41
grid2:halfRNS,,,PR20_x2,holdout,4,1015,headon,vfield,375caa43b4,ok,0,0,0,0,0,0,15.3671,15.1324,2.7258,2.0438,1.555,1,1,,8450,3.41
grid2:halfRNS,,,PR20_x2,holdout,4,1017,headon,vfield,375caa43b4,ok,0,0,0,0,0,0,15.4338,18.2423,2.7258,2.0438,1.555,1,1,,8450,3.4
grid2:halfRNS,,,PR20_x2,holdout,4,1019,headon,vfield,375caa43b4,ok,0,0,0,0,0,0,16.9056,5.6833,2.7258,2.0438,1.555,1,1,,8450,3.4
grid2:halfRNS,,,PR20_x2,holdout,4,1021,headon,vfield,375caa43b4,ok,0,0,0,0,0,0,16.3292,15.6778,2.7258,2.0438,1.555,1,1,,8450,3.4
grid2:halfRNS,,,PR20_x2,holdout,4,1023,headon,vfield,375caa43b4,ok,0,0,0,0,0,0,15.3327,17.62,2.7258,2.0438,1.555,1,1,,8450,3.41
grid2:halfRNS,,,PR20_x2,holdout,4,1025,headon,vfield,375caa43b4,ok,0,0,0,0,0,0,16.5588,15.4019,2.7258,2.0438,1.555,1,1,,8450,3.41
grid2:halfRNS,,,PR20_x2,holdout,4,1027,headon,vfield,375caa43b4,ok,0,0,0,0,0,0,16.5125,13.9925,2.7258,2.0438,1.555,1,1,,8450,3.4
grid2:halfRNS,,,PR20_x2,holdout,4,1029,headon,vfield,375caa43b4,ok,0,0,0,0,0,0,16.1409,15.3567,2.7258,2.0438,1.555,1,1,,8450,3.42
grid2:halfRNS,,,PR20_x2,holdout,4,1031,headon,vfield,375caa43b4,ok,0,0,0,0,0,0,16.039,8.9552,2.7258,2.0438,1.555,1,1,,8450,3.41
grid2:halfRNS,,,PR20_x2,holdout,4,1033,headon,vfield,375caa43b4,ok,0,0,0,0,0,0,16.5396,13.8539,2.7258,2.0438,1.555,1,1,,8450,3.4
grid2:halfRNS,,,PR20_x2,holdout,4,1035,headon,vfield,375caa43b4,ok,0,0,0,0,0,0,15.3827,16.2807,2.7258,2.0438,1.555,1,1,,8450,3.4
grid2:halfRNS,,,PR20_x2,holdout,4,1037,headon,vfield,375caa43b4,ok,0,0,0,0,0,0,15.8085,15.226,2.7258,2.0438,1.555,1,1,,8450,3.42
grid2:halfRNS,,,PR20_x2,holdout,4,1039,headon,vfield,375caa43b4,ok,0,0,0,0,0,0,16.6961,10.9565,2.7258,2.0438,1.555,1,1,,8450,3.41
grid2:halfRNS,,,PR20_x2,holdout,4,1041,headon,vfield,375caa43b4,ok,0,0,0,0,0,0,15.6985,15.8823,2.7258,2.0438,1.555,1,1,,8450,3.41
grid2:halfRNS,,,PR20_x2,holdout,4,1043,headon,vfield,375caa43b4,ok,0,0,0,0,0,0,15.1703,17.775,2.7258,2.0438,1.555,1,1,,8450,3.41
grid2:halfRNS,,,PR20_x2,holdout,4,1045,headon,vfield,375caa43b4,ok,0,0,0,0,0,0,16.3394,11.5093,2.7258,2.0438,1.555,1,1,,8450,3.41
grid2:halfRNS,,,PR20_x2,holdout,4,1047,headon,vfield,375caa43b4,ok,0,0,0,0,0,0,15.972,17.9817,2.7258,2.0438,1.555,1,1,,8450,3.55
grid2:halfRNS,,,PR20_x2,holdout,4,1049,headon,vfield,375caa43b4,ok,0,0,0,0,0,0,15.9573,17.3982,2.7258,2.0438,1.555,1,1,,8450,3.42
grid2:halfRNS,,,PR20_x2,holdout,4,1051,headon,vfield,375caa43b4,ok,0,0,0,0,0,0,15.3941,5.0779,2.7258,2.0438,1.555,1,1,,8450,3.42
grid2:halfRNS,,,PR20_x2,holdout,4,1053,headon,vfield,375caa43b4,ok,0,0,0,0,0,0,15.4778,8.1775,2.7258,2.0438,1.555,1,1,,8450,3.41
grid2:halfRNS,,,PR20_x2,holdout,4,1055,headon,vfield,375caa43b4,ok,0,0,0,0,0,0,15.5858,14.6705,2.7258,2.0438,1.555,1,1,,8450,3.4
grid2:halfRNS,,,PR20_x2,holdout,4,1057,headon,vfield,375caa43b4,ok,0,0,0,0,0,0,16.074,17.4776,2.7258,2.0438,1.555,1,1,,8450,3.44
grid2:halfRNS,,,PR20_x2,holdout,4,1059,headon,vfield,375caa43b4,ok,0,0,0,0,0,0,15.0859,16.4144,2.7258,2.0438,1.555,1,1,,8450,3.4
