mode,param,value,label,split,nFan,seed,geometry,guidance,configHash,status,totalCollisions,fanOwnCap,fanForeignCap,fanFanSame,fanFanCross,leaderLeader,minFanFanGap,minFanCapGap,minLeaderGap,redRMS,goldRMS,redArrived,goldArrived,firstCollisionRelCPA,steps,runtimeSec
grid2:norm,,,PR8_x0.5,holdout,3,1001,headon,vfield,eb4a55e9a4,ok,0,0,0,0,0,0,2.7165,2.6875,2.7258,2.0438,1.555,1,1,,8450,3.68
grid2:norm,,,PR8_x0.5,holdout,3,1003,headon,vfield,eb4a55e9a4,ok,0,0,0,0,0,0,3.153,4.4969,2.7258,2.0438,1.555,1,1,,8450,3.78
grid2:norm,,,PR8_x0.5,holdout,3,1005,headon,vfield,eb4a55e9a4,ok,0,0,0,0,0,0,2.4029,1.2222,2.7258,2.0438,1.555,1,1,,8450,3.72
grid2:norm,,,PR8_x0.5,holdout,3,1007,headon,vfield,eb4a55e9a4,ok,2,0,0,0,2,0,0.3056,1.7184,2.7258,2.0438,1.555,1,1,4.77,8450,3.58
grid2:norm,,,PR8_x0.5,holdout,3,1009,headon,vfield,eb4a55e9a4,ok,1,0,0,0,1,0,0.4097,1.6268,2.7258,2.0438,1.555,1,1,7.27,8450,3.62
grid2:norm,,,PR8_x0.5,holdout,3,1011,headon,vfield,eb4a55e9a4,ok,1,0,0,0,1,0,0.5968,3.1198,2.7258,2.0438,1.555,1,1,28.61,8450,3.56
grid2:norm,,,PR8_x0.5,holdout,3,1013,headon,vfield,eb4a55e9a4,ok,0,0,0,0,0,0,1.4948,2.5098,2.7258,2.0438,1.555,1,1,,8450,3.57
grid2:norm,,,PR8_x0.5,holdout,3,1015,headon,vfield,eb4a55e9a4,ok,1,0,1,0,0,0,1.2349,0.8232,2.7258,2.0438,1.555,1,1,4.29,8450,3.66
grid2:norm,,,PR8_x0.5,holdout,3,1017,headon,vfield,eb4a55e9a4,ok,0,0,0,0,0,0,3.6362,4.4862,2.7258,2.0438,1.555,1,1,,8450,3.58
grid2:norm,,,PR8_x0.5,holdout,3,1019,headon,vfield,eb4a55e9a4,ok,1,0,1,0,0,0,2.2673,0.4216,2.7258,2.0438,1.555,1,1,8.9,8450,3.56
grid2:norm,,,PR8_x0.5,holdout,3,1021,headon,vfield,eb4a55e9a4,ok,0,0,0,0,0,0,1.6375,3.9852,2.7258,2.0438,1.555,1,1,,8450,3.55
grid2:norm,,,PR8_x0.5,holdout,3,1023,headon,vfield,eb4a55e9a4,ok,0,0,0,0,0,0,2.2295,1.7848,2.7258,2.0438,1.555,1,1,,8450,3.63
grid2:norm,,,PR8_x0.5,holdout,3,1025,headon,vfield,eb4a55e9a4,ok,0,0,0,0,0,0,4.0757,1.6081,2.7258,2.0438,1.555,1,1,,8450,3.56
grid2:norm,,,PR8_x0.5,holdout,3,1027,headon,vfield,eb4a55e9a4,ok,0,0,0,0,0,0,2.3874,4.7073,2.7258,2.0438,1.555,1,1,,8450,3.56
grid2:norm,,,PR8_x0.5,holdout,3,1029,headon,vfield,eb4a55e9a4,ok,1,0,0,0,1,0,0.8562,2.1619,2.7258,2.0438,1.555,1,1,6.86,8450,3.57
grid2:norm,,,PR8_x0.5,holdout,3,1031,headon,vfield,eb4a55e9a4,ok,0,0,0,0,0,0,2.615,5.2708,2.7258,2.0438,1.555,1,1,,8450,3.56
grid2:norm,,,PR8_x0.5,holdout,3,1033,headon,vfield,eb4a55e9a4,ok,2,0,0,0,2,0,0.5306,2.1634,2.7258,2.0438,1.555,1,1,7.2,8450,3.58
grid2:norm,,,PR8_x0.5,holdout,3,1035,headon,vfield,eb4a55e9a4,ok,1,0,1,0,0,0,3.6746,0.9561,2.7258,2.0438,1.555,1,1,5.93,8450,3.63
grid2:norm,,,PR8_x0.5,holdout,3,1037,headon,vfield,eb4a55e9a4,ok,1,0,0,0,1,0,0.7929,2.8861,2.7258,2.0438,1.555,1,1,6.32,8450,3.59
grid2:norm,,,PR8_x0.5,holdout,3,1039,headon,vfield,eb4a55e9a4,ok,1,0,0,0,1,0,0.142,1.0502,2.7258,2.0438,1.555,1,1,3.66,8450,3.58
grid2:norm,,,PR8_x0.5,holdout,3,1041,headon,vfield,eb4a55e9a4,ok,0,0,0,0,0,0,1.1225,3.0823,2.7258,2.0438,1.555,1,1,,8450,3.59
grid2:norm,,,PR8_x0.5,holdout,3,1043,headon,vfield,eb4a55e9a4,ok,0,0,0,0,0,0,1.8183,3.9109,2.7258,2.0438,1.555,1,1,,8450,3.58
grid2:norm,,,PR8_x0.5,holdout,3,1045,headon,vfield,eb4a55e9a4,ok,1,0,0,0,1,0,0.8704,1.2978,2.7258,2.0438,1.555,1,1,6.52,8450,3.56
grid2:norm,,,PR8_x0.5,holdout,3,1047,headon,vfield,eb4a55e9a4,ok,1,0,0,0,1,0,0.7772,3.7012,2.7258,2.0438,1.555,1,1,6.55,8450,3.71
grid2:norm,,,PR8_x0.5,holdout,3,1049,headon,vfield,eb4a55e9a4,ok,0,0,0,0,0,0,3.7571,3.6775,2.7258,2.0438,1.555,1,1,,8450,3.76
grid2:norm,,,PR8_x0.5,holdout,3,1051,headon,vfield,eb4a55e9a4,ok,0,0,0,0,0,0,2.1108,2.7258,2.7258,2.0438,1.555,1,1,,8450,3.6
grid2:norm,,,PR8_x0.5,holdout,3,1053,headon,vfield,eb4a55e9a4,ok,1,0,0,1,0,0,0.6295,1.4546,2.7258,2.0438,1.555,1,1,10.14,8450,3.59
grid2:norm,,,PR8_x0.5,holdout,3,1055,headon,vfield,eb4a55e9a4,ok,1,0,0,0,1,0,0.2726,3.1578,2.7258,2.0438,1.555,1,1,5.55,8450,3.55
grid2:norm,,,PR8_x0.5,holdout,3,1057,headon,vfield,eb4a55e9a4,ok,0,0,0,0,0,0,4.0332,1.7932,2.7258,2.0438,1.555,1,1,,8450,3.63
grid2:norm,,,PR8_x0.5,holdout,3,1059,headon,vfield,eb4a55e9a4,ok,0,0,0,0,0,0,3.5902,4.9992,2.7258,2.0438,1.555,1,1,,8450,3.57
grid2:norm,,,PR8_x0.75,holdout,3,1001,headon,vfield,8ee75c0d78,ok,0,0,0,0,0,0,2.7793,1.2532,2.7258,2.0438,1.555,1,1,,8450,3.57
grid2:norm,,,PR8_x0.75,holdout,3,1003,headon,vfield,8ee75c0d78,ok,1,0,0,0,1,0,0.3597,4.8956,2.7258,2.0438,1.555,1,1,7.09,8450,3.56
grid2:norm,,,PR8_x0.75,holdout,3,1005,headon,vfield,8ee75c0d78,ok,1,0,1,0,0,0,1.1639,0.957,2.7258,2.0438,1.555,1,1,4.31,8450,3.62
grid2:norm,,,PR8_x0.75,holdout,3,1007,headon,vfield,8ee75c0d78,ok,0,0,0,0,0,0,3.7688,1.7149,2.7258,2.0438,1.555,1,1,,8450,3.61
grid2:norm,,,PR8_x0.75,holdout,3,1009,headon,vfield,8ee75c0d78,ok,0,0,0,0,0,0,2.3147,3.2265,2.7258,2.0438,1.555,1,1,,8450,3.55
grid2:norm,,,PR8_x0.75,holdout,3,1011,headon,vfield,8ee75c0d78,ok,0,0,0,0,0,0,4.2837,2.2075,2.7258,2.0438,1.555,1,1,,8450,3.72
grid2:norm,,,PR8_x0.75,holdout,3,1013,headon,vfield,8ee75c0d78,ok,0,0,0,0,0,0,2.9627,5.9051,2.7258,2.0438,1.555,1,1,,8450,3.57
grid2:norm,,,PR8_x0.75,holdout,3,1015,headon,vfield,8ee75c0d78,ok,0,0,0,0,0,0,2.7587,2.2627,2.7258,2.0438,1.555,1,1,,8450,3.65
grid2:norm,,,PR8_x0.75,holdout,3,1017,headon,vfield,8ee75c0d78,ok,0,0,0,0,0,0,2.3973,1.6789,2.7258,2.0438,1.555,1,1,,8450,3.54
grid2:norm,,,PR8_x0.75,holdout,3,1019,headon,vfield,8ee75c0d78,ok,3,0,1,0,2,0,0.0412,0.276,2.7258,2.0438,1.555,1,1,4.4,8450,3.62
grid2:norm,,,PR8_x0.75,holdout,3,1021,headon,vfield,8ee75c0d78,ok,2,0,0,1,1,0,0.4747,5.3524,2.7258,2.0438,1.555,1,1,7.33,8450,3.61
grid2:norm,,,PR8_x0.75,holdout,3,1023,headon,vfield,8ee75c0d78,ok,1,0,1,0,0,0,1.9396,0.2004,2.7258,2.0438,1.555,1,1,15.91,8450,3.56
grid2:norm,,,PR8_x0.75,holdout,3,1025,headon,vfield,8ee75c0d78,ok,0,0,0,0,0,0,2.6387,1.8719,2.7258,2.0438,1.555,1,1,,8450,3.59
grid2:norm,,,PR8_x0.75,holdout,3,1027,headon,vfield,8ee75c0d78,ok,1,0,0,0,1,0,0.484,1.2383,2.7258,2.0438,1.555,1,1,9.82,8450,3.58
grid2:norm,,,PR8_x0.75,holdout,3,1029,headon,vfield,8ee75c0d78,ok,0,0,0,0,0,0,2.2241,1.201,2.7258,2.0438,1.555,1,1,,8450,3.58
grid2:norm,,,PR8_x0.75,holdout,3,1031,headon,vfield,8ee75c0d78,ok,0,0,0,0,0,0,2.1763,1.6826,2.7258,2.0438,1.555,1,1,,8450,3.62
grid2:norm,,,PR8_x0.75,holdout,3,1033,headon,vfield,8ee75c0d78,ok,0,0,0,0,0,0,1.7614,1.4339,2.7258,2.0438,1.555,1,1,,8450,3.56
grid2:norm,,,PR8_x0.75,holdout,3,1035,headon,vfield,8ee75c0d78,ok,1,0,0,1,0,0,0.7223,1.4637,2.7258,2.0438,1.555,1,1,8.92,8450,3.56
grid2:norm,,,PR8_x0.75,holdout,3,1037,headon,vfield,8ee75c0d78,ok,0,0,0,0,0,0,1.4228,4.0428,2.7258,2.0438,1.555,1,1,,8450,3.62
grid2:norm,,,PR8_x0.75,holdout,3,1039,headon,vfield,8ee75c0d78,ok,1,0,0,0,1,0,0.5749,3.2245,2.7258,2.0438,1.555,1,1,6.05,8450,3.56
grid2:norm,,,PR8_x0.75,holdout,3,1041,headon,vfield,8ee75c0d78,ok,0,0,0,0,0,0,1.0954,1.5493,2.7258,2.0438,1.555,1,1,,8450,3.58
grid2:norm,,,PR8_x0.75,holdout,3,1043,headon,vfield,8ee75c0d78,ok,0,0,0,0,0,0,2.5153,1.6307,2.7258,2.0438,1.555,1,1,,8450,3.58
grid2:norm,,,PR8_x0.75,holdout,3,1045,headon,vfield,8ee75c0d78,ok,1,0,0,0,1,0,0.4981,1.7387,2.7258,2.0438,1.555,1,1,6.76,8450,3.59
grid2:norm,,,PR8_x0.75,holdout,3,1047,headon,vfield,8ee75c0d78,ok,2,0,1,0,1,0,0.0391,0.4291,2.7258,2.0438,1.555,1,1,4.09,8450,3.61
grid2:norm,,,PR8_x0.75,holdout,3,1049,headon,vfield,8ee75c0d78,ok,2,0,0,0,2,0,0.0497,1.3123,2.7258,2.0438,1.555,1,1,7.46,8450,3.55
grid2:norm,,,PR8_x0.75,holdout,3,1051,headon,vfield,8ee75c0d78,ok,1,0,0,0,1,0,0.8366,2.7351,2.7258,2.0438,1.555,1,1,28.96,8450,3.57
grid2:norm,,,PR8_x0.75,holdout,3,1053,headon,vfield,8ee75c0d78,ok,0,0,0,0,0,0,3.3981,1.9424,2.7258,2.0438,1.555,1,1,,8450,3.57
grid2:norm,,,PR8_x0.75,holdout,3,1055,headon,vfield,8ee75c0d78,ok,1,0,0,0,1,0,0.9361,2.8534,2.7258,2.0438,1.555,1,1,8.15,8450,3.6
grid2:norm,,,PR8_x0.75,holdout,3,1057,headon,vfield,8ee75c0d78,ok,1,0,1,0,0,0,1.0079,0.2823,2.7258,2.0438,1.555,1,1,10.1,8450,3.55
grid2:norm,,,PR8_x0.75,holdout,3,1059,headon,vfield,8ee75c0d78,ok,0,0,0,0,0,0,1.5162,1.7071,2.7258,2.0438,1.555,1,1,,8450,3.57
grid2:norm,,,PR8_x1,holdout,3,1001,headon,vfield,b38a852966,ok,0,0,0,0,0,0,1.2079,5.3599,2.7258,2.0438,1.555,1,1,,8450,3.6
grid2:norm,,,PR8_x1,holdout,3,1003,headon,vfield,b38a852966,ok,0,0,0,0,0,0,1.8226,2.1364,2.7258,2.0438,1.555,1,1,,8450,3.58
grid2:norm,,,PR8_x1,holdout,3,1005,headon,vfield,b38a852966,ok,0,0,0,0,0,0,2.2231,5.933,2.7258,2.0438,1.555,1,1,,8450,3.6
grid2:norm,,,PR8_x1,holdout,3,1007,headon,vfield,b38a852966,ok,0,0,0,0,0,0,2.711,5.9014,2.7258,2.0438,1.555,1,1,,8450,3.58
grid2:norm,,,PR8_x1,holdout,3,1009,headon,vfield,b38a852966,ok,2,0,1,0,1,0,0.853,0.7828,2.7258,2.0438,1.555,1,1,3.52,8450,3.58
grid2:norm,,,PR8_x1,holdout,3,1011,headon,vfield,b38a852966,ok,1,0,0,0,1,0,0.9047,1.1013,2.7258,2.0438,1.555,1,1,6.32,8450,3.61
grid2:norm,,,PR8_x1,holdout,3,1013,headon,vfield,b38a852966,ok,1,0,0,1,0,0,0.022,1.9621,2.7258,2.0438,1.555,1,1,-29.02,8450,3.62
grid2:norm,,,PR8_x1,holdout,3,1015,headon,vfield,b38a852966,ok,1,0,0,0,1,0,0.0697,3.1986,2.7258,2.0438,1.555,1,1,4.24,8450,3.61
grid2:norm,,,PR8_x1,holdout,3,1017,headon,vfield,b38a852966,ok,1,0,0,0,1,0,0.0454,5.1535,2.7258,2.0438,1.555,1,1,7.05,8450,3.6
grid2:norm,,,PR8_x1,holdout,3,1019,headon,vfield,b38a852966,ok,0,0,0,0,0,0,1.775,6.0767,2.7258,2.0438,1.555,1,1,,8450,3.57
grid2:norm,,,PR8_x1,holdout,3,1021,headon,vfield,b38a852966,ok,0,0,0,0,0,0,2.4648,6.0994,2.7258,2.0438,1.555,1,1,,8450,3.57
grid2:norm,,,PR8_x1,holdout,3,1023,headon,vfield,b38a852966,ok,1,0,0,0,1,0,0.9033,4.2518,2.7258,2.0438,1.555,1,1,6.84,8450,3.6
grid2:norm,,,PR8_x1,holdout,3,1025,headon,vfield,b38a852966,ok,0,0,0,0,0,0,1.7537,4.4575,2.7258,2.0438,1.555,1,1,,8450,3.58
grid2:norm,,,PR8_x1,holdout,3,1027,headon,vfield,b38a852966,ok,0,0,0,0,0,0,2.5831,1.9704,2.7258,2.0438,1.555,1,1,,8450,3.64
grid2:norm,,,PR8_x1,holdout,3,1029,headon,vfield,b38a852966,ok,0,0,0,0,0,0,1.8394,5.4286,2.7258,2.0438,1.555,1,1,,8450,3.65
grid2:norm,,,PR8_x1,holdout,3,1031,headon,vfield,b38a852966,ok,0,0,0,0,0,0,2.2757,5.8542,2.7258,2.0438,1.555,1,1,,8450,3.61
grid2:norm,,,PR8_x1,holdout,3,1033,headon,vfield,b38a852966,ok,0,0,0,0,0,0,3.7241,2.4532,2.7258,2.0438,1.555,1,1,,8450,3.6
grid2:norm,,,PR8_x1,holdout,3,1035,headon,vfield,b38a852966,ok,0,0,0,0,0,0,3.2118,5.7256,2.7258,2.0438,1.555,1,1,,8450,3.59
grid2:norm,,,PR8_x1,holdout,3,1037,headon,vfield,b38a852966,ok,0,0,0,0,0,0,1.2153,5.544,2.7258,2.0438,1.555,1,1,,8450,3.61
grid2:norm,,,PR8_x1,holdout,3,1039,headon,vfield,b38a852966,ok,1,0,0,0,1,0,0.6075,5.5582,2.7258,2.0438,1.555,1,1,6.27,8450,3.57
grid2:norm,,,PR8_x1,holdout,3,1041,headon,vfield,b38a852966,ok,0,0,0,0,0,0,1.5783,5.2785,2.7258,2.0438,1.555,1,1,,8450,3.64
grid2:norm,,,PR8_x1,holdout,3,1043,headon,vfield,b38a852966,ok,0,0,0,0,0,0,2.9152,5.3316,2.7258,2.0438,1.555,1,1,,8450,3.58
grid2:norm,,,PR8_x1,holdout,3,1045,headon,vfield,b38a852966,ok,1,0,0,0,1,0,0.7755,3.3935,2.7258,2.0438,1.555,1,1,7.47,8450,3.58
grid2:norm,,,PR8_x1,holdout,3,1047,headon,vfield,b38a852966,ok,2,0,1,0,1,0,0.8307,0.9389,2.7258,2.0438,1.555,1,1,5.47,8450,3.59
grid2:norm,,,PR8_x1,holdout,3,1049,headon,vfield,b38a852966,ok,0,0,0,0,0,0,1.8531,2.8541,2.7258,2.0438,1.555,1,1,,8450,3.58
grid2:norm,,,PR8_x1,holdout,3,1051,headon,vfield,b38a852966,ok,0,0,0,0,0,0,1.0178,2.7598,2.7258,2.0438,1.555,1,1,,8450,3.61
grid2:norm,,,PR8_x1,holdout,3,1053,headon,vfield,b38a852966,ok,0,0,0,0,0,0,1.7359,1.1964,2.7258,2.0438,1.555,1,1,,8450,3.58
grid2:norm,,,PR8_x1,holdout,3,1055,headon,vfield,b38a852966,ok,0,0,0,0,0,0,2.2506,6.2034,2.7258,2.0438,1.555,1,1,,8450,3.67
grid2:norm,,,PR8_x1,holdout,3,1057,headon,vfield,b38a852966,ok,0,0,0,0,0,0,2.2739,3.39,2.7258,2.0438,1.555,1,1,,8450,3.63
grid2:norm,,,PR8_x1,holdout,3,1059,headon,vfield,b38a852966,ok,0,0,0,0,0,0,1.2565,6.3518,2.7258,2.0438,1.555,1,1,,8450,3.61
grid2:norm,,,PR8_x1.25,holdout,3,1001,headon,vfield,4ff50dcfae,ok,1,0,0,0,1,0,0.9974,4.936,2.7258,2.0438,1.555,1,1,9.06,8450,3.57
grid2:norm,,,PR8_x1.25,holdout,3,1003,headon,vfield,4ff50dcfae,ok,0,0,0,0,0,0,3.2555,2.7025,2.7258,2.0438,1.555,1,1,,8450,3.57
grid2:norm,,,PR8_x1.25,holdout,3,1005,headon,vfield,4ff50dcfae,ok,0,0,0,0,0,0,2.8542,5.8253,2.7258,2.0438,1.555,1,1,,8450,3.56
grid2:norm,,,PR8_x1.25,holdout,3,1007,headon,vfield,4ff50dcfae,ok,0,0,0,0,0,0,2.1927,6.1311,2.7258,2.0438,1.555,1,1,,8450,3.58
grid2:norm,,,PR8_x1.25,holdout,3,1009,headon,vfield,4ff50dcfae,ok,0,0,0,0,0,0,1.2946,5.0967,2.7258,2.0438,1.555,1,1,,8450,3.58
grid2:norm,,,PR8_x1.25,holdout,3,1011,headon,vfield,4ff50dcfae,ok,1,0,0,0,1,0,0.6568,4.8448,2.7258,2.0438,1.555,1,1,7.34,8450,3.59
grid2:norm,,,PR8_x1.25,holdout,3,1013,headon,vfield,4ff50dcfae,ok,0,0,0,0,0,0,2.7692,6.1057,2.7258,2.0438,1.555,1,1,,8450,3.57
grid2:norm,,,PR8_x1.25,holdout,3,1015,headon,vfield,4ff50dcfae,ok,1,0,1,0,0,0,2.9255,0.7594,2.7258,2.0438,1.555,1,1,10.77,8450,3.6
grid2:norm,,,PR8_x1.25,holdout,3,1017,headon,vfield,4ff50dcfae,ok,1,0,0,0,1,0,0.7401,6.325,2.7258,2.0438,1.555,1,1,6.73,8450,3.6
grid2:norm,,,PR8_x1.25,holdout,3,1019,headon,vfield,4ff50dcfae,ok,1,0,0,0,1,0,0.7766,1.5731,2.7258,2.0438,1.555,1,1,7.27,8450,3.55
grid2:norm,,,PR8_x1.25,holdout,3,1021,headon,vfield,4ff50dcfae,ok,3,0,1,0,2,0,0.2083,0.0137,2.7258,2.0438,1.555,1,1,3.6,8450,3.59
grid2:norm,,,PR8_x1.25,holdout,3,1023,headon,vfield,4ff50dcfae,ok,0,0,0,0,0,0,2.2528,5.7908,2.7258,2.0438,1.555,1,1,,8450,3.62
grid2:norm,,,PR8_x1.25,holdout,3,1025,headon,vfield,4ff50dcfae,ok,0,0,0,0,0,0,2.2147,4.3804,2.7258,2.0438,1.555,1,1,,8450,3.59
grid2:norm,,,PR8_x1.25,holdout,3,1027,headon,vfield,4ff50dcfae,ok,0,0,0,0,0,0,2.8351,1.2984,2.7258,2.0438,1.555,1,1,,8450,3.61
grid2:norm,,,PR8_x1.25,holdout,3,1029,headon,vfield,4ff50dcfae,ok,0,0,0,0,0,0,4.5556,5.7679,2.7258,2.0438,1.555,1,1,,8450,3.58
grid2:norm,,,PR8_x1.25,holdout,3,1031,headon,vfield,4ff50dcfae,ok,0,0,0,0,0,0,1.8845,6.5075,2.7258,2.0438,1.555,1,1,,8450,3.56
grid2:norm,,,PR8_x1.25,holdout,3,1033,headon,vfield,4ff50dcfae,ok,0,0,0,0,0,0,3.7234,6.3801,2.7258,2.0438,1.555,1,1,,8450,3.58
grid2:norm,,,PR8_x1.25,holdout,3,1035,headon,vfield,4ff50dcfae,ok,0,0,0,0,0,0,1.1581,6.0143,2.7258,2.0438,1.555,1,1,,8450,3.59
grid2:norm,,,PR8_x1.25,holdout,3,1037,headon,vfield,4ff50dcfae,ok,0,0,0,0,0,0,1.8253,3.9657,2.7258,2.0438,1.555,1,1,,8450,3.57
grid2:norm,,,PR8_x1.25,holdout,3,1039,headon,vfield,4ff50dcfae,ok,0,0,0,0,0,0,1.761,2.143,2.7258,2.0438,1.555,1,1,,8450,3.58
grid2:norm,,,PR8_x1.25,holdout,3,1041,headon,vfield,4ff50dcfae,ok,0,0,0,0,0,0,1.6304,5.1981,2.7258,2.0438,1.555,1,1,,8450,3.57
grid2:norm,,,PR8_x1.25,holdout,3,1043,headon,vfield,4ff50dcfae,ok,0,0,0,0,0,0,3.1735,5.8933,2.7258,2.0438,1.555,1,1,,8450,3.57
grid2:norm,,,PR8_x1.25,holdout,3,1045,headon,vfield,4ff50dcfae,ok,0,0,0,0,0,0,2.5851,6.5548,2.7258,2.0438,1.555,1,1,,8450,3.55
grid2:norm,,,PR8_x1.25,holdout,3,1047,headon,vfield,4ff50dcfae,ok,0,0,0,0,0,0,4.3102,5.9611,2.7258,2.0438,1.555,1,1,,8450,3.56
grid2:norm,,,PR8_x1.25,holdout,3,1049,headon,vfield,4ff50dcfae,ok,0,0,0,0,0,0,1.784,2.1577,2.7258,2.0438,1.555,1,1,,8450,3.6
grid2:norm,,,PR8_x1.25,holdout,3,1051,headon,vfield,4ff50dcfae,ok,0,0,0,0,0,0,1.407,2.935,2.7258,2.0438,1.555,1,1,,8450,3.59
grid2:norm,,,PR8_x1.25,holdout,3,1053,headon,vfield,4ff50dcfae,ok,0,0,0,0,0,0,1.6075,3.1532,2.7258,2.0438,1.555,1,1,,8450,3.58
grid2:norm,,,PR8_x1.25,holdout,3,1055,headon,vfield,4ff50dcfae,ok,0,0,0,0,0,0,2.8988,6.6248,2.7258,2.0438,1.555,1,1,,8450,3.58
grid2:norm,,,PR8_x1.25,holdout,3,1057,headon,vfield,4ff50dcfae,ok,0,0,0,0,0,0,2.6831,3.2911,2.7258,2.0438,1.555,1,1,,8450,3.59
grid2:norm,,,PR8_x1.25,holdout,3,1059,headon,vfield,4ff50dcfae,ok,2,0,2,0,0,0,2.6705,0.2215,2.7258,2.0438,1.555,1,1,4.13,8450,3.58
grid2:norm,,,PR8_x1.5,holdout,3,1001,headon,vfield,3ec59d62d4,ok,0,0,0,0,0,0,2.8973,6.3476,2.7258,2.0438,1.555,1,1,,8450,3.61
grid2:norm,,,PR8_x1.5,holdout,3,1003,headon,vfield,3ec59d62d4,ok,0,0,0,0,0,0,2.0585,3.1266,2.7258,2.0438,1.555,1,1,,8450,3.55
grid2:norm,,,PR8_x1.5,holdout,3,1005,headon,vfield,3ec59d62d4,ok,0,0,0,0,0,0,2.7697,6.1933,2.7258,2.0438,1.555,1,1,,8450,3.59
grid2:norm,,,PR8_x1.5,holdout,3,1007,headon,vfield,3ec59d62d4,ok,0,0,0,0,0,0,2.5225,6.3166,2.7258,2.0438,1.555,1,1,,8450,3.57
grid2:norm,,,PR8_x1.5,holdout,3,1009,headon,vfield,3ec59d62d4,ok,0,0,0,0,0,0,4.1969,5.8699,2.7258,2.0438,1.555,1,1,,8450,3.63
grid2:norm,,,PR8_x1.5,holdout,3,1011,headon,vfield,3ec59d62d4,ok,0,0,0,0,0,0,3.6656,6.1132,2.7258,2.0438,1.555,1,1,,8450,3.61
grid2:norm,,,PR8_x1.5,holdout,3,1013,headon,vfield,3ec59d62d4,ok,0,0,0,0,0,0,2.0043,5.8005,2.7258,2.0438,1.555,1,1,,8450,3.61
grid2:norm,,,PR8_x1.5,holdout,3,1015,headon,vfield,3ec59d62d4,ok,1,0,1,0,0,0,4.6625,0.6903,2.7258,2.0438,1.555,1,1,10.72,8450,3.56
grid2:norm,,,PR8_x1.5,holdout,3,1017,headon,vfield,3ec59d62d4,ok,0,0,0,0,0,0,3.939,5.8437,2.7258,2.0438,1.555,1,1,,8450,3.6
grid2:norm,,,PR8_x1.5,holdout,3,1019,headon,vfield,3ec59d62d4,ok,0,0,0,0,0,0,1.0815,5.606,2.7258,2.0438,1.555,1,1,,8450,3.58
grid2:norm,,,PR8_x1.5,holdout,3,1021,headon,vfield,3ec59d62d4,ok,0,0,0,0,0,0,3.8268,6.0839,2.7258,2.0438,1.555,1,1,,8450,3.58
grid2:norm,,,PR8_x1.5,holdout,3,1023,headon,vfield,3ec59d62d4,ok,0,0,0,0,0,0,3.5424,6.2161,2.7258,2.0438,1.555,1,1,,8450,3.61
grid2:norm,,,PR8_x1.5,holdout,3,1025,headon,vfield,3ec59d62d4,ok,0,0,0,0,0,0,3.7647,4.8473,2.7258,2.0438,1.555,1,1,,8450,3.6
grid2:norm,,,PR8_x1.5,holdout,3,1027,headon,vfield,3ec59d62d4,ok,0,0,0,0,0,0,3.0548,6.0285,2.7258,2.0438,1.555,1,1,,8450,3.6
grid2:norm,,,PR8_x1.5,holdout,3,1029,headon,vfield,3ec59d62d4,ok,0,0,0,0,0,0,2.1518,6.131,2.7258,2.0438,1.555,1,1,,8450,3.6
grid2:norm,,,PR8_x1.5,holdout,3,1031,headon,vfield,3ec59d62d4,ok,0,0,0,0,0,0,4.4829,6.0387,2.7258,2.0438,1.555,1,1,,8450,3.58
grid2:norm,,,PR8_x1.5,holdout,3,1033,headon,vfield,3ec59d62d4,ok,0,0,0,0,0,0,2.1254,6.5574,2.7258,2.0438,1.555,1,1,,8450,3.58
grid2:norm,,,PR8_x1.5,holdout,3,1035,headon,vfield,3ec59d62d4,ok,0,0,0,0,0,0,3.6184,5.8015,2.7258,2.0438,1.555,1,1,,8450,3.58
grid2:norm,,,PR8_x1.5,holdout,3,1037,headon,vfield,3ec59d62d4,ok,0,0,0,0,0,0,3.8977,6.0945,2.7258,2.0438,1.555,1,1,,8450,3.56
grid2:norm,,,PR8_x1.5,holdout,3,1039,headon,vfield,3ec59d62d4,ok,0,0,0,0,0,0,2.4738,4.5075,2.7258,2.0438,1.555,1,1,,8450,3.63
grid2:norm,,,PR8_x1.5,holdout,3,1041,headon,vfield,3ec59d62d4,ok,0,0,0,0,0,0,3.2008,6.4162,2.7258,2.0438,1.555,1,1,,8450,3.6
grid2:norm,,,PR8_x1.5,holdout,3,1043,headon,vfield,3ec59d62d4,ok,0,0,0,0,0,0,2.062,1.863,2.7258,2.0438,1.555,1,1,,8450,3.61
grid2:norm,,,PR8_x1.5,holdout,3,1045,headon,vfield,3ec59d62d4,ok,0,0,0,0,0,0,3.1323,3.6384,2.7258,2.0438,1.555,1,1,,8450,3.61
grid2:norm,,,PR8_x1.5,holdout,3,1047,headon,vfield,3ec59d62d4,ok,0,0,0,0,0,0,3.7673,6.0445,2.7258,2.0438,1.555,1,1,,8450,3.61
grid2:norm,,,PR8_x1.5,holdout,3,1049,headon,vfield,3ec59d62d4,ok,1,0,0,0,1,0,0.6937,3.7316,2.7258,2.0438,1.555,1,1,23.37,8450,3.59
grid2:norm,,,PR8_x1.5,holdout,3,1051,headon,vfield,3ec59d62d4,ok,0,0,0,0,0,0,2.3367,4.1757,2.7258,2.0438,1.555,1,1,,8450,3.61
grid2:norm,,,PR8_x1.5,holdout,3,1053,headon,vfield,3ec59d62d4,ok,1,0,0,0,1,0,0.1997,3.0407,2.7258,2.0438,1.555,1,1,10.38,8450,3.58
grid2:norm,,,PR8_x1.5,holdout,3,1055,headon,vfield,3ec59d62d4,ok,0,0,0,0,0,0,2.8769,5.8277,2.7258,2.0438,1.555,1,1,,8450,3.72
grid2:norm,,,PR8_x1.5,holdout,3,1057,headon,vfield,3ec59d62d4,ok,0,0,0,0,0,0,2.9886,6.2727,2.7258,2.0438,1.555,1,1,,8450,3.63
grid2:norm,,,PR8_x1.5,holdout,3,1059,headon,vfield,3ec59d62d4,ok,1,0,1,0,0,0,1.3652,0.3345,2.7258,2.0438,1.555,1,1,18.6,8450,3.61
grid2:norm,,,PR8_x2,holdout,3,1001,headon,vfield,28df79572c,ok,0,0,0,0,0,0,1.5476,6.0441,2.7258,2.0438,1.555,1,1,,8450,3.61
grid2:norm,,,PR8_x2,holdout,3,1003,headon,vfield,28df79572c,ok,0,0,0,0,0,0,4.9815,1.2782,2.7258,2.0438,1.555,1,1,,8450,3.6
grid2:norm,,,PR8_x2,holdout,3,1005,headon,vfield,28df79572c,ok,0,0,0,0,0,0,2.5709,3.0066,2.7258,2.0438,1.555,1,1,,8450,3.6
grid2:norm,,,PR8_x2,holdout,3,1007,headon,vfield,28df79572c,ok,0,0,0,0,0,0,1.7745,6.3202,2.7258,2.0438,1.555,1,1,,8450,3.59
grid2:norm,,,PR8_x2,holdout,3,1009,headon,vfield,28df79572c,ok,1,0,0,0,1,0,0.579,5.845,2.7258,2.0438,1.555,1,1,29.14,8450,3.6
grid2:norm,,,PR8_x2,holdout,3,1011,headon,vfield,28df79572c,ok,0,0,0,0,0,0,1.0108,5.9294,2.7258,2.0438,1.555,1,1,,8450,3.61
grid2:norm,,,PR8_x2,holdout,3,1013,headon,vfield,28df79572c,ok,0,0,0,0,0,0,1.7121,2.9184,2.7258,2.0438,1.555,1,1,,8450,3.69
grid2:norm,,,PR8_x2,holdout,3,1015,headon,vfield,28df79572c,ok,0,0,0,0,0,0,3.1097,2.4627,2.7258,2.0438,1.555,1,1,,8450,3.63
grid2:norm,,,PR8_x2,holdout,3,1017,headon,vfield,28df79572c,ok,1,0,0,0,1,0,0.9571,5.7751,2.7258,2.0438,1.555,1,1,30.81,8450,3.6
grid2:norm,,,PR8_x2,holdout,3,1019,headon,vfield,28df79572c,ok,0,0,0,0,0,0,1.206,1.2223,2.7258,2.0438,1.555,1,1,,8450,3.58
grid2:norm,,,PR8_x2,holdout,3,1021,headon,vfield,28df79572c,ok,1,0,0,0,1,0,0.0133,6.1951,2.7258,2.0438,1.555,1,1,29.2,8450,3.66
grid2:norm,,,PR8_x2,holdout,3,1023,headon,vfield,28df79572c,ok,0,0,0,0,0,0,2.7571,6.0482,2.7258,2.0438,1.555,1,1,,8450,3.68
grid2:norm,,,PR8_x2,holdout,3,1025,headon,vfield,28df79572c,ok,1,0,0,0,1,0,0.7076,3.036,2.7258,2.0438,1.555,1,1,29.6,8450,3.58
grid2:norm,,,PR8_x2,holdout,3,1027,headon,vfield,28df79572c,ok,0,0,0,0,0,0,1.8116,5.9111,2.7258,2.0438,1.555,1,1,,8450,3.61
grid2:norm,,,PR8_x2,holdout,3,1029,headon,vfield,28df79572c,ok,1,0,0,0,1,0,0.9165,6.4885,2.7258,2.0438,1.555,1,1,13.07,8450,3.6
grid2:norm,,,PR8_x2,holdout,3,1031,headon,vfield,28df79572c,ok,1,0,0,0,1,0,0.2426,5.9515,2.7258,2.0438,1.555,1,1,15.04,8450,3.55
grid2:norm,,,PR8_x2,holdout,3,1033,headon,vfield,28df79572c,ok,2,0,0,0,2,0,0.0704,6.385,2.7258,2.0438,1.555,1,1,13.43,8450,3.64
grid2:norm,,,PR8_x2,holdout,3,1035,headon,vfield,28df79572c,ok,0,0,0,0,0,0,1.5679,5.9897,2.7258,2.0438,1.555,1,1,,8450,3.59
grid2:norm,,,PR8_x2,holdout,3,1037,headon,vfield,28df79572c,ok,2,0,0,0,2,0,0.6765,6.0737,2.7258,2.0438,1.555,1,1,13.27,8450,3.7
grid2:norm,,,PR8_x2,holdout,3,1039,headon,vfield,28df79572c,ok,1,0,0,0,1,0,0.7944,3.038,2.7258,2.0438,1.555,1,1,14.72,8450,3.64
grid2:norm,,,PR8_x2,holdout,3,1041,headon,vfield,28df79572c,ok,0,0,0,0,0,0,1.791,6.4211,2.7258,2.0438,1.555,1,1,,8450,3.59
grid2:norm,,,PR8_x2,holdout,3,1043,headon,vfield,28df79572c,ok,1,0,0,0,1,0,0.8644,6.1982,2.7258,2.0438,1.555,1,1,31.89,8450,3.68
grid2:norm,,,PR8_x2,holdout,3,1045,headon,vfield,28df79572c,ok,1,0,0,0,1,0,0.3545,5.7582,2.7258,2.0438,1.555,1,1,29.7,8450,3.6
grid2:norm,,,PR8_x2,holdout,3,1047,headon,vfield,28df79572c,ok,0,0,0,0,0,0,1.5524,5.7583,2.7258,2.0438,1.555,1,1,,8450,3.61
grid2:norm,,,PR8_x2,holdout,3,1049,headon,vfield,28df79572c,ok,2,0,0,0,2,0,0.5879,6.2051,2.7258,2.0438,1.555,1,1,28.0,8450,3.8
grid2:norm,,,PR8_x2,holdout,3,1051,headon,vfield,28df79572c,ok,0,0,0,0,0,0,1.9123,6.523,2.7258,2.0438,1.555,1,1,,8450,3.61
grid2:norm,,,PR8_x2,holdout,3,1053,headon,vfield,28df79572c,ok,0,0,0,0,0,0,3.8044,1.8249,2.7258,2.0438,1.555,1,1,,8450,3.58
grid2:norm,,,PR8_x2,holdout,3,1055,headon,vfield,28df79572c,ok,0,0,0,0,0,0,3.2605,6.4192,2.7258,2.0438,1.555,1,1,,8450,3.62
grid2:norm,,,PR8_x2,holdout,3,1057,headon,vfield,28df79572c,ok,0,0,0,0,0,0,1.8333,6.5863,2.7258,2.0438,1.555,1,1,,8450,3.59
grid2:norm,,,PR8_x2,holdout,3,1059,headon,vfield,28df79572c,ok,0,0,0,0,0,0,4.5855,6.0687,2.7258,2.0438,1.555,1,1,,8450,3.64
grid2:norm,,,PR10_x0.5,holdout,3,1001,headon,vfield,b42719ecf6,ok,0,0,0,0,0,0,1.4667,6.1449,2.7258,2.0438,1.555,1,1,,8450,3.61
grid2:norm,,,PR10_x0.5,holdout,3,1003,headon,vfield,b42719ecf6,ok,0,0,0,0,0,0,4.499,3.4585,2.7258,2.0438,1.555,1,1,,8450,3.61
grid2:norm,,,PR10_x0.5,holdout,3,1005,headon,vfield,b42719ecf6,ok,2,0,1,1,0,0,0.5367,0.5099,2.7258,2.0438,1.555,1,1,4.64,8450,3.57
grid2:norm,,,PR10_x0.5,holdout,3,1007,headon,vfield,b42719ecf6,ok,1,0,0,0,1,0,0.2823,1.2812,2.7258,2.0438,1.555,1,1,9.66,8450,3.59
grid2:norm,,,PR10_x0.5,holdout,3,1009,headon,vfield,b42719ecf6,ok,1,0,0,0,1,0,0.7635,1.7336,2.7258,2.0438,1.555,1,1,13.03,8450,3.56
grid2:norm,,,PR10_x0.5,holdout,3,1011,headon,vfield,b42719ecf6,ok,0,0,0,0,0,0,3.6027,1.6867,2.7258,2.0438,1.555,1,1,,8450,3.58
grid2:norm,,,PR10_x0.5,holdout,3,1013,headon,vfield,b42719ecf6,ok,0,0,0,0,0,0,2.5183,1.1292,2.7258,2.0438,1.555,1,1,,8450,3.63
grid2:norm,,,PR10_x0.5,holdout,3,1015,headon,vfield,b42719ecf6,ok,1,0,0,0,1,0,0.9449,5.0132,2.7258,2.0438,1.555,1,1,12.17,8450,3.6
grid2:norm,,,PR10_x0.5,holdout,3,1017,headon,vfield,b42719ecf6,ok,0,0,0,0,0,0,5.0817,5.8847,2.7258,2.0438,1.555,1,1,,8450,3.57
grid2:norm,,,PR10_x0.5,holdout,3,1019,headon,vfield,b42719ecf6,ok,1,0,1,0,0,0,3.9401,0.677,2.7258,2.0438,1.555,1,1,13.69,8450,3.6
grid2:norm,,,PR10_x0.5,holdout,3,1021,headon,vfield,b42719ecf6,ok,0,0,0,0,0,0,5.2274,6.1412,2.7258,2.0438,1.555,1,1,,8450,3.56
grid2:norm,,,PR10_x0.5,holdout,3,1023,headon,vfield,b42719ecf6,ok,0,0,0,0,0,0,1.511,4.3481,2.7258,2.0438,1.555,1,1,,8450,3.58
grid2:norm,,,PR10_x0.5,holdout,3,1025,headon,vfield,b42719ecf6,ok,1,0,0,1,0,0,0.7722,1.3211,2.7258,2.0438,1.555,1,1,10.27,8450,3.57
grid2:norm,,,PR10_x0.5,holdout,3,1027,headon,vfield,b42719ecf6,ok,0,0,0,0,0,0,4.2028,1.981,2.7258,2.0438,1.555,1,1,,8450,3.59
grid2:norm,,,PR10_x0.5,holdout,3,1029,headon,vfield,b42719ecf6,ok,0,0,0,0,0,0,2.9961,1.9206,2.7258,2.0438,1.555,1,1,,8450,3.62
grid2:norm,,,PR10_x0.5,holdout,3,1031,headon,vfield,b42719ecf6,ok,0,0,0,0,0,0,5.2049,2.8415,2.7258,2.0438,1.555,1,1,,8450,3.56
grid2:norm,,,PR10_x0.5,holdout,3,1033,headon,vfield,b42719ecf6,ok,0,0,0,0,0,0,1.3256,1.92,2.7258,2.0438,1.555,1,1,,8450,3.58
grid2:norm,,,PR10_x0.5,holdout,3,1035,headon,vfield,b42719ecf6,ok,0,0,0,0,0,0,5.2958,3.4094,2.7258,2.0438,1.555,1,1,,8450,3.57
grid2:norm,,,PR10_x0.5,holdout,3,1037,headon,vfield,b42719ecf6,ok,1,0,0,0,1,0,0.0635,2.0256,2.7258,2.0438,1.555,1,1,25.05,8450,3.58
grid2:norm,,,PR10_x0.5,holdout,3,1039,headon,vfield,b42719ecf6,ok,1,0,1,0,0,0,3.1046,0.5372,2.7258,2.0438,1.555,1,1,5.22,8450,3.6
grid2:norm,,,PR10_x0.5,holdout,3,1041,headon,vfield,b42719ecf6,ok,1,0,1,0,0,0,2.5638,0.1757,2.7258,2.0438,1.555,1,1,6.79,8450,3.6
grid2:norm,,,PR10_x0.5,holdout,3,1043,headon,vfield,b42719ecf6,ok,0,0,0,0,0,0,4.6408,1.8769,2.7258,2.0438,1.555,1,1,,8450,3.58
grid2:norm,,,PR10_x0.5,holdout,3,1045,headon,vfield,b42719ecf6,ok,0,0,0,0,0,0,4.9434,6.0647,2.7258,2.0438,1.555,1,1,,8450,3.57
grid2:norm,,,PR10_x0.5,holdout,3,1047,headon,vfield,b42719ecf6,ok,0,0,0,0,0,0,2.1951,1.5111,2.7258,2.0438,1.555,1,1,,8450,3.63
grid2:norm,,,PR10_x0.5,holdout,3,1049,headon,vfield,b42719ecf6,ok,0,0,0,0,0,0,4.2171,1.227,2.7258,2.0438,1.555,1,1,,8450,3.59
grid2:norm,,,PR10_x0.5,holdout,3,1051,headon,vfield,b42719ecf6,ok,1,0,0,0,1,0,0.3666,1.8819,2.7258,2.0438,1.555,1,1,10.66,8450,3.53
grid2:norm,,,PR10_x0.5,holdout,3,1053,headon,vfield,b42719ecf6,ok,1,0,1,0,0,0,1.5049,0.4864,2.7258,2.0438,1.555,1,1,4.77,8450,3.61
grid2:norm,,,PR10_x0.5,holdout,3,1055,headon,vfield,b42719ecf6,ok,0,0,0,0,0,0,2.1504,1.6419,2.7258,2.0438,1.555,1,1,,8450,3.57
grid2:norm,,,PR10_x0.5,holdout,3,1057,headon,vfield,b42719ecf6,ok,1,0,0,0,1,0,0.3563,1.134,2.7258,2.0438,1.555,1,1,10.78,8450,3.61
grid2:norm,,,PR10_x0.5,holdout,3,1059,headon,vfield,b42719ecf6,ok,1,0,0,0,1,0,0.5091,2.0498,2.7258,2.0438,1.555,1,1,10.57,8450,3.59
grid2:norm,,,PR10_x0.75,holdout,3,1001,headon,vfield,eeba9874e7,ok,0,0,0,0,0,0,4.3302,6.4683,2.7258,2.0438,1.555,1,1,,8450,3.6
grid2:norm,,,PR10_x0.75,holdout,3,1003,headon,vfield,eeba9874e7,ok,0,0,0,0,0,0,1.4523,5.3845,2.7258,2.0438,1.555,1,1,,8450,3.59
grid2:norm,,,PR10_x0.75,holdout,3,1005,headon,vfield,eeba9874e7,ok,1,0,0,1,0,0,0.132,1.1716,2.7258,2.0438,1.555,1,1,9.44,8450,3.57
grid2:norm,,,PR10_x0.75,holdout,3,1007,headon,vfield,eeba9874e7,ok,0,0,0,0,0,0,3.0956,6.4626,2.7258,2.0438,1.555,1,1,,8450,3.59
grid2:norm,,,PR10_x0.75,holdout,3,1009,headon,vfield,eeba9874e7,ok,0,0,0,0,0,0,1.819,5.8372,2.7258,2.0438,1.555,1,1,,8450,3.62
grid2:norm,,,PR10_x0.75,holdout,3,1011,headon,vfield,eeba9874e7,ok,0,0,0,0,0,0,3.848,6.0936,2.7258,2.0438,1.555,1,1,,8450,3.58
grid2:norm,,,PR10_x0.75,holdout,3,1013,headon,vfield,eeba9874e7,ok,0,0,0,0,0,0,2.2303,6.1951,2.7258,2.0438,1.555,1,1,,8450,3.55
grid2:norm,,,PR10_x0.75,holdout,3,1015,headon,vfield,eeba9874e7,ok,0,0,0,0,0,0,4.3216,6.0562,2.7258,2.0438,1.555,1,1,,8450,3.58
grid2:norm,,,PR10_x0.75,holdout,3,1017,headon,vfield,eeba9874e7,ok,1,0,1,0,0,0,1.2544,0.8771,2.7258,2.0438,1.555,1,1,5.08,8450,3.6
grid2:norm,,,PR10_x0.75,holdout,3,1019,headon,vfield,eeba9874e7,ok,0,0,0,0,0,0,2.2119,5.5878,2.7258,2.0438,1.555,1,1,,8450,3.58
grid2:norm,,,PR10_x0.75,holdout,3,1021,headon,vfield,eeba9874e7,ok,0,0,0,0,0,0,1.5119,5.9012,2.7258,2.0438,1.555,1,1,,8450,3.56
grid2:norm,,,PR10_x0.75,holdout,3,1023,headon,vfield,eeba9874e7,ok,1,0,0,0,1,0,0.8102,5.5913,2.7258,2.0438,1.555,1,1,28.47,8450,3.61
grid2:norm,,,PR10_x0.75,holdout,3,1025,headon,vfield,eeba9874e7,ok,0,0,0,0,0,0,1.1185,3.1965,2.7258,2.0438,1.555,1,1,,8450,3.59
grid2:norm,,,PR10_x0.75,holdout,3,1027,headon,vfield,eeba9874e7,ok,3,0,1,1,1,0,0.1462,0.5737,2.7258,2.0438,1.555,1,1,4.89,8450,3.6
grid2:norm,,,PR10_x0.75,holdout,3,1029,headon,vfield,eeba9874e7,ok,2,0,0,1,1,0,0.1158,1.1903,2.7258,2.0438,1.555,1,1,9.29,8450,3.62
grid2:norm,,,PR10_x0.75,holdout,3,1031,headon,vfield,eeba9874e7,ok,0,0,0,0,0,0,3.775,3.0973,2.7258,2.0438,1.555,1,1,,8450,3.62
grid2:norm,,,PR10_x0.75,holdout,3,1033,headon,vfield,eeba9874e7,ok,0,0,0,0,0,0,1.0452,6.2476,2.7258,2.0438,1.555,1,1,,8450,3.57
grid2:norm,,,PR10_x0.75,holdout,3,1035,headon,vfield,eeba9874e7,ok,0,0,0,0,0,0,2.8199,5.1953,2.7258,2.0438,1.555,1,1,,8450,3.56
grid2:norm,,,PR10_x0.75,holdout,3,1037,headon,vfield,eeba9874e7,ok,0,0,0,0,0,0,3.4666,5.8932,2.7258,2.0438,1.555,1,1,,8450,3.6
grid2:norm,,,PR10_x0.75,holdout,3,1039,headon,vfield,eeba9874e7,ok,2,0,1,1,0,0,0.7397,0.9101,2.7258,2.0438,1.555,1,1,4.96,8450,3.58
grid2:norm,,,PR10_x0.75,holdout,3,1041,headon,vfield,eeba9874e7,ok,1,0,1,0,0,0,2.1079,0.1729,2.7258,2.0438,1.555,1,1,5.02,8450,3.61
grid2:norm,,,PR10_x0.75,holdout,3,1043,headon,vfield,eeba9874e7,ok,0,0,0,0,0,0,2.2063,1.3099,2.7258,2.0438,1.555,1,1,,8450,3.58
grid2:norm,,,PR10_x0.75,holdout,3,1045,headon,vfield,eeba9874e7,ok,2,0,1,1,0,0,0.3828,0.7667,2.7258,2.0438,1.555,1,1,5.0,8450,3.65
grid2:norm,,,PR10_x0.75,holdout,3,1047,headon,vfield,eeba9874e7,ok,1,0,0,0,1,0,0.6302,2.5069,2.7258,2.0438,1.555,1,1,11.01,8450,3.61
grid2:norm,,,PR10_x0.75,holdout,3,1049,headon,vfield,eeba9874e7,ok,0,0,0,0,0,0,2.1261,3.7547,2.7258,2.0438,1.555,1,1,,8450,3.59
grid2:norm,,,PR10_x0.75,holdout,3,1051,headon,vfield,eeba9874e7,ok,0,0,0,0,0,0,4.1948,3.7997,2.7258,2.0438,1.555,1,1,,8450,3.59
grid2:norm,,,PR10_x0.75,holdout,3,1053,headon,vfield,eeba9874e7,ok,0,0,0,0,0,0,1.8117,5.9116,2.7258,2.0438,1.555,1,1,,8450,3.59
grid2:norm,,,PR10_x0.75,holdout,3,1055,headon,vfield,eeba9874e7,ok,0,0,0,0,0,0,2.7176,2.6084,2.7258,2.0438,1.555,1,1,,8450,3.6
grid2:norm,,,PR10_x0.75,holdout,3,1057,headon,vfield,eeba9874e7,ok,0,0,0,0,0,0,3.7519,1.3651,2.7258,2.0438,1.555,1,1,,8450,3.59
grid2:norm,,,PR10_x0.75,holdout,3,1059,headon,vfield,eeba9874e7,ok,2,0,1,1,0,0,0.01,0.7626,2.7258,2.0438,1.555,1,1,5.02,8450,3.58
grid2:norm,,,PR10_x1,holdout,3,1001,headon,vfield,9a90b73257,ok,0,0,0,0,0,0,5.3856,6.1857,2.7258,2.0438,1.555,1,1,,8450,3.63
grid2:norm,,,PR10_x1,holdout,3,1003,headon,vfield,9a90b73257,ok,0,0,0,0,0,0,4.469,6.122,2.7258,2.0438,1.555,1,1,,8450,3.56
grid2:norm,,,PR10_x1,holdout,3,1005,headon,vfield,9a90b73257,ok,0,0,0,0,0,0,4.207,6.0634,2.7258,2.0438,1.555,1,1,,8450,3.59
grid2:norm,,,PR10_x1,holdout,3,1007,headon,vfield,9a90b73257,ok,0,0,0,0,0,0,6.7851,6.1132,2.7258,2.0438,1.555,1,1,,8450,3.57
grid2:norm,,,PR10_x1,holdout,3,1009,headon,vfield,9a90b73257,ok,0,0,0,0,0,0,2.6124,6.3969,2.7258,2.0438,1.555,1,1,,8450,3.58
grid2:norm,,,PR10_x1,holdout,3,1011,headon,vfield,9a90b73257,ok,0,0,0,0,0,0,6.3917,6.3017,2.7258,2.0438,1.555,1,1,,8450,3.6
grid2:norm,,,PR10_x1,holdout,3,1013,headon,vfield,9a90b73257,ok,0,0,0,0,0,0,1.5525,6.0934,2.7258,2.0438,1.555,1,1,,8450,3.55
grid2:norm,,,PR10_x1,holdout,3,1015,headon,vfield,9a90b73257,ok,1,0,0,0,1,0,0.0055,2.0084,2.7258,2.0438,1.555,1,1,14.23,8450,3.58
grid2:norm,,,PR10_x1,holdout,3,1017,headon,vfield,9a90b73257,ok,0,0,0,0,0,0,4.6769,6.0752,2.7258,2.0438,1.555,1,1,,8450,3.57
grid2:norm,,,PR10_x1,holdout,3,1019,headon,vfield,9a90b73257,ok,2,0,0,1,1,0,0.6444,2.0575,2.7258,2.0438,1.555,1,1,8.53,8450,3.59
grid2:norm,,,PR10_x1,holdout,3,1021,headon,vfield,9a90b73257,ok,2,0,1,0,1,0,0.2713,0.2791,2.7258,2.0438,1.555,1,1,5.3,8450,3.63
grid2:norm,,,PR10_x1,holdout,3,1023,headon,vfield,9a90b73257,ok,0,0,0,0,0,0,3.2218,2.385,2.7258,2.0438,1.555,1,1,,8450,3.57
grid2:norm,,,PR10_x1,holdout,3,1025,headon,vfield,9a90b73257,ok,0,0,0,0,0,0,3.7312,6.0359,2.7258,2.0438,1.555,1,1,,8450,3.57
grid2:norm,,,PR10_x1,holdout,3,1027,headon,vfield,9a90b73257,ok,0,0,0,0,0,0,2.6757,5.2633,2.7258,2.0438,1.555,1,1,,8450,3.56
grid2:norm,,,PR10_x1,holdout,3,1029,headon,vfield,9a90b73257,ok,0,0,0,0,0,0,4.2442,5.444,2.7258,2.0438,1.555,1,1,,8450,3.57
grid2:norm,,,PR10_x1,holdout,3,1031,headon,vfield,9a90b73257,ok,1,0,0,1,0,0,0.1333,6.1553,2.7258,2.0438,1.555,1,1,28.25,8450,3.59
grid2:norm,,,PR10_x1,holdout,3,1033,headon,vfield,9a90b73257,ok,0,0,0,0,0,0,1.6406,6.0571,2.7258,2.0438,1.555,1,1,,8450,3.58
grid2:norm,,,PR10_x1,holdout,3,1035,headon,vfield,9a90b73257,ok,0,0,0,0,0,0,3.7494,6.0515,2.7258,2.0438,1.555,1,1,,8450,3.58
grid2:norm,,,PR10_x1,holdout,3,1037,headon,vfield,9a90b73257,ok,0,0,0,0,0,0,3.7569,6.0431,2.7258,2.0438,1.555,1,1,,8450,3.64
grid2:norm,,,PR10_x1,holdout,3,1039,headon,vfield,9a90b73257,ok,1,0,0,1,0,0,0.0919,5.4156,2.7258,2.0438,1.555,1,1,26.91,8450,3.58
grid2:norm,,,PR10_x1,holdout,3,1041,headon,vfield,9a90b73257,ok,0,0,0,0,0,0,3.583,5.7548,2.7258,2.0438,1.555,1,1,,8450,3.57
grid2:norm,,,PR10_x1,holdout,3,1043,headon,vfield,9a90b73257,ok,0,0,0,0,0,0,3.6514,3.0361,2.7258,2.0438,1.555,1,1,,8450,3.58
grid2:norm,,,PR10_x1,holdout,3,1045,headon,vfield,9a90b73257,ok,0,0,0,0,0,0,3.9228,6.138,2.7258,2.0438,1.555,1,1,,8450,3.55
grid2:norm,,,PR10_x1,holdout,3,1047,headon,vfield,9a90b73257,ok,0,0,0,0,0,0,2.673,2.1198,2.7258,2.0438,1.555,1,1,,8450,3.63
grid2:norm,,,PR10_x1,holdout,3,1049,headon,vfield,9a90b73257,ok,0,0,0,0,0,0,5.2574,6.3946,2.7258,2.0438,1.555,1,1,,8450,3.57
grid2:norm,,,PR10_x1,holdout,3,1051,headon,vfield,9a90b73257,ok,0,0,0,0,0,0,2.0011,2.7549,2.7258,2.0438,1.555,1,1,,8450,3.58
grid2:norm,,,PR10_x1,holdout,3,1053,headon,vfield,9a90b73257,ok,0,0,0,0,0,0,2.6303,5.7195,2.7258,2.0438,1.555,1,1,,8450,3.55
grid2:norm,,,PR10_x1,holdout,3,1055,headon,vfield,9a90b73257,ok,0,0,0,0,0,0,4.3561,5.9266,2.7258,2.0438,1.555,1,1,,8450,3.57
grid2:norm,,,PR10_x1,holdout,3,1057,headon,vfield,9a90b73257,ok,0,0,0,0,0,0,3.4078,5.7571,2.7258,2.0438,1.555,1,1,,8450,3.61
grid2:norm,,,PR10_x1,holdout,3,1059,headon,vfield,9a90b73257,ok,0,0,0,0,0,0,2.7631,4.833,2.7258,2.0438,1.555,1,1,,8450,3.58
grid2:norm,,,PR10_x1.25,holdout,3,1001,headon,vfield,f2ebb46af7,ok,0,0,0,0,0,0,2.4338,6.1448,2.7258,2.0438,1.555,1,1,,8450,3.6
grid2:norm,,,PR10_x1.25,holdout,3,1003,headon,vfield,f2ebb46af7,ok,0,0,0,0,0,0,4.6449,2.5483,2.7258,2.0438,1.555,1,1,,8450,3.58
grid2:norm,,,PR10_x1.25,holdout,3,1005,headon,vfield,f2ebb46af7,ok,1,0,0,0,1,0,0.6987,5.4524,2.7258,2.0438,1.555,1,1,21.81,8450,3.61
grid2:norm,,,PR10_x1.25,holdout,3,1007,headon,vfield,f2ebb46af7,ok,0,0,0,0,0,0,3.7887,6.5988,2.7258,2.0438,1.555,1,1,,8450,3.56
grid2:norm,,,PR10_x1.25,holdout,3,1009,headon,vfield,f2ebb46af7,ok,0,0,0,0,0,0,2.1285,5.9029,2.7258,2.0438,1.555,1,1,,8450,3.6
grid2:norm,,,PR10_x1.25,holdout,3,1011,headon,vfield,f2ebb46af7,ok,1,0,0,0,1,0,0.1945,5.7749,2.7258,2.0438,1.555,1,1,23.52,8450,3.57
grid2:norm,,,PR10_x1.25,holdout,3,1013,headon,vfield,f2ebb46af7,ok,0,0,0,0,0,0,1.6982,5.4994,2.7258,2.0438,1.555,1,1,,8450,3.59
grid2:norm,,,PR10_x1.25,holdout,3,1015,headon,vfield,f2ebb46af7,ok,0,0,0,0,0,0,1.6246,4.6892,2.7258,2.0438,1.555,1,1,,8450,3.62
grid2:norm,,,PR10_x1.25,holdout,3,1017,headon,vfield,f2ebb46af7,ok,0,0,0,0,0,0,3.8204,5.7198,2.7258,2.0438,1.555,1,1,,8450,3.58
grid2:norm,,,PR10_x1.25,holdout,3,1019,headon,vfield,f2ebb46af7,ok,0,0,0,0,0,0,2.2834,6.1446,2.7258,2.0438,1.555,1,1,,8450,3.62
grid2:norm,,,PR10_x1.25,holdout,3,1021,headon,vfield,f2ebb46af7,ok,0,0,0,0,0,0,3.3047,3.5189,2.7258,2.0438,1.555,1,1,,8450,3.74
grid2:norm,,,PR10_x1.25,holdout,3,1023,headon,vfield,f2ebb46af7,ok,0,0,0,0,0,0,3.0333,5.9676,2.7258,2.0438,1.555,1,1,,8450,3.58
grid2:norm,,,PR10_x1.25,holdout,3,1025,headon,vfield,f2ebb46af7,ok,0,0,0,0,0,0,3.5285,2.2736,2.7258,2.0438,1.555,1,1,,8450,3.6
grid2:norm,,,PR10_x1.25,holdout,3,1027,headon,vfield,f2ebb46af7,ok,0,0,0,0,0,0,2.2398,5.9787,2.7258,2.0438,1.555,1,1,,8450,3.55
grid2:norm,,,PR10_x1.25,holdout,3,1029,headon,vfield,f2ebb46af7,ok,0,0,0,0,0,0,5.2983,4.3903,2.7258,2.0438,1.555,1,1,,8450,3.59
grid2:norm,,,PR10_x1.25,holdout,3,1031,headon,vfield,f2ebb46af7,ok,0,0,0,0,0,0,4.7639,5.5795,2.7258,2.0438,1.555,1,1,,8450,3.6
grid2:norm,,,PR10_x1.25,holdout,3,1033,headon,vfield,f2ebb46af7,ok,1,0,0,0,1,0,0.3047,5.8784,2.7258,2.0438,1.555,1,1,24.72,8450,3.57
grid2:norm,,,PR10_x1.25,holdout,3,1035,headon,vfield,f2ebb46af7,ok,1,0,0,0,1,0,0.2127,6.1877,2.7258,2.0438,1.555,1,1,17.99,8450,3.58
grid2:norm,,,PR10_x1.25,holdout,3,1037,headon,vfield,f2ebb46af7,ok,0,0,0,0,0,0,1.123,5.8023,2.7258,2.0438,1.555,1,1,,8450,3.58
grid2:norm,,,PR10_x1.25,holdout,3,1039,headon,vfield,f2ebb46af7,ok,1,0,0,0,1,0,0.9775,2.4315,2.7258,2.0438,1.555,1,1,15.09,8450,3.55
grid2:norm,,,PR10_x1.25,holdout,3,1041,headon,vfield,f2ebb46af7,ok,1,0,0,0,1,0,0.2601,5.8696,2.7258,2.0438,1.555,1,1,22.37,8450,3.6
grid2:norm,,,PR10_x1.25,holdout,3,1043,headon,vfield,f2ebb46af7,ok,1,0,0,0,1,0,0.785,6.2798,2.7258,2.0438,1.555,1,1,15.4,8450,3.61
grid2:norm,,,PR10_x1.25,holdout,3,1045,headon,vfield,f2ebb46af7,ok,0,0,0,0,0,0,3.2321,5.7083,2.7258,2.0438,1.555,1,1,,8450,3.56
grid2:norm,,,PR10_x1.25,holdout,3,1047,headon,vfield,f2ebb46af7,ok,0,0,0,0,0,0,1.7425,2.1989,2.7258,2.0438,1.555,1,1,,8450,3.57
grid2:norm,,,PR10_x1.25,holdout,3,1049,headon,vfield,f2ebb46af7,ok,0,0,0,0,0,0,4.2801,5.0707,2.7258,2.0438,1.555,1,1,,8450,3.59
grid2:norm,,,PR10_x1.25,holdout,3,1051,headon,vfield,f2ebb46af7,ok,0,0,0,0,0,0,2.5271,5.3864,2.7258,2.0438,1.555,1,1,,8450,3.57
grid2:norm,,,PR10_x1.25,holdout,3,1053,headon,vfield,f2ebb46af7,ok,0,0,0,0,0,0,1.827,1.5984,2.7258,2.0438,1.555,1,1,,8450,3.61
grid2:norm,,,PR10_x1.25,holdout,3,1055,headon,vfield,f2ebb46af7,ok,0,0,0,0,0,0,2.9075,5.7443,2.7258,2.0438,1.555,1,1,,8450,3.61
grid2:norm,,,PR10_x1.25,holdout,3,1057,headon,vfield,f2ebb46af7,ok,0,0,0,0,0,0,1.8118,5.7042,2.7258,2.0438,1.555,1,1,,8450,3.58
grid2:norm,,,PR10_x1.25,holdout,3,1059,headon,vfield,f2ebb46af7,ok,0,0,0,0,0,0,1.6697,1.772,2.7258,2.0438,1.555,1,1,,8450,3.6
grid2:norm,,,PR10_x1.5,holdout,3,1001,headon,vfield,14340002ea,ok,1,0,0,0,1,0,0.3662,6.1745,2.7258,2.0438,1.555,1,1,25.26,8450,3.58
grid2:norm,,,PR10_x1.5,holdout,3,1003,headon,vfield,14340002ea,ok,0,0,0,0,0,0,3.045,2.7591,2.7258,2.0438,1.555,1,1,,8450,3.58
grid2:norm,,,PR10_x1.5,holdout,3,1005,headon,vfield,14340002ea,ok,0,0,0,0,0,0,3.3761,6.217,2.7258,2.0438,1.555,1,1,,8450,3.62
grid2:norm,,,PR10_x1.5,holdout,3,1007,headon,vfield,14340002ea,ok,0,0,0,0,0,0,4.8384,6.6591,2.7258,2.0438,1.555,1,1,,8450,3.56
grid2:norm,,,PR10_x1.5,holdout,3,1009,headon,vfield,14340002ea,ok,0,0,0,0,0,0,5.678,6.1959,2.7258,2.0438,1.555,1,1,,8450,3.59
grid2:norm,,,PR10_x1.5,holdout,3,1011,headon,vfield,14340002ea,ok,1,0,0,0,1,0,0.4438,6.3502,2.7258,2.0438,1.555,1,1,25.32,8450,3.6
grid2:norm,,,PR10_x1.5,holdout,3,1013,headon,vfield,14340002ea,ok,0,0,0,0,0,0,3.1133,2.9244,2.7258,2.0438,1.555,1,1,,8450,3.59
grid2:norm,,,PR10_x1.5,holdout,3,1015,headon,vfield,14340002ea,ok,1,0,1,0,0,0,1.8611,0.0656,2.7258,2.0438,1.555,1,1,6.04,8450,3.61
grid2:norm,,,PR10_x1.5,holdout,3,1017,headon,vfield,14340002ea,ok,1,0,0,0,1,0,0.7061,6.0652,2.7258,2.0438,1.555,1,1,25.25,8450,3.6
grid2:norm,,,PR10_x1.5,holdout,3,1019,headon,vfield,14340002ea,ok,0,0,0,0,0,0,2.2109,6.2339,2.7258,2.0438,1.555,1,1,,8450,3.58
grid2:norm,,,PR10_x1.5,holdout,3,1021,headon,vfield,14340002ea,ok,1,0,0,0,1,0,0.3681,6.3463,2.7258,2.0438,1.555,1,1,25.49,8450,3.61
grid2:norm,,,PR10_x1.5,holdout,3,1023,headon,vfield,14340002ea,ok,0,0,0,0,0,0,3.9969,5.4829,2.7258,2.0438,1.555,1,1,,8450,3.59
grid2:norm,,,PR10_x1.5,holdout,3,1025,headon,vfield,14340002ea,ok,0,0,0,0,0,0,2.6712,3.0351,2.7258,2.0438,1.555,1,1,,8450,3.59
grid2:norm,,,PR10_x1.5,holdout,3,1027,headon,vfield,14340002ea,ok,1,0,0,0,1,0,0.7176,6.2227,2.7258,2.0438,1.555,1,1,17.48,8450,3.64
grid2:norm,,,PR10_x1.5,holdout,3,1029,headon,vfield,14340002ea,ok,0,0,0,0,0,0,4.291,6.2149,2.7258,2.0438,1.555,1,1,,8450,3.57
grid2:norm,,,PR10_x1.5,holdout,3,1031,headon,vfield,14340002ea,ok,0,0,0,0,0,0,5.6353,6.3663,2.7258,2.0438,1.555,1,1,,8450,3.58
grid2:norm,,,PR10_x1.5,holdout,3,1033,headon,vfield,14340002ea,ok,1,0,0,0,1,0,0.1581,6.1611,2.7258,2.0438,1.555,1,1,26.08,8450,3.57
grid2:norm,,,PR10_x1.5,holdout,3,1035,headon,vfield,14340002ea,ok,0,0,0,0,0,0,6.1745,6.0382,2.7258,2.0438,1.555,1,1,,8450,3.6
grid2:norm,,,PR10_x1.5,holdout,3,1037,headon,vfield,14340002ea,ok,0,0,0,0,0,0,5.5334,6.402,2.7258,2.0438,1.555,1,1,,8450,3.56
grid2:norm,,,PR10_x1.5,holdout,3,1039,headon,vfield,14340002ea,ok,0,0,0,0,0,0,1.7063,6.1018,2.7258,2.0438,1.555,1,1,,8450,3.6
grid2:norm,,,PR10_x1.5,holdout,3,1041,headon,vfield,14340002ea,ok,0,0,0,0,0,0,3.8483,6.1904,2.7258,2.0438,1.555,1,1,,8450,3.61
grid2:norm,,,PR10_x1.5,holdout,3,1043,headon,vfield,14340002ea,ok,0,0,0,0,0,0,3.9565,6.0758,2.7258,2.0438,1.555,1,1,,8450,3.57
grid2:norm,,,PR10_x1.5,holdout,3,1045,headon,vfield,14340002ea,ok,1,0,0,0,1,0,0.5419,6.0557,2.7258,2.0438,1.555,1,1,25.47,8450,3.59
grid2:norm,,,PR10_x1.5,holdout,3,1047,headon,vfield,14340002ea,ok,0,0,0,0,0,0,1.2105,6.1018,2.7258,2.0438,1.555,1,1,,8450,3.56
grid2:norm,,,PR10_x1.5,holdout,3,1049,headon,vfield,14340002ea,ok,0,0,0,0,0,0,1.5238,6.9047,2.7258,2.0438,1.555,1,1,,8450,3.6
grid2:norm,,,PR10_x1.5,holdout,3,1051,headon,vfield,14340002ea,ok,0,0,0,0,0,0,2.3445,6.3545,2.7258,2.0438,1.555,1,1,,8450,3.58
grid2:norm,,,PR10_x1.5,holdout,3,1053,headon,vfield,14340002ea,ok,1,0,0,0,1,0,0.2113,2.2018,2.7258,2.0438,1.555,1,1,20.47,8450,3.58
grid2:norm,,,PR10_x1.5,holdout,3,1055,headon,vfield,14340002ea,ok,1,0,0,0,1,0,0.8815,6.7808,2.7258,2.0438,1.555,1,1,26.56,8450,3.61
grid2:norm,,,PR10_x1.5,holdout,3,1057,headon,vfield,14340002ea,ok,0,0,0,0,0,0,2.1114,5.3544,2.7258,2.0438,1.555,1,1,,8450,3.56
grid2:norm,,,PR10_x1.5,holdout,3,1059,headon,vfield,14340002ea,ok,0,0,0,0,0,0,2.8547,2.053,2.7258,2.0438,1.555,1,1,,8450,3.59
grid2:norm,,,PR10_x2,holdout,3,1001,headon,vfield,cc8af90097,ok,0,0,0,0,0,0,5.1769,6.75,2.7258,2.0438,1.555,1,1,,8450,3.59
grid2:norm,,,PR10_x2,holdout,3,1003,headon,vfield,cc8af90097,ok,0,0,0,0,0,0,1.2365,1.6188,2.7258,2.0438,1.555,1,1,,8450,3.57
grid2:norm,,,PR10_x2,holdout,3,1005,headon,vfield,cc8af90097,ok,0,0,0,0,0,0,3.2844,1.443,2.7258,2.0438,1.555,1,1,,8450,3.55
grid2:norm,,,PR10_x2,holdout,3,1007,headon,vfield,cc8af90097,ok,1,0,1,0,0,0,1.3037,0.5016,2.7258,2.0438,1.555,1,1,5.2,8450,3.57
grid2:norm,,,PR10_x2,holdout,3,1009,headon,vfield,cc8af90097,ok,0,0,0,0,0,0,4.5993,1.1579,2.7258,2.0438,1.555,1,1,,8450,3.68
grid2:norm,,,PR10_x2,holdout,3,1011,headon,vfield,cc8af90097,ok,0,0,0,0,0,0,3.3544,1.4578,2.7258,2.0438,1.555,1,1,,8450,3.59
grid2:norm,,,PR10_x2,holdout,3,1013,headon,vfield,cc8af90097,ok,0,0,0,0,0,0,4.2003,6.1447,2.7258,2.0438,1.555,1,1,,8450,3.62
grid2:norm,,,PR10_x2,holdout,3,1015,headon,vfield,cc8af90097,ok,0,0,0,0,0,0,5.0643,3.233,2.7258,2.0438,1.555,1,1,,8450,3.58
grid2:norm,,,PR10_x2,holdout,3,1017,headon,vfield,cc8af90097,ok,0,0,0,0,0,0,1.1085,2.7537,2.7258,2.0438,1.555,1,1,,8450,3.56
grid2:norm,,,PR10_x2,holdout,3,1019,headon,vfield,cc8af90097,ok,1,0,1,0,0,0,2.0306,0.8681,2.7258,2.0438,1.555,1,1,5.39,8450,3.59
grid2:norm,,,PR10_x2,holdout,3,1021,headon,vfield,cc8af90097,ok,0,0,0,0,0,0,3.293,6.215,2.7258,2.0438,1.555,1,1,,8450,3.59
grid2:norm,,,PR10_x2,holdout,3,1023,headon,vfield,cc8af90097,ok,1,0,1,0,0,0,1.6633,0.2821,2.7258,2.0438,1.555,1,1,6.71,8450,3.68
grid2:norm,,,PR10_x2,holdout,3,1025,headon,vfield,cc8af90097,ok,0,0,0,0,0,0,3.6363,6.8466,2.7258,2.0438,1.555,1,1,,8450,3.6
grid2:norm,,,PR10_x2,holdout,3,1027,headon,vfield,cc8af90097,ok,1,0,1,0,0,0,4.2935,0.7617,2.7258,2.0438,1.555,1,1,23.68,8450,3.6
grid2:norm,,,PR10_x2,holdout,3,1029,headon,vfield,cc8af90097,ok,1,0,1,0,0,0,5.0346,0.3546,2.7258,2.0438,1.555,1,1,21.81,8450,3.59
grid2:norm,,,PR10_x2,holdout,3,1031,headon,vfield,cc8af90097,ok,1,0,1,0,0,0,6.0112,0.8159,2.7258,2.0438,1.555,1,1,25.09,8450,3.58
grid2:norm,,,PR10_x2,holdout,3,1033,headon,vfield,cc8af90097,ok,0,0,0,0,0,0,3.0675,1.6848,2.7258,2.0438,1.555,1,1,,8450,3.6
grid2:norm,,,PR10_x2,holdout,3,1035,headon,vfield,cc8af90097,ok,0,0,0,0,0,0,6.0199,6.7714,2.7258,2.0438,1.555,1,1,,8450,3.6
grid2:norm,,,PR10_x2,holdout,3,1037,headon,vfield,cc8af90097,ok,0,0,0,0,0,0,2.7433,5.5072,2.7258,2.0438,1.555,1,1,,8450,3.6
grid2:norm,,,PR10_x2,holdout,3,1039,headon,vfield,cc8af90097,ok,0,0,0,0,0,0,3.5039,5.564,2.7258,2.0438,1.555,1,1,,8450,3.59
grid2:norm,,,PR10_x2,holdout,3,1041,headon,vfield,cc8af90097,ok,0,0,0,0,0,0,5.9674,6.1083,2.7258,2.0438,1.555,1,1,,8450,3.58
grid2:norm,,,PR10_x2,holdout,3,1043,headon,vfield,cc8af90097,ok,0,0,0,0,0,0,6.0334,6.0657,2.7258,2.0438,1.555,1,1,,8450,3.62
grid2:norm,,,PR10_x2,holdout,3,1045,headon,vfield,cc8af90097,ok,0,0,0,0,0,0,4.9029,1.3118,2.7258,2.0438,1.555,1,1,,8450,3.6
grid2:norm,,,PR10_x2,holdout,3,1047,headon,vfield,cc8af90097,ok,1,0,1,0,0,0,6.4275,0.8669,2.7258,2.0438,1.555,1,1,22.99,8450,3.6
grid2:norm,,,PR10_x2,holdout,3,1049,headon,vfield,cc8af90097,ok,0,0,0,0,0,0,5.2654,6.2698,2.7258,2.0438,1.555,1,1,,8450,3.62
grid2:norm,,,PR10_x2,holdout,3,1051,headon,vfield,cc8af90097,ok,0,0,0,0,0,0,5.5575,6.5869,2.7258,2.0438,1.555,1,1,,8450,3.61
grid2:norm,,,PR10_x2,holdout,3,1053,headon,vfield,cc8af90097,ok,0,0,0,0,0,0,3.0677,1.9863,2.7258,2.0438,1.555,1,1,,8450,3.58
grid2:norm,,,PR10_x2,holdout,3,1055,headon,vfield,cc8af90097,ok,0,0,0,0,0,0,3.5653,1.032,2.7258,2.0438,1.555,1,1,,8450,3.57
grid2:norm,,,PR10_x2,holdout,3,1057,headon,vfield,cc8af90097,ok,1,0,1,0,0,0,2.8803,0.9605,2.7258,2.0438,1.555,1,1,5.49,8450,3.58
grid2:norm,,,PR10_x2,holdout,3,1059,headon,vfield,cc8af90097,ok,0,0,0,0,0,0,5.3606,6.2459,2.7258,2.0438,1.555,1,1,,8450,3.6
grid2:norm,,,PR13_x0.5,holdout,3,1001,headon,vfield,11d0357d01,ok,0,0,0,0,0,0,4.5607,7.0014,2.7258,2.0438,1.555,1,1,,8450,3.56
grid2:norm,,,PR13_x0.5,holdout,3,1003,headon,vfield,11d0357d01,ok,1,0,1,0,0,0,4.7412,0.5079,2.7258,2.0438,1.555,1,1,8.0,8450,3.59
grid2:norm,,,PR13_x0.5,holdout,3,1005,headon,vfield,11d0357d01,ok,0,0,0,0,0,0,1.4534,4.9698,2.7258,2.0438,1.555,1,1,,8450,3.6
grid2:norm,,,PR13_x0.5,holdout,3,1007,headon,vfield,11d0357d01,ok,0,0,0,0,0,0,5.7129,3.6186,2.7258,2.0438,1.555,1,1,,8450,3.55
grid2:norm,,,PR13_x0.5,holdout,3,1009,headon,vfield,11d0357d01,ok,0,0,0,0,0,0,1.0174,1.9396,2.7258,2.0438,1.555,1,1,,8450,3.58
grid2:norm,,,PR13_x0.5,holdout,3,1011,headon,vfield,11d0357d01,ok,1,0,0,0,1,0,0.1373,1.4446,2.7258,2.0438,1.555,1,1,10.41,8450,3.6
grid2:norm,,,PR13_x0.5,holdout,3,1013,headon,vfield,11d0357d01,ok,0,0,0,0,0,0,2.1852,7.0515,2.7258,2.0438,1.555,1,1,,8450,3.62
grid2:norm,,,PR13_x0.5,holdout,3,1015,headon,vfield,11d0357d01,ok,0,0,0,0,0,0,1.2966,1.1249,2.7258,2.0438,1.555,1,1,,8450,3.57
grid2:norm,,,PR13_x0.5,holdout,3,1017,headon,vfield,11d0357d01,ok,0,0,0,0,0,0,1.0369,2.2136,2.7258,2.0438,1.555,1,1,,8450,3.57
grid2:norm,,,PR13_x0.5,holdout,3,1019,headon,vfield,11d0357d01,ok,0,0,0,0,0,0,3.6822,4.4875,2.7258,2.0438,1.555,1,1,,8450,3.62
grid2:norm,,,PR13_x0.5,holdout,3,1021,headon,vfield,11d0357d01,ok,1,0,0,1,0,0,0.1726,5.077,2.7258,2.0438,1.555,1,1,37.94,8450,3.57
grid2:norm,,,PR13_x0.5,holdout,3,1023,headon,vfield,11d0357d01,ok,1,0,0,1,0,0,0.2487,2.6258,2.7258,2.0438,1.555,1,1,38.35,8450,3.58
grid2:norm,,,PR13_x0.5,holdout,3,1025,headon,vfield,11d0357d01,ok,1,0,1,0,0,0,4.015,0.0736,2.7258,2.0438,1.555,1,1,7.81,8450,3.57
grid2:norm,,,PR13_x0.5,holdout,3,1027,headon,vfield,11d0357d01,ok,0,0,0,0,0,0,4.8289,5.4574,2.7258,2.0438,1.555,1,1,,8450,3.58
grid2:norm,,,PR13_x0.5,holdout,3,1029,headon,vfield,11d0357d01,ok,1,0,1,0,0,0,1.1033,0.8314,2.7258,2.0438,1.555,1,1,6.85,8450,3.6
grid2:norm,,,PR13_x0.5,holdout,3,1031,headon,vfield,11d0357d01,ok,0,0,0,0,0,0,1.1741,5.2258,2.7258,2.0438,1.555,1,1,,8450,3.6
grid2:norm,,,PR13_x0.5,holdout,3,1033,headon,vfield,11d0357d01,ok,1,0,0,1,0,0,0.9925,2.2341,2.7258,2.0438,1.555,1,1,10.41,8450,3.58
grid2:norm,,,PR13_x0.5,holdout,3,1035,headon,vfield,11d0357d01,ok,1,0,0,0,1,0,0.7694,5.2602,2.7258,2.0438,1.555,1,1,23.45,8450,3.58
grid2:norm,,,PR13_x0.5,holdout,3,1037,headon,vfield,11d0357d01,ok,0,0,0,0,0,0,1.8235,3.4706,2.7258,2.0438,1.555,1,1,,8450,3.59
grid2:norm,,,PR13_x0.5,holdout,3,1039,headon,vfield,11d0357d01,ok,0,0,0,0,0,0,4.8078,5.1323,2.7258,2.0438,1.555,1,1,,8450,3.59
grid2:norm,,,PR13_x0.5,holdout,3,1041,headon,vfield,11d0357d01,ok,2,0,1,0,1,0,0.0851,0.4433,2.7258,2.0438,1.555,1,1,6.72,8450,3.58
grid2:norm,,,PR13_x0.5,holdout,3,1043,headon,vfield,11d0357d01,ok,0,0,0,0,0,0,1.2372,5.4496,2.7258,2.0438,1.555,1,1,,8450,3.61
grid2:norm,,,PR13_x0.5,holdout,3,1045,headon,vfield,11d0357d01,ok,0,0,0,0,0,0,1.4315,5.855,2.7258,2.0438,1.555,1,1,,8450,3.58
grid2:norm,,,PR13_x0.5,holdout,3,1047,headon,vfield,11d0357d01,ok,0,0,0,0,0,0,4.7786,4.8479,2.7258,2.0438,1.555,1,1,,8450,3.56
grid2:norm,,,PR13_x0.5,holdout,3,1049,headon,vfield,11d0357d01,ok,0,0,0,0,0,0,1.7206,5.8872,2.7258,2.0438,1.555,1,1,,8450,3.56
grid2:norm,,,PR13_x0.5,holdout,3,1051,headon,vfield,11d0357d01,ok,1,0,0,0,1,0,0.6751,5.9839,2.7258,2.0438,1.555,1,1,9.88,8450,3.59
grid2:norm,,,PR13_x0.5,holdout,3,1053,headon,vfield,11d0357d01,ok,1,0,0,0,1,0,0.9901,4.2365,2.7258,2.0438,1.555,1,1,9.91,8450,3.57
grid2:norm,,,PR13_x0.5,holdout,3,1055,headon,vfield,11d0357d01,ok,2,0,0,1,1,0,0.682,1.7603,2.7258,2.0438,1.555,1,1,10.04,8450,3.58
grid2:norm,,,PR13_x0.5,holdout,3,1057,headon,vfield,11d0357d01,ok,0,0,0,0,0,0,1.9071,2.3741,2.7258,2.0438,1.555,1,1,,8450,3.63
grid2:norm,,,PR13_x0.5,holdout,3,1059,headon,vfield,11d0357d01,ok,1,0,0,1,0,0,0.879,2.2637,2.7258,2.0438,1.555,1,1,10.38,8450,3.55
grid2:norm,,,PR13_x0.75,holdout,3,1001,headon,vfield,a5b2079d85,ok,1,0,0,0,1,0,0.6478,5.6095,2.7258,2.0438,1.555,1,1,9.91,8450,3.59
grid2:norm,,,PR13_x0.75,holdout,3,1003,headon,vfield,a5b2079d85,ok,0,0,0,0,0,0,3.2959,2.2545,2.7258,2.0438,1.555,1,1,,8450,3.63
grid2:norm,,,PR13_x0.75,holdout,3,1005,headon,vfield,a5b2079d85,ok,1,0,0,1,0,0,0.3619,4.0619,2.7258,2.0438,1.555,1,1,15.94,8450,3.62
grid2:norm,,,PR13_x0.75,holdout,3,1007,headon,vfield,a5b2079d85,ok,1,0,0,1,0,0,0.9193,4.372,2.7258,2.0438,1.555,1,1,14.49,8450,3.58
grid2:norm,,,PR13_x0.75,holdout,3,1009,headon,vfield,a5b2079d85,ok,1,0,0,0,1,0,0.6633,5.9741,2.7258,2.0438,1.555,1,1,9.91,8450,3.57
grid2:norm,,,PR13_x0.75,holdout,3,1011,headon,vfield,a5b2079d85,ok,0,0,0,0,0,0,1.6245,2.8387,2.7258,2.0438,1.555,1,1,,8450,3.63
grid2:norm,,,PR13_x0.75,holdout,3,1013,headon,vfield,a5b2079d85,ok,0,0,0,0,0,0,1.1036,4.0377,2.7258,2.0438,1.555,1,1,,8450,3.59
grid2:norm,,,PR13_x0.75,holdout,3,1015,headon,vfield,a5b2079d85,ok,1,0,0,1,0,0,0.4322,3.0933,2.7258,2.0438,1.555,1,1,15.11,8450,3.59
grid2:norm,,,PR13_x0.75,holdout,3,1017,headon,vfield,a5b2079d85,ok,2,0,0,1,1,0,0.8264,1.6649,2.7258,2.0438,1.555,1,1,15.97,8450,3.64
grid2:norm,,,PR13_x0.75,holdout,3,1019,headon,vfield,a5b2079d85,ok,1,0,1,0,0,0,3.8113,0.4527,2.7258,2.0438,1.555,1,1,7.69,8450,3.58
grid2:norm,,,PR13_x0.75,holdout,3,1021,headon,vfield,a5b2079d85,ok,1,0,0,0,1,0,0.7125,5.8122,2.7258,2.0438,1.555,1,1,9.86,8450,3.57
grid2:norm,,,PR13_x0.75,holdout,3,1023,headon,vfield,a5b2079d85,ok,1,0,0,0,1,0,0.6638,6.0618,2.7258,2.0438,1.555,1,1,9.92,8450,3.54
grid2:norm,,,PR13_x0.75,holdout,3,1025,headon,vfield,a5b2079d85,ok,0,0,0,0,0,0,3.57,3.0918,2.7258,2.0438,1.555,1,1,,8450,3.54
grid2:norm,,,PR13_x0.75,holdout,3,1027,headon,vfield,a5b2079d85,ok,1,0,0,0,1,0,0.3416,1.1496,2.7258,2.0438,1.555,1,1,17.94,8450,3.62
grid2:norm,,,PR13_x0.75,holdout,3,1029,headon,vfield,a5b2079d85,ok,0,0,0,0,0,0,1.6387,3.7571,2.7258,2.0438,1.555,1,1,,8450,3.61
grid2:norm,,,PR13_x0.75,holdout,3,1031,headon,vfield,a5b2079d85,ok,0,0,0,0,0,0,3.2729,4.3083,2.7258,2.0438,1.555,1,1,,8450,3.58
grid2:norm,,,PR13_x0.75,holdout,3,1033,headon,vfield,a5b2079d85,ok,0,0,0,0,0,0,3.2991,3.4678,2.7258,2.0438,1.555,1,1,,8450,3.63
grid2:norm,,,PR13_x0.75,holdout,3,1035,headon,vfield,a5b2079d85,ok,0,0,0,0,0,0,2.0223,5.425,2.7258,2.0438,1.555,1,1,,8450,3.57
grid2:norm,,,PR13_x0.75,holdout,3,1037,headon,vfield,a5b2079d85,ok,1,0,0,0,1,0,0.2234,5.9106,2.7258,2.0438,1.555,1,1,10.42,8450,3.63
grid2:norm,,,PR13_x0.75,holdout,3,1039,headon,vfield,a5b2079d85,ok,2,0,0,1,1,0,0.672,5.5273,2.7258,2.0438,1.555,1,1,9.93,8450,3.59
grid2:norm,,,PR13_x0.75,holdout,3,1041,headon,vfield,a5b2079d85,ok,1,0,1,0,0,0,3.5847,0.1209,2.7258,2.0438,1.555,1,1,27.03,8450,3.58
grid2:norm,,,PR13_x0.75,holdout,3,1043,headon,vfield,a5b2079d85,ok,1,0,0,0,1,0,0.6247,3.6364,2.7258,2.0438,1.555,1,1,9.94,8450,3.59
grid2:norm,,,PR13_x0.75,holdout,3,1045,headon,vfield,a5b2079d85,ok,0,0,0,0,0,0,2.2368,5.6612,2.7258,2.0438,1.555,1,1,,8450,3.58
grid2:norm,,,PR13_x0.75,holdout,3,1047,headon,vfield,a5b2079d85,ok,2,0,0,1,1,0,0.7481,5.201,2.7258,2.0438,1.555,1,1,9.88,8450,3.58
grid2:norm,,,PR13_x0.75,holdout,3,1049,headon,vfield,a5b2079d85,ok,2,0,1,0,1,0,0.9404,0.4402,2.7258,2.0438,1.555,1,1,7.37,8450,3.59
grid2:norm,,,PR13_x0.75,holdout,3,1051,headon,vfield,a5b2079d85,ok,1,0,0,1,0,0,0.3047,4.8724,2.7258,2.0438,1.555,1,1,14.39,8450,3.55
grid2:norm,,,PR13_x0.75,holdout,3,1053,headon,vfield,a5b2079d85,ok,0,0,0,0,0,0,1.493,1.9339,2.7258,2.0438,1.555,1,1,,8450,3.55
grid2:norm,,,PR13_x0.75,holdout,3,1055,headon,vfield,a5b2079d85,ok,1,0,0,0,1,0,0.7703,5.909,2.7258,2.0438,1.555,1,1,9.88,8450,3.57
grid2:norm,,,PR13_x0.75,holdout,3,1057,headon,vfield,a5b2079d85,ok,0,0,0,0,0,0,1.5537,2.1457,2.7258,2.0438,1.555,1,1,,8450,3.61
grid2:norm,,,PR13_x0.75,holdout,3,1059,headon,vfield,a5b2079d85,ok,0,0,0,0,0,0,7.1011,5.5459,2.7258,2.0438,1.555,1,1,,8450,3.62
grid2:norm,,,PR13_x1,holdout,3,1001,headon,vfield,1a5593354f,ok,0,0,0,0,0,0,2.5049,5.9066,2.7258,2.0438,1.555,1,1,,8450,3.57
grid2:norm,,,PR13_x1,holdout,3,1003,headon,vfield,1a5593354f,ok,0,0,0,0,0,0,3.7094,5.6482,2.7258,2.0438,1.555,1,1,,8450,3.57
grid2:norm,,,PR13_x1,holdout,3,1005,headon,vfield,1a5593354f,ok,1,0,0,1,0,0,0.6204,5.1177,2.7258,2.0438,1.555,1,1,14.48,8450,3.58
grid2:norm,,,PR13_x1,holdout,3,1007,headon,vfield,1a5593354f,ok,0,0,0,0,0,0,1.2423,5.9548,2.7258,2.0438,1.555,1,1,,8450,3.65
grid2:norm,,,PR13_x1,holdout,3,1009,headon,vfield,1a5593354f,ok,1,0,0,1,0,0,0.99,4.6487,2.7258,2.0438,1.555,1,1,13.94,8450,3.56
grid2:norm,,,PR13_x1,holdout,3,1011,headon,vfield,1a5593354f,ok,1,0,0,1,0,0,0.1268,4.2739,2.7258,2.0438,1.555,1,1,14.92,8450,3.6
grid2:norm,,,PR13_x1,holdout,3,1013,headon,vfield,1a5593354f,ok,0,0,0,0,0,0,3.8428,5.1698,2.7258,2.0438,1.555,1,1,,8450,3.62
grid2:norm,,,PR13_x1,holdout,3,1015,headon,vfield,1a5593354f,ok,0,0,0,0,0,0,1.3823,3.2304,2.7258,2.0438,1.555,1,1,,8450,3.55
grid2:norm,,,PR13_x1,holdout,3,1017,headon,vfield,1a5593354f,ok,1,0,0,1,0,0,0.0646,4.4621,2.7258,2.0438,1.555,1,1,14.67,8450,3.58
grid2:norm,,,PR13_x1,holdout,3,1019,headon,vfield,1a5593354f,ok,0,0,0,0,0,0,2.2571,3.5835,2.7258,2.0438,1.555,1,1,,8450,3.62
grid2:norm,,,PR13_x1,holdout,3,1021,headon,vfield,1a5593354f,ok,1,0,0,1,0,0,0.1403,4.6552,2.7258,2.0438,1.555,1,1,14.64,8450,3.56
grid2:norm,,,PR13_x1,holdout,3,1023,headon,vfield,1a5593354f,ok,2,0,0,2,0,0,0.383,4.913,2.7258,2.0438,1.555,1,1,14.56,8450,3.6
grid2:norm,,,PR13_x1,holdout,3,1025,headon,vfield,1a5593354f,ok,0,0,0,0,0,0,6.5006,3.052,2.7258,2.0438,1.555,1,1,,8450,3.56
grid2:norm,,,PR13_x1,holdout,3,1027,headon,vfield,1a5593354f,ok,1,0,0,1,0,0,0.5114,4.9001,2.7258,2.0438,1.555,1,1,14.76,8450,3.58
grid2:norm,,,PR13_x1,holdout,3,1029,headon,vfield,1a5593354f,ok,0,0,0,0,0,0,5.4553,4.9291,2.7258,2.0438,1.555,1,1,,8450,3.59
grid2:norm,,,PR13_x1,holdout,3,1031,headon,vfield,1a5593354f,ok,1,0,0,1,0,0,0.1858,4.7061,2.7258,2.0438,1.555,1,1,14.6,8450,3.58
grid2:norm,,,PR13_x1,holdout,3,1033,headon,vfield,1a5593354f,ok,1,0,0,1,0,0,0.0936,4.8352,2.7258,2.0438,1.555,1,1,15.65,8450,3.58
grid2:norm,,,PR13_x1,holdout,3,1035,headon,vfield,1a5593354f,ok,1,0,0,0,1,0,0.9209,3.2323,2.7258,2.0438,1.555,1,1,21.01,8450,3.59
grid2:norm,,,PR13_x1,holdout,3,1037,headon,vfield,1a5593354f,ok,1,0,0,1,0,0,0.659,5.1322,2.7258,2.0438,1.555,1,1,14.4,8450,3.59
grid2:norm,,,PR13_x1,holdout,3,1039,headon,vfield,1a5593354f,ok,0,0,0,0,0,0,1.6764,4.7384,2.7258,2.0438,1.555,1,1,,8450,3.6
grid2:norm,,,PR13_x1,holdout,3,1041,headon,vfield,1a5593354f,ok,1,0,0,1,0,0,0.3015,4.7966,2.7258,2.0438,1.555,1,1,15.63,8450,3.57
grid2:norm,,,PR13_x1,holdout,3,1043,headon,vfield,1a5593354f,ok,0,0,0,0,0,0,2.7646,1.2123,2.7258,2.0438,1.555,1,1,,8450,3.55
grid2:norm,,,PR13_x1,holdout,3,1045,headon,vfield,1a5593354f,ok,1,0,0,1,0,0,0.3747,4.8704,2.7258,2.0438,1.555,1,1,15.61,8450,3.61
grid2:norm,,,PR13_x1,holdout,3,1047,headon,vfield,1a5593354f,ok,1,0,0,1,0,0,0.1829,4.6724,2.7258,2.0438,1.555,1,1,14.62,8450,3.63
grid2:norm,,,PR13_x1,holdout,3,1049,headon,vfield,1a5593354f,ok,1,0,0,1,0,0,0.2525,4.7688,2.7258,2.0438,1.555,1,1,14.66,8450,3.56
grid2:norm,,,PR13_x1,holdout,3,1051,headon,vfield,1a5593354f,ok,0,0,0,0,0,0,4.0101,5.6413,2.7258,2.0438,1.555,1,1,,8450,3.57
grid2:norm,,,PR13_x1,holdout,3,1053,headon,vfield,1a5593354f,ok,1,0,0,1,0,0,0.4139,3.15,2.7258,2.0438,1.555,1,1,13.94,8450,3.58
grid2:norm,,,PR13_x1,holdout,3,1055,headon,vfield,1a5593354f,ok,1,0,0,1,0,0,0.2941,4.778,2.7258,2.0438,1.555,1,1,14.54,8450,3.58
grid2:norm,,,PR13_x1,holdout,3,1057,headon,vfield,1a5593354f,ok,0,0,0,0,0,0,2.6874,4.5814,2.7258,2.0438,1.555,1,1,,8450,3.63
grid2:norm,,,PR13_x1,holdout,3,1059,headon,vfield,1a5593354f,ok,0,0,0,0,0,0,6.0003,5.9386,2.7258,2.0438,1.555,1,1,,8450,3.59
grid2:norm,,,PR13_x1.25,holdout,3,1001,headon,vfield,06fbacdd2b,ok,0,0,0,0,0,0,6.2127,8.4803,2.7258,2.0438,1.555,1,1,,8450,3.59
grid2:norm,,,PR13_x1.25,holdout,3,1003,headon,vfield,06fbacdd2b,ok,0,0,0,0,0,0,1.5826,8.4803,2.7258,2.0438,1.555,1,1,,8450,3.58
grid2:norm,,,PR13_x1.25,holdout,3,1005,headon,vfield,06fbacdd2b,ok,0,0,0,0,0,0,5.9343,8.2424,2.7258,2.0438,1.555,1,1,,8450,3.56
grid2:norm,,,PR13_x1.25,holdout,3,1007,headon,vfield,06fbacdd2b,ok,1,0,0,0,1,0,0.9342,5.2621,2.7258,2.0438,1.555,1,1,39.53,8450,3.57
grid2:norm,,,PR13_x1.25,holdout,3,1009,headon,vfield,06fbacdd2b,ok,0,0,0,0,0,0,6.2401,8.4803,2.7258,2.0438,1.555,1,1,,8450,3.58
grid2:norm,,,PR13_x1.25,holdout,3,1011,headon,vfield,06fbacdd2b,ok,0,0,0,0,0,0,6.9293,8.1735,2.7258,2.0438,1.555,1,1,,8450,3.58
grid2:norm,,,PR13_x1.25,holdout,3,1013,headon,vfield,06fbacdd2b,ok,0,0,0,0,0,0,4.2276,6.9313,2.7258,2.0438,1.555,1,1,,8450,3.58
grid2:norm,,,PR13_x1.25,holdout,3,1015,headon,vfield,06fbacdd2b,ok,0,0,0,0,0,0,2.1166,6.6522,2.7258,2.0438,1.555,1,1,,8450,3.62
grid2:norm,,,PR13_x1.25,holdout,3,1017,headon,vfield,06fbacdd2b,ok,0,0,0,0,0,0,7.3593,8.4492,2.7258,2.0438,1.555,1,1,,8450,3.56
grid2:norm,,,PR13_x1.25,holdout,3,1019,headon,vfield,06fbacdd2b,ok,0,0,0,0,0,0,3.7725,1.4715,2.7258,2.0438,1.555,1,1,,8450,3.59
grid2:norm,,,PR13_x1.25,holdout,3,1021,headon,vfield,06fbacdd2b,ok,0,0,0,0,0,0,5.1998,8.1121,2.7258,2.0438,1.555,1,1,,8450,3.62
grid2:norm,,,PR13_x1.25,holdout,3,1023,headon,vfield,06fbacdd2b,ok,0,0,0,0,0,0,7.3296,8.4492,2.7258,2.0438,1.555,1,1,,8450,3.57
grid2:norm,,,PR13_x1.25,holdout,3,1025,headon,vfield,06fbacdd2b,ok,0,0,0,0,0,0,1.1349,5.9525,2.7258,2.0438,1.555,1,1,,8450,3.62
grid2:norm,,,PR13_x1.25,holdout,3,1027,headon,vfield,06fbacdd2b,ok,0,0,0,0,0,0,7.298,8.1535,2.7258,2.0438,1.555,1,1,,8450,3.62
grid2:norm,,,PR13_x1.25,holdout,3,1029,headon,vfield,06fbacdd2b,ok,0,0,0,0,0,0,3.6347,2.2687,2.7258,2.0438,1.555,1,1,,8450,3.59
grid2:norm,,,PR13_x1.25,holdout,3,1031,headon,vfield,06fbacdd2b,ok,0,0,0,0,0,0,4.0247,8.1249,2.7258,2.0438,1.555,1,1,,8450,3.63
grid2:norm,,,PR13_x1.25,holdout,3,1033,headon,vfield,06fbacdd2b,ok,0,0,0,0,0,0,6.5464,8.48,2.7258,2.0438,1.555,1,1,,8450,3.69
grid2:norm,,,PR13_x1.25,holdout,3,1035,headon,vfield,06fbacdd2b,ok,0,0,0,0,0,0,3.9909,7.1073,2.7258,2.0438,1.555,1,1,,8450,3.56
grid2:norm,,,PR13_x1.25,holdout,3,1037,headon,vfield,06fbacdd2b,ok,1,0,0,0,1,0,0.4953,6.0506,2.7258,2.0438,1.555,1,1,27.94,8450,3.59
grid2:norm,,,PR13_x1.25,holdout,3,1039,headon,vfield,06fbacdd2b,ok,0,0,0,0,0,0,5.8483,6.6728,2.7258,2.0438,1.555,1,1,,8450,3.59
grid2:norm,,,PR13_x1.25,holdout,3,1041,headon,vfield,06fbacdd2b,ok,0,0,0,0,0,0,7.2527,8.4492,2.7258,2.0438,1.555,1,1,,8450,3.62
grid2:norm,,,PR13_x1.25,holdout,3,1043,headon,vfield,06fbacdd2b,ok,0,0,0,0,0,0,2.9802,7.9072,2.7258,2.0438,1.555,1,1,,8450,3.58
grid2:norm,,,PR13_x1.25,holdout,3,1045,headon,vfield,06fbacdd2b,ok,0,0,0,0,0,0,6.5314,8.4803,2.7258,2.0438,1.555,1,1,,8450,3.59
grid2:norm,,,PR13_x1.25,holdout,3,1047,headon,vfield,06fbacdd2b,ok,0,0,0,0,0,0,6.7749,7.2723,2.7258,2.0438,1.555,1,1,,8450,3.62
grid2:norm,,,PR13_x1.25,holdout,3,1049,headon,vfield,06fbacdd2b,ok,0,0,0,0,0,0,5.2623,7.2668,2.7258,2.0438,1.555,1,1,,8450,3.6
grid2:norm,,,PR13_x1.25,holdout,3,1051,headon,vfield,06fbacdd2b,ok,0,0,0,0,0,0,1.8684,8.4651,2.7258,2.0438,1.555,1,1,,8450,3.64
grid2:norm,,,PR13_x1.25,holdout,3,1053,headon,vfield,06fbacdd2b,ok,0,0,0,0,0,0,6.9661,6.345,2.7258,2.0438,1.555,1,1,,8450,3.57
grid2:norm,,,PR13_x1.25,holdout,3,1055,headon,vfield,06fbacdd2b,ok,0,0,0,0,0,0,2.2189,7.7924,2.7258,2.0438,1.555,1,1,,8450,3.56
grid2:norm,,,PR13_x1.25,holdout,3,1057,headon,vfield,06fbacdd2b,ok,0,0,0,0,0,0,4.5738,3.7677,2.7258,2.0438,1.555,1,1,,8450,3.59
grid2:norm,,,PR13_x1.25,holdout,3,1059,headon,vfield,06fbacdd2b,ok,1,0,1,0,0,0,5.6765,0.296,2.7258,2.0438,1.555,1,1,23.86,8450,3.61
grid2:norm,,,PR13_x1.5,holdout,3,1001,headon,vfield,230bc5c288,ok,0,0,0,0,0,0,2.8475,8.4803,2.7258,2.0438,1.555,1,1,,8450,3.58
grid2:norm,,,PR13_x1.5,holdout,3,1003,headon,vfield,230bc5c288,ok,0,0,0,0,0,0,4.1669,1.4075,2.7258,2.0438,1.555,1,1,,8450,3.6
grid2:norm,,,PR13_x1.5,holdout,3,1005,headon,vfield,230bc5c288,ok,0,0,0,0,0,0,5.4771,2.5879,2.7258,2.0438,1.555,1,1,,8450,3.61
grid2:norm,,,PR13_x1.5,holdout,3,1007,headon,vfield,230bc5c288,ok,0,0,0,0,0,0,2.7482,8.3667,2.7258,2.0438,1.555,1,1,,8450,3.62
grid2:norm,,,PR13_x1.5,holdout,3,1009,headon,vfield,230bc5c288,ok,0,0,0,0,0,0,3.142,8.4803,2.7258,2.0438,1.555,1,1,,8450,3.61
grid2:norm,,,PR13_x1.5,holdout,3,1011,headon,vfield,230bc5c288,ok,0,0,0,0,0,0,1.5301,2.7978,2.7258,2.0438,1.555,1,1,,8450,3.66
grid2:norm,,,PR13_x1.5,holdout,3,1013,headon,vfield,230bc5c288,ok,0,0,0,0,0,0,4.0027,2.8798,2.7258,2.0438,1.555,1,1,,8450,3.62
grid2:norm,,,PR13_x1.5,holdout,3,1015,headon,vfield,230bc5c288,ok,0,0,0,0,0,0,2.2174,1.4435,2.7258,2.0438,1.555,1,1,,8450,3.59
grid2:norm,,,PR13_x1.5,holdout,3,1017,headon,vfield,230bc5c288,ok,0,0,0,0,0,0,4.0555,4.4726,2.7258,2.0438,1.555,1,1,,8450,3.61
grid2:norm,,,PR13_x1.5,holdout,3,1019,headon,vfield,230bc5c288,ok,0,0,0,0,0,0,2.7166,8.1268,2.7258,2.0438,1.555,1,1,,8450,3.6
grid2:norm,,,PR13_x1.5,holdout,3,1021,headon,vfield,230bc5c288,ok,0,0,0,0,0,0,1.3542,8.484,2.7258,2.0438,1.555,1,1,,8450,3.58
grid2:norm,,,PR13_x1.5,holdout,3,1023,headon,vfield,230bc5c288,ok,0,0,0,0,0,0,4.8171,5.2955,2.7258,2.0438,1.555,1,1,,8450,3.58
grid2:norm,,,PR13_x1.5,holdout,3,1025,headon,vfield,230bc5c288,ok,0,0,0,0,0,0,1.4429,4.6089,2.7258,2.0438,1.555,1,1,,8450,3.59
grid2:norm,,,PR13_x1.5,holdout,3,1027,headon,vfield,230bc5c288,ok,0,0,0,0,0,0,6.4153,1.1263,2.7258,2.0438,1.555,1,1,,8450,3.56
grid2:norm,,,PR13_x1.5,holdout,3,1029,headon,vfield,230bc5c288,ok,0,0,0,0,0,0,5.5405,8.4802,2.7258,2.0438,1.555,1,1,,8450,3.58
grid2:norm,,,PR13_x1.5,holdout,3,1031,headon,vfield,230bc5c288,ok,0,0,0,0,0,0,1.6384,4.9981,2.7258,2.0438,1.555,1,1,,8450,3.54
grid2:norm,,,PR13_x1.5,holdout,3,1033,headon,vfield,230bc5c288,ok,0,0,0,0,0,0,4.4023,6.7698,2.7258,2.0438,1.555,1,1,,8450,3.61
grid2:norm,,,PR13_x1.5,holdout,3,1035,headon,vfield,230bc5c288,ok,0,0,0,0,0,0,6.628,8.4043,2.7258,2.0438,1.555,1,1,,8450,3.59
grid2:norm,,,PR13_x1.5,holdout,3,1037,headon,vfield,230bc5c288,ok,0,0,0,0,0,0,3.578,8.7786,2.7258,2.0438,1.555,1,1,,8450,3.6
grid2:norm,,,PR13_x1.5,holdout,3,1039,headon,vfield,230bc5c288,ok,0,0,0,0,0,0,4.0183,2.2547,2.7258,2.0438,1.555,1,1,,8450,3.59
grid2:norm,,,PR13_x1.5,holdout,3,1041,headon,vfield,230bc5c288,ok,0,0,0,0,0,0,5.8068,8.4803,2.7258,2.0438,1.555,1,1,,8450,3.57
grid2:norm,,,PR13_x1.5,holdout,3,1043,headon,vfield,230bc5c288,ok,0,0,0,0,0,0,4.5448,8.4803,2.7258,2.0438,1.555,1,1,,8450,3.61
grid2:norm,,,PR13_x1.5,holdout,3,1045,headon,vfield,230bc5c288,ok,0,0,0,0,0,0,6.1459,8.4801,2.7258,2.0438,1.555,1,1,,8450,3.59
grid2:norm,,,PR13_x1.5,holdout,3,1047,headon,vfield,230bc5c288,ok,0,0,0,0,0,0,1.9792,8.5703,2.7258,2.0438,1.555,1,1,,8450,3.62
grid2:norm,,,PR13_x1.5,holdout,3,1049,headon,vfield,230bc5c288,ok,0,0,0,0,0,0,5.7326,8.4424,2.7258,2.0438,1.555,1,1,,8450,3.6
grid2:norm,,,PR13_x1.5,holdout,3,1051,headon,vfield,230bc5c288,ok,0,0,0,0,0,0,6.6774,8.4587,2.7258,2.0438,1.555,1,1,,8450,3.56
grid2:norm,,,PR13_x1.5,holdout,3,1053,headon,vfield,230bc5c288,ok,0,0,0,0,0,0,3.9288,2.1993,2.7258,2.0438,1.555,1,1,,8450,3.59
grid2:norm,,,PR13_x1.5,holdout,3,1055,headon,vfield,230bc5c288,ok,0,0,0,0,0,0,6.4525,6.2728,2.7258,2.0438,1.555,1,1,,8450,3.57
grid2:norm,,,PR13_x1.5,holdout,3,1057,headon,vfield,230bc5c288,ok,0,0,0,0,0,0,3.5815,6.7781,2.7258,2.0438,1.555,1,1,,8450,3.63
grid2:norm,,,PR13_x1.5,holdout,3,1059,headon,vfield,230bc5c288,ok,0,0,0,0,0,0,6.0489,8.4555,2.7258,2.0438,1.555,1,1,,8450,3.59
grid2:norm,,,PR13_x2,holdout,3,1001,headon,vfield,28fc59b2a8,ok,0,0,0,0,0,0,3.6093,5.3735,2.7258,2.0438,1.555,1,1,,8450,3.64
grid2:norm,,,PR13_x2,holdout,3,1003,headon,vfield,28fc59b2a8,ok,0,0,0,0,0,0,2.132,2.199,2.7258,2.0438,1.555,1,1,,8450,3.59
grid2:norm,,,PR13_x2,holdout,3,1005,headon,vfield,28fc59b2a8,ok,0,0,0,0,0,0,3.7796,4.4815,2.7258,2.0438,1.555,1,1,,8450,3.57
grid2:norm,,,PR13_x2,holdout,3,1007,headon,vfield,28fc59b2a8,ok,0,0,0,0,0,0,2.5523,6.7021,2.7258,2.0438,1.555,1,1,,8450,3.6
grid2:norm,,,PR13_x2,holdout,3,1009,headon,vfield,28fc59b2a8,ok,0,0,0,0,0,0,6.2663,4.1047,2.7258,2.0438,1.555,1,1,,8450,3.59
grid2:norm,,,PR13_x2,holdout,3,1011,headon,vfield,28fc59b2a8,ok,0,0,0,0,0,0,2.3583,1.3893,2.7258,2.0438,1.555,1,1,,8450,3.59
grid2:norm,,,PR13_x2,holdout,3,1013,headon,vfield,28fc59b2a8,ok,0,0,0,0,0,0,5.8442,1.142,2.7258,2.0438,1.555,1,1,,8450,3.6
grid2:norm,,,PR13_x2,holdout,3,1015,headon,vfield,28fc59b2a8,ok,0,0,0,0,0,0,5.8912,2.0588,2.7258,2.0438,1.555,1,1,,8450,3.59
grid2:norm,,,PR13_x2,holdout,3,1017,headon,vfield,28fc59b2a8,ok,0,0,0,0,0,0,6.0871,4.9608,2.7258,2.0438,1.555,1,1,,8450,3.6
grid2:norm,,,PR13_x2,holdout,3,1019,headon,vfield,28fc59b2a8,ok,1,0,1,0,0,0,3.9801,0.8681,2.7258,2.0438,1.555,1,1,11.3,8450,3.58
grid2:norm,,,PR13_x2,holdout,3,1021,headon,vfield,28fc59b2a8,ok,0,0,0,0,0,0,7.055,5.252,2.7258,2.0438,1.555,1,1,,8450,3.56
grid2:norm,,,PR13_x2,holdout,3,1023,headon,vfield,28fc59b2a8,ok,0,0,0,0,0,0,3.2932,2.7657,2.7258,2.0438,1.555,1,1,,8450,3.6
grid2:norm,,,PR13_x2,holdout,3,1025,headon,vfield,28fc59b2a8,ok,0,0,0,0,0,0,3.9746,4.2129,2.7258,2.0438,1.555,1,1,,8450,3.6
grid2:norm,,,PR13_x2,holdout,3,1027,headon,vfield,28fc59b2a8,ok,1,0,0,0,1,0,0.9852,5.6957,2.7258,2.0438,1.555,1,1,44.54,8450,3.57
grid2:norm,,,PR13_x2,holdout,3,1029,headon,vfield,28fc59b2a8,ok,1,0,1,0,0,0,2.0201,0.1312,2.7258,2.0438,1.555,1,1,10.77,8450,3.62
grid2:norm,,,PR13_x2,holdout,3,1031,headon,vfield,28fc59b2a8,ok,0,0,0,0,0,0,4.5986,6.0499,2.7258,2.0438,1.555,1,1,,8450,3.58
grid2:norm,,,PR13_x2,holdout,3,1033,headon,vfield,28fc59b2a8,ok,0,0,0,0,0,0,4.4055,4.5359,2.7258,2.0438,1.555,1,1,,8450,3.6
grid2:norm,,,PR13_x2,holdout,3,1035,headon,vfield,28fc59b2a8,ok,0,0,0,0,0,0,1.763,4.5865,2.7258,2.0438,1.555,1,1,,8450,3.58
grid2:norm,,,PR13_x2,holdout,3,1037,headon,vfield,28fc59b2a8,ok,0,0,0,0,0,0,5.8499,1.5875,2.7258,2.0438,1.555,1,1,,8450,3.6
grid2:norm,,,PR13_x2,holdout,3,1039,headon,vfield,28fc59b2a8,ok,0,0,0,0,0,0,3.5365,3.9106,2.7258,2.0438,1.555,1,1,,8450,3.65
grid2:norm,,,PR13_x2,holdout,3,1041,headon,vfield,28fc59b2a8,ok,0,0,0,0,0,0,2.8736,8.5083,2.7258,2.0438,1.555,1,1,,8450,3.61
grid2:norm,,,PR13_x2,holdout,3,1043,headon,vfield,28fc59b2a8,ok,0,0,0,0,0,0,3.7614,8.449,2.7258,2.0438,1.555,1,1,,8450,3.59
grid2:norm,,,PR13_x2,holdout,3,1045,headon,vfield,28fc59b2a8,ok,0,0,0,0,0,0,4.8293,1.6746,2.7258,2.0438,1.555,1,1,,8450,3.58
grid2:norm,,,PR13_x2,holdout,3,1047,headon,vfield,28fc59b2a8,ok,1,0,1,0,0,0,1.3918,0.9767,2.7258,2.0438,1.555,1,1,27.02,8450,3.59
grid2:norm,,,PR13_x2,holdout,3,1049,headon,vfield,28fc59b2a8,ok,0,0,0,0,0,0,4.9239,1.0695,2.7258,2.0438,1.555,1,1,,8450,3.6
grid2:norm,,,PR13_x2,holdout,3,1051,headon,vfield,28fc59b2a8,ok,0,0,0,0,0,0,1.5187,3.5114,2.7258,2.0438,1.555,1,1,,8450,3.55
grid2:norm,,,PR13_x2,holdout,3,1053,headon,vfield,28fc59b2a8,ok,0,0,0,0,0,0,6.5987,5.4672,2.7258,2.0438,1.555,1,1,,8450,3.59
grid2:norm,,,PR13_x2,holdout,3,1055,headon,vfield,28fc59b2a8,ok,0,0,0,0,0,0,6.9226,1.3085,2.7258,2.0438,1.555,1,1,,8450,3.62
grid2:norm,,,PR13_x2,holdout,3,1057,headon,vfield,28fc59b2a8,ok,0,0,0,0,0,0,4.0898,4.0314,2.7258,2.0438,1.555,1,1,,8450,3.59
grid2:norm,,,PR13_x2,holdout,3,1059,headon,vfield,28fc59b2a8,ok,0,0,0,0,0,0,3.2181,1.455,2.7258,2.0438,1.555,1,1,,8450,3.62
grid2:norm,,,PR16_x0.5,holdout,3,1001,headon,vfield,a0471e14e7,ok,0,0,0,0,0,0,1.2014,8.0034,2.7258,2.0438,1.555,1,1,,8450,3.55
grid2:norm,,,PR16_x0.5,holdout,3,1003,headon,vfield,a0471e14e7,ok,0,0,0,0,0,0,1.3173,5.4885,2.7258,2.0438,1.555,1,1,,8450,3.59
grid2:norm,,,PR16_x0.5,holdout,3,1005,headon,vfield,a0471e14e7,ok,0,0,0,0,0,0,2.1888,4.8921,2.7258,2.0438,1.555,1,1,,8450,3.58
grid2:norm,,,PR16_x0.5,holdout,3,1007,headon,vfield,a0471e14e7,ok,0,0,0,0,0,0,3.5177,5.9467,2.7258,2.0438,1.555,1,1,,8450,3.58
grid2:norm,,,PR16_x0.5,holdout,3,1009,headon,vfield,a0471e14e7,ok,0,0,0,0,0,0,3.3328,7.5771,2.7258,2.0438,1.555,1,1,,8450,3.58
grid2:norm,,,PR16_x0.5,holdout,3,1011,headon,vfield,a0471e14e7,ok,1,0,0,0,1,0,0.1932,4.7799,2.7258,2.0438,1.555,1,1,21.36,8450,3.57
grid2:norm,,,PR16_x0.5,holdout,3,1013,headon,vfield,a0471e14e7,ok,0,0,0,0,0,0,1.7974,5.0991,2.7258,2.0438,1.555,1,1,,8450,3.58
grid2:norm,,,PR16_x0.5,holdout,3,1015,headon,vfield,a0471e14e7,ok,0,0,0,0,0,0,1.5628,2.83,2.7258,2.0438,1.555,1,1,,8450,3.58
grid2:norm,,,PR16_x0.5,holdout,3,1017,headon,vfield,a0471e14e7,ok,0,0,0,0,0,0,3.0947,7.1246,2.7258,2.0438,1.555,1,1,,8450,3.58
grid2:norm,,,PR16_x0.5,holdout,3,1019,headon,vfield,a0471e14e7,ok,0,0,0,0,0,0,3.5675,2.032,2.7258,2.0438,1.555,1,1,,8450,3.57
grid2:norm,,,PR16_x0.5,holdout,3,1021,headon,vfield,a0471e14e7,ok,0,0,0,0,0,0,2.8966,4.7906,2.7258,2.0438,1.555,1,1,,8450,3.56
grid2:norm,,,PR16_x0.5,holdout,3,1023,headon,vfield,a0471e14e7,ok,1,0,0,1,0,0,0.2154,3.4211,2.7258,2.0438,1.555,1,1,22.14,8450,3.59
grid2:norm,,,PR16_x0.5,holdout,3,1025,headon,vfield,a0471e14e7,ok,1,0,0,0,1,0,0.9862,5.0512,2.7258,2.0438,1.555,1,1,11.78,8450,3.54
grid2:norm,,,PR16_x0.5,holdout,3,1027,headon,vfield,a0471e14e7,ok,0,0,0,0,0,0,6.2455,4.821,2.7258,2.0438,1.555,1,1,,8450,3.59
grid2:norm,,,PR16_x0.5,holdout,3,1029,headon,vfield,a0471e14e7,ok,1,0,1,0,0,0,2.3969,0.0127,2.7258,2.0438,1.555,1,1,31.85,8450,3.58
grid2:norm,,,PR16_x0.5,holdout,3,1031,headon,vfield,a0471e14e7,ok,0,0,0,0,0,0,1.778,3.9305,2.7258,2.0438,1.555,1,1,,8450,3.58
grid2:norm,,,PR16_x0.5,holdout,3,1033,headon,vfield,a0471e14e7,ok,1,0,1,0,0,0,4.9388,0.9564,2.7258,2.0438,1.555,1,1,8.24,8450,3.61
grid2:norm,,,PR16_x0.5,holdout,3,1035,headon,vfield,a0471e14e7,ok,1,0,0,1,0,0,0.696,4.5425,2.7258,2.0438,1.555,1,1,22.24,8450,3.59
grid2:norm,,,PR16_x0.5,holdout,3,1037,headon,vfield,a0471e14e7,ok,0,0,0,0,0,0,3.123,4.6914,2.7258,2.0438,1.555,1,1,,8450,3.59
grid2:norm,,,PR16_x0.5,holdout,3,1039,headon,vfield,a0471e14e7,ok,0,0,0,0,0,0,2.7178,5.7485,2.7258,2.0438,1.555,1,1,,8450,3.6
grid2:norm,,,PR16_x0.5,holdout,3,1041,headon,vfield,a0471e14e7,ok,0,0,0,0,0,0,3.6831,6.3954,2.7258,2.0438,1.555,1,1,,8450,3.59
grid2:norm,,,PR16_x0.5,holdout,3,1043,headon,vfield,a0471e14e7,ok,0,0,0,0,0,0,3.2772,4.6528,2.7258,2.0438,1.555,1,1,,8450,3.59
grid2:norm,,,PR16_x0.5,holdout,3,1045,headon,vfield,a0471e14e7,ok,0,0,0,0,0,0,3.1229,4.5069,2.7258,2.0438,1.555,1,1,,8450,3.59
grid2:norm,,,PR16_x0.5,holdout,3,1047,headon,vfield,a0471e14e7,ok,0,0,0,0,0,0,2.4225,5.8073,2.7258,2.0438,1.555,1,1,,8450,3.58
grid2:norm,,,PR16_x0.5,holdout,3,1049,headon,vfield,a0471e14e7,ok,0,0,0,0,0,0,5.8718,3.5206,2.7258,2.0438,1.555,1,1,,8450,3.57
grid2:norm,,,PR16_x0.5,holdout,3,1051,headon,vfield,a0471e14e7,ok,1,0,0,0,1,0,0.8402,6.8201,2.7258,2.0438,1.555,1,1,23.89,8450,3.59
grid2:norm,,,PR16_x0.5,holdout,3,1053,headon,vfield,a0471e14e7,ok,0,0,0,0,0,0,4.2236,8.749,2.7258,2.0438,1.555,1,1,,8450,3.59
grid2:norm,,,PR16_x0.5,holdout,3,1055,headon,vfield,a0471e14e7,ok,0,0,0,0,0,0,2.3406,4.9616,2.7258,2.0438,1.555,1,1,,8450,3.59
grid2:norm,,,PR16_x0.5,holdout,3,1057,headon,vfield,a0471e14e7,ok,0,0,0,0,0,0,5.2716,3.9581,2.7258,2.0438,1.555,1,1,,8450,3.58
grid2:norm,,,PR16_x0.5,holdout,3,1059,headon,vfield,a0471e14e7,ok,0,0,0,0,0,0,4.4272,4.3982,2.7258,2.0438,1.555,1,1,,8450,3.59
grid2:norm,,,PR16_x0.75,holdout,3,1001,headon,vfield,8a60e13b20,ok,0,0,0,0,0,0,2.4236,4.1112,2.7258,2.0438,1.555,1,1,,8450,3.72
grid2:norm,,,PR16_x0.75,holdout,3,1003,headon,vfield,8a60e13b20,ok,0,0,0,0,0,0,4.028,2.4101,2.7258,2.0438,1.555,1,1,,8450,3.68
grid2:norm,,,PR16_x0.75,holdout,3,1005,headon,vfield,8a60e13b20,ok,0,0,0,0,0,0,3.5608,4.727,2.7258,2.0438,1.555,1,1,,8450,3.81
grid2:norm,,,PR16_x0.75,holdout,3,1007,headon,vfield,8a60e13b20,ok,0,0,0,0,0,0,2.8396,3.8082,2.7258,2.0438,1.555,1,1,,8450,3.73
grid2:norm,,,PR16_x0.75,holdout,3,1009,headon,vfield,8a60e13b20,ok,0,0,0,0,0,0,5.1062,6.3917,2.7258,2.0438,1.555,1,1,,8450,3.6
grid2:norm,,,PR16_x0.75,holdout,3,1011,headon,vfield,8a60e13b20,ok,0,0,0,0,0,0,3.1733,5.2628,2.7258,2.0438,1.555,1,1,,8450,3.63
grid2:norm,,,PR16_x0.75,holdout,3,1013,headon,vfield,8a60e13b20,ok,0,0,0,0,0,0,2.3218,2.3898,2.7258,2.0438,1.555,1,1,,8450,3.63
grid2:norm,,,PR16_x0.75,holdout,3,1015,headon,vfield,8a60e13b20,ok,0,0,0,0,0,0,2.6868,4.307,2.7258,2.0438,1.555,1,1,,8450,3.61
grid2:norm,,,PR16_x0.75,holdout,3,1017,headon,vfield,8a60e13b20,ok,0,0,0,0,0,0,2.8555,5.1514,2.7258,2.0438,1.555,1,1,,8450,3.57
grid2:norm,,,PR16_x0.75,holdout,3,1019,headon,vfield,8a60e13b20,ok,0,0,0,0,0,0,4.2298,4.7055,2.7258,2.0438,1.555,1,1,,8450,3.59
grid2:norm,,,PR16_x0.75,holdout,3,1021,headon,vfield,8a60e13b20,ok,0,0,0,0,0,0,2.0041,4.7258,2.7258,2.0438,1.555,1,1,,8450,3.56
grid2:norm,,,PR16_x0.75,holdout,3,1023,headon,vfield,8a60e13b20,ok,0,0,0,0,0,0,2.0212,3.9833,2.7258,2.0438,1.555,1,1,,8450,3.6
grid2:norm,,,PR16_x0.75,holdout,3,1025,headon,vfield,8a60e13b20,ok,0,0,0,0,0,0,3.2675,4.7162,2.7258,2.0438,1.555,1,1,,8450,3.59
grid2:norm,,,PR16_x0.75,holdout,3,1027,headon,vfield,8a60e13b20,ok,0,0,0,0,0,0,5.5867,4.7783,2.7258,2.0438,1.555,1,1,,8450,3.62
grid2:norm,,,PR16_x0.75,holdout,3,1029,headon,vfield,8a60e13b20,ok,0,0,0,0,0,0,2.1003,4.75,2.7258,2.0438,1.555,1,1,,8450,3.58
grid2:norm,,,PR16_x0.75,holdout,3,1031,headon,vfield,8a60e13b20,ok,1,0,0,0,1,0,0.847,6.2178,2.7258,2.0438,1.555,1,1,23.79,8450,3.58
grid2:norm,,,PR16_x0.75,holdout,3,1033,headon,vfield,8a60e13b20,ok,0,0,0,0,0,0,4.7591,4.926,2.7258,2.0438,1.555,1,1,,8450,3.58
grid2:norm,,,PR16_x0.75,holdout,3,1035,headon,vfield,8a60e13b20,ok,0,0,0,0,0,0,3.5439,3.2845,2.7258,2.0438,1.555,1,1,,8450,3.64
grid2:norm,,,PR16_x0.75,holdout,3,1037,headon,vfield,8a60e13b20,ok,1,0,0,0,1,0,0.8329,3.947,2.7258,2.0438,1.555,1,1,31.88,8450,3.62
grid2:norm,,,PR16_x0.75,holdout,3,1039,headon,vfield,8a60e13b20,ok,0,0,0,0,0,0,2.3522,4.2511,2.7258,2.0438,1.555,1,1,,8450,3.58
grid2:norm,,,PR16_x0.75,holdout,3,1041,headon,vfield,8a60e13b20,ok,0,0,0,0,0,0,3.359,5.4827,2.7258,2.0438,1.555,1,1,,8450,3.59
grid2:norm,,,PR16_x0.75,holdout,3,1043,headon,vfield,8a60e13b20,ok,0,0,0,0,0,0,5.026,6.1001,2.7258,2.0438,1.555,1,1,,8450,3.58
grid2:norm,,,PR16_x0.75,holdout,3,1045,headon,vfield,8a60e13b20,ok,0,0,0,0,0,0,1.8957,4.4487,2.7258,2.0438,1.555,1,1,,8450,3.58
grid2:norm,,,PR16_x0.75,holdout,3,1047,headon,vfield,8a60e13b20,ok,0,0,0,0,0,0,1.966,3.8898,2.7258,2.0438,1.555,1,1,,8450,3.61
grid2:norm,,,PR16_x0.75,holdout,3,1049,headon,vfield,8a60e13b20,ok,1,0,0,0,1,0,0.1536,5.2819,2.7258,2.0438,1.555,1,1,21.79,8450,3.61
grid2:norm,,,PR16_x0.75,holdout,3,1051,headon,vfield,8a60e13b20,ok,1,0,0,0,1,0,0.648,5.3233,2.7258,2.0438,1.555,1,1,23.46,8450,3.55
grid2:norm,,,PR16_x0.75,holdout,3,1053,headon,vfield,8a60e13b20,ok,1,0,0,0,1,0,0.8591,6.1937,2.7258,2.0438,1.555,1,1,23.91,8450,3.57
grid2:norm,,,PR16_x0.75,holdout,3,1055,headon,vfield,8a60e13b20,ok,0,0,0,0,0,0,2.2879,4.1933,2.7258,2.0438,1.555,1,1,,8450,3.58
grid2:norm,,,PR16_x0.75,holdout,3,1057,headon,vfield,8a60e13b20,ok,0,0,0,0,0,0,3.1944,4.6107,2.7258,2.0438,1.555,1,1,,8450,3.59
grid2:norm,,,PR16_x0.75,holdout,3,1059,headon,vfield,8a60e13b20,ok,0,0,0,0,0,0,5.5762,5.4162,2.7258,2.0438,1.555,1,1,,8450,3.57
grid2:norm,,,PR16_x1,holdout,3,1001,headon,vfield,aaa45fe318,ok,0,0,0,0,0,0,4.8291,5.9728,2.7258,2.0438,1.555,1,1,,8450,3.6
grid2:norm,,,PR16_x1,holdout,3,1003,headon,vfield,aaa45fe318,ok,0,0,0,0,0,0,5.5213,4.4258,2.7258,2.0438,1.555,1,1,,8450,3.59
grid2:norm,,,PR16_x1,holdout,3,1005,headon,vfield,aaa45fe318,ok,0,0,0,0,0,0,2.578,4.2572,2.7258,2.0438,1.555,1,1,,8450,3.58
grid2:norm,,,PR16_x1,holdout,3,1007,headon,vfield,aaa45fe318,ok,1,0,0,0,1,0,0.0681,4.1999,2.7258,2.0438,1.555,1,1,36.08,8450,3.63
grid2:norm,,,PR16_x1,holdout,3,1009,headon,vfield,aaa45fe318,ok,0,0,0,0,0,0,2.0517,3.4209,2.7258,2.0438,1.555,1,1,,8450,3.61
grid2:norm,,,PR16_x1,holdout,3,1011,headon,vfield,aaa45fe318,ok,0,0,0,0,0,0,2.8923,4.066,2.7258,2.0438,1.555,1,1,,8450,3.6
grid2:norm,,,PR16_x1,holdout,3,1013,headon,vfield,aaa45fe318,ok,0,0,0,0,0,0,1.6444,3.8473,2.7258,2.0438,1.555,1,1,,8450,3.59
grid2:norm,,,PR16_x1,holdout,3,1015,headon,vfield,aaa45fe318,ok,0,0,0,0,0,0,2.5196,4.7525,2.7258,2.0438,1.555,1,1,,8450,3.58
grid2:norm,,,PR16_x1,holdout,3,1017,headon,vfield,aaa45fe318,ok,0,0,0,0,0,0,2.9964,4.9887,2.7258,2.0438,1.555,1,1,,8450,3.59
grid2:norm,,,PR16_x1,holdout,3,1019,headon,vfield,aaa45fe318,ok,0,0,0,0,0,0,2.8102,5.5839,2.7258,2.0438,1.555,1,1,,8450,3.57
grid2:norm,,,PR16_x1,holdout,3,1021,headon,vfield,aaa45fe318,ok,0,0,0,0,0,0,2.8423,5.1044,2.7258,2.0438,1.555,1,1,,8450,3.58
grid2:norm,,,PR16_x1,holdout,3,1023,headon,vfield,aaa45fe318,ok,0,0,0,0,0,0,3.6433,3.8885,2.7258,2.0438,1.555,1,1,,8450,3.6
grid2:norm,,,PR16_x1,holdout,3,1025,headon,vfield,aaa45fe318,ok,0,0,0,0,0,0,3.3765,4.5068,2.7258,2.0438,1.555,1,1,,8450,3.57
grid2:norm,,,PR16_x1,holdout,3,1027,headon,vfield,aaa45fe318,ok,1,0,0,0,1,0,0.5078,4.6522,2.7258,2.0438,1.555,1,1,37.94,8450,3.58
grid2:norm,,,PR16_x1,holdout,3,1029,headon,vfield,aaa45fe318,ok,0,0,0,0,0,0,4.5969,2.9847,2.7258,2.0438,1.555,1,1,,8450,3.58
grid2:norm,,,PR16_x1,holdout,3,1031,headon,vfield,aaa45fe318,ok,0,0,0,0,0,0,1.9394,4.5905,2.7258,2.0438,1.555,1,1,,8450,3.61
grid2:norm,,,PR16_x1,holdout,3,1033,headon,vfield,aaa45fe318,ok,0,0,0,0,0,0,5.1563,3.9865,2.7258,2.0438,1.555,1,1,,8450,3.55
grid2:norm,,,PR16_x1,holdout,3,1035,headon,vfield,aaa45fe318,ok,1,0,0,0,1,0,0.4565,4.0831,2.7258,2.0438,1.555,1,1,37.68,8450,3.59
grid2:norm,,,PR16_x1,holdout,3,1037,headon,vfield,aaa45fe318,ok,0,0,0,0,0,0,1.2641,5.6388,2.7258,2.0438,1.555,1,1,,8450,3.6
grid2:norm,,,PR16_x1,holdout,3,1039,headon,vfield,aaa45fe318,ok,0,0,0,0,0,0,2.6754,4.4134,2.7258,2.0438,1.555,1,1,,8450,3.59
grid2:norm,,,PR16_x1,holdout,3,1041,headon,vfield,aaa45fe318,ok,1,0,0,0,1,0,0.6866,4.114,2.7258,2.0438,1.555,1,1,37.41,8450,3.58
grid2:norm,,,PR16_x1,holdout,3,1043,headon,vfield,aaa45fe318,ok,0,0,0,0,0,0,3.4536,6.087,2.7258,2.0438,1.555,1,1,,8450,3.61
grid2:norm,,,PR16_x1,holdout,3,1045,headon,vfield,aaa45fe318,ok,0,0,0,0,0,0,1.6189,3.6224,2.7258,2.0438,1.555,1,1,,8450,3.57
grid2:norm,,,PR16_x1,holdout,3,1047,headon,vfield,aaa45fe318,ok,0,0,0,0,0,0,1.5032,4.3198,2.7258,2.0438,1.555,1,1,,8450,3.58
grid2:norm,,,PR16_x1,holdout,3,1049,headon,vfield,aaa45fe318,ok,0,0,0,0,0,0,1.564,4.3083,2.7258,2.0438,1.555,1,1,,8450,3.56
grid2:norm,,,PR16_x1,holdout,3,1051,headon,vfield,aaa45fe318,ok,0,0,0,0,0,0,3.9151,4.1087,2.7258,2.0438,1.555,1,1,,8450,3.6
grid2:norm,,,PR16_x1,holdout,3,1053,headon,vfield,aaa45fe318,ok,0,0,0,0,0,0,2.4744,4.3851,2.7258,2.0438,1.555,1,1,,8450,3.57
grid2:norm,,,PR16_x1,holdout,3,1055,headon,vfield,aaa45fe318,ok,1,0,0,0,1,0,0.7425,4.248,2.7258,2.0438,1.555,1,1,23.68,8450,3.57
grid2:norm,,,PR16_x1,holdout,3,1057,headon,vfield,aaa45fe318,ok,0,0,0,0,0,0,2.958,1.7837,2.7258,2.0438,1.555,1,1,,8450,3.61
grid2:norm,,,PR16_x1,holdout,3,1059,headon,vfield,aaa45fe318,ok,0,0,0,0,0,0,5.0165,4.5557,2.7258,2.0438,1.555,1,1,,8450,3.59
grid2:norm,,,PR16_x1.25,holdout,3,1001,headon,vfield,48fbff4011,ok,0,0,0,0,0,0,1.2115,9.2949,2.7258,2.0438,1.555,1,1,,8450,3.59
grid2:norm,,,PR16_x1.25,holdout,3,1003,headon,vfield,48fbff4011,ok,0,0,0,0,0,0,1.3317,8.4651,2.7258,2.0438,1.555,1,1,,8450,3.58
grid2:norm,,,PR16_x1.25,holdout,3,1005,headon,vfield,48fbff4011,ok,0,0,0,0,0,0,1.8946,6.6944,2.7258,2.0438,1.555,1,1,,8450,3.66
grid2:norm,,,PR16_x1.25,holdout,3,1007,headon,vfield,48fbff4011,ok,0,0,0,0,0,0,7.8958,7.0014,2.7258,2.0438,1.555,1,1,,8450,3.59
grid2:norm,,,PR16_x1.25,holdout,3,1009,headon,vfield,48fbff4011,ok,0,0,0,0,0,0,2.7839,8.7338,2.7258,2.0438,1.555,1,1,,8450,3.59
grid2:norm,,,PR16_x1.25,holdout,3,1011,headon,vfield,48fbff4011,ok,0,0,0,0,0,0,4.8943,4.2645,2.7258,2.0438,1.555,1,1,,8450,3.61
grid2:norm,,,PR16_x1.25,holdout,3,1013,headon,vfield,48fbff4011,ok,0,0,0,0,0,0,1.6619,3.8047,2.7258,2.0438,1.555,1,1,,8450,3.61
grid2:norm,,,PR16_x1.25,holdout,3,1015,headon,vfield,48fbff4011,ok,0,0,0,0,0,0,4.39,6.0087,2.7258,2.0438,1.555,1,1,,8450,3.59
grid2:norm,,,PR16_x1.25,holdout,3,1017,headon,vfield,48fbff4011,ok,0,0,0,0,0,0,6.4013,4.5406,2.7258,2.0438,1.555,1,1,,8450,3.6
grid2:norm,,,PR16_x1.25,holdout,3,1019,headon,vfield,48fbff4011,ok,0,0,0,0,0,0,5.3379,4.0596,2.7258,2.0438,1.555,1,1,,8450,3.57
grid2:norm,,,PR16_x1.25,holdout,3,1021,headon,vfield,48fbff4011,ok,0,0,0,0,0,0,5.136,6.9855,2.7258,2.0438,1.555,1,1,,8450,3.56
grid2:norm,,,PR16_x1.25,holdout,3,1023,headon,vfield,48fbff4011,ok,0,0,0,0,0,0,3.961,4.7947,2.7258,2.0438,1.555,1,1,,8450,3.61
grid2:norm,,,PR16_x1.25,holdout,3,1025,headon,vfield,48fbff4011,ok,0,0,0,0,0,0,5.0144,6.2432,2.7258,2.0438,1.555,1,1,,8450,3.61
grid2:norm,,,PR16_x1.25,holdout,3,1027,headon,vfield,48fbff4011,ok,0,0,0,0,0,0,1.6245,2.1394,2.7258,2.0438,1.555,1,1,,8450,3.59
grid2:norm,,,PR16_x1.25,holdout,3,1029,headon,vfield,48fbff4011,ok,0,0,0,0,0,0,5.039,8.3807,2.7258,2.0438,1.555,1,1,,8450,3.61
grid2:norm,,,PR16_x1.25,holdout,3,1031,headon,vfield,48fbff4011,ok,0,0,0,0,0,0,2.7862,6.8524,2.7258,2.0438,1.555,1,1,,8450,3.61
grid2:norm,,,PR16_x1.25,holdout,3,1033,headon,vfield,48fbff4011,ok,0,0,0,0,0,0,1.1483,9.2396,2.7258,2.0438,1.555,1,1,,8450,3.59
grid2:norm,,,PR16_x1.25,holdout,3,1035,headon,vfield,48fbff4011,ok,0,0,0,0,0,0,3.4164,2.4329,2.7258,2.0438,1.555,1,1,,8450,3.6
grid2:norm,,,PR16_x1.25,holdout,3,1037,headon,vfield,48fbff4011,ok,0,0,0,0,0,0,6.0124,10.7186,2.7258,2.0438,1.555,1,1,,8450,3.63
grid2:norm,,,PR16_x1.25,holdout,3,1039,headon,vfield,48fbff4011,ok,0,0,0,0,0,0,6.5875,6.2008,2.7258,2.0438,1.555,1,1,,8450,3.61
grid2:norm,,,PR16_x1.25,holdout,3,1041,headon,vfield,48fbff4011,ok,0,0,0,0,0,0,3.147,8.3826,2.7258,2.0438,1.555,1,1,,8450,3.63
grid2:norm,,,PR16_x1.25,holdout,3,1043,headon,vfield,48fbff4011,ok,0,0,0,0,0,0,4.1056,5.3921,2.7258,2.0438,1.555,1,1,,8450,3.59
grid2:norm,,,PR16_x1.25,holdout,3,1045,headon,vfield,48fbff4011,ok,0,0,0,0,0,0,3.7857,8.7044,2.7258,2.0438,1.555,1,1,,8450,3.58
grid2:norm,,,PR16_x1.25,holdout,3,1047,headon,vfield,48fbff4011,ok,0,0,0,0,0,0,5.04,6.9109,2.7258,2.0438,1.555,1,1,,8450,3.65
grid2:norm,,,PR16_x1.25,holdout,3,1049,headon,vfield,48fbff4011,ok,0,0,0,0,0,0,3.8572,7.012,2.7258,2.0438,1.555,1,1,,8450,3.6
grid2:norm,,,PR16_x1.25,holdout,3,1051,headon,vfield,48fbff4011,ok,0,0,0,0,0,0,7.7695,7.0465,2.7258,2.0438,1.555,1,1,,8450,3.63
grid2:norm,,,PR16_x1.25,holdout,3,1053,headon,vfield,48fbff4011,ok,1,0,1,0,0,0,6.2535,0.8546,2.7258,2.0438,1.555,1,1,10.81,8450,3.62
grid2:norm,,,PR16_x1.25,holdout,3,1055,headon,vfield,48fbff4011,ok,0,0,0,0,0,0,4.8745,5.4582,2.7258,2.0438,1.555,1,1,,8450,3.6
grid2:norm,,,PR16_x1.25,holdout,3,1057,headon,vfield,48fbff4011,ok,0,0,0,0,0,0,5.6852,6.7571,2.7258,2.0438,1.555,1,1,,8450,3.59
grid2:norm,,,PR16_x1.25,holdout,3,1059,headon,vfield,48fbff4011,ok,0,0,0,0,0,0,3.5618,6.8954,2.7258,2.0438,1.555,1,1,,8450,3.57
grid2:norm,,,PR16_x1.5,holdout,3,1001,headon,vfield,226592b5eb,ok,0,0,0,0,0,0,5.6009,2.719,2.7258,2.0438,1.555,1,1,,8450,3.61
grid2:norm,,,PR16_x1.5,holdout,3,1003,headon,vfield,226592b5eb,ok,0,0,0,0,0,0,2.9596,1.2767,2.7258,2.0438,1.555,1,1,,8450,3.58
grid2:norm,,,PR16_x1.5,holdout,3,1005,headon,vfield,226592b5eb,ok,0,0,0,0,0,0,6.8488,2.6405,2.7258,2.0438,1.555,1,1,,8450,3.6
grid2:norm,,,PR16_x1.5,holdout,3,1007,headon,vfield,226592b5eb,ok,1,0,0,0,1,0,0.9434,2.9746,2.7258,2.0438,1.555,1,1,24.31,8450,3.63
grid2:norm,,,PR16_x1.5,holdout,3,1009,headon,vfield,226592b5eb,ok,0,0,0,0,0,0,5.4874,6.0982,2.7258,2.0438,1.555,1,1,,8450,3.58
grid2:norm,,,PR16_x1.5,holdout,3,1011,headon,vfield,226592b5eb,ok,0,0,0,0,0,0,3.6402,2.7166,2.7258,2.0438,1.555,1,1,,8450,3.61
grid2:norm,,,PR16_x1.5,holdout,3,1013,headon,vfield,226592b5eb,ok,0,0,0,0,0,0,6.0761,2.7056,2.7258,2.0438,1.555,1,1,,8450,3.56
grid2:norm,,,PR16_x1.5,holdout,3,1015,headon,vfield,226592b5eb,ok,1,0,1,0,0,0,5.7902,0.2987,2.7258,2.0438,1.555,1,1,28.17,8450,3.58
grid2:norm,,,PR16_x1.5,holdout,3,1017,headon,vfield,226592b5eb,ok,0,0,0,0,0,0,1.2658,5.5857,2.7258,2.0438,1.555,1,1,,8450,3.61
grid2:norm,,,PR16_x1.5,holdout,3,1019,headon,vfield,226592b5eb,ok,0,0,0,0,0,0,4.811,4.3349,2.7258,2.0438,1.555,1,1,,8450,3.62
grid2:norm,,,PR16_x1.5,holdout,3,1021,headon,vfield,226592b5eb,ok,0,0,0,0,0,0,7.1048,6.9422,2.7258,2.0438,1.555,1,1,,8450,3.63
grid2:norm,,,PR16_x1.5,holdout,3,1023,headon,vfield,226592b5eb,ok,0,0,0,0,0,0,3.8391,3.3377,2.7258,2.0438,1.555,1,1,,8450,3.59
grid2:norm,,,PR16_x1.5,holdout,3,1025,headon,vfield,226592b5eb,ok,0,0,0,0,0,0,7.233,1.1478,2.7258,2.0438,1.555,1,1,,8450,3.56
grid2:norm,,,PR16_x1.5,holdout,3,1027,headon,vfield,226592b5eb,ok,0,0,0,0,0,0,3.5785,7.7128,2.7258,2.0438,1.555,1,1,,8450,3.59
grid2:norm,,,PR16_x1.5,holdout,3,1029,headon,vfield,226592b5eb,ok,0,0,0,0,0,0,1.2374,7.7505,2.7258,2.0438,1.555,1,1,,8450,3.59
grid2:norm,,,PR16_x1.5,holdout,3,1031,headon,vfield,226592b5eb,ok,0,0,0,0,0,0,4.6108,8.2695,2.7258,2.0438,1.555,1,1,,8450,3.67
grid2:norm,,,PR16_x1.5,holdout,3,1033,headon,vfield,226592b5eb,ok,1,0,0,0,1,0,0.5651,1.0116,2.7258,2.0438,1.555,1,1,22.88,8450,3.61
grid2:norm,,,PR16_x1.5,holdout,3,1035,headon,vfield,226592b5eb,ok,1,0,0,0,1,0,0.6476,7.6973,2.7258,2.0438,1.555,1,1,22.77,8450,3.58
grid2:norm,,,PR16_x1.5,holdout,3,1037,headon,vfield,226592b5eb,ok,0,0,0,0,0,0,4.7076,10.7186,2.7258,2.0438,1.555,1,1,,8450,3.6
grid2:norm,,,PR16_x1.5,holdout,3,1039,headon,vfield,226592b5eb,ok,0,0,0,0,0,0,7.0569,6.3531,2.7258,2.0438,1.555,1,1,,8450,3.65
grid2:norm,,,PR16_x1.5,holdout,3,1041,headon,vfield,226592b5eb,ok,0,0,0,0,0,0,1.2112,9.2948,2.7258,2.0438,1.555,1,1,,8450,3.56
grid2:norm,,,PR16_x1.5,holdout,3,1043,headon,vfield,226592b5eb,ok,0,0,0,0,0,0,1.1958,6.2353,2.7258,2.0438,1.555,1,1,,8450,3.6
grid2:norm,,,PR16_x1.5,holdout,3,1045,headon,vfield,226592b5eb,ok,0,0,0,0,0,0,5.1638,3.2773,2.7258,2.0438,1.555,1,1,,8450,3.6
grid2:norm,,,PR16_x1.5,holdout,3,1047,headon,vfield,226592b5eb,ok,1,0,0,0,1,0,0.0783,5.1059,2.7258,2.0438,1.555,1,1,26.93,8450,3.6
grid2:norm,,,PR16_x1.5,holdout,3,1049,headon,vfield,226592b5eb,ok,0,0,0,0,0,0,4.1898,6.6699,2.7258,2.0438,1.555,1,1,,8450,3.59
grid2:norm,,,PR16_x1.5,holdout,3,1051,headon,vfield,226592b5eb,ok,0,0,0,0,0,0,2.8092,4.9623,2.7258,2.0438,1.555,1,1,,8450,3.59
grid2:norm,,,PR16_x1.5,holdout,3,1053,headon,vfield,226592b5eb,ok,0,0,0,0,0,0,7.302,2.3578,2.7258,2.0438,1.555,1,1,,8450,3.59
grid2:norm,,,PR16_x1.5,holdout,3,1055,headon,vfield,226592b5eb,ok,0,0,0,0,0,0,1.3806,9.2339,2.7258,2.0438,1.555,1,1,,8450,3.61
grid2:norm,,,PR16_x1.5,holdout,3,1057,headon,vfield,226592b5eb,ok,0,0,0,0,0,0,5.9516,1.3158,2.7258,2.0438,1.555,1,1,,8450,3.6
grid2:norm,,,PR16_x1.5,holdout,3,1059,headon,vfield,226592b5eb,ok,0,0,0,0,0,0,1.1884,9.2949,2.7258,2.0438,1.555,1,1,,8450,3.59
grid2:norm,,,PR16_x2,holdout,3,1001,headon,vfield,d8e026763b,ok,0,0,0,0,0,0,6.2544,3.7163,2.7258,2.0438,1.555,1,1,,8450,3.57
grid2:norm,,,PR16_x2,holdout,3,1003,headon,vfield,d8e026763b,ok,0,0,0,0,0,0,5.473,5.4754,2.7258,2.0438,1.555,1,1,,8450,3.61
grid2:norm,,,PR16_x2,holdout,3,1005,headon,vfield,d8e026763b,ok,0,0,0,0,0,0,5.3233,6.9917,2.7258,2.0438,1.555,1,1,,8450,3.6
grid2:norm,,,PR16_x2,holdout,3,1007,headon,vfield,d8e026763b,ok,0,0,0,0,0,0,6.2106,3.9647,2.7258,2.0438,1.555,1,1,,8450,3.58
grid2:norm,,,PR16_x2,holdout,3,1009,headon,vfield,d8e026763b,ok,0,0,0,0,0,0,8.5389,1.6727,2.7258,2.0438,1.555,1,1,,8450,3.62
grid2:norm,,,PR16_x2,holdout,3,1011,headon,vfield,d8e026763b,ok,0,0,0,0,0,0,4.6442,5.2772,2.7258,2.0438,1.555,1,1,,8450,3.58
grid2:norm,,,PR16_x2,holdout,3,1013,headon,vfield,d8e026763b,ok,0,0,0,0,0,0,5.5046,6.1717,2.7258,2.0438,1.555,1,1,,8450,3.57
grid2:norm,,,PR16_x2,holdout,3,1015,headon,vfield,d8e026763b,ok,0,0,0,0,0,0,7.2248,8.4619,2.7258,2.0438,1.555,1,1,,8450,3.6
grid2:norm,,,PR16_x2,holdout,3,1017,headon,vfield,d8e026763b,ok,0,0,0,0,0,0,6.5697,10.8756,2.7258,2.0438,1.555,1,1,,8450,3.56
grid2:norm,,,PR16_x2,holdout,3,1019,headon,vfield,d8e026763b,ok,0,0,0,0,0,0,5.4787,2.6053,2.7258,2.0438,1.555,1,1,,8450,3.63
grid2:norm,,,PR16_x2,holdout,3,1021,headon,vfield,d8e026763b,ok,0,0,0,0,0,0,4.2515,4.6239,2.7258,2.0438,1.555,1,1,,8450,3.58
grid2:norm,,,PR16_x2,holdout,3,1023,headon,vfield,d8e026763b,ok,0,0,0,0,0,0,10.3559,3.8872,2.7258,2.0438,1.555,1,1,,8450,3.6
grid2:norm,,,PR16_x2,holdout,3,1025,headon,vfield,d8e026763b,ok,0,0,0,0,0,0,4.6357,4.0249,2.7258,2.0438,1.555,1,1,,8450,3.61
grid2:norm,,,PR16_x2,holdout,3,1027,headon,vfield,d8e026763b,ok,0,0,0,0,0,0,5.7307,4.9866,2.7258,2.0438,1.555,1,1,,8450,3.6
grid2:norm,,,PR16_x2,holdout,3,1029,headon,vfield,d8e026763b,ok,0,0,0,0,0,0,2.748,2.1032,2.7258,2.0438,1.555,1,1,,8450,3.57
grid2:norm,,,PR16_x2,holdout,3,1031,headon,vfield,d8e026763b,ok,0,0,0,0,0,0,9.0439,8.4723,2.7258,2.0438,1.555,1,1,,8450,3.63
grid2:norm,,,PR16_x2,holdout,3,1033,headon,vfield,d8e026763b,ok,0,0,0,0,0,0,8.3743,3.0894,2.7258,2.0438,1.555,1,1,,8450,3.58
grid2:norm,,,PR16_x2,holdout,3,1035,headon,vfield,d8e026763b,ok,0,0,0,0,0,0,7.5322,12.2456,2.7258,2.0438,1.555,1,1,,8450,3.6
grid2:norm,,,PR16_x2,holdout,3,1037,headon,vfield,d8e026763b,ok,0,0,0,0,0,0,4.9672,3.7673,2.7258,2.0438,1.555,1,1,,8450,3.65
grid2:norm,,,PR16_x2,holdout,3,1039,headon,vfield,d8e026763b,ok,0,0,0,0,0,0,6.087,3.4552,2.7258,2.0438,1.555,1,1,,8450,3.59
grid2:norm,,,PR16_x2,holdout,3,1041,headon,vfield,d8e026763b,ok,1,0,0,0,1,0,0.7699,8.9373,2.7258,2.0438,1.555,1,1,24.71,8450,3.57
grid2:norm,,,PR16_x2,holdout,3,1043,headon,vfield,d8e026763b,ok,0,0,0,0,0,0,4.2727,4.7738,2.7258,2.0438,1.555,1,1,,8450,3.62
grid2:norm,,,PR16_x2,holdout,3,1045,headon,vfield,d8e026763b,ok,0,0,0,0,0,0,7.6473,7.0425,2.7258,2.0438,1.555,1,1,,8450,3.57
grid2:norm,,,PR16_x2,holdout,3,1047,headon,vfield,d8e026763b,ok,0,0,0,0,0,0,7.2978,5.1701,2.7258,2.0438,1.555,1,1,,8450,3.6
grid2:norm,,,PR16_x2,holdout,3,1049,headon,vfield,d8e026763b,ok,0,0,0,0,0,0,2.6473,2.691,2.7258,2.0438,1.555,1,1,,8450,3.61
grid2:norm,,,PR16_x2,holdout,3,1051,headon,vfield,d8e026763b,ok,0,0,0,0,0,0,7.7909,3.8389,2.7258,2.0438,1.555,1,1,,8450,3.56
grid2:norm,,,PR16_x2,holdout,3,1053,headon,vfield,d8e026763b,ok,0,0,0,0,0,0,7.4438,9.3028,2.7258,2.0438,1.555,1,1,,8450,3.57
grid2:norm,,,PR16_x2,holdout,3,1055,headon,vfield,d8e026763b,ok,0,0,0,0,0,0,9.0235,1.755,2.7258,2.0438,1.555,1,1,,8450,3.61
grid2:norm,,,PR16_x2,holdout,3,1057,headon,vfield,d8e026763b,ok,0,0,0,0,0,0,5.2757,5.8732,2.7258,2.0438,1.555,1,1,,8450,3.58
grid2:norm,,,PR16_x2,holdout,3,1059,headon,vfield,d8e026763b,ok,1,0,0,0,1,0,0.3912,3.8393,2.7258,2.0438,1.555,1,1,22.86,8450,3.59
grid2:norm,,,PR20_x0.5,holdout,3,1001,headon,vfield,9ade26f212,ok,0,0,0,0,0,0,3.0357,8.1766,2.7258,2.0438,1.555,1,1,,8450,3.59
grid2:norm,,,PR20_x0.5,holdout,3,1003,headon,vfield,9ade26f212,ok,0,0,0,0,0,0,6.8305,3.9397,2.7258,2.0438,1.555,1,1,,8450,3.63
grid2:norm,,,PR20_x0.5,holdout,3,1005,headon,vfield,9ade26f212,ok,0,0,0,0,0,0,2.0164,7.3012,2.7258,2.0438,1.555,1,1,,8450,3.6
grid2:norm,,,PR20_x0.5,holdout,3,1007,headon,vfield,9ade26f212,ok,0,0,0,0,0,0,8.6155,7.1593,2.7258,2.0438,1.555,1,1,,8450,3.58
grid2:norm,,,PR20_x0.5,holdout,3,1009,headon,vfield,9ade26f212,ok,0,0,0,0,0,0,9.262,8.0414,2.7258,2.0438,1.555,1,1,,8450,3.59
grid2:norm,,,PR20_x0.5,holdout,3,1011,headon,vfield,9ade26f212,ok,0,0,0,0,0,0,7.0321,7.139,2.7258,2.0438,1.555,1,1,,8450,3.57
grid2:norm,,,PR20_x0.5,holdout,3,1013,headon,vfield,9ade26f212,ok,0,0,0,0,0,0,3.0752,7.6668,2.7258,2.0438,1.555,1,1,,8450,3.61
grid2:norm,,,PR20_x0.5,holdout,3,1015,headon,vfield,9ade26f212,ok,0,0,0,0,0,0,3.7396,6.6612,2.7258,2.0438,1.555,1,1,,8450,3.59
grid2:norm,,,PR20_x0.5,holdout,3,1017,headon,vfield,9ade26f212,ok,0,0,0,0,0,0,5.7118,6.1984,2.7258,2.0438,1.555,1,1,,8450,3.6
grid2:norm,,,PR20_x0.5,holdout,3,1019,headon,vfield,9ade26f212,ok,0,0,0,0,0,0,4.6314,8.2665,2.7258,2.0438,1.555,1,1,,8450,3.74
grid2:norm,,,PR20_x0.5,holdout,3,1021,headon,vfield,9ade26f212,ok,0,0,0,0,0,0,6.4332,6.5414,2.7258,2.0438,1.555,1,1,,8450,3.64
grid2:norm,,,PR20_x0.5,holdout,3,1023,headon,vfield,9ade26f212,ok,0,0,0,0,0,0,6.3816,6.997,2.7258,2.0438,1.555,1,1,,8450,3.66
grid2:norm,,,PR20_x0.5,holdout,3,1025,headon,vfield,9ade26f212,ok,0,0,0,0,0,0,3.5588,4.5873,2.7258,2.0438,1.555,1,1,,8450,3.58
grid2:norm,,,PR20_x0.5,holdout,3,1027,headon,vfield,9ade26f212,ok,0,0,0,0,0,0,6.0348,7.0051,2.7258,2.0438,1.555,1,1,,8450,3.59
grid2:norm,,,PR20_x0.5,holdout,3,1029,headon,vfield,9ade26f212,ok,0,0,0,0,0,0,6.3376,6.8474,2.7258,2.0438,1.555,1,1,,8450,3.58
grid2:norm,,,PR20_x0.5,holdout,3,1031,headon,vfield,9ade26f212,ok,0,0,0,0,0,0,2.8573,7.1567,2.7258,2.0438,1.555,1,1,,8450,3.6
grid2:norm,,,PR20_x0.5,holdout,3,1033,headon,vfield,9ade26f212,ok,1,0,0,0,1,0,0.0636,6.2794,2.7258,2.0438,1.555,1,1,43.78,8450,3.58
grid2:norm,,,PR20_x0.5,holdout,3,1035,headon,vfield,9ade26f212,ok,0,0,0,0,0,0,4.0776,6.9436,2.7258,2.0438,1.555,1,1,,8450,3.58
grid2:norm,,,PR20_x0.5,holdout,3,1037,headon,vfield,9ade26f212,ok,0,0,0,0,0,0,4.9605,7.5027,2.7258,2.0438,1.555,1,1,,8450,3.59
grid2:norm,,,PR20_x0.5,holdout,3,1039,headon,vfield,9ade26f212,ok,0,0,0,0,0,0,6.257,7.3094,2.7258,2.0438,1.555,1,1,,8450,3.59
grid2:norm,,,PR20_x0.5,holdout,3,1041,headon,vfield,9ade26f212,ok,0,0,0,0,0,0,6.6927,8.9534,2.7258,2.0438,1.555,1,1,,8450,3.6
grid2:norm,,,PR20_x0.5,holdout,3,1043,headon,vfield,9ade26f212,ok,0,0,0,0,0,0,5.3213,7.8333,2.7258,2.0438,1.555,1,1,,8450,3.59
grid2:norm,,,PR20_x0.5,holdout,3,1045,headon,vfield,9ade26f212,ok,0,0,0,0,0,0,8.9963,7.1056,2.7258,2.0438,1.555,1,1,,8450,3.59
grid2:norm,,,PR20_x0.5,holdout,3,1047,headon,vfield,9ade26f212,ok,0,0,0,0,0,0,6.6895,7.6081,2.7258,2.0438,1.555,1,1,,8450,3.63
grid2:norm,,,PR20_x0.5,holdout,3,1049,headon,vfield,9ade26f212,ok,0,0,0,0,0,0,7.0763,7.2256,2.7258,2.0438,1.555,1,1,,8450,3.59
grid2:norm,,,PR20_x0.5,holdout,3,1051,headon,vfield,9ade26f212,ok,0,0,0,0,0,0,7.2733,6.3812,2.7258,2.0438,1.555,1,1,,8450,3.56
grid2:norm,,,PR20_x0.5,holdout,3,1053,headon,vfield,9ade26f212,ok,0,0,0,0,0,0,2.6636,5.5475,2.7258,2.0438,1.555,1,1,,8450,3.58
grid2:norm,,,PR20_x0.5,holdout,3,1055,headon,vfield,9ade26f212,ok,0,0,0,0,0,0,4.1887,7.0116,2.7258,2.0438,1.555,1,1,,8450,3.58
grid2:norm,,,PR20_x0.5,holdout,3,1057,headon,vfield,9ade26f212,ok,0,0,0,0,0,0,6.7555,6.1219,2.7258,2.0438,1.555,1,1,,8450,3.55
grid2:norm,,,PR20_x0.5,holdout,3,1059,headon,vfield,9ade26f212,ok,0,0,0,0,0,0,5.2493,6.0629,2.7258,2.0438,1.555,1,1,,8450,3.59
grid2:norm,,,PR20_x0.75,holdout,3,1001,headon,vfield,ba6bc6e212,ok,0,0,0,0,0,0,2.0947,5.0861,2.7258,2.0438,1.555,1,1,,8450,3.62
grid2:norm,,,PR20_x0.75,holdout,3,1003,headon,vfield,ba6bc6e212,ok,0,0,0,0,0,0,8.8303,6.1021,2.7258,2.0438,1.555,1,1,,8450,3.61
grid2:norm,,,PR20_x0.75,holdout,3,1005,headon,vfield,ba6bc6e212,ok,0,0,0,0,0,0,4.3368,5.9175,2.7258,2.0438,1.555,1,1,,8450,3.58
grid2:norm,,,PR20_x0.75,holdout,3,1007,headon,vfield,ba6bc6e212,ok,0,0,0,0,0,0,5.8174,7.2093,2.7258,2.0438,1.555,1,1,,8450,3.6
grid2:norm,,,PR20_x0.75,holdout,3,1009,headon,vfield,ba6bc6e212,ok,0,0,0,0,0,0,3.482,6.3252,2.7258,2.0438,1.555,1,1,,8450,3.6
grid2:norm,,,PR20_x0.75,holdout,3,1011,headon,vfield,ba6bc6e212,ok,0,0,0,0,0,0,5.0774,6.8245,2.7258,2.0438,1.555,1,1,,8450,3.6
grid2:norm,,,PR20_x0.75,holdout,3,1013,headon,vfield,ba6bc6e212,ok,0,0,0,0,0,0,7.8521,7.4651,2.7258,2.0438,1.555,1,1,,8450,3.59
grid2:norm,,,PR20_x0.75,holdout,3,1015,headon,vfield,ba6bc6e212,ok,0,0,0,0,0,0,2.7552,6.7534,2.7258,2.0438,1.555,1,1,,8450,3.58
grid2:norm,,,PR20_x0.75,holdout,3,1017,headon,vfield,ba6bc6e212,ok,0,0,0,0,0,0,5.783,5.1608,2.7258,2.0438,1.555,1,1,,8450,3.58
grid2:norm,,,PR20_x0.75,holdout,3,1019,headon,vfield,ba6bc6e212,ok,0,0,0,0,0,0,4.2717,6.5277,2.7258,2.0438,1.555,1,1,,8450,3.62
grid2:norm,,,PR20_x0.75,holdout,3,1021,headon,vfield,ba6bc6e212,ok,0,0,0,0,0,0,4.8887,6.2765,2.7258,2.0438,1.555,1,1,,8450,3.61
grid2:norm,,,PR20_x0.75,holdout,3,1023,headon,vfield,ba6bc6e212,ok,0,0,0,0,0,0,4.6486,6.3575,2.7258,2.0438,1.555,1,1,,8450,3.59
grid2:norm,,,PR20_x0.75,holdout,3,1025,headon,vfield,ba6bc6e212,ok,0,0,0,0,0,0,3.291,6.6111,2.7258,2.0438,1.555,1,1,,8450,3.58
grid2:norm,,,PR20_x0.75,holdout,3,1027,headon,vfield,ba6bc6e212,ok,0,0,0,0,0,0,5.8371,6.7859,2.7258,2.0438,1.555,1,1,,8450,3.57
grid2:norm,,,PR20_x0.75,holdout,3,1029,headon,vfield,ba6bc6e212,ok,0,0,0,0,0,0,8.7796,4.3108,2.7258,2.0438,1.555,1,1,,8450,3.58
grid2:norm,,,PR20_x0.75,holdout,3,1031,headon,vfield,ba6bc6e212,ok,0,0,0,0,0,0,6.4245,7.4131,2.7258,2.0438,1.555,1,1,,8450,3.6
grid2:norm,,,PR20_x0.75,holdout,3,1033,headon,vfield,ba6bc6e212,ok,0,0,0,0,0,0,6.4354,6.7671,2.7258,2.0438,1.555,1,1,,8450,3.57
grid2:norm,,,PR20_x0.75,holdout,3,1035,headon,vfield,ba6bc6e212,ok,0,0,0,0,0,0,7.5914,7.3095,2.7258,2.0438,1.555,1,1,,8450,3.55
grid2:norm,,,PR20_x0.75,holdout,3,1037,headon,vfield,ba6bc6e212,ok,0,0,0,0,0,0,7.7663,7.6581,2.7258,2.0438,1.555,1,1,,8450,3.6
grid2:norm,,,PR20_x0.75,holdout,3,1039,headon,vfield,ba6bc6e212,ok,0,0,0,0,0,0,6.6373,4.5192,2.7258,2.0438,1.555,1,1,,8450,3.58
grid2:norm,,,PR20_x0.75,holdout,3,1041,headon,vfield,ba6bc6e212,ok,0,0,0,0,0,0,4.5297,6.2334,2.7258,2.0438,1.555,1,1,,8450,3.62
grid2:norm,,,PR20_x0.75,holdout,3,1043,headon,vfield,ba6bc6e212,ok,0,0,0,0,0,0,8.9317,6.6746,2.7258,2.0438,1.555,1,1,,8450,3.64
grid2:norm,,,PR20_x0.75,holdout,3,1045,headon,vfield,ba6bc6e212,ok,0,0,0,0,0,0,2.676,6.9906,2.7258,2.0438,1.555,1,1,,8450,3.6
grid2:norm,,,PR20_x0.75,holdout,3,1047,headon,vfield,ba6bc6e212,ok,0,0,0,0,0,0,7.5888,7.6816,2.7258,2.0438,1.555,1,1,,8450,3.59
grid2:norm,,,PR20_x0.75,holdout,3,1049,headon,vfield,ba6bc6e212,ok,0,0,0,0,0,0,1.5061,6.1672,2.7258,2.0438,1.555,1,1,,8450,3.58
grid2:norm,,,PR20_x0.75,holdout,3,1051,headon,vfield,ba6bc6e212,ok,0,0,0,0,0,0,8.3728,6.8201,2.7258,2.0438,1.555,1,1,,8450,3.54
grid2:norm,,,PR20_x0.75,holdout,3,1053,headon,vfield,ba6bc6e212,ok,0,0,0,0,0,0,7.2558,13.1196,2.7258,2.0438,1.555,1,1,,8450,3.58
grid2:norm,,,PR20_x0.75,holdout,3,1055,headon,vfield,ba6bc6e212,ok,0,0,0,0,0,0,5.6668,5.2605,2.7258,2.0438,1.555,1,1,,8450,3.58
grid2:norm,,,PR20_x0.75,holdout,3,1057,headon,vfield,ba6bc6e212,ok,0,0,0,0,0,0,9.0213,5.6889,2.7258,2.0438,1.555,1,1,,8450,3.61
grid2:norm,,,PR20_x0.75,holdout,3,1059,headon,vfield,ba6bc6e212,ok,0,0,0,0,0,0,6.4081,6.9556,2.7258,2.0438,1.555,1,1,,8450,3.58
grid2:norm,,,PR20_x1,holdout,3,1001,headon,vfield,135bd37912,ok,0,0,0,0,0,0,3.0123,9.1216,2.7258,2.0438,1.555,1,1,,8450,3.6
grid2:norm,,,PR20_x1,holdout,3,1003,headon,vfield,135bd37912,ok,0,0,0,0,0,0,9.0468,3.4904,2.7258,2.0438,1.555,1,1,,8450,3.56
grid2:norm,,,PR20_x1,holdout,3,1005,headon,vfield,135bd37912,ok,0,0,0,0,0,0,6.7165,10.4914,2.7258,2.0438,1.555,1,1,,8450,3.56
grid2:norm,,,PR20_x1,holdout,3,1007,headon,vfield,135bd37912,ok,0,0,0,0,0,0,7.3554,1.8226,2.7258,2.0438,1.555,1,1,,8450,3.6
grid2:norm,,,PR20_x1,holdout,3,1009,headon,vfield,135bd37912,ok,0,0,0,0,0,0,5.8731,7.9538,2.7258,2.0438,1.555,1,1,,8450,3.57
grid2:norm,,,PR20_x1,holdout,3,1011,headon,vfield,135bd37912,ok,0,0,0,0,0,0,5.187,3.2597,2.7258,2.0438,1.555,1,1,,8450,3.57
grid2:norm,,,PR20_x1,holdout,3,1013,headon,vfield,135bd37912,ok,0,0,0,0,0,0,8.532,4.6438,2.7258,2.0438,1.555,1,1,,8450,3.55
grid2:norm,,,PR20_x1,holdout,3,1015,headon,vfield,135bd37912,ok,0,0,0,0,0,0,7.7958,9.899,2.7258,2.0438,1.555,1,1,,8450,3.58
grid2:norm,,,PR20_x1,holdout,3,1017,headon,vfield,135bd37912,ok,0,0,0,0,0,0,7.6768,3.3492,2.7258,2.0438,1.555,1,1,,8450,3.57
grid2:norm,,,PR20_x1,holdout,3,1019,headon,vfield,135bd37912,ok,0,0,0,0,0,0,5.5443,6.051,2.7258,2.0438,1.555,1,1,,8450,3.58
grid2:norm,,,PR20_x1,holdout,3,1021,headon,vfield,135bd37912,ok,0,0,0,0,0,0,6.8701,10.1768,2.7258,2.0438,1.555,1,1,,8450,3.58
grid2:norm,,,PR20_x1,holdout,3,1023,headon,vfield,135bd37912,ok,0,0,0,0,0,0,6.9662,3.1632,2.7258,2.0438,1.555,1,1,,8450,3.63
grid2:norm,,,PR20_x1,holdout,3,1025,headon,vfield,135bd37912,ok,0,0,0,0,0,0,5.2048,2.9762,2.7258,2.0438,1.555,1,1,,8450,3.61
grid2:norm,,,PR20_x1,holdout,3,1027,headon,vfield,135bd37912,ok,0,0,0,0,0,0,4.7247,5.6407,2.7258,2.0438,1.555,1,1,,8450,3.62
grid2:norm,,,PR20_x1,holdout,3,1029,headon,vfield,135bd37912,ok,0,0,0,0,0,0,8.6245,9.0585,2.7258,2.0438,1.555,1,1,,8450,3.63
grid2:norm,,,PR20_x1,holdout,3,1031,headon,vfield,135bd37912,ok,0,0,0,0,0,0,8.1644,6.423,2.7258,2.0438,1.555,1,1,,8450,3.61
grid2:norm,,,PR20_x1,holdout,3,1033,headon,vfield,135bd37912,ok,0,0,0,0,0,0,6.7006,3.6916,2.7258,2.0438,1.555,1,1,,8450,3.56
grid2:norm,,,PR20_x1,holdout,3,1035,headon,vfield,135bd37912,ok,0,0,0,0,0,0,7.3032,2.9105,2.7258,2.0438,1.555,1,1,,8450,3.62
grid2:norm,,,PR20_x1,holdout,3,1037,headon,vfield,135bd37912,ok,0,0,0,0,0,0,6.1806,4.6204,2.7258,2.0438,1.555,1,1,,8450,3.61
grid2:norm,,,PR20_x1,holdout,3,1039,headon,vfield,135bd37912,ok,0,0,0,0,0,0,8.0621,3.3909,2.7258,2.0438,1.555,1,1,,8450,3.56
grid2:norm,,,PR20_x1,holdout,3,1041,headon,vfield,135bd37912,ok,0,0,0,0,0,0,7.6479,4.0363,2.7258,2.0438,1.555,1,1,,8450,3.6
grid2:norm,,,PR20_x1,holdout,3,1043,headon,vfield,135bd37912,ok,0,0,0,0,0,0,8.6406,9.0735,2.7258,2.0438,1.555,1,1,,8450,3.57
grid2:norm,,,PR20_x1,holdout,3,1045,headon,vfield,135bd37912,ok,0,0,0,0,0,0,1.8634,5.9664,2.7258,2.0438,1.555,1,1,,8450,3.57
grid2:norm,,,PR20_x1,holdout,3,1047,headon,vfield,135bd37912,ok,0,0,0,0,0,0,7.2847,7.146,2.7258,2.0438,1.555,1,1,,8450,3.59
grid2:norm,,,PR20_x1,holdout,3,1049,headon,vfield,135bd37912,ok,0,0,0,0,0,0,4.9898,5.2763,2.7258,2.0438,1.555,1,1,,8450,3.58
grid2:norm,,,PR20_x1,holdout,3,1051,headon,vfield,135bd37912,ok,0,0,0,0,0,0,2.138,2.8663,2.7258,2.0438,1.555,1,1,,8450,3.62
grid2:norm,,,PR20_x1,holdout,3,1053,headon,vfield,135bd37912,ok,0,0,0,0,0,0,6.6944,4.1374,2.7258,2.0438,1.555,1,1,,8450,3.55
grid2:norm,,,PR20_x1,holdout,3,1055,headon,vfield,135bd37912,ok,0,0,0,0,0,0,6.7335,2.4089,2.7258,2.0438,1.555,1,1,,8450,3.58
grid2:norm,,,PR20_x1,holdout,3,1057,headon,vfield,135bd37912,ok,0,0,0,0,0,0,4.8947,4.9022,2.7258,2.0438,1.555,1,1,,8450,3.63
grid2:norm,,,PR20_x1,holdout,3,1059,headon,vfield,135bd37912,ok,0,0,0,0,0,0,2.87,4.5063,2.7258,2.0438,1.555,1,1,,8450,3.58
grid2:norm,,,PR20_x1.25,holdout,3,1001,headon,vfield,71dd7d78da,ok,0,0,0,0,0,0,6.6879,5.032,2.7258,2.0438,1.555,1,1,,8450,3.62
grid2:norm,,,PR20_x1.25,holdout,3,1003,headon,vfield,71dd7d78da,ok,0,0,0,0,0,0,4.3698,5.2465,2.7258,2.0438,1.555,1,1,,8450,3.57
grid2:norm,,,PR20_x1.25,holdout,3,1005,headon,vfield,71dd7d78da,ok,0,0,0,0,0,0,6.5023,9.5991,2.7258,2.0438,1.555,1,1,,8450,3.59
grid2:norm,,,PR20_x1.25,holdout,3,1007,headon,vfield,71dd7d78da,ok,0,0,0,0,0,0,2.9728,4.5653,2.7258,2.0438,1.555,1,1,,8450,3.59
grid2:norm,,,PR20_x1.25,holdout,3,1009,headon,vfield,71dd7d78da,ok,0,0,0,0,0,0,3.6504,8.4226,2.7258,2.0438,1.555,1,1,,8450,3.6
grid2:norm,,,PR20_x1.25,holdout,3,1011,headon,vfield,71dd7d78da,ok,0,0,0,0,0,0,2.0633,5.2193,2.7258,2.0438,1.555,1,1,,8450,3.55
grid2:norm,,,PR20_x1.25,holdout,3,1013,headon,vfield,71dd7d78da,ok,0,0,0,0,0,0,6.423,3.6739,2.7258,2.0438,1.555,1,1,,8450,3.6
grid2:norm,,,PR20_x1.25,holdout,3,1015,headon,vfield,71dd7d78da,ok,0,0,0,0,0,0,7.3326,5.2126,2.7258,2.0438,1.555,1,1,,8450,3.62
grid2:norm,,,PR20_x1.25,holdout,3,1017,headon,vfield,71dd7d78da,ok,0,0,0,0,0,0,6.5717,5.9251,2.7258,2.0438,1.555,1,1,,8450,3.57
grid2:norm,,,PR20_x1.25,holdout,3,1019,headon,vfield,71dd7d78da,ok,0,0,0,0,0,0,7.1286,2.9372,2.7258,2.0438,1.555,1,1,,8450,3.56
grid2:norm,,,PR20_x1.25,holdout,3,1021,headon,vfield,71dd7d78da,ok,0,0,0,0,0,0,3.9152,11.3669,2.7258,2.0438,1.555,1,1,,8450,3.6
grid2:norm,,,PR20_x1.25,holdout,3,1023,headon,vfield,71dd7d78da,ok,0,0,0,0,0,0,10.2171,5.7149,2.7258,2.0438,1.555,1,1,,8450,3.58
grid2:norm,,,PR20_x1.25,holdout,3,1025,headon,vfield,71dd7d78da,ok,0,0,0,0,0,0,3.4783,3.9062,2.7258,2.0438,1.555,1,1,,8450,3.57
grid2:norm,,,PR20_x1.25,holdout,3,1027,headon,vfield,71dd7d78da,ok,0,0,0,0,0,0,7.1642,6.4435,2.7258,2.0438,1.555,1,1,,8450,3.63
grid2:norm,,,PR20_x1.25,holdout,3,1029,headon,vfield,71dd7d78da,ok,0,0,0,0,0,0,6.4169,7.3763,2.7258,2.0438,1.555,1,1,,8450,3.61
grid2:norm,,,PR20_x1.25,holdout,3,1031,headon,vfield,71dd7d78da,ok,0,0,0,0,0,0,8.5466,5.9932,2.7258,2.0438,1.555,1,1,,8450,3.56
grid2:norm,,,PR20_x1.25,holdout,3,1033,headon,vfield,71dd7d78da,ok,0,0,0,0,0,0,1.9435,4.4012,2.7258,2.0438,1.555,1,1,,8450,3.58
grid2:norm,,,PR20_x1.25,holdout,3,1035,headon,vfield,71dd7d78da,ok,0,0,0,0,0,0,6.8255,8.2535,2.7258,2.0438,1.555,1,1,,8450,3.59
grid2:norm,,,PR20_x1.25,holdout,3,1037,headon,vfield,71dd7d78da,ok,0,0,0,0,0,0,7.0729,5.8615,2.7258,2.0438,1.555,1,1,,8450,3.63
grid2:norm,,,PR20_x1.25,holdout,3,1039,headon,vfield,71dd7d78da,ok,0,0,0,0,0,0,8.7682,6.3505,2.7258,2.0438,1.555,1,1,,8450,3.58
grid2:norm,,,PR20_x1.25,holdout,3,1041,headon,vfield,71dd7d78da,ok,0,0,0,0,0,0,5.5387,12.8386,2.7258,2.0438,1.555,1,1,,8450,3.6
grid2:norm,,,PR20_x1.25,holdout,3,1043,headon,vfield,71dd7d78da,ok,0,0,0,0,0,0,6.7668,1.1639,2.7258,2.0438,1.555,1,1,,8450,3.55
grid2:norm,,,PR20_x1.25,holdout,3,1045,headon,vfield,71dd7d78da,ok,0,0,0,0,0,0,3.7932,6.195,2.7258,2.0438,1.555,1,1,,8450,3.58
grid2:norm,,,PR20_x1.25,holdout,3,1047,headon,vfield,71dd7d78da,ok,0,0,0,0,0,0,8.584,7.8065,2.7258,2.0438,1.555,1,1,,8450,3.57
grid2:norm,,,PR20_x1.25,holdout,3,1049,headon,vfield,71dd7d78da,ok,0,0,0,0,0,0,5.8358,6.6382,2.7258,2.0438,1.555,1,1,,8450,3.56
grid2:norm,,,PR20_x1.25,holdout,3,1051,headon,vfield,71dd7d78da,ok,0,0,0,0,0,0,2.7922,9.4497,2.7258,2.0438,1.555,1,1,,8450,3.57
grid2:norm,,,PR20_x1.25,holdout,3,1053,headon,vfield,71dd7d78da,ok,0,0,0,0,0,0,7.49,6.6445,2.7258,2.0438,1.555,1,1,,8450,3.61
grid2:norm,,,PR20_x1.25,holdout,3,1055,headon,vfield,71dd7d78da,ok,0,0,0,0,0,0,3.0904,12.4608,2.7258,2.0438,1.555,1,1,,8450,3.63
grid2:norm,,,PR20_x1.25,holdout,3,1057,headon,vfield,71dd7d78da,ok,0,0,0,0,0,0,4.9526,4.9706,2.7258,2.0438,1.555,1,1,,8450,3.62
grid2:norm,,,PR20_x1.25,holdout,3,1059,headon,vfield,71dd7d78da,ok,0,0,0,0,0,0,4.6741,4.8919,2.7258,2.0438,1.555,1,1,,8450,3.56
grid2:norm,,,PR20_x1.5,holdout,3,1001,headon,vfield,d814c983e3,ok,0,0,0,0,0,0,5.568,2.8563,2.7258,2.0438,1.555,1,1,,8450,3.58
grid2:norm,,,PR20_x1.5,holdout,3,1003,headon,vfield,d814c983e3,ok,0,0,0,0,0,0,7.0752,6.4347,2.7258,2.0438,1.555,1,1,,8450,3.65
grid2:norm,,,PR20_x1.5,holdout,3,1005,headon,vfield,d814c983e3,ok,0,0,0,0,0,0,6.07,4.9419,2.7258,2.0438,1.555,1,1,,8450,3.59
grid2:norm,,,PR20_x1.5,holdout,3,1007,headon,vfield,d814c983e3,ok,0,0,0,0,0,0,3.9994,4.8393,2.7258,2.0438,1.555,1,1,,8450,3.58
grid2:norm,,,PR20_x1.5,holdout,3,1009,headon,vfield,d814c983e3,ok,0,0,0,0,0,0,8.1409,9.5714,2.7258,2.0438,1.555,1,1,,8450,3.62
grid2:norm,,,PR20_x1.5,holdout,3,1011,headon,vfield,d814c983e3,ok,0,0,0,0,0,0,8.022,6.8426,2.7258,2.0438,1.555,1,1,,8450,3.59
grid2:norm,,,PR20_x1.5,holdout,3,1013,headon,vfield,d814c983e3,ok,0,0,0,0,0,0,6.7903,2.138,2.7258,2.0438,1.555,1,1,,8450,3.57
grid2:norm,,,PR20_x1.5,holdout,3,1015,headon,vfield,d814c983e3,ok,0,0,0,0,0,0,6.1455,9.5301,2.7258,2.0438,1.555,1,1,,8450,3.58
grid2:norm,,,PR20_x1.5,holdout,3,1017,headon,vfield,d814c983e3,ok,0,0,0,0,0,0,4.8828,1.659,2.7258,2.0438,1.555,1,1,,8450,3.56
grid2:norm,,,PR20_x1.5,holdout,3,1019,headon,vfield,d814c983e3,ok,0,0,0,0,0,0,4.367,8.4151,2.7258,2.0438,1.555,1,1,,8450,3.56
grid2:norm,,,PR20_x1.5,holdout,3,1021,headon,vfield,d814c983e3,ok,0,0,0,0,0,0,7.1547,6.2562,2.7258,2.0438,1.555,1,1,,8450,3.57
grid2:norm,,,PR20_x1.5,holdout,3,1023,headon,vfield,d814c983e3,ok,0,0,0,0,0,0,7.7388,4.1483,2.7258,2.0438,1.555,1,1,,8450,3.57
grid2:norm,,,PR20_x1.5,holdout,3,1025,headon,vfield,d814c983e3,ok,0,0,0,0,0,0,6.3544,2.0411,2.7258,2.0438,1.555,1,1,,8450,3.6
grid2:norm,,,PR20_x1.5,holdout,3,1027,headon,vfield,d814c983e3,ok,0,0,0,0,0,0,10.3303,7.7453,2.7258,2.0438,1.555,1,1,,8450,3.58
grid2:norm,,,PR20_x1.5,holdout,3,1029,headon,vfield,d814c983e3,ok,0,0,0,0,0,0,7.3859,7.1451,2.7258,2.0438,1.555,1,1,,8450,3.58
grid2:norm,,,PR20_x1.5,holdout,3,1031,headon,vfield,d814c983e3,ok,0,0,0,0,0,0,8.0348,8.4171,2.7258,2.0438,1.555,1,1,,8450,3.57
grid2:norm,,,PR20_x1.5,holdout,3,1033,headon,vfield,d814c983e3,ok,0,0,0,0,0,0,8.9724,5.2572,2.7258,2.0438,1.555,1,1,,8450,3.56
grid2:norm,,,PR20_x1.5,holdout,3,1035,headon,vfield,d814c983e3,ok,0,0,0,0,0,0,9.5997,8.5745,2.7258,2.0438,1.555,1,1,,8450,3.59
grid2:norm,,,PR20_x1.5,holdout,3,1037,headon,vfield,d814c983e3,ok,0,0,0,0,0,0,6.5902,5.9133,2.7258,2.0438,1.555,1,1,,8450,3.58
grid2:norm,,,PR20_x1.5,holdout,3,1039,headon,vfield,d814c983e3,ok,0,0,0,0,0,0,5.2098,7.248,2.7258,2.0438,1.555,1,1,,8450,3.57
grid2:norm,,,PR20_x1.5,holdout,3,1041,headon,vfield,d814c983e3,ok,0,0,0,0,0,0,5.4665,1.4354,2.7258,2.0438,1.555,1,1,,8450,3.61
grid2:norm,,,PR20_x1.5,holdout,3,1043,headon,vfield,d814c983e3,ok,0,0,0,0,0,0,5.5844,9.2501,2.7258,2.0438,1.555,1,1,,8450,3.62
grid2:norm,,,PR20_x1.5,holdout,3,1045,headon,vfield,d814c983e3,ok,0,0,0,0,0,0,6.8002,7.3261,2.7258,2.0438,1.555,1,1,,8450,3.6
grid2:norm,,,PR20_x1.5,holdout,3,1047,headon,vfield,d814c983e3,ok,0,0,0,0,0,0,6.3489,7.7675,2.7258,2.0438,1.555,1,1,,8450,3.57
grid2:norm,,,PR20_x1.5,holdout,3,1049,headon,vfield,d814c983e3,ok,0,0,0,0,0,0,4.8193,6.267,2.7258,2.0438,1.555,1,1,,8450,3.62
grid2:norm,,,PR20_x1.5,holdout,3,1051,headon,vfield,d814c983e3,ok,0,0,0,0,0,0,10.4321,6.1831,2.7258,2.0438,1.555,1,1,,8450,3.58
grid2:norm,,,PR20_x1.5,holdout,3,1053,headon,vfield,d814c983e3,ok,0,0,0,0,0,0,6.909,5.8524,2.7258,2.0438,1.555,1,1,,8450,3.58
grid2:norm,,,PR20_x1.5,holdout,3,1055,headon,vfield,d814c983e3,ok,0,0,0,0,0,0,10.0838,6.6617,2.7258,2.0438,1.555,1,1,,8450,3.58
grid2:norm,,,PR20_x1.5,holdout,3,1057,headon,vfield,d814c983e3,ok,0,0,0,0,0,0,6.2194,4.616,2.7258,2.0438,1.555,1,1,,8450,3.54
grid2:norm,,,PR20_x1.5,holdout,3,1059,headon,vfield,d814c983e3,ok,0,0,0,0,0,0,5.5198,7.1111,2.7258,2.0438,1.555,1,1,,8450,3.56
grid2:norm,,,PR20_x2,holdout,3,1001,headon,vfield,c71c16928d,ok,0,0,0,0,0,0,7.262,5.6902,2.7258,2.0438,1.555,1,1,,8450,3.61
grid2:norm,,,PR20_x2,holdout,3,1003,headon,vfield,c71c16928d,ok,0,0,0,0,0,0,9.7995,6.9347,2.7258,2.0438,1.555,1,1,,8450,3.58
grid2:norm,,,PR20_x2,holdout,3,1005,headon,vfield,c71c16928d,ok,0,0,0,0,0,0,6.1111,3.4366,2.7258,2.0438,1.555,1,1,,8450,3.57
grid2:norm,,,PR20_x2,holdout,3,1007,headon,vfield,c71c16928d,ok,0,0,0,0,0,0,7.3809,6.9898,2.7258,2.0438,1.555,1,1,,8450,3.59
grid2:norm,,,PR20_x2,holdout,3,1009,headon,vfield,c71c16928d,ok,0,0,0,0,0,0,11.8984,5.6546,2.7258,2.0438,1.555,1,1,,8450,3.54
grid2:norm,,,PR20_x2,holdout,3,1011,headon,vfield,c71c16928d,ok,0,0,0,0,0,0,8.2153,7.7535,2.7258,2.0438,1.555,1,1,,8450,3.66
grid2:norm,,,PR20_x2,holdout,3,1013,headon,vfield,c71c16928d,ok,0,0,0,0,0,0,5.2912,2.6576,2.7258,2.0438,1.555,1,1,,8450,3.54
grid2:norm,,,PR20_x2,holdout,3,1015,headon,vfield,c71c16928d,ok,0,0,0,0,0,0,6.6887,7.4031,2.7258,2.0438,1.555,1,1,,8450,3.56
grid2:norm,,,PR20_x2,holdout,3,1017,headon,vfield,c71c16928d,ok,0,0,0,0,0,0,6.9067,15.7111,2.7258,2.0438,1.555,1,1,,8450,3.6
grid2:norm,,,PR20_x2,holdout,3,1019,headon,vfield,c71c16928d,ok,0,0,0,0,0,0,6.7063,6.8061,2.7258,2.0438,1.555,1,1,,8450,3.63
grid2:norm,,,PR20_x2,holdout,3,1021,headon,vfield,c71c16928d,ok,0,0,0,0,0,0,8.4741,11.6105,2.7258,2.0438,1.555,1,1,,8450,3.61
grid2:norm,,,PR20_x2,holdout,3,1023,headon,vfield,c71c16928d,ok,0,0,0,0,0,0,7.1857,4.6793,2.7258,2.0438,1.555,1,1,,8450,3.58
grid2:norm,,,PR20_x2,holdout,3,1025,headon,vfield,c71c16928d,ok,0,0,0,0,0,0,5.0357,9.4432,2.7258,2.0438,1.555,1,1,,8450,3.54
grid2:norm,,,PR20_x2,holdout,3,1027,headon,vfield,c71c16928d,ok,0,0,0,0,0,0,9.6832,9.8636,2.7258,2.0438,1.555,1,1,,8450,3.58
grid2:norm,,,PR20_x2,holdout,3,1029,headon,vfield,c71c16928d,ok,0,0,0,0,0,0,7.9692,5.2537,2.7258,2.0438,1.555,1,1,,8450,3.56
grid2:norm,,,PR20_x2,holdout,3,1031,headon,vfield,c71c16928d,ok,0,0,0,0,0,0,13.4508,8.7265,2.7258,2.0438,1.555,1,1,,8450,3.61
grid2:norm,,,PR20_x2,holdout,3,1033,headon,vfield,c71c16928d,ok,0,0,0,0,0,0,8.5243,6.7298,2.7258,2.0438,1.555,1,1,,8450,3.56
grid2:norm,,,PR20_x2,holdout,3,1035,headon,vfield,c71c16928d,ok,0,0,0,0,0,0,7.5735,13.0642,2.7258,2.0438,1.555,1,1,,8450,3.58
grid2:norm,,,PR20_x2,holdout,3,1037,headon,vfield,c71c16928d,ok,0,0,0,0,0,0,6.5789,5.1383,2.7258,2.0438,1.555,1,1,,8450,3.6
grid2:norm,,,PR20_x2,holdout,3,1039,headon,vfield,c71c16928d,ok,0,0,0,0,0,0,6.3868,6.775,2.7258,2.0438,1.555,1,1,,8450,3.57
grid2:norm,,,PR20_x2,holdout,3,1041,headon,vfield,c71c16928d,ok,0,0,0,0,0,0,6.2016,2.0468,2.7258,2.0438,1.555,1,1,,8450,3.57
grid2:norm,,,PR20_x2,holdout,3,1043,headon,vfield,c71c16928d,ok,0,0,0,0,0,0,9.1739,9.6499,2.7258,2.0438,1.555,1,1,,8450,3.58
grid2:norm,,,PR20_x2,holdout,3,1045,headon,vfield,c71c16928d,ok,0,0,0,0,0,0,8.2828,7.0042,2.7258,2.0438,1.555,1,1,,8450,3.57
grid2:norm,,,PR20_x2,holdout,3,1047,headon,vfield,c71c16928d,ok,0,0,0,0,0,0,7.862,4.7963,2.7258,2.0438,1.555,1,1,,8450,3.57
grid2:norm,,,PR20_x2,holdout,3,1049,headon,vfield,c71c16928d,ok,0,0,0,0,0,0,8.2748,4.3826,2.7258,2.0438,1.555,1,1,,8450,3.6
grid2:norm,,,PR20_x2,holdout,3,1051,headon,vfield,c71c16928d,ok,0,0,0,0,0,0,8.7976,3.0882,2.7258,2.0438,1.555,1,1,,8450,3.58
grid2:norm,,,PR20_x2,holdout,3,1053,headon,vfield,c71c16928d,ok,0,0,0,0,0,0,7.9658,7.9309,2.7258,2.0438,1.555,1,1,,8450,3.61
grid2:norm,,,PR20_x2,holdout,3,1055,headon,vfield,c71c16928d,ok,0,0,0,0,0,0,4.3609,1.5499,2.7258,2.0438,1.555,1,1,,8450,3.61
grid2:norm,,,PR20_x2,holdout,3,1057,headon,vfield,c71c16928d,ok,0,0,0,0,0,0,6.2535,5.9538,2.7258,2.0438,1.555,1,1,,8450,3.56
grid2:norm,,,PR20_x2,holdout,3,1059,headon,vfield,c71c16928d,ok,0,0,0,0,0,0,4.8549,6.0937,2.7258,2.0438,1.555,1,1,,8450,3.62
grid2:norm,,,PR8_x0.5,holdout,4,1001,headon,vfield,eb4a55e9a4,ok,2,0,0,0,2,0,0.4247,2.1335,2.7258,2.0438,1.555,1,1,12.17,8450,3.61
grid2:norm,,,PR8_x0.5,holdout,4,1003,headon,vfield,eb4a55e9a4,ok,3,0,2,1,0,0,0.9898,0.6601,2.7258,2.0438,1.555,1,1,12.58,8450,3.61
grid2:norm,,,PR8_x0.5,holdout,4,1005,headon,vfield,eb4a55e9a4,ok,2,0,1,0,1,0,0.5413,0.7765,2.7258,2.0438,1.555,1,1,4.18,8450,3.62
grid2:norm,,,PR8_x0.5,holdout,4,1007,headon,vfield,eb4a55e9a4,ok,1,0,1,0,0,0,1.9614,0.5253,2.7258,2.0438,1.555,1,1,10.02,8450,3.64
grid2:norm,,,PR8_x0.5,holdout,4,1009,headon,vfield,eb4a55e9a4,ok,1,0,0,1,0,0,0.016,2.5323,2.7258,2.0438,1.555,1,1,-30.59,8450,3.61
grid2:norm,,,PR8_x0.5,holdout,4,1011,headon,vfield,eb4a55e9a4,ok,0,0,0,0,0,0,1.8709,1.4051,2.7258,2.0438,1.555,1,1,,8450,3.61
grid2:norm,,,PR8_x0.5,holdout,4,1013,headon,vfield,eb4a55e9a4,ok,0,0,0,0,0,0,1.5378,1.1029,2.7258,2.0438,1.555,1,1,,8450,3.61
grid2:norm,,,PR8_x0.5,holdout,4,1015,headon,vfield,eb4a55e9a4,ok,0,0,0,0,0,0,3.0395,4.7625,2.7258,2.0438,1.555,1,1,,8450,3.6
grid2:norm,,,PR8_x0.5,holdout,4,1017,headon,vfield,eb4a55e9a4,ok,1,0,0,0,1,0,0.5394,2.5726,2.7258,2.0438,1.555,1,1,34.14,8450,3.6
grid2:norm,,,PR8_x0.5,holdout,4,1019,headon,vfield,eb4a55e9a4,ok,0,0,0,0,0,0,1.7999,1.0835,2.7258,2.0438,1.555,1,1,,8450,3.63
grid2:norm,,,PR8_x0.5,holdout,4,1021,headon,vfield,eb4a55e9a4,ok,0,0,0,0,0,0,1.7455,1.7848,2.7258,2.0438,1.555,1,1,,8450,3.6
grid2:norm,,,PR8_x0.5,holdout,4,1023,headon,vfield,eb4a55e9a4,ok,0,0,0,0,0,0,1.6494,1.4661,2.7258,2.0438,1.555,1,1,,8450,3.61
grid2:norm,,,PR8_x0.5,holdout,4,1025,headon,vfield,eb4a55e9a4,ok,1,0,0,0,1,0,0.9497,2.3906,2.7258,2.0438,1.555,1,1,11.56,8450,3.61
grid2:norm,,,PR8_x0.5,holdout,4,1027,headon,vfield,eb4a55e9a4,ok,2,0,2,0,0,0,1.318,0.4379,2.7258,2.0438,1.555,1,1,5.96,8450,3.6
grid2:norm,,,PR8_x0.5,holdout,4,1029,headon,vfield,eb4a55e9a4,ok,2,0,2,0,0,0,2.1181,0.4159,2.7258,2.0438,1.555,1,1,4.16,8450,3.62
grid2:norm,,,PR8_x0.5,holdout,4,1031,headon,vfield,eb4a55e9a4,ok,1,0,0,0,1,0,0.0095,3.8054,2.7258,2.0438,1.555,1,1,14.3,8450,3.61
grid2:norm,,,PR8_x0.5,holdout,4,1033,headon,vfield,eb4a55e9a4,ok,1,0,1,0,0,0,1.0854,0.3569,2.7258,2.0438,1.555,1,1,8.15,8450,3.59
grid2:norm,,,PR8_x0.5,holdout,4,1035,headon,vfield,eb4a55e9a4,ok,1,0,0,1,0,0,0.5583,3.1384,2.7258,2.0438,1.555,1,1,-30.53,8450,3.62
grid2:norm,,,PR8_x0.5,holdout,4,1037,headon,vfield,eb4a55e9a4,ok,0,0,0,0,0,0,2.3276,1.5853,2.7258,2.0438,1.555,1,1,,8450,3.6
grid2:norm,,,PR8_x0.5,holdout,4,1039,headon,vfield,eb4a55e9a4,ok,0,0,0,0,0,0,1.1902,1.6164,2.7258,2.0438,1.555,1,1,,8450,3.63
grid2:norm,,,PR8_x0.5,holdout,4,1041,headon,vfield,eb4a55e9a4,ok,1,0,1,0,0,0,1.3801,0.6541,2.7258,2.0438,1.555,1,1,10.06,8450,3.58
grid2:norm,,,PR8_x0.5,holdout,4,1043,headon,vfield,eb4a55e9a4,ok,1,0,0,1,0,0,0.5365,1.392,2.7258,2.0438,1.555,1,1,24.22,8450,3.59
grid2:norm,,,PR8_x0.5,holdout,4,1045,headon,vfield,eb4a55e9a4,ok,2,0,0,1,1,0,0.3539,4.4819,2.7258,2.0438,1.555,1,1,7.1,8450,3.61
grid2:norm,,,PR8_x0.5,holdout,4,1047,headon,vfield,eb4a55e9a4,ok,0,0,0,0,0,0,1.0593,2.1082,2.7258,2.0438,1.555,1,1,,8450,3.58
grid2:norm,,,PR8_x0.5,holdout,4,1049,headon,vfield,eb4a55e9a4,ok,1,0,0,0,1,0,0.7467,2.9374,2.7258,2.0438,1.555,1,1,4.22,8450,3.65
grid2:norm,,,PR8_x0.5,holdout,4,1051,headon,vfield,eb4a55e9a4,ok,3,0,1,0,2,0,0.1611,0.163,2.7258,2.0438,1.555,1,1,4.54,8450,3.61
grid2:norm,,,PR8_x0.5,holdout,4,1053,headon,vfield,eb4a55e9a4,ok,0,0,0,0,0,0,3.4626,2.4045,2.7258,2.0438,1.555,1,1,,8450,3.64
grid2:norm,,,PR8_x0.5,holdout,4,1055,headon,vfield,eb4a55e9a4,ok,0,0,0,0,0,0,1.1247,3.2224,2.7258,2.0438,1.555,1,1,,8450,3.6
grid2:norm,,,PR8_x0.5,holdout,4,1057,headon,vfield,eb4a55e9a4,ok,0,0,0,0,0,0,1.5999,2.3763,2.7258,2.0438,1.555,1,1,,8450,3.62
grid2:norm,,,PR8_x0.5,holdout,4,1059,headon,vfield,eb4a55e9a4,ok,1,0,0,0,1,0,0.6693,1.1391,2.7258,2.0438,1.555,1,1,20.91,8450,3.63
grid2:norm,,,PR8_x0.75,holdout,4,1001,headon,vfield,8ee75c0d78,ok,0,0,0,0,0,0,2.7089,2.1588,2.7258,2.0438,1.555,1,1,,8450,3.62
grid2:norm,,,PR8_x0.75,holdout,4,1003,headon,vfield,8ee75c0d78,ok,1,0,0,1,0,0,0.811,1.4159,2.7258,2.0438,1.555,1,1,21.82,8450,3.62
grid2:norm,,,PR8_x0.75,holdout,4,1005,headon,vfield,8ee75c0d78,ok,1,0,0,0,1,0,0.3221,1.0036,2.7258,2.0438,1.555,1,1,14.28,8450,3.61
grid2:norm,,,PR8_x0.75,holdout,4,1007,headon,vfield,8ee75c0d78,ok,0,0,0,0,0,0,3.0942,1.9545,2.7258,2.0438,1.555,1,1,,8450,3.63
grid2:norm,,,PR8_x0.75,holdout,4,1009,headon,vfield,8ee75c0d78,ok,0,0,0,0,0,0,2.1466,2.7547,2.7258,2.0438,1.555,1,1,,8450,3.65
grid2:norm,,,PR8_x0.75,holdout,4,1011,headon,vfield,8ee75c0d78,ok,0,0,0,0,0,0,2.0649,1.3096,2.7258,2.0438,1.555,1,1,,8450,3.58
grid2:norm,,,PR8_x0.75,holdout,4,1013,headon,vfield,8ee75c0d78,ok,1,0,0,0,1,0,0.127,1.7596,2.7258,2.0438,1.555,1,1,12.5,8450,3.67
grid2:norm,,,PR8_x0.75,holdout,4,1015,headon,vfield,8ee75c0d78,ok,0,0,0,0,0,0,1.803,1.0614,2.7258,2.0438,1.555,1,1,,8450,3.63
grid2:norm,,,PR8_x0.75,holdout,4,1017,headon,vfield,8ee75c0d78,ok,0,0,0,0,0,0,1.0792,2.342,2.7258,2.0438,1.555,1,1,,8450,3.63
grid2:norm,,,PR8_x0.75,holdout,4,1019,headon,vfield,8ee75c0d78,ok,2,0,0,0,2,0,0.5,5.1866,2.7258,2.0438,1.555,1,1,20.85,8450,3.64
grid2:norm,,,PR8_x0.75,holdout,4,1021,headon,vfield,8ee75c0d78,ok,2,0,2,0,0,0,1.1023,0.4721,2.7258,2.0438,1.555,1,1,10.44,8450,3.66
grid2:norm,,,PR8_x0.75,holdout,4,1023,headon,vfield,8ee75c0d78,ok,0,0,0,0,0,0,1.5382,1.4556,2.7258,2.0438,1.555,1,1,,8450,3.58
grid2:norm,,,PR8_x0.75,holdout,4,1025,headon,vfield,8ee75c0d78,ok,1,0,0,0,1,0,0.857,1.827,2.7258,2.0438,1.555,1,1,32.66,8450,3.58
grid2:norm,,,PR8_x0.75,holdout,4,1027,headon,vfield,8ee75c0d78,ok,0,0,0,0,0,0,1.0068,3.3889,2.7258,2.0438,1.555,1,1,,8450,3.6
grid2:norm,,,PR8_x0.75,holdout,4,1029,headon,vfield,8ee75c0d78,ok,1,0,0,0,1,0,0.2263,3.0424,2.7258,2.0438,1.555,1,1,11.02,8450,3.62
grid2:norm,,,PR8_x0.75,holdout,4,1031,headon,vfield,8ee75c0d78,ok,0,0,0,0,0,0,1.8692,1.7887,2.7258,2.0438,1.555,1,1,,8450,3.63
grid2:norm,,,PR8_x0.75,holdout,4,1033,headon,vfield,8ee75c0d78,ok,1,0,0,1,0,0,0.667,1.7987,2.7258,2.0438,1.555,1,1,12.44,8450,3.59
grid2:norm,,,PR8_x0.75,holdout,4,1035,headon,vfield,8ee75c0d78,ok,0,0,0,0,0,0,1.4711,2.7031,2.7258,2.0438,1.555,1,1,,8450,3.6
grid2:norm,,,PR8_x0.75,holdout,4,1037,headon,vfield,8ee75c0d78,ok,0,0,0,0,0,0,1.8495,3.5454,2.7258,2.0438,1.555,1,1,,8450,3.65
grid2:norm,,,PR8_x0.75,holdout,4,1039,headon,vfield,8ee75c0d78,ok,0,0,0,0,0,0,2.5445,1.8613,2.7258,2.0438,1.555,1,1,,8450,3.62
grid2:norm,,,PR8_x0.75,holdout,4,1041,headon,vfield,8ee75c0d78,ok,2,0,0,0,2,0,0.3875,3.0317,2.7258,2.0438,1.555,1,1,14.38,8450,3.57
grid2:norm,,,PR8_x0.75,holdout,4,1043,headon,vfield,8ee75c0d78,ok,0,0,0,0,0,0,1.5464,1.9543,2.7258,2.0438,1.555,1,1,,8450,3.59
grid2:norm,,,PR8_x0.75,holdout,4,1045,headon,vfield,8ee75c0d78,ok,0,0,0,0,0,0,1.0004,2.7071,2.7258,2.0438,1.555,1,1,,8450,3.57
grid2:norm,,,PR8_x0.75,holdout,4,1047,headon,vfield,8ee75c0d78,ok,1,0,0,0,1,0,0.2739,1.1654,2.7258,2.0438,1.555,1,1,33.98,8450,3.63
grid2:norm,,,PR8_x0.75,holdout,4,1049,headon,vfield,8ee75c0d78,ok,3,0,1,1,1,0,0.5263,0.6478,2.7258,2.0438,1.555,1,1,8.49,8450,3.74
grid2:norm,,,PR8_x0.75,holdout,4,1051,headon,vfield,8ee75c0d78,ok,1,0,1,0,0,0,1.2875,0.1682,2.7258,2.0438,1.555,1,1,5.19,8450,4.08
grid2:norm,,,PR8_x0.75,holdout,4,1053,headon,vfield,8ee75c0d78,ok,0,0,0,0,0,0,1.4937,1.4656,2.7258,2.0438,1.555,1,1,,8450,3.65
grid2:norm,,,PR8_x0.75,holdout,4,1055,headon,vfield,8ee75c0d78,ok,0,0,0,0,0,0,1.2612,3.1824,2.7258,2.0438,1.555,1,1,,8450,3.63
grid2:norm,,,PR8_x0.75,holdout,4,1057,headon,vfield,8ee75c0d78,ok,3,0,0,0,3,0,0.2752,2.5848,2.7258,2.0438,1.555,1,1,7.8,8450,3.61
grid2:norm,,,PR8_x0.75,holdout,4,1059,headon,vfield,8ee75c0d78,ok,0,0,0,0,0,0,3.1887,4.3194,2.7258,2.0438,1.555,1,1,,8450,3.63
grid2:norm,,,PR8_x1,holdout,4,1001,headon,vfield,b38a852966,ok,0,0,0,0,0,0,1.3368,3.5356,2.7258,2.0438,1.555,1,1,,8450,3.58
grid2:norm,,,PR8_x1,holdout,4,1003,headon,vfield,b38a852966,ok,0,0,0,0,0,0,3.5546,4.8439,2.7258,2.0438,1.555,1,1,,8450,3.63
grid2:norm,,,PR8_x1,holdout,4,1005,headon,vfield,b38a852966,ok,0,0,0,0,0,0,2.2141,4.523,2.7258,2.0438,1.555,1,1,,8450,3.63
grid2:norm,,,PR8_x1,holdout,4,1007,headon,vfield,b38a852966,ok,1,0,0,0,1,0,0.4521,4.4581,2.7258,2.0438,1.555,1,1,6.13,8450,3.63
grid2:norm,,,PR8_x1,holdout,4,1009,headon,vfield,b38a852966,ok,0,0,0,0,0,0,2.6533,1.0934,2.7258,2.0438,1.555,1,1,,8450,3.61
grid2:norm,,,PR8_x1,holdout,4,1011,headon,vfield,b38a852966,ok,2,0,0,0,2,0,0.284,5.1623,2.7258,2.0438,1.555,1,1,5.91,8450,3.61
grid2:norm,,,PR8_x1,holdout,4,1013,headon,vfield,b38a852966,ok,0,0,0,0,0,0,1.756,2.0563,2.7258,2.0438,1.555,1,1,,8450,3.61
grid2:norm,,,PR8_x1,holdout,4,1015,headon,vfield,b38a852966,ok,0,0,0,0,0,0,1.8297,2.3288,2.7258,2.0438,1.555,1,1,,8450,3.58
grid2:norm,,,PR8_x1,holdout,4,1017,headon,vfield,b38a852966,ok,2,0,1,0,1,0,0.7342,0.8893,2.7258,2.0438,1.555,1,1,10.73,8450,3.6
grid2:norm,,,PR8_x1,holdout,4,1019,headon,vfield,b38a852966,ok,1,0,0,0,1,0,0.8711,1.3279,2.7258,2.0438,1.555,1,1,10.37,8450,3.63
grid2:norm,,,PR8_x1,holdout,4,1021,headon,vfield,b38a852966,ok,1,0,0,0,1,0,0.1451,3.851,2.7258,2.0438,1.555,1,1,25.19,8450,3.58
grid2:norm,,,PR8_x1,holdout,4,1023,headon,vfield,b38a852966,ok,1,0,0,0,1,0,0.2522,3.3721,2.7258,2.0438,1.555,1,1,13.77,8450,3.61
grid2:norm,,,PR8_x1,holdout,4,1025,headon,vfield,b38a852966,ok,1,0,1,0,0,0,3.527,0.7849,2.7258,2.0438,1.555,1,1,14.38,8450,3.59
grid2:norm,,,PR8_x1,holdout,4,1027,headon,vfield,b38a852966,ok,1,0,0,0,1,0,0.2477,4.0963,2.7258,2.0438,1.555,1,1,4.66,8450,3.63
grid2:norm,,,PR8_x1,holdout,4,1029,headon,vfield,b38a852966,ok,1,0,0,0,1,0,0.2406,3.9288,2.7258,2.0438,1.555,1,1,21.3,8450,3.63
grid2:norm,,,PR8_x1,holdout,4,1031,headon,vfield,b38a852966,ok,1,0,0,0,1,0,0.1532,4.8296,2.7258,2.0438,1.555,1,1,24.15,8450,3.62
grid2:norm,,,PR8_x1,holdout,4,1033,headon,vfield,b38a852966,ok,0,0,0,0,0,0,2.275,5.5207,2.7258,2.0438,1.555,1,1,,8450,3.61
grid2:norm,,,PR8_x1,holdout,4,1035,headon,vfield,b38a852966,ok,0,0,0,0,0,0,1.2338,4.5985,2.7258,2.0438,1.555,1,1,,8450,3.62
grid2:norm,,,PR8_x1,holdout,4,1037,headon,vfield,b38a852966,ok,2,0,0,2,0,0,0.0307,2.4141,2.7258,2.0438,1.555,1,1,21.63,8450,3.61
grid2:norm,,,PR8_x1,holdout,4,1039,headon,vfield,b38a852966,ok,1,0,0,0,1,0,0.9619,3.7782,2.7258,2.0438,1.555,1,1,15.68,8450,3.62
grid2:norm,,,PR8_x1,holdout,4,1041,headon,vfield,b38a852966,ok,0,0,0,0,0,0,1.978,5.1836,2.7258,2.0438,1.555,1,1,,8450,3.58
grid2:norm,,,PR8_x1,holdout,4,1043,headon,vfield,b38a852966,ok,0,0,0,0,0,0,1.8099,2.6256,2.7258,2.0438,1.555,1,1,,8450,3.6
grid2:norm,,,PR8_x1,holdout,4,1045,headon,vfield,b38a852966,ok,1,0,1,0,0,0,1.208,0.9197,2.7258,2.0438,1.555,1,1,4.39,8450,3.59
grid2:norm,,,PR8_x1,holdout,4,1047,headon,vfield,b38a852966,ok,1,0,1,0,0,0,3.4396,0.4401,2.7258,2.0438,1.555,1,1,4.31,8450,3.6
grid2:norm,,,PR8_x1,holdout,4,1049,headon,vfield,b38a852966,ok,0,0,0,0,0,0,2.3747,3.3796,2.7258,2.0438,1.555,1,1,,8450,3.57
grid2:norm,,,PR8_x1,holdout,4,1051,headon,vfield,b38a852966,ok,0,0,0,0,0,0,1.5659,1.8136,2.7258,2.0438,1.555,1,1,,8450,3.63
grid2:norm,,,PR8_x1,holdout,4,1053,headon,vfield,b38a852966,ok,2,0,1,0,1,0,0.0055,0.2813,2.7258,2.0438,1.555,1,1,8.28,8450,3.71
grid2:norm,,,PR8_x1,holdout,4,1055,headon,vfield,b38a852966,ok,1,0,1,0,0,0,1.5964,0.7967,2.7258,2.0438,1.555,1,1,15.85,8450,3.67
grid2:norm,,,PR8_x1,holdout,4,1057,headon,vfield,b38a852966,ok,0,0,0,0,0,0,1.5128,2.7877,2.7258,2.0438,1.555,1,1,,8450,3.63
grid2:norm,,,PR8_x1,holdout,4,1059,headon,vfield,b38a852966,ok,0,0,0,0,0,0,1.0911,4.0205,2.7258,2.0438,1.555,1,1,,8450,3.62
grid2:norm,,,PR8_x1.25,holdout,4,1001,headon,vfield,4ff50dcfae,ok,0,0,0,0,0,0,2.2339,1.2067,2.7258,2.0438,1.555,1,1,,8450,3.58
grid2:norm,,,PR8_x1.25,holdout,4,1003,headon,vfield,4ff50dcfae,ok,1,0,0,0,1,0,0.6453,5.7645,2.7258,2.0438,1.555,1,1,6.25,8450,3.6
grid2:norm,,,PR8_x1.25,holdout,4,1005,headon,vfield,4ff50dcfae,ok,0,0,0,0,0,0,1.7965,5.6608,2.7258,2.0438,1.555,1,1,,8450,3.64
grid2:norm,,,PR8_x1.25,holdout,4,1007,headon,vfield,4ff50dcfae,ok,0,0,0,0,0,0,1.0986,2.6591,2.7258,2.0438,1.555,1,1,,8450,3.62
grid2:norm,,,PR8_x1.25,holdout,4,1009,headon,vfield,4ff50dcfae,ok,0,0,0,0,0,0,3.7892,5.3405,2.7258,2.0438,1.555,1,1,,8450,3.56
grid2:norm,,,PR8_x1.25,holdout,4,1011,headon,vfield,4ff50dcfae,ok,1,0,0,0,1,0,0.3593,5.6636,2.7258,2.0438,1.555,1,1,35.74,8450,3.63
grid2:norm,,,PR8_x1.25,holdout,4,1013,headon,vfield,4ff50dcfae,ok,2,0,0,0,2,0,0.6511,2.0356,2.7258,2.0438,1.555,1,1,18.13,8450,3.56
grid2:norm,,,PR8_x1.25,holdout,4,1015,headon,vfield,4ff50dcfae,ok,0,0,0,0,0,0,1.89,3.1895,2.7258,2.0438,1.555,1,1,,8450,3.64
grid2:norm,,,PR8_x1.25,holdout,4,1017,headon,vfield,4ff50dcfae,ok,1,0,0,0,1,0,0.2686,5.9547,2.7258,2.0438,1.555,1,1,34.58,8450,3.6
grid2:norm,,,PR8_x1.25,holdout,4,1019,headon,vfield,4ff50dcfae,ok,2,0,1,0,1,0,0.5724,0.236,2.7258,2.0438,1.555,1,1,6.22,8450,3.62
grid2:norm,,,PR8_x1.25,holdout,4,1021,headon,vfield,4ff50dcfae,ok,2,0,0,0,2,0,0.1372,4.358,2.7258,2.0438,1.555,1,1,6.62,8450,3.58
grid2:norm,,,PR8_x1.25,holdout,4,1023,headon,vfield,4ff50dcfae,ok,3,0,0,0,3,0,0.0364,6.067,2.7258,2.0438,1.555,1,1,6.68,8450,3.63
grid2:norm,,,PR8_x1.25,holdout,4,1025,headon,vfield,4ff50dcfae,ok,1,0,0,0,1,0,0.2012,6.0933,2.7258,2.0438,1.555,1,1,35.56,8450,3.62
grid2:norm,,,PR8_x1.25,holdout,4,1027,headon,vfield,4ff50dcfae,ok,2,0,0,0,2,0,0.6523,1.9452,2.7258,2.0438,1.555,1,1,6.5,8450,3.59
grid2:norm,,,PR8_x1.25,holdout,4,1029,headon,vfield,4ff50dcfae,ok,2,0,0,0,2,0,0.171,5.5021,2.7258,2.0438,1.555,1,1,6.79,8450,3.63
grid2:norm,,,PR8_x1.25,holdout,4,1031,headon,vfield,4ff50dcfae,ok,1,0,0,0,1,0,0.996,4.0784,2.7258,2.0438,1.555,1,1,35.95,8450,3.67
grid2:norm,,,PR8_x1.25,holdout,4,1033,headon,vfield,4ff50dcfae,ok,1,0,1,0,0,0,1.4615,0.355,2.7258,2.0438,1.555,1,1,4.16,8450,3.6
grid2:norm,,,PR8_x1.25,holdout,4,1035,headon,vfield,4ff50dcfae,ok,3,0,0,2,1,0,0.1634,2.3434,2.7258,2.0438,1.555,1,1,-29.43,8450,3.6
grid2:norm,,,PR8_x1.25,holdout,4,1037,headon,vfield,4ff50dcfae,ok,0,0,0,0,0,0,1.4115,5.6106,2.7258,2.0438,1.555,1,1,,8450,3.72
grid2:norm,,,PR8_x1.25,holdout,4,1039,headon,vfield,4ff50dcfae,ok,0,0,0,0,0,0,1.5533,4.4744,2.7258,2.0438,1.555,1,1,,8450,3.63
grid2:norm,,,PR8_x1.25,holdout,4,1041,headon,vfield,4ff50dcfae,ok,3,0,1,1,1,0,0.7652,0.785,2.7258,2.0438,1.555,1,1,16.62,8450,3.61
grid2:norm,,,PR8_x1.25,holdout,4,1043,headon,vfield,4ff50dcfae,ok,0,0,0,0,0,0,2.8122,5.2648,2.7258,2.0438,1.555,1,1,,8450,3.61
grid2:norm,,,PR8_x1.25,holdout,4,1045,headon,vfield,4ff50dcfae,ok,1,0,0,0,1,0,0.1897,1.24,2.7258,2.0438,1.555,1,1,30.76,8450,3.62
grid2:norm,,,PR8_x1.25,holdout,4,1047,headon,vfield,4ff50dcfae,ok,0,0,0,0,0,0,1.1681,3.5591,2.7258,2.0438,1.555,1,1,,8450,3.58
grid2:norm,,,PR8_x1.25,holdout,4,1049,headon,vfield,4ff50dcfae,ok,0,0,0,0,0,0,2.087,5.3706,2.7258,2.0438,1.555,1,1,,8450,3.65
grid2:norm,,,PR8_x1.25,holdout,4,1051,headon,vfield,4ff50dcfae,ok,1,0,0,0,1,0,0.8141,4.9669,2.7258,2.0438,1.555,1,1,15.17,8450,3.61
grid2:norm,,,PR8_x1.25,holdout,4,1053,headon,vfield,4ff50dcfae,ok,2,0,0,1,1,0,0.4842,3.4147,2.7258,2.0438,1.555,1,1,22.55,8450,3.63
grid2:norm,,,PR8_x1.25,holdout,4,1055,headon,vfield,4ff50dcfae,ok,0,0,0,0,0,0,1.4366,4.9563,2.7258,2.0438,1.555,1,1,,8450,3.61
grid2:norm,,,PR8_x1.25,holdout,4,1057,headon,vfield,4ff50dcfae,ok,0,0,0,0,0,0,2.8236,5.6568,2.7258,2.0438,1.555,1,1,,8450,3.61
grid2:norm,,,PR8_x1.25,holdout,4,1059,headon,vfield,4ff50dcfae,ok,1,0,1,0,0,0,2.8822,0.7309,2.7258,2.0438,1.555,1,1,18.9,8450,3.57
grid2:norm,,,PR8_x1.5,holdout,4,1001,headon,vfield,3ec59d62d4,ok,0,0,0,0,0,0,1.8232,6.1828,2.7258,2.0438,1.555,1,1,,8450,3.59
grid2:norm,,,PR8_x1.5,holdout,4,1003,headon,vfield,3ec59d62d4,ok,0,0,0,0,0,0,2.324,6.4078,2.7258,2.0438,1.555,1,1,,8450,3.59
grid2:norm,,,PR8_x1.5,holdout,4,1005,headon,vfield,3ec59d62d4,ok,1,0,1,0,0,0,1.6304,0.4673,2.7258,2.0438,1.555,1,1,8.62,8450,3.64
grid2:norm,,,PR8_x1.5,holdout,4,1007,headon,vfield,3ec59d62d4,ok,0,0,0,0,0,0,2.2041,6.1689,2.7258,2.0438,1.555,1,1,,8450,3.62
grid2:norm,,,PR8_x1.5,holdout,4,1009,headon,vfield,3ec59d62d4,ok,0,0,0,0,0,0,1.9316,6.0163,2.7258,2.0438,1.555,1,1,,8450,3.64
grid2:norm,,,PR8_x1.5,holdout,4,1011,headon,vfield,3ec59d62d4,ok,0,0,0,0,0,0,2.0459,6.1444,2.7258,2.0438,1.555,1,1,,8450,3.6
grid2:norm,,,PR8_x1.5,holdout,4,1013,headon,vfield,3ec59d62d4,ok,0,0,0,0,0,0,1.6554,2.9118,2.7258,2.0438,1.555,1,1,,8450,3.61
grid2:norm,,,PR8_x1.5,holdout,4,1015,headon,vfield,3ec59d62d4,ok,0,0,0,0,0,0,1.4937,3.2689,2.7258,2.0438,1.555,1,1,,8450,3.65
grid2:norm,,,PR8_x1.5,holdout,4,1017,headon,vfield,3ec59d62d4,ok,0,0,0,0,0,0,1.6702,2.4695,2.7258,2.0438,1.555,1,1,,8450,3.6
grid2:norm,,,PR8_x1.5,holdout,4,1019,headon,vfield,3ec59d62d4,ok,0,0,0,0,0,0,2.5091,5.7876,2.7258,2.0438,1.555,1,1,,8450,3.64
grid2:norm,,,PR8_x1.5,holdout,4,1021,headon,vfield,3ec59d62d4,ok,0,0,0,0,0,0,1.1171,6.4473,2.7258,2.0438,1.555,1,1,,8450,3.6
grid2:norm,,,PR8_x1.5,holdout,4,1023,headon,vfield,3ec59d62d4,ok,0,0,0,0,0,0,2.5334,1.2713,2.7258,2.0438,1.555,1,1,,8450,3.61
grid2:norm,,,PR8_x1.5,holdout,4,1025,headon,vfield,3ec59d62d4,ok,0,0,0,0,0,0,2.0094,6.0747,2.7258,2.0438,1.555,1,1,,8450,3.67
grid2:norm,,,PR8_x1.5,holdout,4,1027,headon,vfield,3ec59d62d4,ok,0,0,0,0,0,0,2.1333,4.3777,2.7258,2.0438,1.555,1,1,,8450,3.6
grid2:norm,,,PR8_x1.5,holdout,4,1029,headon,vfield,3ec59d62d4,ok,0,0,0,0,0,0,1.9387,5.8993,2.7258,2.0438,1.555,1,1,,8450,3.62
grid2:norm,,,PR8_x1.5,holdout,4,1031,headon,vfield,3ec59d62d4,ok,0,0,0,0,0,0,1.4566,6.2903,2.7258,2.0438,1.555,1,1,,8450,3.59
grid2:norm,,,PR8_x1.5,holdout,4,1033,headon,vfield,3ec59d62d4,ok,0,0,0,0,0,0,1.2846,3.1002,2.7258,2.0438,1.555,1,1,,8450,3.64
grid2:norm,,,PR8_x1.5,holdout,4,1035,headon,vfield,3ec59d62d4,ok,0,0,0,0,0,0,2.6035,6.6789,2.7258,2.0438,1.555,1,1,,8450,3.65
grid2:norm,,,PR8_x1.5,holdout,4,1037,headon,vfield,3ec59d62d4,ok,0,0,0,0,0,0,1.0904,2.2253,2.7258,2.0438,1.555,1,1,,8450,3.62
grid2:norm,,,PR8_x1.5,holdout,4,1039,headon,vfield,3ec59d62d4,ok,0,0,0,0,0,0,2.1147,4.2992,2.7258,2.0438,1.555,1,1,,8450,3.67
grid2:norm,,,PR8_x1.5,holdout,4,1041,headon,vfield,3ec59d62d4,ok,0,0,0,0,0,0,2.3703,2.6063,2.7258,2.0438,1.555,1,1,,8450,3.64
grid2:norm,,,PR8_x1.5,holdout,4,1043,headon,vfield,3ec59d62d4,ok,0,0,0,0,0,0,2.669,6.2161,2.7258,2.0438,1.555,1,1,,8450,3.6
grid2:norm,,,PR8_x1.5,holdout,4,1045,headon,vfield,3ec59d62d4,ok,1,0,0,0,1,0,0.1163,5.089,2.7258,2.0438,1.555,1,1,37.58,8450,3.6
grid2:norm,,,PR8_x1.5,holdout,4,1047,headon,vfield,3ec59d62d4,ok,1,0,0,1,0,0,0.3557,2.074,2.7258,2.0438,1.555,1,1,29.94,8450,3.6
grid2:norm,,,PR8_x1.5,holdout,4,1049,headon,vfield,3ec59d62d4,ok,0,0,0,0,0,0,2.9137,6.0451,2.7258,2.0438,1.555,1,1,,8450,3.62
grid2:norm,,,PR8_x1.5,holdout,4,1051,headon,vfield,3ec59d62d4,ok,1,0,0,0,1,0,0.6792,5.8427,2.7258,2.0438,1.555,1,1,24.67,8450,3.62
grid2:norm,,,PR8_x1.5,holdout,4,1053,headon,vfield,3ec59d62d4,ok,0,0,0,0,0,0,1.6376,4.5364,2.7258,2.0438,1.555,1,1,,8450,3.65
grid2:norm,,,PR8_x1.5,holdout,4,1055,headon,vfield,3ec59d62d4,ok,0,0,0,0,0,0,2.8655,6.0495,2.7258,2.0438,1.555,1,1,,8450,3.63
grid2:norm,,,PR8_x1.5,holdout,4,1057,headon,vfield,3ec59d62d4,ok,0,0,0,0,0,0,3.2571,5.7082,2.7258,2.0438,1.555,1,1,,8450,3.65
grid2:norm,,,PR8_x1.5,holdout,4,1059,headon,vfield,3ec59d62d4,ok,1,0,0,0,1,0,0.6491,2.0449,2.7258,2.0438,1.555,1,1,15.49,8450,3.62
grid2:norm,,,PR8_x2,holdout,4,1001,headon,vfield,28df79572c,ok,0,0,0,0,0,0,1.22,5.8181,2.7258,2.0438,1.555,1,1,,8450,3.6
grid2:norm,,,PR8_x2,holdout,4,1003,headon,vfield,28df79572c,ok,1,0,0,0,1,0,0.9171,6.2525,2.7258,2.0438,1.555,1,1,27.14,8450,3.57
grid2:norm,,,PR8_x2,holdout,4,1005,headon,vfield,28df79572c,ok,0,0,0,0,0,0,1.785,2.8361,2.7258,2.0438,1.555,1,1,,8450,3.65
grid2:norm,,,PR8_x2,holdout,4,1007,headon,vfield,28df79572c,ok,2,0,0,0,2,0,0.1696,2.3788,2.7258,2.0438,1.555,1,1,13.65,8450,3.6
grid2:norm,,,PR8_x2,holdout,4,1009,headon,vfield,28df79572c,ok,0,0,0,0,0,0,1.687,1.3526,2.7258,2.0438,1.555,1,1,,8450,3.59
grid2:norm,,,PR8_x2,holdout,4,1011,headon,vfield,28df79572c,ok,1,0,0,0,1,0,0.3928,5.7769,2.7258,2.0438,1.555,1,1,41.04,8450,3.57
grid2:norm,,,PR8_x2,holdout,4,1013,headon,vfield,28df79572c,ok,0,0,0,0,0,0,1.766,5.3747,2.7258,2.0438,1.555,1,1,,8450,3.65
grid2:norm,,,PR8_x2,holdout,4,1015,headon,vfield,28df79572c,ok,1,0,0,0,1,0,0.2639,1.7915,2.7258,2.0438,1.555,1,1,42.38,8450,3.62
grid2:norm,,,PR8_x2,holdout,4,1017,headon,vfield,28df79572c,ok,1,0,0,0,1,0,0.6861,5.9731,2.7258,2.0438,1.555,1,1,28.43,8450,3.61
grid2:norm,,,PR8_x2,holdout,4,1019,headon,vfield,28df79572c,ok,2,0,0,0,2,0,0.1845,5.9719,2.7258,2.0438,1.555,1,1,30.22,8450,3.63
grid2:norm,,,PR8_x2,holdout,4,1021,headon,vfield,28df79572c,ok,0,0,0,0,0,0,4.6696,5.2729,2.7258,2.0438,1.555,1,1,,8450,3.6
grid2:norm,,,PR8_x2,holdout,4,1023,headon,vfield,28df79572c,ok,0,0,0,0,0,0,1.6988,2.5998,2.7258,2.0438,1.555,1,1,,8450,3.63
grid2:norm,,,PR8_x2,holdout,4,1025,headon,vfield,28df79572c,ok,0,0,0,0,0,0,1.4609,6.2443,2.7258,2.0438,1.555,1,1,,8450,3.6
grid2:norm,,,PR8_x2,holdout,4,1027,headon,vfield,28df79572c,ok,0,0,0,0,0,0,2.6638,1.4254,2.7258,2.0438,1.555,1,1,,8450,3.62
grid2:norm,,,PR8_x2,holdout,4,1029,headon,vfield,28df79572c,ok,1,0,0,0,1,0,0.8274,4.1372,2.7258,2.0438,1.555,1,1,13.38,8450,3.58
grid2:norm,,,PR8_x2,holdout,4,1031,headon,vfield,28df79572c,ok,0,0,0,0,0,0,2.2544,6.1827,2.7258,2.0438,1.555,1,1,,8450,3.63
grid2:norm,,,PR8_x2,holdout,4,1033,headon,vfield,28df79572c,ok,1,0,0,1,0,0,0.4542,1.8052,2.7258,2.0438,1.555,1,1,13.01,8450,3.6
grid2:norm,,,PR8_x2,holdout,4,1035,headon,vfield,28df79572c,ok,0,0,0,0,0,0,2.8945,5.9282,2.7258,2.0438,1.555,1,1,,8450,3.6
grid2:norm,,,PR8_x2,holdout,4,1037,headon,vfield,28df79572c,ok,1,0,1,0,0,0,3.5301,0.5368,2.7258,2.0438,1.555,1,1,10.11,8450,3.61
grid2:norm,,,PR8_x2,holdout,4,1039,headon,vfield,28df79572c,ok,1,0,0,1,0,0,0.2428,6.1049,2.7258,2.0438,1.555,1,1,-28.58,8450,3.62
grid2:norm,,,PR8_x2,holdout,4,1041,headon,vfield,28df79572c,ok,1,0,0,0,1,0,0.1188,4.5953,2.7258,2.0438,1.555,1,1,35.7,8450,3.61
grid2:norm,,,PR8_x2,holdout,4,1043,headon,vfield,28df79572c,ok,0,0,0,0,0,0,3.2531,6.3911,2.7258,2.0438,1.555,1,1,,8450,3.62
grid2:norm,,,PR8_x2,holdout,4,1045,headon,vfield,28df79572c,ok,1,0,0,0,1,0,0.1761,6.0073,2.7258,2.0438,1.555,1,1,29.14,8450,3.59
grid2:norm,,,PR8_x2,holdout,4,1047,headon,vfield,28df79572c,ok,1,0,0,0,1,0,0.2778,5.9016,2.7258,2.0438,1.555,1,1,16.5,8450,3.67
grid2:norm,,,PR8_x2,holdout,4,1049,headon,vfield,28df79572c,ok,1,0,1,0,0,0,1.1915,0.1122,2.7258,2.0438,1.555,1,1,22.99,8450,3.65
grid2:norm,,,PR8_x2,holdout,4,1051,headon,vfield,28df79572c,ok,0,0,0,0,0,0,1.6323,6.2639,2.7258,2.0438,1.555,1,1,,8450,3.61
grid2:norm,,,PR8_x2,holdout,4,1053,headon,vfield,28df79572c,ok,3,0,1,0,2,0,0.0941,0.6326,2.7258,2.0438,1.555,1,1,8.74,8450,3.6
grid2:norm,,,PR8_x2,holdout,4,1055,headon,vfield,28df79572c,ok,1,0,0,0,1,0,0.3905,4.8798,2.7258,2.0438,1.555,1,1,36.83,8450,3.63
grid2:norm,,,PR8_x2,holdout,4,1057,headon,vfield,28df79572c,ok,3,0,1,0,2,0,0.4791,0.4108,2.7258,2.0438,1.555,1,1,4.22,8450,3.62
grid2:norm,,,PR8_x2,holdout,4,1059,headon,vfield,28df79572c,ok,0,0,0,0,0,0,3.836,4.0786,2.7258,2.0438,1.555,1,1,,8450,3.6
grid2:norm,,,PR10_x0.5,holdout,4,1001,headon,vfield,b42719ecf6,ok,0,0,0,0,0,0,2.78,2.0828,2.7258,2.0438,1.555,1,1,,8450,3.6
grid2:norm,,,PR10_x0.5,holdout,4,1003,headon,vfield,b42719ecf6,ok,0,0,0,0,0,0,1.9716,5.0056,2.7258,2.0438,1.555,1,1,,8450,3.59
grid2:norm,,,PR10_x0.5,holdout,4,1005,headon,vfield,b42719ecf6,ok,1,0,1,0,0,0,2.7593,0.3336,2.7258,2.0438,1.555,1,1,24.47,8450,3.69
grid2:norm,,,PR10_x0.5,holdout,4,1007,headon,vfield,b42719ecf6,ok,1,0,0,1,0,0,0.5501,2.9807,2.7258,2.0438,1.555,1,1,22.82,8450,3.64
grid2:norm,,,PR10_x0.5,holdout,4,1009,headon,vfield,b42719ecf6,ok,1,0,0,0,1,0,0.6545,2.374,2.7258,2.0438,1.555,1,1,26.89,8450,3.66
grid2:norm,,,PR10_x0.5,holdout,4,1011,headon,vfield,b42719ecf6,ok,1,0,0,0,1,0,0.4357,1.1065,2.7258,2.0438,1.555,1,1,14.2,8450,3.64
grid2:norm,,,PR10_x0.5,holdout,4,1013,headon,vfield,b42719ecf6,ok,0,0,0,0,0,0,2.0996,1.3538,2.7258,2.0438,1.555,1,1,,8450,3.63
grid2:norm,,,PR10_x0.5,holdout,4,1015,headon,vfield,b42719ecf6,ok,0,0,0,0,0,0,2.7057,2.0656,2.7258,2.0438,1.555,1,1,,8450,3.62
grid2:norm,,,PR10_x0.5,holdout,4,1017,headon,vfield,b42719ecf6,ok,0,0,0,0,0,0,4.1936,2.9155,2.7258,2.0438,1.555,1,1,,8450,3.65
grid2:norm,,,PR10_x0.5,holdout,4,1019,headon,vfield,b42719ecf6,ok,1,0,0,0,1,0,0.1425,2.8762,2.7258,2.0438,1.555,1,1,7.08,8450,3.6
grid2:norm,,,PR10_x0.5,holdout,4,1021,headon,vfield,b42719ecf6,ok,3,0,0,1,2,0,0.0017,2.9393,2.7258,2.0438,1.555,1,1,8.35,8450,3.58
grid2:norm,,,PR10_x0.5,holdout,4,1023,headon,vfield,b42719ecf6,ok,1,0,0,0,1,0,0.0979,2.5146,2.7258,2.0438,1.555,1,1,14.11,8450,3.62
grid2:norm,,,PR10_x0.5,holdout,4,1025,headon,vfield,b42719ecf6,ok,0,0,0,0,0,0,2.3596,1.8584,2.7258,2.0438,1.555,1,1,,8450,3.58
grid2:norm,,,PR10_x0.5,holdout,4,1027,headon,vfield,b42719ecf6,ok,1,0,0,0,1,0,0.7217,3.7983,2.7258,2.0438,1.555,1,1,26.3,8450,3.58
grid2:norm,,,PR10_x0.5,holdout,4,1029,headon,vfield,b42719ecf6,ok,1,0,0,1,0,0,0.6471,1.9008,2.7258,2.0438,1.555,1,1,9.29,8450,3.61
grid2:norm,,,PR10_x0.5,holdout,4,1031,headon,vfield,b42719ecf6,ok,1,0,1,0,0,0,1.6258,0.8976,2.7258,2.0438,1.555,1,1,25.32,8450,3.62
grid2:norm,,,PR10_x0.5,holdout,4,1033,headon,vfield,b42719ecf6,ok,1,0,1,0,0,0,1.3305,0.0994,2.7258,2.0438,1.555,1,1,8.02,8450,3.57
grid2:norm,,,PR10_x0.5,holdout,4,1035,headon,vfield,b42719ecf6,ok,0,0,0,0,0,0,1.7084,1.4299,2.7258,2.0438,1.555,1,1,,8450,3.63
grid2:norm,,,PR10_x0.5,holdout,4,1037,headon,vfield,b42719ecf6,ok,0,0,0,0,0,0,1.0801,3.9306,2.7258,2.0438,1.555,1,1,,8450,3.61
grid2:norm,,,PR10_x0.5,holdout,4,1039,headon,vfield,b42719ecf6,ok,2,0,1,0,1,0,0.7631,0.8891,2.7258,2.0438,1.555,1,1,5.13,8450,3.58
grid2:norm,,,PR10_x0.5,holdout,4,1041,headon,vfield,b42719ecf6,ok,1,0,1,0,0,0,2.0471,0.6424,2.7258,2.0438,1.555,1,1,4.56,8450,3.66
grid2:norm,,,PR10_x0.5,holdout,4,1043,headon,vfield,b42719ecf6,ok,1,0,0,0,1,0,0.5464,4.8886,2.7258,2.0438,1.555,1,1,29.02,8450,3.6
grid2:norm,,,PR10_x0.5,holdout,4,1045,headon,vfield,b42719ecf6,ok,0,0,0,0,0,0,2.2451,3.0789,2.7258,2.0438,1.555,1,1,,8450,3.61
grid2:norm,,,PR10_x0.5,holdout,4,1047,headon,vfield,b42719ecf6,ok,0,0,0,0,0,0,1.2182,1.8291,2.7258,2.0438,1.555,1,1,,8450,3.62
grid2:norm,,,PR10_x0.5,holdout,4,1049,headon,vfield,b42719ecf6,ok,2,0,1,1,0,0,0.8591,0.4381,2.7258,2.0438,1.555,1,1,22.1,8450,3.61
grid2:norm,,,PR10_x0.5,holdout,4,1051,headon,vfield,b42719ecf6,ok,2,0,0,0,2,0,0.2831,2.1437,2.7258,2.0438,1.555,1,1,15.26,8450,3.65
grid2:norm,,,PR10_x0.5,holdout,4,1053,headon,vfield,b42719ecf6,ok,0,0,0,0,0,0,2.6465,2.8763,2.7258,2.0438,1.555,1,1,,8450,3.61
grid2:norm,,,PR10_x0.5,holdout,4,1055,headon,vfield,b42719ecf6,ok,0,0,0,0,0,0,2.7248,2.9664,2.7258,2.0438,1.555,1,1,,8450,3.61
grid2:norm,,,PR10_x0.5,holdout,4,1057,headon,vfield,b42719ecf6,ok,1,0,0,0,1,0,0.3047,1.4372,2.7258,2.0438,1.555,1,1,28.86,8450,3.58
grid2:norm,,,PR10_x0.5,holdout,4,1059,headon,vfield,b42719ecf6,ok,1,0,0,0,1,0,0.9439,1.6405,2.7258,2.0438,1.555,1,1,17.39,8450,3.61
grid2:norm,,,PR10_x0.75,holdout,4,1001,headon,vfield,eeba9874e7,ok,1,0,0,0,1,0,0.8341,4.4912,2.7258,2.0438,1.555,1,1,12.87,8450,3.62
grid2:norm,,,PR10_x0.75,holdout,4,1003,headon,vfield,eeba9874e7,ok,0,0,0,0,0,0,2.9704,3.9861,2.7258,2.0438,1.555,1,1,,8450,3.62
grid2:norm,,,PR10_x0.75,holdout,4,1005,headon,vfield,eeba9874e7,ok,3,0,2,0,1,0,0.3888,0.6844,2.7258,2.0438,1.555,1,1,4.99,8450,3.62
grid2:norm,,,PR10_x0.75,holdout,4,1007,headon,vfield,eeba9874e7,ok,2,0,0,1,1,0,0.3642,4.4319,2.7258,2.0438,1.555,1,1,7.15,8450,3.61
grid2:norm,,,PR10_x0.75,holdout,4,1009,headon,vfield,eeba9874e7,ok,2,0,1,0,1,0,0.7075,0.1006,2.7258,2.0438,1.555,1,1,5.11,8450,3.61
grid2:norm,,,PR10_x0.75,holdout,4,1011,headon,vfield,eeba9874e7,ok,2,0,1,0,1,0,0.1012,0.6664,2.7258,2.0438,1.555,1,1,5.18,8450,3.62
grid2:norm,,,PR10_x0.75,holdout,4,1013,headon,vfield,eeba9874e7,ok,1,0,0,0,1,0,0.035,5.6279,2.7258,2.0438,1.555,1,1,23.15,8450,3.63
grid2:norm,,,PR10_x0.75,holdout,4,1015,headon,vfield,eeba9874e7,ok,1,0,0,0,1,0,0.8774,2.0066,2.7258,2.0438,1.555,1,1,17.23,8450,3.62
grid2:norm,,,PR10_x0.75,holdout,4,1017,headon,vfield,eeba9874e7,ok,0,0,0,0,0,0,2.1678,3.5322,2.7258,2.0438,1.555,1,1,,8450,3.6
grid2:norm,,,PR10_x0.75,holdout,4,1019,headon,vfield,eeba9874e7,ok,3,0,0,0,3,0,0.0035,4.5395,2.7258,2.0438,1.555,1,1,7.11,8450,3.64
grid2:norm,,,PR10_x0.75,holdout,4,1021,headon,vfield,eeba9874e7,ok,1,0,0,0,1,0,0.7555,2.212,2.7258,2.0438,1.555,1,1,6.44,8450,3.61
grid2:norm,,,PR10_x0.75,holdout,4,1023,headon,vfield,eeba9874e7,ok,0,0,0,0,0,0,1.9732,4.2628,2.7258,2.0438,1.555,1,1,,8450,3.62
grid2:norm,,,PR10_x0.75,holdout,4,1025,headon,vfield,eeba9874e7,ok,1,0,1,0,0,0,1.4301,0.8642,2.7258,2.0438,1.555,1,1,15.02,8450,3.59
grid2:norm,,,PR10_x0.75,holdout,4,1027,headon,vfield,eeba9874e7,ok,0,0,0,0,0,0,1.4878,3.1715,2.7258,2.0438,1.555,1,1,,8450,3.58
grid2:norm,,,PR10_x0.75,holdout,4,1029,headon,vfield,eeba9874e7,ok,1,0,0,1,0,0,0.702,4.5253,2.7258,2.0438,1.555,1,1,14.01,8450,3.64
grid2:norm,,,PR10_x0.75,holdout,4,1031,headon,vfield,eeba9874e7,ok,1,0,0,0,1,0,0.8825,2.878,2.7258,2.0438,1.555,1,1,12.44,8450,3.63
grid2:norm,,,PR10_x0.75,holdout,4,1033,headon,vfield,eeba9874e7,ok,2,0,1,1,0,0,0.0488,0.0571,2.7258,2.0438,1.555,1,1,5.15,8450,3.57
grid2:norm,,,PR10_x0.75,holdout,4,1035,headon,vfield,eeba9874e7,ok,2,0,0,0,2,0,0.138,4.8851,2.7258,2.0438,1.555,1,1,6.5,8450,3.58
grid2:norm,,,PR10_x0.75,holdout,4,1037,headon,vfield,eeba9874e7,ok,0,0,0,0,0,0,2.0669,5.3147,2.7258,2.0438,1.555,1,1,,8450,3.58
grid2:norm,,,PR10_x0.75,holdout,4,1039,headon,vfield,eeba9874e7,ok,0,0,0,0,0,0,2.2272,1.3952,2.7258,2.0438,1.555,1,1,,8450,3.63
grid2:norm,,,PR10_x0.75,holdout,4,1041,headon,vfield,eeba9874e7,ok,1,0,1,0,0,0,1.6795,0.3963,2.7258,2.0438,1.555,1,1,22.39,8450,3.61
grid2:norm,,,PR10_x0.75,holdout,4,1043,headon,vfield,eeba9874e7,ok,2,0,0,0,2,0,0.5873,2.6187,2.7258,2.0438,1.555,1,1,18.27,8450,3.59
grid2:norm,,,PR10_x0.75,holdout,4,1045,headon,vfield,eeba9874e7,ok,0,0,0,0,0,0,1.8202,2.2497,2.7258,2.0438,1.555,1,1,,8450,3.59
grid2:norm,,,PR10_x0.75,holdout,4,1047,headon,vfield,eeba9874e7,ok,1,0,0,0,1,0,0.5288,3.4682,2.7258,2.0438,1.555,1,1,33.61,8450,3.67
grid2:norm,,,PR10_x0.75,holdout,4,1049,headon,vfield,eeba9874e7,ok,2,0,1,0,1,0,0.2491,0.8363,2.7258,2.0438,1.555,1,1,5.3,8450,3.57
grid2:norm,,,PR10_x0.75,holdout,4,1051,headon,vfield,eeba9874e7,ok,1,0,0,0,1,0,0.3031,1.5984,2.7258,2.0438,1.555,1,1,30.72,8450,3.62
grid2:norm,,,PR10_x0.75,holdout,4,1053,headon,vfield,eeba9874e7,ok,2,0,2,0,0,0,1.4937,0.4492,2.7258,2.0438,1.555,1,1,5.04,8450,3.6
grid2:norm,,,PR10_x0.75,holdout,4,1055,headon,vfield,eeba9874e7,ok,0,0,0,0,0,0,2.1684,1.9362,2.7258,2.0438,1.555,1,1,,8450,3.59
grid2:norm,,,PR10_x0.75,holdout,4,1057,headon,vfield,eeba9874e7,ok,0,0,0,0,0,0,1.2723,1.4383,2.7258,2.0438,1.555,1,1,,8450,3.62
grid2:norm,,,PR10_x0.75,holdout,4,1059,headon,vfield,eeba9874e7,ok,1,0,0,0,1,0,0.1569,3.1185,2.7258,2.0438,1.555,1,1,30.09,8450,3.57
grid2:norm,,,PR10_x1,holdout,4,1001,headon,vfield,9a90b73257,ok,0,0,0,0,0,0,3.6087,5.9451,2.7258,2.0438,1.555,1,1,,8450,3.6
grid2:norm,,,PR10_x1,holdout,4,1003,headon,vfield,9a90b73257,ok,0,0,0,0,0,0,1.6055,6.3994,2.7258,2.0438,1.555,1,1,,8450,3.6
grid2:norm,,,PR10_x1,holdout,4,1005,headon,vfield,9a90b73257,ok,1,0,0,0,1,0,0.9936,2.8741,2.7258,2.0438,1.555,1,1,40.66,8450,3.61
grid2:norm,,,PR10_x1,holdout,4,1007,headon,vfield,9a90b73257,ok,1,0,1,0,0,0,3.1727,0.2091,2.7258,2.0438,1.555,1,1,14.74,8450,3.57
grid2:norm,,,PR10_x1,holdout,4,1009,headon,vfield,9a90b73257,ok,0,0,0,0,0,0,2.6982,5.8545,2.7258,2.0438,1.555,1,1,,8450,3.63
grid2:norm,,,PR10_x1,holdout,4,1011,headon,vfield,9a90b73257,ok,0,0,0,0,0,0,1.5164,4.8468,2.7258,2.0438,1.555,1,1,,8450,3.59
grid2:norm,,,PR10_x1,holdout,4,1013,headon,vfield,9a90b73257,ok,0,0,0,0,0,0,2.7887,4.8082,2.7258,2.0438,1.555,1,1,,8450,3.59
grid2:norm,,,PR10_x1,holdout,4,1015,headon,vfield,9a90b73257,ok,0,0,0,0,0,0,2.1205,2.0203,2.7258,2.0438,1.555,1,1,,8450,3.61
grid2:norm,,,PR10_x1,holdout,4,1017,headon,vfield,9a90b73257,ok,0,0,0,0,0,0,4.4252,5.5958,2.7258,2.0438,1.555,1,1,,8450,3.64
grid2:norm,,,PR10_x1,holdout,4,1019,headon,vfield,9a90b73257,ok,0,0,0,0,0,0,2.4397,1.5188,2.7258,2.0438,1.555,1,1,,8450,3.58
grid2:norm,,,PR10_x1,holdout,4,1021,headon,vfield,9a90b73257,ok,0,0,0,0,0,0,2.4494,5.442,2.7258,2.0438,1.555,1,1,,8450,3.58
grid2:norm,,,PR10_x1,holdout,4,1023,headon,vfield,9a90b73257,ok,0,0,0,0,0,0,2.9162,5.7139,2.7258,2.0438,1.555,1,1,,8450,3.6
grid2:norm,,,PR10_x1,holdout,4,1025,headon,vfield,9a90b73257,ok,0,0,0,0,0,0,4.0402,6.1473,2.7258,2.0438,1.555,1,1,,8450,3.61
grid2:norm,,,PR10_x1,holdout,4,1027,headon,vfield,9a90b73257,ok,1,0,0,0,1,0,0.6644,4.4145,2.7258,2.0438,1.555,1,1,34.6,8450,3.6
grid2:norm,,,PR10_x1,holdout,4,1029,headon,vfield,9a90b73257,ok,0,0,0,0,0,0,3.6264,5.5596,2.7258,2.0438,1.555,1,1,,8450,3.61
grid2:norm,,,PR10_x1,holdout,4,1031,headon,vfield,9a90b73257,ok,0,0,0,0,0,0,2.3945,5.4568,2.7258,2.0438,1.555,1,1,,8450,3.57
grid2:norm,,,PR10_x1,holdout,4,1033,headon,vfield,9a90b73257,ok,2,0,0,0,2,0,0.6684,5.5135,2.7258,2.0438,1.555,1,1,7.46,8450,3.58
grid2:norm,,,PR10_x1,holdout,4,1035,headon,vfield,9a90b73257,ok,2,0,1,1,0,0,0.9077,0.5916,2.7258,2.0438,1.555,1,1,-29.29,8450,3.61
grid2:norm,,,PR10_x1,holdout,4,1037,headon,vfield,9a90b73257,ok,0,0,0,0,0,0,1.6727,6.0614,2.7258,2.0438,1.555,1,1,,8450,3.63
grid2:norm,,,PR10_x1,holdout,4,1039,headon,vfield,9a90b73257,ok,0,0,0,0,0,0,1.7509,3.1137,2.7258,2.0438,1.555,1,1,,8450,3.61
grid2:norm,,,PR10_x1,holdout,4,1041,headon,vfield,9a90b73257,ok,0,0,0,0,0,0,1.3172,3.317,2.7258,2.0438,1.555,1,1,,8450,3.61
grid2:norm,,,PR10_x1,holdout,4,1043,headon,vfield,9a90b73257,ok,0,0,0,0,0,0,3.5609,5.7884,2.7258,2.0438,1.555,1,1,,8450,3.6
grid2:norm,,,PR10_x1,holdout,4,1045,headon,vfield,9a90b73257,ok,0,0,0,0,0,0,5.1077,5.893,2.7258,2.0438,1.555,1,1,,8450,3.62
grid2:norm,,,PR10_x1,holdout,4,1047,headon,vfield,9a90b73257,ok,0,0,0,0,0,0,1.588,3.7337,2.7258,2.0438,1.555,1,1,,8450,3.62
grid2:norm,,,PR10_x1,holdout,4,1049,headon,vfield,9a90b73257,ok,0,0,0,0,0,0,4.0367,6.1755,2.7258,2.0438,1.555,1,1,,8450,3.58
grid2:norm,,,PR10_x1,holdout,4,1051,headon,vfield,9a90b73257,ok,1,0,0,0,1,0,0.7276,3.6724,2.7258,2.0438,1.555,1,1,12.69,8450,3.65
grid2:norm,,,PR10_x1,holdout,4,1053,headon,vfield,9a90b73257,ok,1,0,1,0,0,0,1.031,0.4312,2.7258,2.0438,1.555,1,1,4.96,8450,3.59
grid2:norm,,,PR10_x1,holdout,4,1055,headon,vfield,9a90b73257,ok,0,0,0,0,0,0,4.1849,4.4511,2.7258,2.0438,1.555,1,1,,8450,3.58
grid2:norm,,,PR10_x1,holdout,4,1057,headon,vfield,9a90b73257,ok,1,0,0,0,1,0,0.8935,1.0276,2.7258,2.0438,1.555,1,1,18.73,8450,3.63
grid2:norm,,,PR10_x1,holdout,4,1059,headon,vfield,9a90b73257,ok,0,0,0,0,0,0,1.49,5.6851,2.7258,2.0438,1.555,1,1,,8450,3.63
grid2:norm,,,PR10_x1.25,holdout,4,1001,headon,vfield,f2ebb46af7,ok,0,0,0,0,0,0,2.5838,5.9111,2.7258,2.0438,1.555,1,1,,8450,3.6
grid2:norm,,,PR10_x1.25,holdout,4,1003,headon,vfield,f2ebb46af7,ok,0,0,0,0,0,0,1.9796,5.4927,2.7258,2.0438,1.555,1,1,,8450,3.57
grid2:norm,,,PR10_x1.25,holdout,4,1005,headon,vfield,f2ebb46af7,ok,1,0,0,0,1,0,0.5341,5.4121,2.7258,2.0438,1.555,1,1,28.43,8450,3.6
grid2:norm,,,PR10_x1.25,holdout,4,1007,headon,vfield,f2ebb46af7,ok,0,0,0,0,0,0,2.2394,5.9985,2.7258,2.0438,1.555,1,1,,8450,3.61
grid2:norm,,,PR10_x1.25,holdout,4,1009,headon,vfield,f2ebb46af7,ok,0,0,0,0,0,0,1.0686,5.9962,2.7258,2.0438,1.555,1,1,,8450,3.68
grid2:norm,,,PR10_x1.25,holdout,4,1011,headon,vfield,f2ebb46af7,ok,0,0,0,0,0,0,2.0949,2.9274,2.7258,2.0438,1.555,1,1,,8450,3.62
grid2:norm,,,PR10_x1.25,holdout,4,1013,headon,vfield,f2ebb46af7,ok,1,0,0,0,1,0,0.6512,1.5015,2.7258,2.0438,1.555,1,1,13.08,8450,3.6
grid2:norm,,,PR10_x1.25,holdout,4,1015,headon,vfield,f2ebb46af7,ok,1,0,0,0,1,0,0.049,4.1408,2.7258,2.0438,1.555,1,1,34.74,8450,3.6
grid2:norm,,,PR10_x1.25,holdout,4,1017,headon,vfield,f2ebb46af7,ok,0,0,0,0,0,0,1.5654,6.1757,2.7258,2.0438,1.555,1,1,,8450,3.6
grid2:norm,,,PR10_x1.25,holdout,4,1019,headon,vfield,f2ebb46af7,ok,0,0,0,0,0,0,1.2924,3.4759,2.7258,2.0438,1.555,1,1,,8450,3.61
grid2:norm,,,PR10_x1.25,holdout,4,1021,headon,vfield,f2ebb46af7,ok,0,0,0,0,0,0,1.39,5.8253,2.7258,2.0438,1.555,1,1,,8450,3.59
grid2:norm,,,PR10_x1.25,holdout,4,1023,headon,vfield,f2ebb46af7,ok,0,0,0,0,0,0,2.1437,5.7081,2.7258,2.0438,1.555,1,1,,8450,3.59
grid2:norm,,,PR10_x1.25,holdout,4,1025,headon,vfield,f2ebb46af7,ok,0,0,0,0,0,0,3.6211,6.2994,2.7258,2.0438,1.555,1,1,,8450,3.64
grid2:norm,,,PR10_x1.25,holdout,4,1027,headon,vfield,f2ebb46af7,ok,0,0,0,0,0,0,3.7013,4.9481,2.7258,2.0438,1.555,1,1,,8450,3.61
grid2:norm,,,PR10_x1.25,holdout,4,1029,headon,vfield,f2ebb46af7,ok,1,0,0,0,1,0,0.9622,6.782,2.7258,2.0438,1.555,1,1,32.85,8450,3.59
grid2:norm,,,PR10_x1.25,holdout,4,1031,headon,vfield,f2ebb46af7,ok,0,0,0,0,0,0,3.1892,5.8546,2.7258,2.0438,1.555,1,1,,8450,3.65
grid2:norm,,,PR10_x1.25,holdout,4,1033,headon,vfield,f2ebb46af7,ok,0,0,0,0,0,0,4.4546,6.0433,2.7258,2.0438,1.555,1,1,,8450,3.65
grid2:norm,,,PR10_x1.25,holdout,4,1035,headon,vfield,f2ebb46af7,ok,0,0,0,0,0,0,2.5625,7.0102,2.7258,2.0438,1.555,1,1,,8450,3.59
grid2:norm,,,PR10_x1.25,holdout,4,1037,headon,vfield,f2ebb46af7,ok,0,0,0,0,0,0,2.6319,6.1779,2.7258,2.0438,1.555,1,1,,8450,3.61
grid2:norm,,,PR10_x1.25,holdout,4,1039,headon,vfield,f2ebb46af7,ok,0,0,0,0,0,0,1.8786,6.1075,2.7258,2.0438,1.555,1,1,,8450,3.61
grid2:norm,,,PR10_x1.25,holdout,4,1041,headon,vfield,f2ebb46af7,ok,0,0,0,0,0,0,3.8624,6.5936,2.7258,2.0438,1.555,1,1,,8450,3.59
grid2:norm,,,PR10_x1.25,holdout,4,1043,headon,vfield,f2ebb46af7,ok,0,0,0,0,0,0,5.2029,6.132,2.7258,2.0438,1.555,1,1,,8450,3.61
grid2:norm,,,PR10_x1.25,holdout,4,1045,headon,vfield,f2ebb46af7,ok,0,0,0,0,0,0,1.4832,5.9015,2.7258,2.0438,1.555,1,1,,8450,3.64
grid2:norm,,,PR10_x1.25,holdout,4,1047,headon,vfield,f2ebb46af7,ok,2,0,1,0,1,0,0.7511,0.6992,2.7258,2.0438,1.555,1,1,5.09,8450,3.64
grid2:norm,,,PR10_x1.25,holdout,4,1049,headon,vfield,f2ebb46af7,ok,0,0,0,0,0,0,2.2138,4.07,2.7258,2.0438,1.555,1,1,,8450,3.58
grid2:norm,,,PR10_x1.25,holdout,4,1051,headon,vfield,f2ebb46af7,ok,0,0,0,0,0,0,1.6045,6.1698,2.7258,2.0438,1.555,1,1,,8450,3.65
grid2:norm,,,PR10_x1.25,holdout,4,1053,headon,vfield,f2ebb46af7,ok,0,0,0,0,0,0,1.1577,3.1131,2.7258,2.0438,1.555,1,1,,8450,3.62
grid2:norm,,,PR10_x1.25,holdout,4,1055,headon,vfield,f2ebb46af7,ok,1,0,0,0,1,0,0.7693,6.2251,2.7258,2.0438,1.555,1,1,22.98,8450,3.63
grid2:norm,,,PR10_x1.25,holdout,4,1057,headon,vfield,f2ebb46af7,ok,0,0,0,0,0,0,2.6059,5.4181,2.7258,2.0438,1.555,1,1,,8450,3.66
grid2:norm,,,PR10_x1.25,holdout,4,1059,headon,vfield,f2ebb46af7,ok,0,0,0,0,0,0,3.4475,1.4219,2.7258,2.0438,1.555,1,1,,8450,3.63
grid2:norm,,,PR10_x1.5,holdout,4,1001,headon,vfield,14340002ea,ok,1,0,0,0,1,0,0.1437,6.0574,2.7258,2.0438,1.555,1,1,25.12,8450,3.72
grid2:norm,,,PR10_x1.5,holdout,4,1003,headon,vfield,14340002ea,ok,0,0,0,0,0,0,1.197,6.4206,2.7258,2.0438,1.555,1,1,,8450,3.6
grid2:norm,,,PR10_x1.5,holdout,4,1005,headon,vfield,14340002ea,ok,0,0,0,0,0,0,1.6488,4.7324,2.7258,2.0438,1.555,1,1,,8450,3.62
grid2:norm,,,PR10_x1.5,holdout,4,1007,headon,vfield,14340002ea,ok,0,0,0,0,0,0,1.1093,6.2662,2.7258,2.0438,1.555,1,1,,8450,3.82
grid2:norm,,,PR10_x1.5,holdout,4,1009,headon,vfield,14340002ea,ok,0,0,0,0,0,0,2.5959,6.4534,2.7258,2.0438,1.555,1,1,,8450,3.63
grid2:norm,,,PR10_x1.5,holdout,4,1011,headon,vfield,14340002ea,ok,0,0,0,0,0,0,2.5926,6.2428,2.7258,2.0438,1.555,1,1,,8450,3.64
grid2:norm,,,PR10_x1.5,holdout,4,1013,headon,vfield,14340002ea,ok,0,0,0,0,0,0,2.3215,6.1519,2.7258,2.0438,1.555,1,1,,8450,3.59
grid2:norm,,,PR10_x1.5,holdout,4,1015,headon,vfield,14340002ea,ok,1,0,1,0,0,0,2.292,0.3615,2.7258,2.0438,1.555,1,1,21.62,8450,3.59
grid2:norm,,,PR10_x1.5,holdout,4,1017,headon,vfield,14340002ea,ok,0,0,0,0,0,0,1.2265,6.7517,2.7258,2.0438,1.555,1,1,,8450,3.63
grid2:norm,,,PR10_x1.5,holdout,4,1019,headon,vfield,14340002ea,ok,0,0,0,0,0,0,1.7808,6.0591,2.7258,2.0438,1.555,1,1,,8450,3.62
grid2:norm,,,PR10_x1.5,holdout,4,1021,headon,vfield,14340002ea,ok,0,0,0,0,0,0,1.7991,2.1344,2.7258,2.0438,1.555,1,1,,8450,3.65
grid2:norm,,,PR10_x1.5,holdout,4,1023,headon,vfield,14340002ea,ok,0,0,0,0,0,0,1.6029,5.2318,2.7258,2.0438,1.555,1,1,,8450,3.61
grid2:norm,,,PR10_x1.5,holdout,4,1025,headon,vfield,14340002ea,ok,1,0,0,0,1,0,0.7803,6.051,2.7258,2.0438,1.555,1,1,17.39,8450,3.64
grid2:norm,,,PR10_x1.5,holdout,4,1027,headon,vfield,14340002ea,ok,0,0,0,0,0,0,2.0975,3.9053,2.7258,2.0438,1.555,1,1,,8450,3.67
grid2:norm,,,PR10_x1.5,holdout,4,1029,headon,vfield,14340002ea,ok,0,0,0,0,0,0,4.0209,6.1837,2.7258,2.0438,1.555,1,1,,8450,3.61
grid2:norm,,,PR10_x1.5,holdout,4,1031,headon,vfield,14340002ea,ok,0,0,0,0,0,0,3.7348,5.0306,2.7258,2.0438,1.555,1,1,,8450,3.62
grid2:norm,,,PR10_x1.5,holdout,4,1033,headon,vfield,14340002ea,ok,2,0,0,1,1,0,0.1918,3.4857,2.7258,2.0438,1.555,1,1,14.49,8450,3.6
grid2:norm,,,PR10_x1.5,holdout,4,1035,headon,vfield,14340002ea,ok,0,0,0,0,0,0,2.6506,6.2961,2.7258,2.0438,1.555,1,1,,8450,3.63
grid2:norm,,,PR10_x1.5,holdout,4,1037,headon,vfield,14340002ea,ok,0,0,0,0,0,0,3.1925,6.1258,2.7258,2.0438,1.555,1,1,,8450,3.7
grid2:norm,,,PR10_x1.5,holdout,4,1039,headon,vfield,14340002ea,ok,2,0,1,1,0,0,0.6929,0.8585,2.7258,2.0438,1.555,1,1,-29.38,8450,3.57
grid2:norm,,,PR10_x1.5,holdout,4,1041,headon,vfield,14340002ea,ok,1,0,0,0,1,0,0.4384,3.2967,2.7258,2.0438,1.555,1,1,36.59,8450,3.65
grid2:norm,,,PR10_x1.5,holdout,4,1043,headon,vfield,14340002ea,ok,0,0,0,0,0,0,3.889,5.9062,2.7258,2.0438,1.555,1,1,,8450,3.58
grid2:norm,,,PR10_x1.5,holdout,4,1045,headon,vfield,14340002ea,ok,1,0,0,0,1,0,0.7628,6.0841,2.7258,2.0438,1.555,1,1,24.58,8450,3.61
grid2:norm,,,PR10_x1.5,holdout,4,1047,headon,vfield,14340002ea,ok,0,0,0,0,0,0,1.6883,6.162,2.7258,2.0438,1.555,1,1,,8450,3.6
grid2:norm,,,PR10_x1.5,holdout,4,1049,headon,vfield,14340002ea,ok,0,0,0,0,0,0,1.0831,2.4834,2.7258,2.0438,1.555,1,1,,8450,3.62
grid2:norm,,,PR10_x1.5,holdout,4,1051,headon,vfield,14340002ea,ok,0,0,0,0,0,0,3.7784,6.1403,2.7258,2.0438,1.555,1,1,,8450,3.61
grid2:norm,,,PR10_x1.5,holdout,4,1053,headon,vfield,14340002ea,ok,0,0,0,0,0,0,3.4202,3.2214,2.7258,2.0438,1.555,1,1,,8450,3.59
grid2:norm,,,PR10_x1.5,holdout,4,1055,headon,vfield,14340002ea,ok,0,0,0,0,0,0,1.5121,6.4268,2.7258,2.0438,1.555,1,1,,8450,3.61
grid2:norm,,,PR10_x1.5,holdout,4,1057,headon,vfield,14340002ea,ok,0,0,0,0,0,0,1.6393,1.4843,2.7258,2.0438,1.555,1,1,,8450,3.66
grid2:norm,,,PR10_x1.5,holdout,4,1059,headon,vfield,14340002ea,ok,1,0,0,0,1,0,0.6031,6.3723,2.7258,2.0438,1.555,1,1,37.04,8450,3.6
grid2:norm,,,PR10_x2,holdout,4,1001,headon,vfield,cc8af90097,ok,0,0,0,0,0,0,4.6448,6.0541,2.7258,2.0438,1.555,1,1,,8450,3.66
grid2:norm,,,PR10_x2,holdout,4,1003,headon,vfield,cc8af90097,ok,0,0,0,0,0,0,3.5938,1.6079,2.7258,2.0438,1.555,1,1,,8450,3.59
grid2:norm,,,PR10_x2,holdout,4,1005,headon,vfield,cc8af90097,ok,1,0,0,0,1,0,0.0736,2.9946,2.7258,2.0438,1.555,1,1,35.14,8450,3.66
grid2:norm,,,PR10_x2,holdout,4,1007,headon,vfield,cc8af90097,ok,0,0,0,0,0,0,3.4111,5.2923,2.7258,2.0438,1.555,1,1,,8450,3.61
grid2:norm,,,PR10_x2,holdout,4,1009,headon,vfield,cc8af90097,ok,0,0,0,0,0,0,1.956,1.2144,2.7258,2.0438,1.555,1,1,,8450,3.6
grid2:norm,,,PR10_x2,holdout,4,1011,headon,vfield,cc8af90097,ok,0,0,0,0,0,0,1.8209,1.42,2.7258,2.0438,1.555,1,1,,8450,3.66
grid2:norm,,,PR10_x2,holdout,4,1013,headon,vfield,cc8af90097,ok,1,0,0,0,1,0,0.1921,1.2897,2.7258,2.0438,1.555,1,1,9.99,8450,3.62
grid2:norm,,,PR10_x2,holdout,4,1015,headon,vfield,cc8af90097,ok,0,0,0,0,0,0,1.3906,3.0559,2.7258,2.0438,1.555,1,1,,8450,3.66
grid2:norm,,,PR10_x2,holdout,4,1017,headon,vfield,cc8af90097,ok,0,0,0,0,0,0,1.2176,1.2269,2.7258,2.0438,1.555,1,1,,8450,3.63
grid2:norm,,,PR10_x2,holdout,4,1019,headon,vfield,cc8af90097,ok,0,0,0,0,0,0,3.4529,2.1883,2.7258,2.0438,1.555,1,1,,8450,3.6
grid2:norm,,,PR10_x2,holdout,4,1021,headon,vfield,cc8af90097,ok,0,0,0,0,0,0,2.8527,1.2404,2.7258,2.0438,1.555,1,1,,8450,3.63
grid2:norm,,,PR10_x2,holdout,4,1023,headon,vfield,cc8af90097,ok,0,0,0,0,0,0,2.7741,2.5555,2.7258,2.0438,1.555,1,1,,8450,3.62
grid2:norm,,,PR10_x2,holdout,4,1025,headon,vfield,cc8af90097,ok,2,0,1,0,1,0,0.8565,0.9442,2.7258,2.0438,1.555,1,1,6.58,8450,3.62
grid2:norm,,,PR10_x2,holdout,4,1027,headon,vfield,cc8af90097,ok,1,0,0,0,1,0,0.9836,1.826,2.7258,2.0438,1.555,1,1,15.03,8450,3.59
grid2:norm,,,PR10_x2,holdout,4,1029,headon,vfield,cc8af90097,ok,0,0,0,0,0,0,3.0449,4.8323,2.7258,2.0438,1.555,1,1,,8450,3.67
grid2:norm,,,PR10_x2,holdout,4,1031,headon,vfield,cc8af90097,ok,0,0,0,0,0,0,1.2009,6.2744,2.7258,2.0438,1.555,1,1,,8450,3.61
grid2:norm,,,PR10_x2,holdout,4,1033,headon,vfield,cc8af90097,ok,0,0,0,0,0,0,1.883,1.8287,2.7258,2.0438,1.555,1,1,,8450,3.6
grid2:norm,,,PR10_x2,holdout,4,1035,headon,vfield,cc8af90097,ok,0,0,0,0,0,0,1.7941,3.8952,2.7258,2.0438,1.555,1,1,,8450,3.64
grid2:norm,,,PR10_x2,holdout,4,1037,headon,vfield,cc8af90097,ok,0,0,0,0,0,0,1.543,1.3417,2.7258,2.0438,1.555,1,1,,8450,3.56
grid2:norm,,,PR10_x2,holdout,4,1039,headon,vfield,cc8af90097,ok,0,0,0,0,0,0,2.3075,6.7279,2.7258,2.0438,1.555,1,1,,8450,3.64
grid2:norm,,,PR10_x2,holdout,4,1041,headon,vfield,cc8af90097,ok,0,0,0,0,0,0,2.9032,6.4463,2.7258,2.0438,1.555,1,1,,8450,3.63
grid2:norm,,,PR10_x2,holdout,4,1043,headon,vfield,cc8af90097,ok,1,0,1,0,0,0,2.5315,0.8977,2.7258,2.0438,1.555,1,1,5.41,8450,3.61
grid2:norm,,,PR10_x2,holdout,4,1045,headon,vfield,cc8af90097,ok,0,0,0,0,0,0,4.7673,1.9687,2.7258,2.0438,1.555,1,1,,8450,3.61
grid2:norm,,,PR10_x2,holdout,4,1047,headon,vfield,cc8af90097,ok,0,0,0,0,0,0,1.1403,1.3092,2.7258,2.0438,1.555,1,1,,8450,3.61
grid2:norm,,,PR10_x2,holdout,4,1049,headon,vfield,cc8af90097,ok,0,0,0,0,0,0,1.6755,1.236,2.7258,2.0438,1.555,1,1,,8450,3.61
grid2:norm,,,PR10_x2,holdout,4,1051,headon,vfield,cc8af90097,ok,0,0,0,0,0,0,2.8295,6.0942,2.7258,2.0438,1.555,1,1,,8450,3.64
grid2:norm,,,PR10_x2,holdout,4,1053,headon,vfield,cc8af90097,ok,0,0,0,0,0,0,1.7225,4.3254,2.7258,2.0438,1.555,1,1,,8450,3.6
grid2:norm,,,PR10_x2,holdout,4,1055,headon,vfield,cc8af90097,ok,1,0,0,0,1,0,0.5858,5.9591,2.7258,2.0438,1.555,1,1,35.98,8450,3.61
grid2:norm,,,PR10_x2,holdout,4,1057,headon,vfield,cc8af90097,ok,1,0,0,0,1,0,0.1844,6.341,2.7258,2.0438,1.555,1,1,17.07,8450,3.63
grid2:norm,,,PR10_x2,holdout,4,1059,headon,vfield,cc8af90097,ok,0,0,0,0,0,0,3.92,5.7404,2.7258,2.0438,1.555,1,1,,8450,3.59
grid2:norm,,,PR13_x0.5,holdout,4,1001,headon,vfield,11d0357d01,ok,0,0,0,0,0,0,2.0433,4.2605,2.7258,2.0438,1.555,1,1,,8450,3.59
grid2:norm,,,PR13_x0.5,holdout,4,1003,headon,vfield,11d0357d01,ok,0,0,0,0,0,0,2.4094,2.858,2.7258,2.0438,1.555,1,1,,8450,3.65
grid2:norm,,,PR13_x0.5,holdout,4,1005,headon,vfield,11d0357d01,ok,1,0,0,0,1,0,0.5295,1.0122,2.7258,2.0438,1.555,1,1,23.64,8450,3.61
grid2:norm,,,PR13_x0.5,holdout,4,1007,headon,vfield,11d0357d01,ok,1,0,1,0,0,0,3.473,0.994,2.7258,2.0438,1.555,1,1,7.82,8450,3.63
grid2:norm,,,PR13_x0.5,holdout,4,1009,headon,vfield,11d0357d01,ok,2,0,0,0,2,0,0.7185,3.5565,2.7258,2.0438,1.555,1,1,9.87,8450,3.59
grid2:norm,,,PR13_x0.5,holdout,4,1011,headon,vfield,11d0357d01,ok,1,0,0,0,1,0,0.9431,1.4335,2.7258,2.0438,1.555,1,1,21.5,8450,3.58
grid2:norm,,,PR13_x0.5,holdout,4,1013,headon,vfield,11d0357d01,ok,0,0,0,0,0,0,3.726,3.5411,2.7258,2.0438,1.555,1,1,,8450,3.59
grid2:norm,,,PR13_x0.5,holdout,4,1015,headon,vfield,11d0357d01,ok,0,0,0,0,0,0,2.6478,3.3988,2.7258,2.0438,1.555,1,1,,8450,3.6
grid2:norm,,,PR13_x0.5,holdout,4,1017,headon,vfield,11d0357d01,ok,0,0,0,0,0,0,2.3372,4.44,2.7258,2.0438,1.555,1,1,,8450,3.56
grid2:norm,,,PR13_x0.5,holdout,4,1019,headon,vfield,11d0357d01,ok,1,0,0,0,1,0,0.7646,1.6333,2.7258,2.0438,1.555,1,1,20.58,8450,3.58
grid2:norm,,,PR13_x0.5,holdout,4,1021,headon,vfield,11d0357d01,ok,1,0,0,0,1,0,0.3311,1.6239,2.7258,2.0438,1.555,1,1,23.15,8450,3.59
grid2:norm,,,PR13_x0.5,holdout,4,1023,headon,vfield,11d0357d01,ok,0,0,0,0,0,0,1.4211,4.295,2.7258,2.0438,1.555,1,1,,8450,3.59
grid2:norm,,,PR13_x0.5,holdout,4,1025,headon,vfield,11d0357d01,ok,2,0,1,1,0,0,0.0585,0.5729,2.7258,2.0438,1.555,1,1,14.16,8450,3.62
grid2:norm,,,PR13_x0.5,holdout,4,1027,headon,vfield,11d0357d01,ok,0,0,0,0,0,0,1.7574,2.8104,2.7258,2.0438,1.555,1,1,,8450,3.59
grid2:norm,,,PR13_x0.5,holdout,4,1029,headon,vfield,11d0357d01,ok,1,0,0,0,1,0,0.9578,1.0442,2.7258,2.0438,1.555,1,1,24.6,8450,3.63
grid2:norm,,,PR13_x0.5,holdout,4,1031,headon,vfield,11d0357d01,ok,0,0,0,0,0,0,1.2844,1.4109,2.7258,2.0438,1.555,1,1,,8450,3.61
grid2:norm,,,PR13_x0.5,holdout,4,1033,headon,vfield,11d0357d01,ok,0,0,0,0,0,0,1.4793,1.6424,2.7258,2.0438,1.555,1,1,,8450,3.64
grid2:norm,,,PR13_x0.5,holdout,4,1035,headon,vfield,11d0357d01,ok,0,0,0,0,0,0,1.0736,1.5744,2.7258,2.0438,1.555,1,1,,8450,3.59
grid2:norm,,,PR13_x0.5,holdout,4,1037,headon,vfield,11d0357d01,ok,0,0,0,0,0,0,2.2367,5.6402,2.7258,2.0438,1.555,1,1,,8450,3.58
grid2:norm,,,PR13_x0.5,holdout,4,1039,headon,vfield,11d0357d01,ok,1,0,1,0,0,0,1.9176,0.6198,2.7258,2.0438,1.555,1,1,11.24,8450,3.68
grid2:norm,,,PR13_x0.5,holdout,4,1041,headon,vfield,11d0357d01,ok,0,0,0,0,0,0,2.4586,1.0753,2.7258,2.0438,1.555,1,1,,8450,3.62
grid2:norm,,,PR13_x0.5,holdout,4,1043,headon,vfield,11d0357d01,ok,0,0,0,0,0,0,4.1895,6.6326,2.7258,2.0438,1.555,1,1,,8450,3.63
grid2:norm,,,PR13_x0.5,holdout,4,1045,headon,vfield,11d0357d01,ok,0,0,0,0,0,0,1.1602,2.5951,2.7258,2.0438,1.555,1,1,,8450,3.63
grid2:norm,,,PR13_x0.5,holdout,4,1047,headon,vfield,11d0357d01,ok,0,0,0,0,0,0,3.7272,4.1386,2.7258,2.0438,1.555,1,1,,8450,3.6
grid2:norm,,,PR13_x0.5,holdout,4,1049,headon,vfield,11d0357d01,ok,0,0,0,0,0,0,1.2611,5.9385,2.7258,2.0438,1.555,1,1,,8450,3.66
grid2:norm,,,PR13_x0.5,holdout,4,1051,headon,vfield,11d0357d01,ok,0,0,0,0,0,0,1.577,2.2228,2.7258,2.0438,1.555,1,1,,8450,3.61
grid2:norm,,,PR13_x0.5,holdout,4,1053,headon,vfield,11d0357d01,ok,2,0,0,0,2,0,0.1855,1.8126,2.7258,2.0438,1.555,1,1,22.19,8450,3.61
grid2:norm,,,PR13_x0.5,holdout,4,1055,headon,vfield,11d0357d01,ok,0,0,0,0,0,0,2.3904,2.6567,2.7258,2.0438,1.555,1,1,,8450,3.58
grid2:norm,,,PR13_x0.5,holdout,4,1057,headon,vfield,11d0357d01,ok,1,0,0,0,1,0,0.518,1.7915,2.7258,2.0438,1.555,1,1,16.54,8450,3.61
grid2:norm,,,PR13_x0.5,holdout,4,1059,headon,vfield,11d0357d01,ok,0,0,0,0,0,0,4.1115,4.0796,2.7258,2.0438,1.555,1,1,,8450,3.61
grid2:norm,,,PR13_x0.75,holdout,4,1001,headon,vfield,a5b2079d85,ok,2,0,0,1,1,0,0.4348,4.6813,2.7258,2.0438,1.555,1,1,9.43,8450,3.59
grid2:norm,,,PR13_x0.75,holdout,4,1003,headon,vfield,a5b2079d85,ok,0,0,0,0,0,0,1.1342,2.8938,2.7258,2.0438,1.555,1,1,,8450,3.61
grid2:norm,,,PR13_x0.75,holdout,4,1005,headon,vfield,a5b2079d85,ok,0,0,0,0,0,0,2.2299,5.9084,2.7258,2.0438,1.555,1,1,,8450,3.63
grid2:norm,,,PR13_x0.75,holdout,4,1007,headon,vfield,a5b2079d85,ok,1,0,0,0,1,0,0.1052,2.7831,2.7258,2.0438,1.555,1,1,38.53,8450,3.58
grid2:norm,,,PR13_x0.75,holdout,4,1009,headon,vfield,a5b2079d85,ok,2,0,0,0,2,0,0.3599,3.6819,2.7258,2.0438,1.555,1,1,9.85,8450,3.62
grid2:norm,,,PR13_x0.75,holdout,4,1011,headon,vfield,a5b2079d85,ok,4,0,0,1,3,0,0.0121,1.5143,2.7258,2.0438,1.555,1,1,16.45,8450,3.62
grid2:norm,,,PR13_x0.75,holdout,4,1013,headon,vfield,a5b2079d85,ok,1,0,0,1,0,0,0.7395,2.8845,2.7258,2.0438,1.555,1,1,37.96,8450,3.6
grid2:norm,,,PR13_x0.75,holdout,4,1015,headon,vfield,a5b2079d85,ok,0,0,0,0,0,0,1.2168,3.4722,2.7258,2.0438,1.555,1,1,,8450,3.61
grid2:norm,,,PR13_x0.75,holdout,4,1017,headon,vfield,a5b2079d85,ok,0,0,0,0,0,0,2.1068,5.1544,2.7258,2.0438,1.555,1,1,,8450,3.6
grid2:norm,,,PR13_x0.75,holdout,4,1019,headon,vfield,a5b2079d85,ok,0,0,0,0,0,0,1.4641,2.9617,2.7258,2.0438,1.555,1,1,,8450,3.63
grid2:norm,,,PR13_x0.75,holdout,4,1021,headon,vfield,a5b2079d85,ok,0,0,0,0,0,0,1.49,3.6842,2.7258,2.0438,1.555,1,1,,8450,3.62
grid2:norm,,,PR13_x0.75,holdout,4,1023,headon,vfield,a5b2079d85,ok,1,0,1,0,0,0,3.2496,0.2407,2.7258,2.0438,1.555,1,1,6.92,8450,3.61
grid2:norm,,,PR13_x0.75,holdout,4,1025,headon,vfield,a5b2079d85,ok,2,0,0,0,2,0,0.606,2.6851,2.7258,2.0438,1.555,1,1,15.67,8450,3.61
grid2:norm,,,PR13_x0.75,holdout,4,1027,headon,vfield,a5b2079d85,ok,0,0,0,0,0,0,3.2565,3.5014,2.7258,2.0438,1.555,1,1,,8450,3.59
grid2:norm,,,PR13_x0.75,holdout,4,1029,headon,vfield,a5b2079d85,ok,0,0,0,0,0,0,5.2124,5.7121,2.7258,2.0438,1.555,1,1,,8450,3.59
grid2:norm,,,PR13_x0.75,holdout,4,1031,headon,vfield,a5b2079d85,ok,0,0,0,0,0,0,1.8929,4.7662,2.7258,2.0438,1.555,1,1,,8450,3.6
grid2:norm,,,PR13_x0.75,holdout,4,1033,headon,vfield,a5b2079d85,ok,1,0,1,0,0,0,1.674,0.839,2.7258,2.0438,1.555,1,1,7.36,8450,3.62
grid2:norm,,,PR13_x0.75,holdout,4,1035,headon,vfield,a5b2079d85,ok,0,0,0,0,0,0,1.4926,5.9651,2.7258,2.0438,1.555,1,1,,8450,3.62
grid2:norm,,,PR13_x0.75,holdout,4,1037,headon,vfield,a5b2079d85,ok,2,0,0,0,2,0,0.3404,4.6869,2.7258,2.0438,1.555,1,1,14.31,8450,3.64
grid2:norm,,,PR13_x0.75,holdout,4,1039,headon,vfield,a5b2079d85,ok,0,0,0,0,0,0,2.9196,4.113,2.7258,2.0438,1.555,1,1,,8450,3.61
grid2:norm,,,PR13_x0.75,holdout,4,1041,headon,vfield,a5b2079d85,ok,0,0,0,0,0,0,1.9386,3.14,2.7258,2.0438,1.555,1,1,,8450,3.61
grid2:norm,,,PR13_x0.75,holdout,4,1043,headon,vfield,a5b2079d85,ok,1,0,1,0,0,0,3.2053,0.871,2.7258,2.0438,1.555,1,1,8.56,8450,3.64
grid2:norm,,,PR13_x0.75,holdout,4,1045,headon,vfield,a5b2079d85,ok,0,0,0,0,0,0,1.7169,1.9814,2.7258,2.0438,1.555,1,1,,8450,3.63
grid2:norm,,,PR13_x0.75,holdout,4,1047,headon,vfield,a5b2079d85,ok,3,0,0,1,2,0,0.114,3.4853,2.7258,2.0438,1.555,1,1,15.41,8450,3.64
grid2:norm,,,PR13_x0.75,holdout,4,1049,headon,vfield,a5b2079d85,ok,0,0,0,0,0,0,1.9262,2.9727,2.7258,2.0438,1.555,1,1,,8450,3.59
grid2:norm,,,PR13_x0.75,holdout,4,1051,headon,vfield,a5b2079d85,ok,0,0,0,0,0,0,3.3262,5.4249,2.7258,2.0438,1.555,1,1,,8450,3.62
grid2:norm,,,PR13_x0.75,holdout,4,1053,headon,vfield,a5b2079d85,ok,4,0,1,0,3,0,0.0182,0.4676,2.7258,2.0438,1.555,1,1,7.63,8450,3.57
grid2:norm,,,PR13_x0.75,holdout,4,1055,headon,vfield,a5b2079d85,ok,0,0,0,0,0,0,2.9265,3.7671,2.7258,2.0438,1.555,1,1,,8450,3.62
grid2:norm,,,PR13_x0.75,holdout,4,1057,headon,vfield,a5b2079d85,ok,0,0,0,0,0,0,2.1882,4.4218,2.7258,2.0438,1.555,1,1,,8450,3.62
grid2:norm,,,PR13_x0.75,holdout,4,1059,headon,vfield,a5b2079d85,ok,0,0,0,0,0,0,1.6326,2.6479,2.7258,2.0438,1.555,1,1,,8450,3.61
grid2:norm,,,PR13_x1,holdout,4,1001,headon,vfield,1a5593354f,ok,1,0,0,1,0,0,0.091,4.5676,2.7258,2.0438,1.555,1,1,14.48,8450,3.61
grid2:norm,,,PR13_x1,holdout,4,1003,headon,vfield,1a5593354f,ok,0,0,0,0,0,0,2.3629,3.7716,2.7258,2.0438,1.555,1,1,,8450,3.59
grid2:norm,,,PR13_x1,holdout,4,1005,headon,vfield,1a5593354f,ok,0,0,0,0,0,0,3.8892,5.6123,2.7258,2.0438,1.555,1,1,,8450,3.6
grid2:norm,,,PR13_x1,holdout,4,1007,headon,vfield,1a5593354f,ok,1,0,0,1,0,0,0.1717,4.7443,2.7258,2.0438,1.555,1,1,14.45,8450,3.64
grid2:norm,,,PR13_x1,holdout,4,1009,headon,vfield,1a5593354f,ok,0,0,0,0,0,0,1.1675,5.628,2.7258,2.0438,1.555,1,1,,8450,3.59
grid2:norm,,,PR13_x1,holdout,4,1011,headon,vfield,1a5593354f,ok,1,0,0,1,0,0,0.4924,4.4056,2.7258,2.0438,1.555,1,1,16.08,8450,3.61
grid2:norm,,,PR13_x1,holdout,4,1013,headon,vfield,1a5593354f,ok,1,0,0,1,0,0,0.621,5.0152,2.7258,2.0438,1.555,1,1,14.36,8450,3.61
grid2:norm,,,PR13_x1,holdout,4,1015,headon,vfield,1a5593354f,ok,0,0,0,0,0,0,4.7255,3.9803,2.7258,2.0438,1.555,1,1,,8450,3.62
grid2:norm,,,PR13_x1,holdout,4,1017,headon,vfield,1a5593354f,ok,1,0,0,1,0,0,0.7189,3.8924,2.7258,2.0438,1.555,1,1,13.76,8450,3.62
grid2:norm,,,PR13_x1,holdout,4,1019,headon,vfield,1a5593354f,ok,0,0,0,0,0,0,1.7994,4.2831,2.7258,2.0438,1.555,1,1,,8450,3.63
grid2:norm,,,PR13_x1,holdout,4,1021,headon,vfield,1a5593354f,ok,1,0,0,0,1,0,0.6146,5.8546,2.7258,2.0438,1.555,1,1,10.43,8450,3.6
grid2:norm,,,PR13_x1,holdout,4,1023,headon,vfield,1a5593354f,ok,0,0,0,0,0,0,1.471,4.4294,2.7258,2.0438,1.555,1,1,,8450,3.62
grid2:norm,,,PR13_x1,holdout,4,1025,headon,vfield,1a5593354f,ok,2,0,0,1,1,0,0.2518,4.2457,2.7258,2.0438,1.555,1,1,14.41,8450,3.62
grid2:norm,,,PR13_x1,holdout,4,1027,headon,vfield,1a5593354f,ok,1,0,1,0,0,0,2.8194,0.2307,2.7258,2.0438,1.555,1,1,6.84,8450,3.62
grid2:norm,,,PR13_x1,holdout,4,1029,headon,vfield,1a5593354f,ok,1,0,0,1,0,0,0.1939,4.7911,2.7258,2.0438,1.555,1,1,15.08,8450,3.62
grid2:norm,,,PR13_x1,holdout,4,1031,headon,vfield,1a5593354f,ok,1,0,0,1,0,0,0.0507,4.704,2.7258,2.0438,1.555,1,1,14.55,8450,3.62
grid2:norm,,,PR13_x1,holdout,4,1033,headon,vfield,1a5593354f,ok,0,0,0,0,0,0,2.1933,6.7082,2.7258,2.0438,1.555,1,1,,8450,3.61
grid2:norm,,,PR13_x1,holdout,4,1035,headon,vfield,1a5593354f,ok,1,0,1,0,0,0,2.2962,0.861,2.7258,2.0438,1.555,1,1,11.25,8450,3.61
grid2:norm,,,PR13_x1,holdout,4,1037,headon,vfield,1a5593354f,ok,0,0,0,0,0,0,5.7105,5.6372,2.7258,2.0438,1.555,1,1,,8450,3.64
grid2:norm,,,PR13_x1,holdout,4,1039,headon,vfield,1a5593354f,ok,0,0,0,0,0,0,3.1291,6.5273,2.7258,2.0438,1.555,1,1,,8450,3.69
grid2:norm,,,PR13_x1,holdout,4,1041,headon,vfield,1a5593354f,ok,0,0,0,0,0,0,1.7925,3.8324,2.7258,2.0438,1.555,1,1,,8450,3.62
grid2:norm,,,PR13_x1,holdout,4,1043,headon,vfield,1a5593354f,ok,0,0,0,0,0,0,2.1046,1.0493,2.7258,2.0438,1.555,1,1,,8450,3.6
grid2:norm,,,PR13_x1,holdout,4,1045,headon,vfield,1a5593354f,ok,1,0,0,1,0,0,0.2729,4.6218,2.7258,2.0438,1.555,1,1,15.32,8450,3.61
grid2:norm,,,PR13_x1,holdout,4,1047,headon,vfield,1a5593354f,ok,0,0,0,0,0,0,1.7264,5.9366,2.7258,2.0438,1.555,1,1,,8450,3.57
grid2:norm,,,PR13_x1,holdout,4,1049,headon,vfield,1a5593354f,ok,1,0,0,0,1,0,0.6527,4.7939,2.7258,2.0438,1.555,1,1,17.79,8450,3.61
grid2:norm,,,PR13_x1,holdout,4,1051,headon,vfield,1a5593354f,ok,1,0,0,1,0,0,0.1314,4.6251,2.7258,2.0438,1.555,1,1,14.66,8450,3.66
grid2:norm,,,PR13_x1,holdout,4,1053,headon,vfield,1a5593354f,ok,0,0,0,0,0,0,2.9964,5.5609,2.7258,2.0438,1.555,1,1,,8450,3.64
grid2:norm,,,PR13_x1,holdout,4,1055,headon,vfield,1a5593354f,ok,1,0,0,0,1,0,0.7896,4.5728,2.7258,2.0438,1.555,1,1,32.66,8450,3.64
grid2:norm,,,PR13_x1,holdout,4,1057,headon,vfield,1a5593354f,ok,0,0,0,0,0,0,2.0269,2.9685,2.7258,2.0438,1.555,1,1,,8450,3.6
grid2:norm,,,PR13_x1,holdout,4,1059,headon,vfield,1a5593354f,ok,0,0,0,0,0,0,2.1191,5.8787,2.7258,2.0438,1.555,1,1,,8450,3.63
grid2:norm,,,PR13_x1.25,holdout,4,1001,headon,vfield,06fbacdd2b,ok,0,0,0,0,0,0,5.5309,8.4526,2.7258,2.0438,1.555,1,1,,8450,3.59
grid2:norm,,,PR13_x1.25,holdout,4,1003,headon,vfield,06fbacdd2b,ok,0,0,0,0,0,0,5.036,8.4803,2.7258,2.0438,1.555,1,1,,8450,3.62
grid2:norm,,,PR13_x1.25,holdout,4,1005,headon,vfield,06fbacdd2b,ok,0,0,0,0,0,0,3.1006,7.1231,2.7258,2.0438,1.555,1,1,,8450,3.62
grid2:norm,,,PR13_x1.25,holdout,4,1007,headon,vfield,06fbacdd2b,ok,0,0,0,0,0,0,5.8809,8.4679,2.7258,2.0438,1.555,1,1,,8450,3.6
grid2:norm,,,PR13_x1.25,holdout,4,1009,headon,vfield,06fbacdd2b,ok,0,0,0,0,0,0,1.3498,8.4197,2.7258,2.0438,1.555,1,1,,8450,3.57
grid2:norm,,,PR13_x1.25,holdout,4,1011,headon,vfield,06fbacdd2b,ok,0,0,0,0,0,0,6.4389,8.4468,2.7258,2.0438,1.555,1,1,,8450,3.6
grid2:norm,,,PR13_x1.25,holdout,4,1013,headon,vfield,06fbacdd2b,ok,0,0,0,0,0,0,5.5099,6.6363,2.7258,2.0438,1.555,1,1,,8450,3.61
grid2:norm,,,PR13_x1.25,holdout,4,1015,headon,vfield,06fbacdd2b,ok,1,0,1,0,0,0,3.5988,0.8255,2.7258,2.0438,1.555,1,1,8.68,8450,3.62
grid2:norm,,,PR13_x1.25,holdout,4,1017,headon,vfield,06fbacdd2b,ok,0,0,0,0,0,0,1.6852,8.3876,2.7258,2.0438,1.555,1,1,,8450,3.6
grid2:norm,,,PR13_x1.25,holdout,4,1019,headon,vfield,06fbacdd2b,ok,0,0,0,0,0,0,3.219,4.6546,2.7258,2.0438,1.555,1,1,,8450,3.65
grid2:norm,,,PR13_x1.25,holdout,4,1021,headon,vfield,06fbacdd2b,ok,0,0,0,0,0,0,5.4601,8.3561,2.7258,2.0438,1.555,1,1,,8450,3.6
grid2:norm,,,PR13_x1.25,holdout,4,1023,headon,vfield,06fbacdd2b,ok,1,0,0,1,0,0,0.0101,5.303,2.7258,2.0438,1.555,1,1,40.56,8450,3.62
grid2:norm,,,PR13_x1.25,holdout,4,1025,headon,vfield,06fbacdd2b,ok,0,0,0,0,0,0,6.3539,8.2365,2.7258,2.0438,1.555,1,1,,8450,3.67
grid2:norm,,,PR13_x1.25,holdout,4,1027,headon,vfield,06fbacdd2b,ok,0,0,0,0,0,0,5.6902,4.239,2.7258,2.0438,1.555,1,1,,8450,3.59
grid2:norm,,,PR13_x1.25,holdout,4,1029,headon,vfield,06fbacdd2b,ok,0,0,0,0,0,0,3.1642,7.9428,2.7258,2.0438,1.555,1,1,,8450,3.66
grid2:norm,,,PR13_x1.25,holdout,4,1031,headon,vfield,06fbacdd2b,ok,0,0,0,0,0,0,4.0044,8.0405,2.7258,2.0438,1.555,1,1,,8450,3.63
grid2:norm,,,PR13_x1.25,holdout,4,1033,headon,vfield,06fbacdd2b,ok,0,0,0,0,0,0,5.1868,5.6495,2.7258,2.0438,1.555,1,1,,8450,3.58
grid2:norm,,,PR13_x1.25,holdout,4,1035,headon,vfield,06fbacdd2b,ok,0,0,0,0,0,0,4.5714,8.481,2.7258,2.0438,1.555,1,1,,8450,3.65
grid2:norm,,,PR13_x1.25,holdout,4,1037,headon,vfield,06fbacdd2b,ok,0,0,0,0,0,0,3.04,4.1795,2.7258,2.0438,1.555,1,1,,8450,3.63
grid2:norm,,,PR13_x1.25,holdout,4,1039,headon,vfield,06fbacdd2b,ok,0,0,0,0,0,0,1.7405,7.3275,2.7258,2.0438,1.555,1,1,,8450,3.62
grid2:norm,,,PR13_x1.25,holdout,4,1041,headon,vfield,06fbacdd2b,ok,0,0,0,0,0,0,4.7098,6.6347,2.7258,2.0438,1.555,1,1,,8450,3.66
grid2:norm,,,PR13_x1.25,holdout,4,1043,headon,vfield,06fbacdd2b,ok,0,0,0,0,0,0,5.4786,5.8525,2.7258,2.0438,1.555,1,1,,8450,3.57
grid2:norm,,,PR13_x1.25,holdout,4,1045,headon,vfield,06fbacdd2b,ok,0,0,0,0,0,0,5.7607,8.1545,2.7258,2.0438,1.555,1,1,,8450,3.61
grid2:norm,,,PR13_x1.25,holdout,4,1047,headon,vfield,06fbacdd2b,ok,0,0,0,0,0,0,3.3148,1.5347,2.7258,2.0438,1.555,1,1,,8450,3.64
grid2:norm,,,PR13_x1.25,holdout,4,1049,headon,vfield,06fbacdd2b,ok,0,0,0,0,0,0,4.5688,5.9227,2.7258,2.0438,1.555,1,1,,8450,3.59
grid2:norm,,,PR13_x1.25,holdout,4,1051,headon,vfield,06fbacdd2b,ok,0,0,0,0,0,0,3.5244,8.4803,2.7258,2.0438,1.555,1,1,,8450,3.62
grid2:norm,,,PR13_x1.25,holdout,4,1053,headon,vfield,06fbacdd2b,ok,1,0,0,0,1,0,0.6086,4.5678,2.7258,2.0438,1.555,1,1,34.49,8450,3.66
grid2:norm,,,PR13_x1.25,holdout,4,1055,headon,vfield,06fbacdd2b,ok,0,0,0,0,0,0,2.1143,4.6028,2.7258,2.0438,1.555,1,1,,8450,3.62
grid2:norm,,,PR13_x1.25,holdout,4,1057,headon,vfield,06fbacdd2b,ok,0,0,0,0,0,0,3.9105,2.5632,2.7258,2.0438,1.555,1,1,,8450,3.64
grid2:norm,,,PR13_x1.25,holdout,4,1059,headon,vfield,06fbacdd2b,ok,1,0,0,0,1,0,0.9352,8.341,2.7258,2.0438,1.555,1,1,35.55,8450,3.61
grid2:norm,,,PR13_x1.5,holdout,4,1001,headon,vfield,230bc5c288,ok,0,0,0,0,0,0,1.2666,8.4803,2.7258,2.0438,1.555,1,1,,8450,3.63
grid2:norm,,,PR13_x1.5,holdout,4,1003,headon,vfield,230bc5c288,ok,0,0,0,0,0,0,4.7458,5.3639,2.7258,2.0438,1.555,1,1,,8450,3.63
grid2:norm,,,PR13_x1.5,holdout,4,1005,headon,vfield,230bc5c288,ok,0,0,0,0,0,0,4.6336,2.5143,2.7258,2.0438,1.555,1,1,,8450,3.63
grid2:norm,,,PR13_x1.5,holdout,4,1007,headon,vfield,230bc5c288,ok,0,0,0,0,0,0,4.4304,5.5913,2.7258,2.0438,1.555,1,1,,8450,3.61
grid2:norm,,,PR13_x1.5,holdout,4,1009,headon,vfield,230bc5c288,ok,0,0,0,0,0,0,2.9978,4.5992,2.7258,2.0438,1.555,1,1,,8450,3.68
grid2:norm,,,PR13_x1.5,holdout,4,1011,headon,vfield,230bc5c288,ok,0,0,0,0,0,0,1.4117,4.4407,2.7258,2.0438,1.555,1,1,,8450,3.6
grid2:norm,,,PR13_x1.5,holdout,4,1013,headon,vfield,230bc5c288,ok,0,0,0,0,0,0,4.6705,5.829,2.7258,2.0438,1.555,1,1,,8450,3.64
grid2:norm,,,PR13_x1.5,holdout,4,1015,headon,vfield,230bc5c288,ok,0,0,0,0,0,0,2.4507,3.0323,2.7258,2.0438,1.555,1,1,,8450,3.6
grid2:norm,,,PR13_x1.5,holdout,4,1017,headon,vfield,230bc5c288,ok,0,0,0,0,0,0,3.5973,6.0532,2.7258,2.0438,1.555,1,1,,8450,3.62
grid2:norm,,,PR13_x1.5,holdout,4,1019,headon,vfield,230bc5c288,ok,0,0,0,0,0,0,2.5779,6.0212,2.7258,2.0438,1.555,1,1,,8450,3.62
grid2:norm,,,PR13_x1.5,holdout,4,1021,headon,vfield,230bc5c288,ok,0,0,0,0,0,0,3.1933,3.5513,2.7258,2.0438,1.555,1,1,,8450,3.63
grid2:norm,,,PR13_x1.5,holdout,4,1023,headon,vfield,230bc5c288,ok,0,0,0,0,0,0,5.314,1.9085,2.7258,2.0438,1.555,1,1,,8450,3.63
grid2:norm,,,PR13_x1.5,holdout,4,1025,headon,vfield,230bc5c288,ok,0,0,0,0,0,0,3.9881,6.9162,2.7258,2.0438,1.555,1,1,,8450,3.62
grid2:norm,,,PR13_x1.5,holdout,4,1027,headon,vfield,230bc5c288,ok,0,0,0,0,0,0,5.7644,2.4414,2.7258,2.0438,1.555,1,1,,8450,3.59
grid2:norm,,,PR13_x1.5,holdout,4,1029,headon,vfield,230bc5c288,ok,0,0,0,0,0,0,4.1005,2.9109,2.7258,2.0438,1.555,1,1,,8450,3.6
grid2:norm,,,PR13_x1.5,holdout,4,1031,headon,vfield,230bc5c288,ok,0,0,0,0,0,0,4.9399,8.2374,2.7258,2.0438,1.555,1,1,,8450,3.63
grid2:norm,,,PR13_x1.5,holdout,4,1033,headon,vfield,230bc5c288,ok,0,0,0,0,0,0,1.754,5.4007,2.7258,2.0438,1.555,1,1,,8450,3.62
grid2:norm,,,PR13_x1.5,holdout,4,1035,headon,vfield,230bc5c288,ok,0,0,0,0,0,0,1.9822,3.9094,2.7258,2.0438,1.555,1,1,,8450,3.63
grid2:norm,,,PR13_x1.5,holdout,4,1037,headon,vfield,230bc5c288,ok,0,0,0,0,0,0,3.9908,9.0389,2.7258,2.0438,1.555,1,1,,8450,3.65
grid2:norm,,,PR13_x1.5,holdout,4,1039,headon,vfield,230bc5c288,ok,0,0,0,0,0,0,3.1572,2.2016,2.7258,2.0438,1.555,1,1,,8450,3.59
grid2:norm,,,PR13_x1.5,holdout,4,1041,headon,vfield,230bc5c288,ok,0,0,0,0,0,0,4.2697,8.8871,2.7258,2.0438,1.555,1,1,,8450,3.61
grid2:norm,,,PR13_x1.5,holdout,4,1043,headon,vfield,230bc5c288,ok,0,0,0,0,0,0,2.3889,8.4803,2.7258,2.0438,1.555,1,1,,8450,3.62
grid2:norm,,,PR13_x1.5,holdout,4,1045,headon,vfield,230bc5c288,ok,0,0,0,0,0,0,6.1909,4.138,2.7258,2.0438,1.555,1,1,,8450,3.66
grid2:norm,,,PR13_x1.5,holdout,4,1047,headon,vfield,230bc5c288,ok,0,0,0,0,0,0,3.0569,6.6246,2.7258,2.0438,1.555,1,1,,8450,3.65
grid2:norm,,,PR13_x1.5,holdout,4,1049,headon,vfield,230bc5c288,ok,0,0,0,0,0,0,2.6205,8.7391,2.7258,2.0438,1.555,1,1,,8450,3.6
grid2:norm,,,PR13_x1.5,holdout,4,1051,headon,vfield,230bc5c288,ok,0,0,0,0,0,0,1.6294,8.4803,2.7258,2.0438,1.555,1,1,,8450,3.61
grid2:norm,,,PR13_x1.5,holdout,4,1053,headon,vfield,230bc5c288,ok,0,0,0,0,0,0,5.9656,5.9088,2.7258,2.0438,1.555,1,1,,8450,3.63
grid2:norm,,,PR13_x1.5,holdout,4,1055,headon,vfield,230bc5c288,ok,0,0,0,0,0,0,2.0845,6.6291,2.7258,2.0438,1.555,1,1,,8450,3.61
grid2:norm,,,PR13_x1.5,holdout,4,1057,headon,vfield,230bc5c288,ok,1,0,0,0,1,0,0.8673,8.5048,2.7258,2.0438,1.555,1,1,20.04,8450,3.63
grid2:norm,,,PR13_x1.5,holdout,4,1059,headon,vfield,230bc5c288,ok,0,0,0,0,0,0,5.1922,7.7237,2.7258,2.0438,1.555,1,1,,8450,3.64
grid2:norm,,,PR13_x2,holdout,4,1001,headon,vfield,28fc59b2a8,ok,0,0,0,0,0,0,4.6187,5.5876,2.7258,2.0438,1.555,1,1,,8450,3.55
grid2:norm,,,PR13_x2,holdout,4,1003,headon,vfield,28fc59b2a8,ok,0,0,0,0,0,0,3.3656,1.3976,2.7258,2.0438,1.555,1,1,,8450,3.63
grid2:norm,,,PR13_x2,holdout,4,1005,headon,vfield,28fc59b2a8,ok,0,0,0,0,0,0,1.8673,4.0629,2.7258,2.0438,1.555,1,1,,8450,3.62
grid2:norm,,,PR13_x2,holdout,4,1007,headon,vfield,28fc59b2a8,ok,0,0,0,0,0,0,5.0206,3.8303,2.7258,2.0438,1.555,1,1,,8450,3.62
grid2:norm,,,PR13_x2,holdout,4,1009,headon,vfield,28fc59b2a8,ok,0,0,0,0,0,0,6.1434,5.3991,2.7258,2.0438,1.555,1,1,,8450,3.61
grid2:norm,,,PR13_x2,holdout,4,1011,headon,vfield,28fc59b2a8,ok,0,0,0,0,0,0,1.687,4.4119,2.7258,2.0438,1.555,1,1,,8450,3.64
grid2:norm,,,PR13_x2,holdout,4,1013,headon,vfield,28fc59b2a8,ok,0,0,0,0,0,0,6.0555,1.7805,2.7258,2.0438,1.555,1,1,,8450,3.61
grid2:norm,,,PR13_x2,holdout,4,1015,headon,vfield,28fc59b2a8,ok,0,0,0,0,0,0,4.9787,8.6588,2.7258,2.0438,1.555,1,1,,8450,3.68
grid2:norm,,,PR13_x2,holdout,4,1017,headon,vfield,28fc59b2a8,ok,1,0,1,0,0,0,3.7603,0.6105,2.7258,2.0438,1.555,1,1,29.06,8450,3.6
grid2:norm,,,PR13_x2,holdout,4,1019,headon,vfield,28fc59b2a8,ok,0,0,0,0,0,0,4.207,2.4458,2.7258,2.0438,1.555,1,1,,8450,3.62
grid2:norm,,,PR13_x2,holdout,4,1021,headon,vfield,28fc59b2a8,ok,2,0,1,0,1,0,0.3224,0.2172,2.7258,2.0438,1.555,1,1,26.16,8450,3.61
grid2:norm,,,PR13_x2,holdout,4,1023,headon,vfield,28fc59b2a8,ok,0,0,0,0,0,0,3.5364,7.2281,2.7258,2.0438,1.555,1,1,,8450,3.62
grid2:norm,,,PR13_x2,holdout,4,1025,headon,vfield,28fc59b2a8,ok,0,0,0,0,0,0,2.8846,1.8285,2.7258,2.0438,1.555,1,1,,8450,3.62
grid2:norm,,,PR13_x2,holdout,4,1027,headon,vfield,28fc59b2a8,ok,0,0,0,0,0,0,5.737,8.0763,2.7258,2.0438,1.555,1,1,,8450,3.59
grid2:norm,,,PR13_x2,holdout,4,1029,headon,vfield,28fc59b2a8,ok,0,0,0,0,0,0,3.1309,1.6959,2.7258,2.0438,1.555,1,1,,8450,3.62
grid2:norm,,,PR13_x2,holdout,4,1031,headon,vfield,28fc59b2a8,ok,0,0,0,0,0,0,3.3793,2.5213,2.7258,2.0438,1.555,1,1,,8450,3.62
grid2:norm,,,PR13_x2,holdout,4,1033,headon,vfield,28fc59b2a8,ok,0,0,0,0,0,0,4.1359,2.5814,2.7258,2.0438,1.555,1,1,,8450,3.62
grid2:norm,,,PR13_x2,holdout,4,1035,headon,vfield,28fc59b2a8,ok,0,0,0,0,0,0,3.1362,3.5312,2.7258,2.0438,1.555,1,1,,8450,3.62
grid2:norm,,,PR13_x2,holdout,4,1037,headon,vfield,28fc59b2a8,ok,0,0,0,0,0,0,4.8363,2.4266,2.7258,2.0438,1.555,1,1,,8450,3.61
grid2:norm,,,PR13_x2,holdout,4,1039,headon,vfield,28fc59b2a8,ok,0,0,0,0,0,0,4.8638,3.0331,2.7258,2.0438,1.555,1,1,,8450,3.59
grid2:norm,,,PR13_x2,holdout,4,1041,headon,vfield,28fc59b2a8,ok,1,0,1,0,0,0,1.4339,0.951,2.7258,2.0438,1.555,1,1,28.75,8450,3.63
grid2:norm,,,PR13_x2,holdout,4,1043,headon,vfield,28fc59b2a8,ok,0,0,0,0,0,0,5.6465,3.951,2.7258,2.0438,1.555,1,1,,8450,3.67
grid2:norm,,,PR13_x2,holdout,4,1045,headon,vfield,28fc59b2a8,ok,0,0,0,0,0,0,2.7909,1.1423,2.7258,2.0438,1.555,1,1,,8450,3.59
grid2:norm,,,PR13_x2,holdout,4,1047,headon,vfield,28fc59b2a8,ok,0,0,0,0,0,0,2.2015,3.4402,2.7258,2.0438,1.555,1,1,,8450,3.61
grid2:norm,,,PR13_x2,holdout,4,1049,headon,vfield,28fc59b2a8,ok,0,0,0,0,0,0,1.0216,2.2398,2.7258,2.0438,1.555,1,1,,8450,3.6
grid2:norm,,,PR13_x2,holdout,4,1051,headon,vfield,28fc59b2a8,ok,0,0,0,0,0,0,4.2341,4.1867,2.7258,2.0438,1.555,1,1,,8450,3.63
grid2:norm,,,PR13_x2,holdout,4,1053,headon,vfield,28fc59b2a8,ok,0,0,0,0,0,0,1.3702,7.9573,2.7258,2.0438,1.555,1,1,,8450,3.6
grid2:norm,,,PR13_x2,holdout,4,1055,headon,vfield,28fc59b2a8,ok,0,0,0,0,0,0,6.2191,4.3139,2.7258,2.0438,1.555,1,1,,8450,3.61
grid2:norm,,,PR13_x2,holdout,4,1057,headon,vfield,28fc59b2a8,ok,0,0,0,0,0,0,4.8896,4.2242,2.7258,2.0438,1.555,1,1,,8450,3.64
grid2:norm,,,PR13_x2,holdout,4,1059,headon,vfield,28fc59b2a8,ok,0,0,0,0,0,0,3.9497,9.0398,2.7258,2.0438,1.555,1,1,,8450,3.62
grid2:norm,,,PR16_x0.5,holdout,4,1001,headon,vfield,a0471e14e7,ok,0,0,0,0,0,0,3.3762,7.3438,2.7258,2.0438,1.555,1,1,,8450,3.65
grid2:norm,,,PR16_x0.5,holdout,4,1003,headon,vfield,a0471e14e7,ok,1,0,1,0,0,0,1.5727,0.7573,2.7258,2.0438,1.555,1,1,13.13,8450,3.62
grid2:norm,,,PR16_x0.5,holdout,4,1005,headon,vfield,a0471e14e7,ok,0,0,0,0,0,0,4.5582,3.9289,2.7258,2.0438,1.555,1,1,,8450,3.63
grid2:norm,,,PR16_x0.5,holdout,4,1007,headon,vfield,a0471e14e7,ok,0,0,0,0,0,0,4.5789,4.763,2.7258,2.0438,1.555,1,1,,8450,3.63
grid2:norm,,,PR16_x0.5,holdout,4,1009,headon,vfield,a0471e14e7,ok,0,0,0,0,0,0,4.0231,5.3076,2.7258,2.0438,1.555,1,1,,8450,3.62
grid2:norm,,,PR16_x0.5,holdout,4,1011,headon,vfield,a0471e14e7,ok,0,0,0,0,0,0,5.141,1.1007,2.7258,2.0438,1.555,1,1,,8450,3.65
grid2:norm,,,PR16_x0.5,holdout,4,1013,headon,vfield,a0471e14e7,ok,0,0,0,0,0,0,4.0363,1.6008,2.7258,2.0438,1.555,1,1,,8450,3.61
grid2:norm,,,PR16_x0.5,holdout,4,1015,headon,vfield,a0471e14e7,ok,0,0,0,0,0,0,2.0471,3.6111,2.7258,2.0438,1.555,1,1,,8450,3.64
grid2:norm,,,PR16_x0.5,holdout,4,1017,headon,vfield,a0471e14e7,ok,0,0,0,0,0,0,3.9077,6.3306,2.7258,2.0438,1.555,1,1,,8450,3.63
grid2:norm,,,PR16_x0.5,holdout,4,1019,headon,vfield,a0471e14e7,ok,1,0,0,0,1,0,0.4143,2.8068,2.7258,2.0438,1.555,1,1,15.34,8450,3.64
grid2:norm,,,PR16_x0.5,holdout,4,1021,headon,vfield,a0471e14e7,ok,1,0,1,0,0,0,3.9593,0.2465,2.7258,2.0438,1.555,1,1,17.38,8450,3.62
grid2:norm,,,PR16_x0.5,holdout,4,1023,headon,vfield,a0471e14e7,ok,0,0,0,0,0,0,6.9467,2.3617,2.7258,2.0438,1.555,1,1,,8450,3.64
grid2:norm,,,PR16_x0.5,holdout,4,1025,headon,vfield,a0471e14e7,ok,2,0,1,0,1,0,0.7789,0.2153,2.7258,2.0438,1.555,1,1,8.21,8450,3.72
grid2:norm,,,PR16_x0.5,holdout,4,1027,headon,vfield,a0471e14e7,ok,0,0,0,0,0,0,4.7146,2.0094,2.7258,2.0438,1.555,1,1,,8450,3.7
grid2:norm,,,PR16_x0.5,holdout,4,1029,headon,vfield,a0471e14e7,ok,0,0,0,0,0,0,3.8732,2.4503,2.7258,2.0438,1.555,1,1,,8450,3.82
grid2:norm,,,PR16_x0.5,holdout,4,1031,headon,vfield,a0471e14e7,ok,1,0,1,0,0,0,2.3494,0.3103,2.7258,2.0438,1.555,1,1,16.83,8450,3.68
grid2:norm,,,PR16_x0.5,holdout,4,1033,headon,vfield,a0471e14e7,ok,0,0,0,0,0,0,3.7257,1.1933,2.7258,2.0438,1.555,1,1,,8450,3.65
grid2:norm,,,PR16_x0.5,holdout,4,1035,headon,vfield,a0471e14e7,ok,0,0,0,0,0,0,3.2419,4.2813,2.7258,2.0438,1.555,1,1,,8450,3.59
grid2:norm,,,PR16_x0.5,holdout,4,1037,headon,vfield,a0471e14e7,ok,0,0,0,0,0,0,2.9336,6.4773,2.7258,2.0438,1.555,1,1,,8450,3.61
grid2:norm,,,PR16_x0.5,holdout,4,1039,headon,vfield,a0471e14e7,ok,0,0,0,0,0,0,1.473,2.9711,2.7258,2.0438,1.555,1,1,,8450,3.64
grid2:norm,,,PR16_x0.5,holdout,4,1041,headon,vfield,a0471e14e7,ok,0,0,0,0,0,0,3.1211,3.0903,2.7258,2.0438,1.555,1,1,,8450,3.61
grid2:norm,,,PR16_x0.5,holdout,4,1043,headon,vfield,a0471e14e7,ok,0,0,0,0,0,0,1.5664,4.8902,2.7258,2.0438,1.555,1,1,,8450,3.63
grid2:norm,,,PR16_x0.5,holdout,4,1045,headon,vfield,a0471e14e7,ok,0,0,0,0,0,0,1.0164,2.5729,2.7258,2.0438,1.555,1,1,,8450,3.61
grid2:norm,,,PR16_x0.5,holdout,4,1047,headon,vfield,a0471e14e7,ok,0,0,0,0,0,0,1.8046,4.8266,2.7258,2.0438,1.555,1,1,,8450,3.61
grid2:norm,,,PR16_x0.5,holdout,4,1049,headon,vfield,a0471e14e7,ok,0,0,0,0,0,0,2.9761,6.8981,2.7258,2.0438,1.555,1,1,,8450,3.61
grid2:norm,,,PR16_x0.5,holdout,4,1051,headon,vfield,a0471e14e7,ok,1,0,0,0,1,0,0.9853,7.3664,2.7258,2.0438,1.555,1,1,24.05,8450,3.58
grid2:norm,,,PR16_x0.5,holdout,4,1053,headon,vfield,a0471e14e7,ok,1,0,0,0,1,0,0.6781,6.0631,2.7258,2.0438,1.555,1,1,32.27,8450,3.59
grid2:norm,,,PR16_x0.5,holdout,4,1055,headon,vfield,a0471e14e7,ok,0,0,0,0,0,0,3.1371,2.5923,2.7258,2.0438,1.555,1,1,,8450,3.7
grid2:norm,,,PR16_x0.5,holdout,4,1057,headon,vfield,a0471e14e7,ok,1,0,0,0,1,0,0.3549,6.1001,2.7258,2.0438,1.555,1,1,20.74,8450,3.59
grid2:norm,,,PR16_x0.5,holdout,4,1059,headon,vfield,a0471e14e7,ok,0,0,0,0,0,0,3.2794,7.3546,2.7258,2.0438,1.555,1,1,,8450,3.57
grid2:norm,,,PR16_x0.75,holdout,4,1001,headon,vfield,8a60e13b20,ok,0,0,0,0,0,0,1.0969,4.5671,2.7258,2.0438,1.555,1,1,,8450,3.64
grid2:norm,,,PR16_x0.75,holdout,4,1003,headon,vfield,8a60e13b20,ok,0,0,0,0,0,0,2.1409,4.7303,2.7258,2.0438,1.555,1,1,,8450,3.64
grid2:norm,,,PR16_x0.75,holdout,4,1005,headon,vfield,8a60e13b20,ok,0,0,0,0,0,0,2.5439,5.5731,2.7258,2.0438,1.555,1,1,,8450,3.59
grid2:norm,,,PR16_x0.75,holdout,4,1007,headon,vfield,8a60e13b20,ok,0,0,0,0,0,0,3.5576,4.0963,2.7258,2.0438,1.555,1,1,,8450,3.63
grid2:norm,,,PR16_x0.75,holdout,4,1009,headon,vfield,8a60e13b20,ok,0,0,0,0,0,0,2.174,4.3106,2.7258,2.0438,1.555,1,1,,8450,3.65
grid2:norm,,,PR16_x0.75,holdout,4,1011,headon,vfield,8a60e13b20,ok,0,0,0,0,0,0,3.9116,5.8146,2.7258,2.0438,1.555,1,1,,8450,3.62
grid2:norm,,,PR16_x0.75,holdout,4,1013,headon,vfield,8a60e13b20,ok,0,0,0,0,0,0,2.8488,4.8249,2.7258,2.0438,1.555,1,1,,8450,3.61
grid2:norm,,,PR16_x0.75,holdout,4,1015,headon,vfield,8a60e13b20,ok,0,0,0,0,0,0,3.7007,6.1348,2.7258,2.0438,1.555,1,1,,8450,3.64
grid2:norm,,,PR16_x0.75,holdout,4,1017,headon,vfield,8a60e13b20,ok,0,0,0,0,0,0,4.6344,4.8702,2.7258,2.0438,1.555,1,1,,8450,3.61
grid2:norm,,,PR16_x0.75,holdout,4,1019,headon,vfield,8a60e13b20,ok,0,0,0,0,0,0,2.4527,1.4579,2.7258,2.0438,1.555,1,1,,8450,3.62
grid2:norm,,,PR16_x0.75,holdout,4,1021,headon,vfield,8a60e13b20,ok,0,0,0,0,0,0,2.7487,3.9138,2.7258,2.0438,1.555,1,1,,8450,3.61
grid2:norm,,,PR16_x0.75,holdout,4,1023,headon,vfield,8a60e13b20,ok,0,0,0,0,0,0,4.0651,5.5941,2.7258,2.0438,1.555,1,1,,8450,3.6
grid2:norm,,,PR16_x0.75,holdout,4,1025,headon,vfield,8a60e13b20,ok,0,0,0,0,0,0,3.3131,4.0748,2.7258,2.0438,1.555,1,1,,8450,3.61
grid2:norm,,,PR16_x0.75,holdout,4,1027,headon,vfield,8a60e13b20,ok,0,0,0,0,0,0,3.0674,7.1014,2.7258,2.0438,1.555,1,1,,8450,3.64
grid2:norm,,,PR16_x0.75,holdout,4,1029,headon,vfield,8a60e13b20,ok,0,0,0,0,0,0,7.0799,5.2103,2.7258,2.0438,1.555,1,1,,8450,3.62
grid2:norm,,,PR16_x0.75,holdout,4,1031,headon,vfield,8a60e13b20,ok,0,0,0,0,0,0,2.9173,4.0609,2.7258,2.0438,1.555,1,1,,8450,3.59
grid2:norm,,,PR16_x0.75,holdout,4,1033,headon,vfield,8a60e13b20,ok,1,0,1,0,0,0,1.1592,0.2208,2.7258,2.0438,1.555,1,1,13.48,8450,3.58
grid2:norm,,,PR16_x0.75,holdout,4,1035,headon,vfield,8a60e13b20,ok,0,0,0,0,0,0,4.3276,4.807,2.7258,2.0438,1.555,1,1,,8450,3.62
grid2:norm,,,PR16_x0.75,holdout,4,1037,headon,vfield,8a60e13b20,ok,0,0,0,0,0,0,4.1647,6.3329,2.7258,2.0438,1.555,1,1,,8450,3.59
grid2:norm,,,PR16_x0.75,holdout,4,1039,headon,vfield,8a60e13b20,ok,1,0,0,0,1,0,0.8083,4.5795,2.7258,2.0438,1.555,1,1,22.65,8450,3.64
grid2:norm,,,PR16_x0.75,holdout,4,1041,headon,vfield,8a60e13b20,ok,0,0,0,0,0,0,2.8785,6.7755,2.7258,2.0438,1.555,1,1,,8450,3.58
grid2:norm,,,PR16_x0.75,holdout,4,1043,headon,vfield,8a60e13b20,ok,0,0,0,0,0,0,5.1791,2.5618,2.7258,2.0438,1.555,1,1,,8450,3.62
grid2:norm,,,PR16_x0.75,holdout,4,1045,headon,vfield,8a60e13b20,ok,0,0,0,0,0,0,3.5222,4.4365,2.7258,2.0438,1.555,1,1,,8450,3.59
grid2:norm,,,PR16_x0.75,holdout,4,1047,headon,vfield,8a60e13b20,ok,0,0,0,0,0,0,4.1155,5.8689,2.7258,2.0438,1.555,1,1,,8450,3.67
grid2:norm,,,PR16_x0.75,holdout,4,1049,headon,vfield,8a60e13b20,ok,0,0,0,0,0,0,3.2401,5.196,2.7258,2.0438,1.555,1,1,,8450,3.64
grid2:norm,,,PR16_x0.75,holdout,4,1051,headon,vfield,8a60e13b20,ok,0,0,0,0,0,0,2.8382,5.3433,2.7258,2.0438,1.555,1,1,,8450,3.61
grid2:norm,,,PR16_x0.75,holdout,4,1053,headon,vfield,8a60e13b20,ok,0,0,0,0,0,0,1.0887,5.382,2.7258,2.0438,1.555,1,1,,8450,3.66
grid2:norm,,,PR16_x0.75,holdout,4,1055,headon,vfield,8a60e13b20,ok,1,0,0,0,1,0,0.9056,6.2609,2.7258,2.0438,1.555,1,1,24.44,8450,3.66
grid2:norm,,,PR16_x0.75,holdout,4,1057,headon,vfield,8a60e13b20,ok,0,0,0,0,0,0,3.0383,2.7999,2.7258,2.0438,1.555,1,1,,8450,3.62
grid2:norm,,,PR16_x0.75,holdout,4,1059,headon,vfield,8a60e13b20,ok,0,0,0,0,0,0,4.6203,3.2888,2.7258,2.0438,1.555,1,1,,8450,3.58
grid2:norm,,,PR16_x1,holdout,4,1001,headon,vfield,aaa45fe318,ok,0,0,0,0,0,0,2.0708,4.9075,2.7258,2.0438,1.555,1,1,,8450,3.64
grid2:norm,,,PR16_x1,holdout,4,1003,headon,vfield,aaa45fe318,ok,1,0,0,0,1,0,0.0608,5.162,2.7258,2.0438,1.555,1,1,35.62,8450,3.65
grid2:norm,,,PR16_x1,holdout,4,1005,headon,vfield,aaa45fe318,ok,1,0,0,0,1,0,0.5501,3.9512,2.7258,2.0438,1.555,1,1,44.8,8450,3.6
grid2:norm,,,PR16_x1,holdout,4,1007,headon,vfield,aaa45fe318,ok,0,0,0,0,0,0,3.7305,4.2282,2.7258,2.0438,1.555,1,1,,8450,3.6
grid2:norm,,,PR16_x1,holdout,4,1009,headon,vfield,aaa45fe318,ok,0,0,0,0,0,0,2.5517,3.9423,2.7258,2.0438,1.555,1,1,,8450,3.63
grid2:norm,,,PR16_x1,holdout,4,1011,headon,vfield,aaa45fe318,ok,0,0,0,0,0,0,2.4488,4.4062,2.7258,2.0438,1.555,1,1,,8450,3.71
grid2:norm,,,PR16_x1,holdout,4,1013,headon,vfield,aaa45fe318,ok,0,0,0,0,0,0,2.8654,1.8071,2.7258,2.0438,1.555,1,1,,8450,3.62
grid2:norm,,,PR16_x1,holdout,4,1015,headon,vfield,aaa45fe318,ok,0,0,0,0,0,0,2.6639,1.5759,2.7258,2.0438,1.555,1,1,,8450,3.61
grid2:norm,,,PR16_x1,holdout,4,1017,headon,vfield,aaa45fe318,ok,0,0,0,0,0,0,1.8564,5.1299,2.7258,2.0438,1.555,1,1,,8450,3.64
grid2:norm,,,PR16_x1,holdout,4,1019,headon,vfield,aaa45fe318,ok,0,0,0,0,0,0,4.4581,4.5256,2.7258,2.0438,1.555,1,1,,8450,3.61
grid2:norm,,,PR16_x1,holdout,4,1021,headon,vfield,aaa45fe318,ok,0,0,0,0,0,0,3.9682,5.3975,2.7258,2.0438,1.555,1,1,,8450,3.59
grid2:norm,,,PR16_x1,holdout,4,1023,headon,vfield,aaa45fe318,ok,0,0,0,0,0,0,2.3159,1.2777,2.7258,2.0438,1.555,1,1,,8450,3.62
grid2:norm,,,PR16_x1,holdout,4,1025,headon,vfield,aaa45fe318,ok,0,0,0,0,0,0,2.7253,4.6427,2.7258,2.0438,1.555,1,1,,8450,3.59
grid2:norm,,,PR16_x1,holdout,4,1027,headon,vfield,aaa45fe318,ok,0,0,0,0,0,0,4.1731,4.466,2.7258,2.0438,1.555,1,1,,8450,3.63
grid2:norm,,,PR16_x1,holdout,4,1029,headon,vfield,aaa45fe318,ok,1,0,0,0,1,0,0.9343,3.5828,2.7258,2.0438,1.555,1,1,16.25,8450,3.6
grid2:norm,,,PR16_x1,holdout,4,1031,headon,vfield,aaa45fe318,ok,0,0,0,0,0,0,4.5225,4.6182,2.7258,2.0438,1.555,1,1,,8450,3.6
grid2:norm,,,PR16_x1,holdout,4,1033,headon,vfield,aaa45fe318,ok,0,0,0,0,0,0,5.647,1.5612,2.7258,2.0438,1.555,1,1,,8450,3.66
grid2:norm,,,PR16_x1,holdout,4,1035,headon,vfield,aaa45fe318,ok,0,0,0,0,0,0,5.7547,3.9093,2.7258,2.0438,1.555,1,1,,8450,3.61
grid2:norm,,,PR16_x1,holdout,4,1037,headon,vfield,aaa45fe318,ok,1,0,0,0,1,0,0.5968,5.1826,2.7258,2.0438,1.555,1,1,16.23,8450,3.61
grid2:norm,,,PR16_x1,holdout,4,1039,headon,vfield,aaa45fe318,ok,1,0,0,0,1,0,0.8873,4.215,2.7258,2.0438,1.555,1,1,31.79,8450,3.62
grid2:norm,,,PR16_x1,holdout,4,1041,headon,vfield,aaa45fe318,ok,0,0,0,0,0,0,3.0124,5.2581,2.7258,2.0438,1.555,1,1,,8450,3.63
grid2:norm,,,PR16_x1,holdout,4,1043,headon,vfield,aaa45fe318,ok,0,0,0,0,0,0,4.233,3.9445,2.7258,2.0438,1.555,1,1,,8450,3.61
grid2:norm,,,PR16_x1,holdout,4,1045,headon,vfield,aaa45fe318,ok,0,0,0,0,0,0,3.2256,4.1701,2.7258,2.0438,1.555,1,1,,8450,3.6
grid2:norm,,,PR16_x1,holdout,4,1047,headon,vfield,aaa45fe318,ok,0,0,0,0,0,0,2.0264,4.3171,2.7258,2.0438,1.555,1,1,,8450,3.6
grid2:norm,,,PR16_x1,holdout,4,1049,headon,vfield,aaa45fe318,ok,0,0,0,0,0,0,2.4682,5.2233,2.7258,2.0438,1.555,1,1,,8450,3.6
grid2:norm,,,PR16_x1,holdout,4,1051,headon,vfield,aaa45fe318,ok,0,0,0,0,0,0,1.3741,4.2422,2.7258,2.0438,1.555,1,1,,8450,3.64
grid2:norm,,,PR16_x1,holdout,4,1053,headon,vfield,aaa45fe318,ok,0,0,0,0,0,0,4.282,7.6552,2.7258,2.0438,1.555,1,1,,8450,3.59
grid2:norm,,,PR16_x1,holdout,4,1055,headon,vfield,aaa45fe318,ok,0,0,0,0,0,0,1.1683,8.6604,2.7258,2.0438,1.555,1,1,,8450,3.6
grid2:norm,,,PR16_x1,holdout,4,1057,headon,vfield,aaa45fe318,ok,0,0,0,0,0,0,4.793,3.0804,2.7258,2.0438,1.555,1,1,,8450,3.62
grid2:norm,,,PR16_x1,holdout,4,1059,headon,vfield,aaa45fe318,ok,0,0,0,0,0,0,2.5818,2.3006,2.7258,2.0438,1.555,1,1,,8450,3.63
grid2:norm,,,PR16_x1.25,holdout,4,1001,headon,vfield,48fbff4011,ok,0,0,0,0,0,0,4.6424,7.9928,2.7258,2.0438,1.555,1,1,,8450,3.61
grid2:norm,,,PR16_x1.25,holdout,4,1003,headon,vfield,48fbff4011,ok,0,0,0,0,0,0,2.8185,4.9499,2.7258,2.0438,1.555,1,1,,8450,3.66
grid2:norm,,,PR16_x1.25,holdout,4,1005,headon,vfield,48fbff4011,ok,0,0,0,0,0,0,2.642,2.2264,2.7258,2.0438,1.555,1,1,,8450,3.6
grid2:norm,,,PR16_x1.25,holdout,4,1007,headon,vfield,48fbff4011,ok,0,0,0,0,0,0,1.62,6.7749,2.7258,2.0438,1.555,1,1,,8450,3.62
grid2:norm,,,PR16_x1.25,holdout,4,1009,headon,vfield,48fbff4011,ok,0,0,0,0,0,0,4.2815,4.3957,2.7258,2.0438,1.555,1,1,,8450,3.58
grid2:norm,,,PR16_x1.25,holdout,4,1011,headon,vfield,48fbff4011,ok,0,0,0,0,0,0,2.7601,3.0431,2.7258,2.0438,1.555,1,1,,8450,3.63
grid2:norm,,,PR16_x1.25,holdout,4,1013,headon,vfield,48fbff4011,ok,0,0,0,0,0,0,3.212,4.5402,2.7258,2.0438,1.555,1,1,,8450,3.62
grid2:norm,,,PR16_x1.25,holdout,4,1015,headon,vfield,48fbff4011,ok,0,0,0,0,0,0,4.6737,1.6398,2.7258,2.0438,1.555,1,1,,8450,3.58
grid2:norm,,,PR16_x1.25,holdout,4,1017,headon,vfield,48fbff4011,ok,0,0,0,0,0,0,3.3351,6.7393,2.7258,2.0438,1.555,1,1,,8450,3.6
grid2:norm,,,PR16_x1.25,holdout,4,1019,headon,vfield,48fbff4011,ok,0,0,0,0,0,0,5.2278,2.6246,2.7258,2.0438,1.555,1,1,,8450,3.6
grid2:norm,,,PR16_x1.25,holdout,4,1021,headon,vfield,48fbff4011,ok,0,0,0,0,0,0,2.2219,5.1155,2.7258,2.0438,1.555,1,1,,8450,3.61
grid2:norm,,,PR16_x1.25,holdout,4,1023,headon,vfield,48fbff4011,ok,0,0,0,0,0,0,2.0808,4.1422,2.7258,2.0438,1.555,1,1,,8450,3.62
grid2:norm,,,PR16_x1.25,holdout,4,1025,headon,vfield,48fbff4011,ok,0,0,0,0,0,0,3.6323,4.8776,2.7258,2.0438,1.555,1,1,,8450,3.61
grid2:norm,,,PR16_x1.25,holdout,4,1027,headon,vfield,48fbff4011,ok,0,0,0,0,0,0,4.6511,12.2456,2.7258,2.0438,1.555,1,1,,8450,3.6
grid2:norm,,,PR16_x1.25,holdout,4,1029,headon,vfield,48fbff4011,ok,0,0,0,0,0,0,3.381,6.7383,2.7258,2.0438,1.555,1,1,,8450,3.62
grid2:norm,,,PR16_x1.25,holdout,4,1031,headon,vfield,48fbff4011,ok,0,0,0,0,0,0,3.6287,6.9572,2.7258,2.0438,1.555,1,1,,8450,3.62
grid2:norm,,,PR16_x1.25,holdout,4,1033,headon,vfield,48fbff4011,ok,0,0,0,0,0,0,5.6022,8.3048,2.7258,2.0438,1.555,1,1,,8450,3.61
grid2:norm,,,PR16_x1.25,holdout,4,1035,headon,vfield,48fbff4011,ok,0,0,0,0,0,0,1.2113,1.4472,2.7258,2.0438,1.555,1,1,,8450,3.65
grid2:norm,,,PR16_x1.25,holdout,4,1037,headon,vfield,48fbff4011,ok,0,0,0,0,0,0,1.9419,10.7186,2.7258,2.0438,1.555,1,1,,8450,3.66
grid2:norm,,,PR16_x1.25,holdout,4,1039,headon,vfield,48fbff4011,ok,1,0,0,0,1,0,0.8422,3.3383,2.7258,2.0438,1.555,1,1,23.16,8450,3.62
grid2:norm,,,PR16_x1.25,holdout,4,1041,headon,vfield,48fbff4011,ok,0,0,0,0,0,0,3.256,10.7188,2.7258,2.0438,1.555,1,1,,8450,3.63
grid2:norm,,,PR16_x1.25,holdout,4,1043,headon,vfield,48fbff4011,ok,0,0,0,0,0,0,3.0132,4.9284,2.7258,2.0438,1.555,1,1,,8450,3.59
grid2:norm,,,PR16_x1.25,holdout,4,1045,headon,vfield,48fbff4011,ok,0,0,0,0,0,0,2.8671,3.4687,2.7258,2.0438,1.555,1,1,,8450,3.59
grid2:norm,,,PR16_x1.25,holdout,4,1047,headon,vfield,48fbff4011,ok,0,0,0,0,0,0,5.0489,4.9908,2.7258,2.0438,1.555,1,1,,8450,3.61
grid2:norm,,,PR16_x1.25,holdout,4,1049,headon,vfield,48fbff4011,ok,0,0,0,0,0,0,2.8313,10.7181,2.7258,2.0438,1.555,1,1,,8450,3.62
grid2:norm,,,PR16_x1.25,holdout,4,1051,headon,vfield,48fbff4011,ok,0,0,0,0,0,0,4.5825,4.681,2.7258,2.0438,1.555,1,1,,8450,3.6
grid2:norm,,,PR16_x1.25,holdout,4,1053,headon,vfield,48fbff4011,ok,0,0,0,0,0,0,5.3624,3.8326,2.7258,2.0438,1.555,1,1,,8450,3.59
grid2:norm,,,PR16_x1.25,holdout,4,1055,headon,vfield,48fbff4011,ok,0,0,0,0,0,0,6.8831,8.0007,2.7258,2.0438,1.555,1,1,,8450,3.64
grid2:norm,,,PR16_x1.25,holdout,4,1057,headon,vfield,48fbff4011,ok,0,0,0,0,0,0,5.5655,9.178,2.7258,2.0438,1.555,1,1,,8450,3.61
grid2:norm,,,PR16_x1.25,holdout,4,1059,headon,vfield,48fbff4011,ok,0,0,0,0,0,0,5.8564,5.0192,2.7258,2.0438,1.555,1,1,,8450,3.63
grid2:norm,,,PR16_x1.5,holdout,4,1001,headon,vfield,226592b5eb,ok,0,0,0,0,0,0,1.0433,9.2949,2.7258,2.0438,1.555,1,1,,8450,3.59
grid2:norm,,,PR16_x1.5,holdout,4,1003,headon,vfield,226592b5eb,ok,0,0,0,0,0,0,4.1245,2.0037,2.7258,2.0438,1.555,1,1,,8450,3.58
grid2:norm,,,PR16_x1.5,holdout,4,1005,headon,vfield,226592b5eb,ok,0,0,0,0,0,0,6.1862,10.1467,2.7258,2.0438,1.555,1,1,,8450,3.65
grid2:norm,,,PR16_x1.5,holdout,4,1007,headon,vfield,226592b5eb,ok,0,0,0,0,0,0,3.0784,6.7776,2.7258,2.0438,1.555,1,1,,8450,3.62
grid2:norm,,,PR16_x1.5,holdout,4,1009,headon,vfield,226592b5eb,ok,0,0,0,0,0,0,4.0866,2.1039,2.7258,2.0438,1.555,1,1,,8450,3.61
grid2:norm,,,PR16_x1.5,holdout,4,1011,headon,vfield,226592b5eb,ok,0,0,0,0,0,0,2.8456,2.3119,2.7258,2.0438,1.555,1,1,,8450,3.64
grid2:norm,,,PR16_x1.5,holdout,4,1013,headon,vfield,226592b5eb,ok,0,0,0,0,0,0,8.8535,2.5873,2.7258,2.0438,1.555,1,1,,8450,3.61
grid2:norm,,,PR16_x1.5,holdout,4,1015,headon,vfield,226592b5eb,ok,0,0,0,0,0,0,5.8051,3.9013,2.7258,2.0438,1.555,1,1,,8450,3.6
grid2:norm,,,PR16_x1.5,holdout,4,1017,headon,vfield,226592b5eb,ok,0,0,0,0,0,0,5.5758,2.3215,2.7258,2.0438,1.555,1,1,,8450,3.63
grid2:norm,,,PR16_x1.5,holdout,4,1019,headon,vfield,226592b5eb,ok,0,0,0,0,0,0,3.3552,4.203,2.7258,2.0438,1.555,1,1,,8450,3.59
grid2:norm,,,PR16_x1.5,holdout,4,1021,headon,vfield,226592b5eb,ok,0,0,0,0,0,0,4.4222,2.7254,2.7258,2.0438,1.555,1,1,,8450,3.62
grid2:norm,,,PR16_x1.5,holdout,4,1023,headon,vfield,226592b5eb,ok,0,0,0,0,0,0,3.7211,6.5647,2.7258,2.0438,1.555,1,1,,8450,3.65
grid2:norm,,,PR16_x1.5,holdout,4,1025,headon,vfield,226592b5eb,ok,0,0,0,0,0,0,9.1675,3.286,2.7258,2.0438,1.555,1,1,,8450,3.64
grid2:norm,,,PR16_x1.5,holdout,4,1027,headon,vfield,226592b5eb,ok,0,0,0,0,0,0,6.8576,5.6378,2.7258,2.0438,1.555,1,1,,8450,3.64
grid2:norm,,,PR16_x1.5,holdout,4,1029,headon,vfield,226592b5eb,ok,0,0,0,0,0,0,7.1596,1.6108,2.7258,2.0438,1.555,1,1,,8450,3.61
grid2:norm,,,PR16_x1.5,holdout,4,1031,headon,vfield,226592b5eb,ok,0,0,0,0,0,0,1.243,2.5169,2.7258,2.0438,1.555,1,1,,8450,3.59
grid2:norm,,,PR16_x1.5,holdout,4,1033,headon,vfield,226592b5eb,ok,0,0,0,0,0,0,5.2378,1.422,2.7258,2.0438,1.555,1,1,,8450,3.62
grid2:norm,,,PR16_x1.5,holdout,4,1035,headon,vfield,226592b5eb,ok,0,0,0,0,0,0,1.211,9.2944,2.7258,2.0438,1.555,1,1,,8450,3.62
grid2:norm,,,PR16_x1.5,holdout,4,1037,headon,vfield,226592b5eb,ok,0,0,0,0,0,0,5.3289,2.0424,2.7258,2.0438,1.555,1,1,,8450,3.6
grid2:norm,,,PR16_x1.5,holdout,4,1039,headon,vfield,226592b5eb,ok,1,0,1,0,0,0,4.4541,0.614,2.7258,2.0438,1.555,1,1,10.68,8450,3.62
grid2:norm,,,PR16_x1.5,holdout,4,1041,headon,vfield,226592b5eb,ok,0,0,0,0,0,0,3.3634,9.9001,2.7258,2.0438,1.555,1,1,,8450,3.6
grid2:norm,,,PR16_x1.5,holdout,4,1043,headon,vfield,226592b5eb,ok,0,0,0,0,0,0,1.2322,1.177,2.7258,2.0438,1.555,1,1,,8450,3.62
grid2:norm,,,PR16_x1.5,holdout,4,1045,headon,vfield,226592b5eb,ok,0,0,0,0,0,0,7.8146,3.0275,2.7258,2.0438,1.555,1,1,,8450,3.63
grid2:norm,,,PR16_x1.5,holdout,4,1047,headon,vfield,226592b5eb,ok,0,0,0,0,0,0,7.449,4.3209,2.7258,2.0438,1.555,1,1,,8450,3.66
grid2:norm,,,PR16_x1.5,holdout,4,1049,headon,vfield,226592b5eb,ok,0,0,0,0,0,0,4.1422,4.0311,2.7258,2.0438,1.555,1,1,,8450,3.61
grid2:norm,,,PR16_x1.5,holdout,4,1051,headon,vfield,226592b5eb,ok,1,0,1,0,0,0,3.2064,0.9066,2.7258,2.0438,1.555,1,1,11.24,8450,3.6
grid2:norm,,,PR16_x1.5,holdout,4,1053,headon,vfield,226592b5eb,ok,0,0,0,0,0,0,6.6369,1.1967,2.7258,2.0438,1.555,1,1,,8450,3.57
grid2:norm,,,PR16_x1.5,holdout,4,1055,headon,vfield,226592b5eb,ok,1,0,0,0,1,0,0.2887,7.3694,2.7258,2.0438,1.555,1,1,23.54,8450,3.63
grid2:norm,,,PR16_x1.5,holdout,4,1057,headon,vfield,226592b5eb,ok,0,0,0,0,0,0,1.5669,2.1909,2.7258,2.0438,1.555,1,1,,8450,3.61
grid2:norm,,,PR16_x1.5,holdout,4,1059,headon,vfield,226592b5eb,ok,0,0,0,0,0,0,5.5268,9.3824,2.7258,2.0438,1.555,1,1,,8450,3.61
grid2:norm,,,PR16_x2,holdout,4,1001,headon,vfield,d8e026763b,ok,1,0,0,0,1,0,0.267,1.379,2.7258,2.0438,1.555,1,1,33.62,8450,3.63
grid2:norm,,,PR16_x2,holdout,4,1003,headon,vfield,d8e026763b,ok,0,0,0,0,0,0,2.8198,1.6749,2.7258,2.0438,1.555,1,1,,8450,3.64
grid2:norm,,,PR16_x2,holdout,4,1005,headon,vfield,d8e026763b,ok,0,0,0,0,0,0,3.9586,3.5794,2.7258,2.0438,1.555,1,1,,8450,3.58
grid2:norm,,,PR16_x2,holdout,4,1007,headon,vfield,d8e026763b,ok,0,0,0,0,0,0,3.3333,3.6119,2.7258,2.0438,1.555,1,1,,8450,3.63
grid2:norm,,,PR16_x2,holdout,4,1009,headon,vfield,d8e026763b,ok,0,0,0,0,0,0,5.815,6.6208,2.7258,2.0438,1.555,1,1,,8450,3.6
grid2:norm,,,PR16_x2,holdout,4,1011,headon,vfield,d8e026763b,ok,0,0,0,0,0,0,4.7153,10.206,2.7258,2.0438,1.555,1,1,,8450,3.64
grid2:norm,,,PR16_x2,holdout,4,1013,headon,vfield,d8e026763b,ok,0,0,0,0,0,0,6.1094,3.707,2.7258,2.0438,1.555,1,1,,8450,3.6
grid2:norm,,,PR16_x2,holdout,4,1015,headon,vfield,d8e026763b,ok,0,0,0,0,0,0,6.5221,4.724,2.7258,2.0438,1.555,1,1,,8450,3.65
grid2:norm,,,PR16_x2,holdout,4,1017,headon,vfield,d8e026763b,ok,0,0,0,0,0,0,7.454,5.4079,2.7258,2.0438,1.555,1,1,,8450,3.61
grid2:norm,,,PR16_x2,holdout,4,1019,headon,vfield,d8e026763b,ok,0,0,0,0,0,0,5.2239,2.4254,2.7258,2.0438,1.555,1,1,,8450,3.63
grid2:norm,,,PR16_x2,holdout,4,1021,headon,vfield,d8e026763b,ok,0,0,0,0,0,0,7.6231,6.9562,2.7258,2.0438,1.555,1,1,,8450,3.63
grid2:norm,,,PR16_x2,holdout,4,1023,headon,vfield,d8e026763b,ok,0,0,0,0,0,0,4.2913,4.8967,2.7258,2.0438,1.555,1,1,,8450,3.61
grid2:norm,,,PR16_x2,holdout,4,1025,headon,vfield,d8e026763b,ok,0,0,0,0,0,0,8.8858,8.0921,2.7258,2.0438,1.555,1,1,,8450,3.63
grid2:norm,,,PR16_x2,holdout,4,1027,headon,vfield,d8e026763b,ok,0,0,0,0,0,0,6.6281,8.1939,2.7258,2.0438,1.555,1,1,,8450,3.59
grid2:norm,,,PR16_x2,holdout,4,1029,headon,vfield,d8e026763b,ok,0,0,0,0,0,0,2.9391,2.8985,2.7258,2.0438,1.555,1,1,,8450,3.62
grid2:norm,,,PR16_x2,holdout,4,1031,headon,vfield,d8e026763b,ok,0,0,0,0,0,0,2.2021,1.9607,2.7258,2.0438,1.555,1,1,,8450,3.63
grid2:norm,,,PR16_x2,holdout,4,1033,headon,vfield,d8e026763b,ok,0,0,0,0,0,0,4.4784,2.2843,2.7258,2.0438,1.555,1,1,,8450,3.61
grid2:norm,,,PR16_x2,holdout,4,1035,headon,vfield,d8e026763b,ok,1,0,0,0,1,0,0.5844,4.3071,2.7258,2.0438,1.555,1,1,23.36,8450,3.61
grid2:norm,,,PR16_x2,holdout,4,1037,headon,vfield,d8e026763b,ok,0,0,0,0,0,0,5.2567,6.7004,2.7258,2.0438,1.555,1,1,,8450,3.64
grid2:norm,,,PR16_x2,holdout,4,1039,headon,vfield,d8e026763b,ok,0,0,0,0,0,0,5.3577,3.36,2.7258,2.0438,1.555,1,1,,8450,3.61
grid2:norm,,,PR16_x2,holdout,4,1041,headon,vfield,d8e026763b,ok,0,0,0,0,0,0,4.9226,1.5573,2.7258,2.0438,1.555,1,1,,8450,3.62
grid2:norm,,,PR16_x2,holdout,4,1043,headon,vfield,d8e026763b,ok,0,0,0,0,0,0,2.3586,5.0187,2.7258,2.0438,1.555,1,1,,8450,3.58
grid2:norm,,,PR16_x2,holdout,4,1045,headon,vfield,d8e026763b,ok,0,0,0,0,0,0,4.4841,4.1758,2.7258,2.0438,1.555,1,1,,8450,3.61
grid2:norm,,,PR16_x2,holdout,4,1047,headon,vfield,d8e026763b,ok,0,0,0,0,0,0,4.7892,6.4043,2.7258,2.0438,1.555,1,1,,8450,3.61
grid2:norm,,,PR16_x2,holdout,4,1049,headon,vfield,d8e026763b,ok,0,0,0,0,0,0,5.2851,5.3368,2.7258,2.0438,1.555,1,1,,8450,3.61
grid2:norm,,,PR16_x2,holdout,4,1051,headon,vfield,d8e026763b,ok,0,0,0,0,0,0,7.0099,5.8347,2.7258,2.0438,1.555,1,1,,8450,3.61
grid2:norm,,,PR16_x2,holdout,4,1053,headon,vfield,d8e026763b,ok,0,0,0,0,0,0,5.7085,8.1141,2.7258,2.0438,1.555,1,1,,8450,3.65
grid2:norm,,,PR16_x2,holdout,4,1055,headon,vfield,d8e026763b,ok,0,0,0,0,0,0,3.284,3.3256,2.7258,2.0438,1.555,1,1,,8450,3.59
grid2:norm,,,PR16_x2,holdout,4,1057,headon,vfield,d8e026763b,ok,0,0,0,0,0,0,5.139,1.3144,2.7258,2.0438,1.555,1,1,,8450,3.59
grid2:norm,,,PR16_x2,holdout,4,1059,headon,vfield,d8e026763b,ok,0,0,0,0,0,0,4.4814,1.1649,2.7258,2.0438,1.555,1,1,,8450,3.63
grid2:norm,,,PR20_x0.5,holdout,4,1001,headon,vfield,9ade26f212,ok,0,0,0,0,0,0,2.2699,7.0932,2.7258,2.0438,1.555,1,1,,8450,3.61
grid2:norm,,,PR20_x0.5,holdout,4,1003,headon,vfield,9ade26f212,ok,0,0,0,0,0,0,5.332,6.7009,2.7258,2.0438,1.555,1,1,,8450,3.63
grid2:norm,,,PR20_x0.5,holdout,4,1005,headon,vfield,9ade26f212,ok,0,0,0,0,0,0,1.5985,4.7548,2.7258,2.0438,1.555,1,1,,8450,3.66
grid2:norm,,,PR20_x0.5,holdout,4,1007,headon,vfield,9ade26f212,ok,0,0,0,0,0,0,4.352,7.346,2.7258,2.0438,1.555,1,1,,8450,3.62
grid2:norm,,,PR20_x0.5,holdout,4,1009,headon,vfield,9ade26f212,ok,0,0,0,0,0,0,4.904,7.5077,2.7258,2.0438,1.555,1,1,,8450,3.61
grid2:norm,,,PR20_x0.5,holdout,4,1011,headon,vfield,9ade26f212,ok,0,0,0,0,0,0,3.3293,7.0689,2.7258,2.0438,1.555,1,1,,8450,3.6
grid2:norm,,,PR20_x0.5,holdout,4,1013,headon,vfield,9ade26f212,ok,0,0,0,0,0,0,4.4056,7.6904,2.7258,2.0438,1.555,1,1,,8450,3.63
grid2:norm,,,PR20_x0.5,holdout,4,1015,headon,vfield,9ade26f212,ok,0,0,0,0,0,0,7.2315,6.1918,2.7258,2.0438,1.555,1,1,,8450,3.6
grid2:norm,,,PR20_x0.5,holdout,4,1017,headon,vfield,9ade26f212,ok,0,0,0,0,0,0,3.4217,7.643,2.7258,2.0438,1.555,1,1,,8450,3.63
grid2:norm,,,PR20_x0.5,holdout,4,1019,headon,vfield,9ade26f212,ok,1,0,1,0,0,0,2.577,0.7983,2.7258,2.0438,1.555,1,1,18.55,8450,3.63
grid2:norm,,,PR20_x0.5,holdout,4,1021,headon,vfield,9ade26f212,ok,0,0,0,0,0,0,4.6076,7.2103,2.7258,2.0438,1.555,1,1,,8450,3.63
grid2:norm,,,PR20_x0.5,holdout,4,1023,headon,vfield,9ade26f212,ok,0,0,0,0,0,0,8.2126,4.367,2.7258,2.0438,1.555,1,1,,8450,3.62
grid2:norm,,,PR20_x0.5,holdout,4,1025,headon,vfield,9ade26f212,ok,0,0,0,0,0,0,7.9346,7.2588,2.7258,2.0438,1.555,1,1,,8450,3.64
grid2:norm,,,PR20_x0.5,holdout,4,1027,headon,vfield,9ade26f212,ok,0,0,0,0,0,0,5.4778,7.5489,2.7258,2.0438,1.555,1,1,,8450,3.63
grid2:norm,,,PR20_x0.5,holdout,4,1029,headon,vfield,9ade26f212,ok,0,0,0,0,0,0,3.8219,6.2629,2.7258,2.0438,1.555,1,1,,8450,3.59
grid2:norm,,,PR20_x0.5,holdout,4,1031,headon,vfield,9ade26f212,ok,0,0,0,0,0,0,2.786,6.3639,2.7258,2.0438,1.555,1,1,,8450,3.59
grid2:norm,,,PR20_x0.5,holdout,4,1033,headon,vfield,9ade26f212,ok,0,0,0,0,0,0,5.7409,6.1875,2.7258,2.0438,1.555,1,1,,8450,3.64
grid2:norm,,,PR20_x0.5,holdout,4,1035,headon,vfield,9ade26f212,ok,0,0,0,0,0,0,4.4701,4.2745,2.7258,2.0438,1.555,1,1,,8450,3.62
grid2:norm,,,PR20_x0.5,holdout,4,1037,headon,vfield,9ade26f212,ok,0,0,0,0,0,0,5.5771,6.1763,2.7258,2.0438,1.555,1,1,,8450,3.59
grid2:norm,,,PR20_x0.5,holdout,4,1039,headon,vfield,9ade26f212,ok,0,0,0,0,0,0,4.6831,7.8904,2.7258,2.0438,1.555,1,1,,8450,3.66
grid2:norm,,,PR20_x0.5,holdout,4,1041,headon,vfield,9ade26f212,ok,0,0,0,0,0,0,6.0416,1.2579,2.7258,2.0438,1.555,1,1,,8450,3.62
grid2:norm,,,PR20_x0.5,holdout,4,1043,headon,vfield,9ade26f212,ok,0,0,0,0,0,0,5.3649,5.7496,2.7258,2.0438,1.555,1,1,,8450,3.58
grid2:norm,,,PR20_x0.5,holdout,4,1045,headon,vfield,9ade26f212,ok,0,0,0,0,0,0,5.5131,6.1788,2.7258,2.0438,1.555,1,1,,8450,3.65
grid2:norm,,,PR20_x0.5,holdout,4,1047,headon,vfield,9ade26f212,ok,0,0,0,0,0,0,2.1426,6.4538,2.7258,2.0438,1.555,1,1,,8450,3.61
grid2:norm,,,PR20_x0.5,holdout,4,1049,headon,vfield,9ade26f212,ok,0,0,0,0,0,0,1.0846,3.4149,2.7258,2.0438,1.555,1,1,,8450,3.65
grid2:norm,,,PR20_x0.5,holdout,4,1051,headon,vfield,9ade26f212,ok,0,0,0,0,0,0,2.6029,9.8569,2.7258,2.0438,1.555,1,1,,8450,3.64
grid2:norm,,,PR20_x0.5,holdout,4,1053,headon,vfield,9ade26f212,ok,0,0,0,0,0,0,3.4023,6.701,2.7258,2.0438,1.555,1,1,,8450,3.66
grid2:norm,,,PR20_x0.5,holdout,4,1055,headon,vfield,9ade26f212,ok,0,0,0,0,0,0,7.1902,8.3183,2.7258,2.0438,1.555,1,1,,8450,3.58
grid2:norm,,,PR20_x0.5,holdout,4,1057,headon,vfield,9ade26f212,ok,0,0,0,0,0,0,3.5765,7.2208,2.7258,2.0438,1.555,1,1,,8450,3.62
grid2:norm,,,PR20_x0.5,holdout,4,1059,headon,vfield,9ade26f212,ok,1,0,0,1,0,0,0.4431,9.1811,2.7258,2.0438,1.555,1,1,26.11,8450,3.65
grid2:norm,,,PR20_x0.75,holdout,4,1001,headon,vfield,ba6bc6e212,ok,0,0,0,0,0,0,3.0203,7.7701,2.7258,2.0438,1.555,1,1,,8450,3.62
grid2:norm,,,PR20_x0.75,holdout,4,1003,headon,vfield,ba6bc6e212,ok,0,0,0,0,0,0,7.8578,6.1137,2.7258,2.0438,1.555,1,1,,8450,3.58
grid2:norm,,,PR20_x0.75,holdout,4,1005,headon,vfield,ba6bc6e212,ok,0,0,0,0,0,0,2.8205,6.8051,2.7258,2.0438,1.555,1,1,,8450,3.59
grid2:norm,,,PR20_x0.75,holdout,4,1007,headon,vfield,ba6bc6e212,ok,0,0,0,0,0,0,2.2963,6.3877,2.7258,2.0438,1.555,1,1,,8450,3.64
grid2:norm,,,PR20_x0.75,holdout,4,1009,headon,vfield,ba6bc6e212,ok,0,0,0,0,0,0,1.5043,5.4284,2.7258,2.0438,1.555,1,1,,8450,3.57
grid2:norm,,,PR20_x0.75,holdout,4,1011,headon,vfield,ba6bc6e212,ok,0,0,0,0,0,0,3.5338,5.7351,2.7258,2.0438,1.555,1,1,,8450,3.61
grid2:norm,,,PR20_x0.75,holdout,4,1013,headon,vfield,ba6bc6e212,ok,0,0,0,0,0,0,8.1072,5.3859,2.7258,2.0438,1.555,1,1,,8450,3.59
grid2:norm,,,PR20_x0.75,holdout,4,1015,headon,vfield,ba6bc6e212,ok,0,0,0,0,0,0,4.9382,5.2729,2.7258,2.0438,1.555,1,1,,8450,3.62
grid2:norm,,,PR20_x0.75,holdout,4,1017,headon,vfield,ba6bc6e212,ok,0,0,0,0,0,0,2.4039,6.1971,2.7258,2.0438,1.555,1,1,,8450,3.62
grid2:norm,,,PR20_x0.75,holdout,4,1019,headon,vfield,ba6bc6e212,ok,0,0,0,0,0,0,3.667,5.6807,2.7258,2.0438,1.555,1,1,,8450,3.62
grid2:norm,,,PR20_x0.75,holdout,4,1021,headon,vfield,ba6bc6e212,ok,0,0,0,0,0,0,8.9284,6.2297,2.7258,2.0438,1.555,1,1,,8450,3.61
grid2:norm,,,PR20_x0.75,holdout,4,1023,headon,vfield,ba6bc6e212,ok,0,0,0,0,0,0,2.9599,5.0921,2.7258,2.0438,1.555,1,1,,8450,3.67
grid2:norm,,,PR20_x0.75,holdout,4,1025,headon,vfield,ba6bc6e212,ok,0,0,0,0,0,0,3.1955,5.9006,2.7258,2.0438,1.555,1,1,,8450,3.61
grid2:norm,,,PR20_x0.75,holdout,4,1027,headon,vfield,ba6bc6e212,ok,0,0,0,0,0,0,2.311,3.1879,2.7258,2.0438,1.555,1,1,,8450,3.61
grid2:norm,,,PR20_x0.75,holdout,4,1029,headon,vfield,ba6bc6e212,ok,0,0,0,0,0,0,6.2286,5.8755,2.7258,2.0438,1.555,1,1,,8450,3.64
grid2:norm,,,PR20_x0.75,holdout,4,1031,headon,vfield,ba6bc6e212,ok,0,0,0,0,0,0,5.2234,7.5234,2.7258,2.0438,1.555,1,1,,8450,3.62
grid2:norm,,,PR20_x0.75,holdout,4,1033,headon,vfield,ba6bc6e212,ok,0,0,0,0,0,0,4.5062,1.5844,2.7258,2.0438,1.555,1,1,,8450,3.63
grid2:norm,,,PR20_x0.75,holdout,4,1035,headon,vfield,ba6bc6e212,ok,0,0,0,0,0,0,2.1422,5.3039,2.7258,2.0438,1.555,1,1,,8450,3.65
grid2:norm,,,PR20_x0.75,holdout,4,1037,headon,vfield,ba6bc6e212,ok,1,0,1,0,0,0,2.2702,0.4752,2.7258,2.0438,1.555,1,1,15.41,8450,3.65
grid2:norm,,,PR20_x0.75,holdout,4,1039,headon,vfield,ba6bc6e212,ok,0,0,0,0,0,0,3.3534,5.2165,2.7258,2.0438,1.555,1,1,,8450,3.65
grid2:norm,,,PR20_x0.75,holdout,4,1041,headon,vfield,ba6bc6e212,ok,0,0,0,0,0,0,6.9246,7.4738,2.7258,2.0438,1.555,1,1,,8450,3.66
grid2:norm,,,PR20_x0.75,holdout,4,1043,headon,vfield,ba6bc6e212,ok,0,0,0,0,0,0,7.2053,6.082,2.7258,2.0438,1.555,1,1,,8450,3.64
grid2:norm,,,PR20_x0.75,holdout,4,1045,headon,vfield,ba6bc6e212,ok,0,0,0,0,0,0,6.0596,6.2326,2.7258,2.0438,1.555,1,1,,8450,3.61
grid2:norm,,,PR20_x0.75,holdout,4,1047,headon,vfield,ba6bc6e212,ok,0,0,0,0,0,0,1.4938,2.5398,2.7258,2.0438,1.555,1,1,,8450,3.61
grid2:norm,,,PR20_x0.75,holdout,4,1049,headon,vfield,ba6bc6e212,ok,0,0,0,0,0,0,4.8531,5.0933,2.7258,2.0438,1.555,1,1,,8450,3.66
grid2:norm,,,PR20_x0.75,holdout,4,1051,headon,vfield,ba6bc6e212,ok,1,0,0,1,0,0,0.3123,5.9058,2.7258,2.0438,1.555,1,1,-27.13,8450,3.61
grid2:norm,,,PR20_x0.75,holdout,4,1053,headon,vfield,ba6bc6e212,ok,0,0,0,0,0,0,7.3023,7.8266,2.7258,2.0438,1.555,1,1,,8450,3.65
grid2:norm,,,PR20_x0.75,holdout,4,1055,headon,vfield,ba6bc6e212,ok,0,0,0,0,0,0,6.4206,6.9709,2.7258,2.0438,1.555,1,1,,8450,3.61
grid2:norm,,,PR20_x0.75,holdout,4,1057,headon,vfield,ba6bc6e212,ok,1,0,1,0,0,0,6.456,0.2696,2.7258,2.0438,1.555,1,1,15.37,8450,3.57
grid2:norm,,,PR20_x0.75,holdout,4,1059,headon,vfield,ba6bc6e212,ok,0,0,0,0,0,0,4.3607,5.9159,2.7258,2.0438,1.555,1,1,,8450,3.64
grid2:norm,,,PR20_x1,holdout,4,1001,headon,vfield,135bd37912,ok,0,0,0,0,0,0,7.86,4.4695,2.7258,2.0438,1.555,1,1,,8450,3.64
grid2:norm,,,PR20_x1,holdout,4,1003,headon,vfield,135bd37912,ok,0,0,0,0,0,0,3.9415,3.3176,2.7258,2.0438,1.555,1,1,,8450,3.58
grid2:norm,,,PR20_x1,holdout,4,1005,headon,vfield,135bd37912,ok,0,0,0,0,0,0,2.378,6.0487,2.7258,2.0438,1.555,1,1,,8450,3.67
grid2:norm,,,PR20_x1,holdout,4,1007,headon,vfield,135bd37912,ok,0,0,0,0,0,0,5.8173,5.5136,2.7258,2.0438,1.555,1,1,,8450,3.57
grid2:norm,,,PR20_x1,holdout,4,1009,headon,vfield,135bd37912,ok,0,0,0,0,0,0,6.5714,4.7611,2.7258,2.0438,1.555,1,1,,8450,3.6
grid2:norm,,,PR20_x1,holdout,4,1011,headon,vfield,135bd37912,ok,0,0,0,0,0,0,4.7295,4.1634,2.7258,2.0438,1.555,1,1,,8450,3.66
grid2:norm,,,PR20_x1,holdout,4,1013,headon,vfield,135bd37912,ok,0,0,0,0,0,0,6.2296,5.1143,2.7258,2.0438,1.555,1,1,,8450,3.58
grid2:norm,,,PR20_x1,holdout,4,1015,headon,vfield,135bd37912,ok,0,0,0,0,0,0,7.3618,5.1668,2.7258,2.0438,1.555,1,1,,8450,3.6
grid2:norm,,,PR20_x1,holdout,4,1017,headon,vfield,135bd37912,ok,0,0,0,0,0,0,4.5783,7.8061,2.7258,2.0438,1.555,1,1,,8450,3.6
grid2:norm,,,PR20_x1,holdout,4,1019,headon,vfield,135bd37912,ok,0,0,0,0,0,0,6.3738,5.3597,2.7258,2.0438,1.555,1,1,,8450,3.6
grid2:norm,,,PR20_x1,holdout,4,1021,headon,vfield,135bd37912,ok,0,0,0,0,0,0,8.163,7.6099,2.7258,2.0438,1.555,1,1,,8450,3.69
grid2:norm,,,PR20_x1,holdout,4,1023,headon,vfield,135bd37912,ok,0,0,0,0,0,0,5.647,5.0047,2.7258,2.0438,1.555,1,1,,8450,3.6
grid2:norm,,,PR20_x1,holdout,4,1025,headon,vfield,135bd37912,ok,0,0,0,0,0,0,7.3465,3.1545,2.7258,2.0438,1.555,1,1,,8450,3.6
grid2:norm,,,PR20_x1,holdout,4,1027,headon,vfield,135bd37912,ok,0,0,0,0,0,0,4.2828,4.1991,2.7258,2.0438,1.555,1,1,,8450,3.64
grid2:norm,,,PR20_x1,holdout,4,1029,headon,vfield,135bd37912,ok,0,0,0,0,0,0,2.0787,2.6207,2.7258,2.0438,1.555,1,1,,8450,3.65
grid2:norm,,,PR20_x1,holdout,4,1031,headon,vfield,135bd37912,ok,0,0,0,0,0,0,6.8585,8.2504,2.7258,2.0438,1.555,1,1,,8450,3.6
grid2:norm,,,PR20_x1,holdout,4,1033,headon,vfield,135bd37912,ok,0,0,0,0,0,0,6.0255,4.759,2.7258,2.0438,1.555,1,1,,8450,3.65
grid2:norm,,,PR20_x1,holdout,4,1035,headon,vfield,135bd37912,ok,0,0,0,0,0,0,5.236,9.1169,2.7258,2.0438,1.555,1,1,,8450,3.6
grid2:norm,,,PR20_x1,holdout,4,1037,headon,vfield,135bd37912,ok,0,0,0,0,0,0,5.1832,5.3165,2.7258,2.0438,1.555,1,1,,8450,3.59
grid2:norm,,,PR20_x1,holdout,4,1039,headon,vfield,135bd37912,ok,0,0,0,0,0,0,1.3603,1.9289,2.7258,2.0438,1.555,1,1,,8450,3.61
grid2:norm,,,PR20_x1,holdout,4,1041,headon,vfield,135bd37912,ok,0,0,0,0,0,0,5.4375,5.4459,2.7258,2.0438,1.555,1,1,,8450,3.63
grid2:norm,,,PR20_x1,holdout,4,1043,headon,vfield,135bd37912,ok,0,0,0,0,0,0,5.6962,3.3085,2.7258,2.0438,1.555,1,1,,8450,3.61
grid2:norm,,,PR20_x1,holdout,4,1045,headon,vfield,135bd37912,ok,0,0,0,0,0,0,7.4151,3.2833,2.7258,2.0438,1.555,1,1,,8450,3.66
grid2:norm,,,PR20_x1,holdout,4,1047,headon,vfield,135bd37912,ok,0,0,0,0,0,0,6.736,3.8034,2.7258,2.0438,1.555,1,1,,8450,3.62
grid2:norm,,,PR20_x1,holdout,4,1049,headon,vfield,135bd37912,ok,0,0,0,0,0,0,7.1836,1.7113,2.7258,2.0438,1.555,1,1,,8450,3.61
grid2:norm,,,PR20_x1,holdout,4,1051,headon,vfield,135bd37912,ok,0,0,0,0,0,0,4.6614,3.9795,2.7258,2.0438,1.555,1,1,,8450,3.65
grid2:norm,,,PR20_x1,holdout,4,1053,headon,vfield,135bd37912,ok,0,0,0,0,0,0,6.5402,5.5719,2.7258,2.0438,1.555,1,1,,8450,3.58
grid2:norm,,,PR20_x1,holdout,4,1055,headon,vfield,135bd37912,ok,0,0,0,0,0,0,4.1509,8.4895,2.7258,2.0438,1.555,1,1,,8450,3.65
grid2:norm,,,PR20_x1,holdout,4,1057,headon,vfield,135bd37912,ok,0,0,0,0,0,0,7.049,7.5781,2.7258,2.0438,1.555,1,1,,8450,3.6
grid2:norm,,,PR20_x1,holdout,4,1059,headon,vfield,135bd37912,ok,0,0,0,0,0,0,5.6314,3.2875,2.7258,2.0438,1.555,1,1,,8450,3.61
grid2:norm,,,PR20_x1.25,holdout,4,1001,headon,vfield,71dd7d78da,ok,0,0,0,0,0,0,7.9167,13.6415,2.7258,2.0438,1.555,1,1,,8450,3.62
grid2:norm,,,PR20_x1.25,holdout,4,1003,headon,vfield,71dd7d78da,ok,0,0,0,0,0,0,3.1838,5.3751,2.7258,2.0438,1.555,1,1,,8450,3.62
grid2:norm,,,PR20_x1.25,holdout,4,1005,headon,vfield,71dd7d78da,ok,0,0,0,0,0,0,7.0319,5.4283,2.7258,2.0438,1.555,1,1,,8450,3.59
grid2:norm,,,PR20_x1.25,holdout,4,1007,headon,vfield,71dd7d78da,ok,0,0,0,0,0,0,4.6695,3.9076,2.7258,2.0438,1.555,1,1,,8450,3.64
grid2:norm,,,PR20_x1.25,holdout,4,1009,headon,vfield,71dd7d78da,ok,0,0,0,0,0,0,1.4646,7.486,2.7258,2.0438,1.555,1,1,,8450,3.61
grid2:norm,,,PR20_x1.25,holdout,4,1011,headon,vfield,71dd7d78da,ok,0,0,0,0,0,0,7.7896,2.9541,2.7258,2.0438,1.555,1,1,,8450,3.59
grid2:norm,,,PR20_x1.25,holdout,4,1013,headon,vfield,71dd7d78da,ok,0,0,0,0,0,0,3.3526,5.8635,2.7258,2.0438,1.555,1,1,,8450,3.59
grid2:norm,,,PR20_x1.25,holdout,4,1015,headon,vfield,71dd7d78da,ok,0,0,0,0,0,0,5.4733,5.2707,2.7258,2.0438,1.555,1,1,,8450,3.61
grid2:norm,,,PR20_x1.25,holdout,4,1017,headon,vfield,71dd7d78da,ok,0,0,0,0,0,0,8.4405,5.4783,2.7258,2.0438,1.555,1,1,,8450,3.64
grid2:norm,,,PR20_x1.25,holdout,4,1019,headon,vfield,71dd7d78da,ok,0,0,0,0,0,0,6.7341,5.2025,2.7258,2.0438,1.555,1,1,,8450,3.63
grid2:norm,,,PR20_x1.25,holdout,4,1021,headon,vfield,71dd7d78da,ok,0,0,0,0,0,0,7.8454,4.918,2.7258,2.0438,1.555,1,1,,8450,3.57
grid2:norm,,,PR20_x1.25,holdout,4,1023,headon,vfield,71dd7d78da,ok,0,0,0,0,0,0,6.5652,8.5406,2.7258,2.0438,1.555,1,1,,8450,3.59
grid2:norm,,,PR20_x1.25,holdout,4,1025,headon,vfield,71dd7d78da,ok,0,0,0,0,0,0,4.3758,5.8916,2.7258,2.0438,1.555,1,1,,8450,3.62
grid2:norm,,,PR20_x1.25,holdout,4,1027,headon,vfield,71dd7d78da,ok,0,0,0,0,0,0,7.6236,7.2456,2.7258,2.0438,1.555,1,1,,8450,3.62
grid2:norm,,,PR20_x1.25,holdout,4,1029,headon,vfield,71dd7d78da,ok,0,0,0,0,0,0,8.4399,10.8161,2.7258,2.0438,1.555,1,1,,8450,3.63
grid2:norm,,,PR20_x1.25,holdout,4,1031,headon,vfield,71dd7d78da,ok,0,0,0,0,0,0,6.2395,8.3871,2.7258,2.0438,1.555,1,1,,8450,3.71
grid2:norm,,,PR20_x1.25,holdout,4,1033,headon,vfield,71dd7d78da,ok,0,0,0,0,0,0,5.908,5.1968,2.7258,2.0438,1.555,1,1,,8450,3.64
grid2:norm,,,PR20_x1.25,holdout,4,1035,headon,vfield,71dd7d78da,ok,0,0,0,0,0,0,7.8361,1.6959,2.7258,2.0438,1.555,1,1,,8450,3.79
grid2:norm,,,PR20_x1.25,holdout,4,1037,headon,vfield,71dd7d78da,ok,0,0,0,0,0,0,5.7518,7.6651,2.7258,2.0438,1.555,1,1,,8450,3.68
grid2:norm,,,PR20_x1.25,holdout,4,1039,headon,vfield,71dd7d78da,ok,0,0,0,0,0,0,5.3853,2.7115,2.7258,2.0438,1.555,1,1,,8450,3.67
grid2:norm,,,PR20_x1.25,holdout,4,1041,headon,vfield,71dd7d78da,ok,0,0,0,0,0,0,6.6252,6.9757,2.7258,2.0438,1.555,1,1,,8450,3.67
grid2:norm,,,PR20_x1.25,holdout,4,1043,headon,vfield,71dd7d78da,ok,0,0,0,0,0,0,7.4977,5.0806,2.7258,2.0438,1.555,1,1,,8450,3.62
grid2:norm,,,PR20_x1.25,holdout,4,1045,headon,vfield,71dd7d78da,ok,0,0,0,0,0,0,6.8927,2.1068,2.7258,2.0438,1.555,1,1,,8450,3.68
grid2:norm,,,PR20_x1.25,holdout,4,1047,headon,vfield,71dd7d78da,ok,0,0,0,0,0,0,6.7205,7.2187,2.7258,2.0438,1.555,1,1,,8450,3.64
grid2:norm,,,PR20_x1.25,holdout,4,1049,headon,vfield,71dd7d78da,ok,0,0,0,0,0,0,6.5453,4.7396,2.7258,2.0438,1.555,1,1,,8450,3.64
grid2:norm,,,PR20_x1.25,holdout,4,1051,headon,vfield,71dd7d78da,ok,0,0,0,0,0,0,7.1874,5.4596,2.7258,2.0438,1.555,1,1,,8450,3.65
grid2:norm,,,PR20_x1.25,holdout,4,1053,headon,vfield,71dd7d78da,ok,0,0,0,0,0,0,7.1261,8.0706,2.7258,2.0438,1.555,1,1,,8450,3.65
grid2:norm,,,PR20_x1.25,holdout,4,1055,headon,vfield,71dd7d78da,ok,0,0,0,0,0,0,5.4165,3.7504,2.7258,2.0438,1.555,1,1,,8450,3.58
grid2:norm,,,PR20_x1.25,holdout,4,1057,headon,vfield,71dd7d78da,ok,0,0,0,0,0,0,5.1052,7.2639,2.7258,2.0438,1.555,1,1,,8450,3.62
grid2:norm,,,PR20_x1.25,holdout,4,1059,headon,vfield,71dd7d78da,ok,0,0,0,0,0,0,6.3812,6.5386,2.7258,2.0438,1.555,1,1,,8450,3.64
grid2:norm,,,PR20_x1.5,holdout,4,1001,headon,vfield,d814c983e3,ok,0,0,0,0,0,0,7.944,4.8293,2.7258,2.0438,1.555,1,1,,8450,3.63
grid2:norm,,,PR20_x1.5,holdout,4,1003,headon,vfield,d814c983e3,ok,0,0,0,0,0,0,6.946,4.6285,2.7258,2.0438,1.555,1,1,,8450,3.6
grid2:norm,,,PR20_x1.5,holdout,4,1005,headon,vfield,d814c983e3,ok,0,0,0,0,0,0,7.3285,10.7297,2.7258,2.0438,1.555,1,1,,8450,3.62
grid2:norm,,,PR20_x1.5,holdout,4,1007,headon,vfield,d814c983e3,ok,0,0,0,0,0,0,4.562,6.416,2.7258,2.0438,1.555,1,1,,8450,3.61
grid2:norm,,,PR20_x1.5,holdout,4,1009,headon,vfield,d814c983e3,ok,0,0,0,0,0,0,6.9958,5.655,2.7258,2.0438,1.555,1,1,,8450,3.57
grid2:norm,,,PR20_x1.5,holdout,4,1011,headon,vfield,d814c983e3,ok,0,0,0,0,0,0,7.9753,10.1003,2.7258,2.0438,1.555,1,1,,8450,3.65
grid2:norm,,,PR20_x1.5,holdout,4,1013,headon,vfield,d814c983e3,ok,0,0,0,0,0,0,7.5546,7.4395,2.7258,2.0438,1.555,1,1,,8450,3.61
grid2:norm,,,PR20_x1.5,holdout,4,1015,headon,vfield,d814c983e3,ok,0,0,0,0,0,0,8.1516,7.7588,2.7258,2.0438,1.555,1,1,,8450,3.61
grid2:norm,,,PR20_x1.5,holdout,4,1017,headon,vfield,d814c983e3,ok,0,0,0,0,0,0,6.8204,10.4408,2.7258,2.0438,1.555,1,1,,8450,3.6
grid2:norm,,,PR20_x1.5,holdout,4,1019,headon,vfield,d814c983e3,ok,0,0,0,0,0,0,6.5499,4.9443,2.7258,2.0438,1.555,1,1,,8450,3.62
grid2:norm,,,PR20_x1.5,holdout,4,1021,headon,vfield,d814c983e3,ok,0,0,0,0,0,0,2.7056,2.5868,2.7258,2.0438,1.555,1,1,,8450,3.65
grid2:norm,,,PR20_x1.5,holdout,4,1023,headon,vfield,d814c983e3,ok,0,0,0,0,0,0,6.8491,9.0583,2.7258,2.0438,1.555,1,1,,8450,3.63
grid2:norm,,,PR20_x1.5,holdout,4,1025,headon,vfield,d814c983e3,ok,0,0,0,0,0,0,5.6943,6.7834,2.7258,2.0438,1.555,1,1,,8450,3.61
grid2:norm,,,PR20_x1.5,holdout,4,1027,headon,vfield,d814c983e3,ok,0,0,0,0,0,0,7.8047,11.2724,2.7258,2.0438,1.555,1,1,,8450,3.6
grid2:norm,,,PR20_x1.5,holdout,4,1029,headon,vfield,d814c983e3,ok,0,0,0,0,0,0,8.6787,13.0939,2.7258,2.0438,1.555,1,1,,8450,3.62
grid2:norm,,,PR20_x1.5,holdout,4,1031,headon,vfield,d814c983e3,ok,0,0,0,0,0,0,4.8184,5.5413,2.7258,2.0438,1.555,1,1,,8450,3.59
grid2:norm,,,PR20_x1.5,holdout,4,1033,headon,vfield,d814c983e3,ok,0,0,0,0,0,0,5.6965,4.0751,2.7258,2.0438,1.555,1,1,,8450,3.62
grid2:norm,,,PR20_x1.5,holdout,4,1035,headon,vfield,d814c983e3,ok,0,0,0,0,0,0,7.2478,5.8589,2.7258,2.0438,1.555,1,1,,8450,3.61
grid2:norm,,,PR20_x1.5,holdout,4,1037,headon,vfield,d814c983e3,ok,0,0,0,0,0,0,6.3028,3.3378,2.7258,2.0438,1.555,1,1,,8450,3.59
grid2:norm,,,PR20_x1.5,holdout,4,1039,headon,vfield,d814c983e3,ok,0,0,0,0,0,0,5.0581,6.0411,2.7258,2.0438,1.555,1,1,,8450,3.61
grid2:norm,,,PR20_x1.5,holdout,4,1041,headon,vfield,d814c983e3,ok,0,0,0,0,0,0,6.6046,5.4547,2.7258,2.0438,1.555,1,1,,8450,3.58
grid2:norm,,,PR20_x1.5,holdout,4,1043,headon,vfield,d814c983e3,ok,0,0,0,0,0,0,5.5743,8.7732,2.7258,2.0438,1.555,1,1,,8450,3.63
grid2:norm,,,PR20_x1.5,holdout,4,1045,headon,vfield,d814c983e3,ok,0,0,0,0,0,0,5.3672,4.616,2.7258,2.0438,1.555,1,1,,8450,3.6
grid2:norm,,,PR20_x1.5,holdout,4,1047,headon,vfield,d814c983e3,ok,0,0,0,0,0,0,8.7926,8.0843,2.7258,2.0438,1.555,1,1,,8450,3.63
grid2:norm,,,PR20_x1.5,holdout,4,1049,headon,vfield,d814c983e3,ok,0,0,0,0,0,0,6.3701,1.9994,2.7258,2.0438,1.555,1,1,,8450,3.62
grid2:norm,,,PR20_x1.5,holdout,4,1051,headon,vfield,d814c983e3,ok,0,0,0,0,0,0,8.6067,7.8249,2.7258,2.0438,1.555,1,1,,8450,3.63
grid2:norm,,,PR20_x1.5,holdout,4,1053,headon,vfield,d814c983e3,ok,0,0,0,0,0,0,8.1032,8.1009,2.7258,2.0438,1.555,1,1,,8450,3.64
grid2:norm,,,PR20_x1.5,holdout,4,1055,headon,vfield,d814c983e3,ok,0,0,0,0,0,0,9.4531,2.4666,2.7258,2.0438,1.555,1,1,,8450,3.63
grid2:norm,,,PR20_x1.5,holdout,4,1057,headon,vfield,d814c983e3,ok,1,0,1,0,0,0,5.7655,0.4893,2.7258,2.0438,1.555,1,1,20.66,8450,3.6
grid2:norm,,,PR20_x1.5,holdout,4,1059,headon,vfield,d814c983e3,ok,0,0,0,0,0,0,6.0027,7.7375,2.7258,2.0438,1.555,1,1,,8450,3.65
grid2:norm,,,PR20_x2,holdout,4,1001,headon,vfield,c71c16928d,ok,0,0,0,0,0,0,9.7194,8.5288,2.7258,2.0438,1.555,1,1,,8450,3.64
grid2:norm,,,PR20_x2,holdout,4,1003,headon,vfield,c71c16928d,ok,0,0,0,0,0,0,10.1509,1.5221,2.7258,2.0438,1.555,1,1,,8450,3.62
grid2:norm,,,PR20_x2,holdout,4,1005,headon,vfield,c71c16928d,ok,0,0,0,0,0,0,6.7061,7.0194,2.7258,2.0438,1.555,1,1,,8450,3.58
grid2:norm,,,PR20_x2,holdout,4,1007,headon,vfield,c71c16928d,ok,0,0,0,0,0,0,8.3046,2.6567,2.7258,2.0438,1.555,1,1,,8450,3.6
grid2:norm,,,PR20_x2,holdout,4,1009,headon,vfield,c71c16928d,ok,0,0,0,0,0,0,10.5999,8.5017,2.7258,2.0438,1.555,1,1,,8450,3.64
grid2:norm,,,PR20_x2,holdout,4,1011,headon,vfield,c71c16928d,ok,0,0,0,0,0,0,5.1762,6.7795,2.7258,2.0438,1.555,1,1,,8450,3.61
grid2:norm,,,PR20_x2,holdout,4,1013,headon,vfield,c71c16928d,ok,0,0,0,0,0,0,7.7187,6.436,2.7258,2.0438,1.555,1,1,,8450,3.64
grid2:norm,,,PR20_x2,holdout,4,1015,headon,vfield,c71c16928d,ok,0,0,0,0,0,0,7.6738,2.9756,2.7258,2.0438,1.555,1,1,,8450,3.63
grid2:norm,,,PR20_x2,holdout,4,1017,headon,vfield,c71c16928d,ok,0,0,0,0,0,0,7.1398,10.0109,2.7258,2.0438,1.555,1,1,,8450,3.61
grid2:norm,,,PR20_x2,holdout,4,1019,headon,vfield,c71c16928d,ok,0,0,0,0,0,0,5.363,2.4738,2.7258,2.0438,1.555,1,1,,8450,3.64
grid2:norm,,,PR20_x2,holdout,4,1021,headon,vfield,c71c16928d,ok,0,0,0,0,0,0,8.4273,1.7394,2.7258,2.0438,1.555,1,1,,8450,3.62
grid2:norm,,,PR20_x2,holdout,4,1023,headon,vfield,c71c16928d,ok,0,0,0,0,0,0,9.9366,10.9024,2.7258,2.0438,1.555,1,1,,8450,3.62
grid2:norm,,,PR20_x2,holdout,4,1025,headon,vfield,c71c16928d,ok,0,0,0,0,0,0,8.0698,4.0407,2.7258,2.0438,1.555,1,1,,8450,3.62
grid2:norm,,,PR20_x2,holdout,4,1027,headon,vfield,c71c16928d,ok,0,0,0,0,0,0,6.815,8.5231,2.7258,2.0438,1.555,1,1,,8450,3.65
grid2:norm,,,PR20_x2,holdout,4,1029,headon,vfield,c71c16928d,ok,0,0,0,0,0,0,10.7444,9.3044,2.7258,2.0438,1.555,1,1,,8450,3.61
grid2:norm,,,PR20_x2,holdout,4,1031,headon,vfield,c71c16928d,ok,0,0,0,0,0,0,8.761,4.5217,2.7258,2.0438,1.555,1,1,,8450,3.61
grid2:norm,,,PR20_x2,holdout,4,1033,headon,vfield,c71c16928d,ok,0,0,0,0,0,0,5.2733,4.5539,2.7258,2.0438,1.555,1,1,,8450,3.62
grid2:norm,,,PR20_x2,holdout,4,1035,headon,vfield,c71c16928d,ok,0,0,0,0,0,0,5.9171,13.2397,2.7258,2.0438,1.555,1,1,,8450,3.63
grid2:norm,,,PR20_x2,holdout,4,1037,headon,vfield,c71c16928d,ok,0,0,0,0,0,0,7.6939,4.2725,2.7258,2.0438,1.555,1,1,,8450,3.61
grid2:norm,,,PR20_x2,holdout,4,1039,headon,vfield,c71c16928d,ok,0,0,0,0,0,0,6.0287,10.897,2.7258,2.0438,1.555,1,1,,8450,3.63
grid2:norm,,,PR20_x2,holdout,4,1041,headon,vfield,c71c16928d,ok,0,0,0,0,0,0,5.0045,9.4031,2.7258,2.0438,1.555,1,1,,8450,3.6
grid2:norm,,,PR20_x2,holdout,4,1043,headon,vfield,c71c16928d,ok,0,0,0,0,0,0,5.5994,7.6336,2.7258,2.0438,1.555,1,1,,8450,3.59
grid2:norm,,,PR20_x2,holdout,4,1045,headon,vfield,c71c16928d,ok,1,0,1,0,0,0,8.1174,0.7559,2.7258,2.0438,1.555,1,1,28.33,8450,3.57
grid2:norm,,,PR20_x2,holdout,4,1047,headon,vfield,c71c16928d,ok,0,0,0,0,0,0,8.7324,6.6745,2.7258,2.0438,1.555,1,1,,8450,3.61
grid2:norm,,,PR20_x2,holdout,4,1049,headon,vfield,c71c16928d,ok,0,0,0,0,0,0,5.7244,5.1497,2.7258,2.0438,1.555,1,1,,8450,3.63
grid2:norm,,,PR20_x2,holdout,4,1051,headon,vfield,c71c16928d,ok,0,0,0,0,0,0,11.7176,1.9785,2.7258,2.0438,1.555,1,1,,8450,3.57
grid2:norm,,,PR20_x2,holdout,4,1053,headon,vfield,c71c16928d,ok,0,0,0,0,0,0,7.6663,5.0627,2.7258,2.0438,1.555,1,1,,8450,3.66
grid2:norm,,,PR20_x2,holdout,4,1055,headon,vfield,c71c16928d,ok,0,0,0,0,0,0,8.3055,6.8326,2.7258,2.0438,1.555,1,1,,8450,3.62
grid2:norm,,,PR20_x2,holdout,4,1057,headon,vfield,c71c16928d,ok,0,0,0,0,0,0,7.0987,5.2579,2.7258,2.0438,1.555,1,1,,8450,3.64
grid2:norm,,,PR20_x2,holdout,4,1059,headon,vfield,c71c16928d,ok,0,0,0,0,0,0,9.5625,1.2956,2.7258,2.0438,1.555,1,1,,8450,3.61
