mode,param,value,label,split,nFan,seed,geometry,guidance,configHash,status,totalCollisions,fanOwnCap,fanForeignCap,fanFanSame,fanFanCross,leaderLeader,minFanFanGap,minFanCapGap,minLeaderGap,redRMS,goldRMS,redArrived,goldArrived,firstCollisionRelCPA,steps,runtimeSec
grid2:flatNS,,,PR8_x0.5,holdout,3,1001,headon,vfield,711863da3c,ok,0,0,0,0,0,0,2.4751,2.6437,2.7258,2.0438,1.555,1,1,,8450,3.68
grid2:flatNS,,,PR8_x0.5,holdout,3,1003,headon,vfield,711863da3c,ok,1,0,0,0,1,0,0.2198,3.4288,2.7258,2.0438,1.555,1,1,-0.3,8450,4.0
grid2:flatNS,,,PR8_x0.5,holdout,3,1005,headon,vfield,711863da3c,ok,1,0,1,0,0,0,3.3529,0.7549,2.7258,2.0438,1.555,1,1,6.91,8450,3.48
grid2:flatNS,,,PR8_x0.5,holdout,3,1007,headon,vfield,711863da3c,ok,1,0,1,0,0,0,3.4543,0.0781,2.7258,2.0438,1.555,1,1,13.05,8450,3.52
grid2:flatNS,,,PR8_x0.5,holdout,3,1009,headon,vfield,711863da3c,ok,1,0,1,0,0,0,2.6961,0.5093,2.7258,2.0438,1.555,1,1,3.77,8450,3.53
grid2:flatNS,,,PR8_x0.5,holdout,3,1011,headon,vfield,711863da3c,ok,1,0,0,0,1,0,0.9658,1.5255,2.7258,2.0438,1.555,1,1,21.86,8450,3.46
grid2:flatNS,,,PR8_x0.5,holdout,3,1013,headon,vfield,711863da3c,ok,2,1,1,0,0,0,3.13,0.0534,2.7258,2.0438,1.555,1,1,6.63,8450,3.46
grid2:flatNS,,,PR8_x0.5,holdout,3,1015,headon,vfield,711863da3c,ok,1,0,1,0,0,0,3.0169,0.0524,2.7258,2.0438,1.555,1,1,6.3,8450,3.44
grid2:flatNS,,,PR8_x0.5,holdout,3,1017,headon,vfield,711863da3c,ok,1,0,1,0,0,0,2.0364,0.9414,2.7258,2.0438,1.555,1,1,17.3,8450,3.46
grid2:flatNS,,,PR8_x0.5,holdout,3,1019,headon,vfield,711863da3c,ok,1,0,1,0,0,0,3.3292,0.2268,2.7258,2.0438,1.555,1,1,5.58,8450,3.52
grid2:flatNS,,,PR8_x0.5,holdout,3,1021,headon,vfield,711863da3c,ok,0,0,0,0,0,0,5.0539,3.3217,2.7258,2.0438,1.555,1,1,,8450,3.47
grid2:flatNS,,,PR8_x0.5,holdout,3,1023,headon,vfield,711863da3c,ok,0,0,0,0,0,0,4.767,1.8423,2.7258,2.0438,1.555,1,1,,8450,3.47
grid2:flatNS,,,PR8_x0.5,holdout,3,1025,headon,vfield,711863da3c,ok,2,0,1,0,1,0,0.1349,0.6291,2.7258,2.0438,1.555,1,1,15.79,8450,3.48
grid2:flatNS,,,PR8_x0.5,holdout,3,1027,headon,vfield,711863da3c,ok,0,0,0,0,0,0,5.1727,1.6579,2.7258,2.0438,1.555,1,1,,8450,3.48
grid2:flatNS,,,PR8_x0.5,holdout,3,1029,headon,vfield,711863da3c,ok,1,0,1,0,0,0,1.2668,0.481,2.7258,2.0438,1.555,1,1,12.1,8450,3.48
grid2:flatNS,,,PR8_x0.5,holdout,3,1031,headon,vfield,711863da3c,ok,0,0,0,0,0,0,4.1891,3.3829,2.7258,2.0438,1.555,1,1,,8450,3.48
grid2:flatNS,,,PR8_x0.5,holdout,3,1033,headon,vfield,711863da3c,ok,0,0,0,0,0,0,4.3451,4.2656,2.7258,2.0438,1.555,1,1,,8450,3.48
grid2:flatNS,,,PR8_x0.5,holdout,3,1035,headon,vfield,711863da3c,ok,0,0,0,0,0,0,1.4985,1.806,2.7258,2.0438,1.555,1,1,,8450,3.48
grid2:flatNS,,,PR8_x0.5,holdout,3,1037,headon,vfield,711863da3c,ok,2,0,2,0,0,0,4.7087,0.1498,2.7258,2.0438,1.555,1,1,5.14,8450,3.49
grid2:flatNS,,,PR8_x0.5,holdout,3,1039,headon,vfield,711863da3c,ok,0,0,0,0,0,0,4.1403,2.3413,2.7258,2.0438,1.555,1,1,,8450,3.6
grid2:flatNS,,,PR8_x0.5,holdout,3,1041,headon,vfield,711863da3c,ok,0,0,0,0,0,0,3.6946,3.3108,2.7258,2.0438,1.555,1,1,,8450,3.54
grid2:flatNS,,,PR8_x0.5,holdout,3,1043,headon,vfield,711863da3c,ok,0,0,0,0,0,0,2.3976,1.12,2.7258,2.0438,1.555,1,1,,8450,3.46
grid2:flatNS,,,PR8_x0.5,holdout,3,1045,headon,vfield,711863da3c,ok,0,0,0,0,0,0,1.0759,1.7693,2.7258,2.0438,1.555,1,1,,8450,3.45
grid2:flatNS,,,PR8_x0.5,holdout,3,1047,headon,vfield,711863da3c,ok,1,0,1,0,0,0,4.582,0.0489,2.7258,2.0438,1.555,1,1,16.44,8450,3.51
grid2:flatNS,,,PR8_x0.5,holdout,3,1049,headon,vfield,711863da3c,ok,0,0,0,0,0,0,1.3856,1.4828,2.7258,2.0438,1.555,1,1,,8450,3.49
grid2:flatNS,,,PR8_x0.5,holdout,3,1051,headon,vfield,711863da3c,ok,0,0,0,0,0,0,1.6344,2.8805,2.7258,2.0438,1.555,1,1,,8450,3.49
grid2:flatNS,,,PR8_x0.5,holdout,3,1053,headon,vfield,711863da3c,ok,2,1,1,0,0,0,1.6813,0.2001,2.7258,2.0438,1.555,1,1,5.02,8450,3.46
grid2:flatNS,,,PR8_x0.5,holdout,3,1055,headon,vfield,711863da3c,ok,0,0,0,0,0,0,2.575,1.1817,2.7258,2.0438,1.555,1,1,,8450,3.48
grid2:flatNS,,,PR8_x0.5,holdout,3,1057,headon,vfield,711863da3c,ok,0,0,0,0,0,0,4.2615,1.2955,2.7258,2.0438,1.555,1,1,,8450,3.47
grid2:flatNS,,,PR8_x0.5,holdout,3,1059,headon,vfield,711863da3c,ok,0,0,0,0,0,0,3.4733,2.821,2.7258,2.0438,1.555,1,1,,8450,3.44
grid2:flatNS,,,PR8_x0.75,holdout,3,1001,headon,vfield,7801ab3a93,ok,2,1,1,0,0,0,3.4364,0.3715,2.7258,2.0438,1.555,1,1,11.7,8450,3.46
grid2:flatNS,,,PR8_x0.75,holdout,3,1003,headon,vfield,7801ab3a93,ok,1,0,1,0,0,0,4.344,0.8557,2.7258,2.0438,1.555,1,1,-4.08,8450,3.48
grid2:flatNS,,,PR8_x0.75,holdout,3,1005,headon,vfield,7801ab3a93,ok,0,0,0,0,0,0,2.5689,4.7238,2.7258,2.0438,1.555,1,1,,8450,3.46
grid2:flatNS,,,PR8_x0.75,holdout,3,1007,headon,vfield,7801ab3a93,ok,0,0,0,0,0,0,5.3702,2.6156,2.7258,2.0438,1.555,1,1,,8450,3.48
grid2:flatNS,,,PR8_x0.75,holdout,3,1009,headon,vfield,7801ab3a93,ok,0,0,0,0,0,0,1.6184,4.1589,2.7258,2.0438,1.555,1,1,,8450,3.44
grid2:flatNS,,,PR8_x0.75,holdout,3,1011,headon,vfield,7801ab3a93,ok,0,0,0,0,0,0,6.4737,1.9695,2.7258,2.0438,1.555,1,1,,8450,3.48
grid2:flatNS,,,PR8_x0.75,holdout,3,1013,headon,vfield,7801ab3a93,ok,1,0,1,0,0,0,1.8816,0.2415,2.7258,2.0438,1.555,1,1,5.4,8450,3.49
grid2:flatNS,,,PR8_x0.75,holdout,3,1015,headon,vfield,7801ab3a93,ok,0,0,0,0,0,0,3.0707,2.7978,2.7258,2.0438,1.555,1,1,,8450,3.46
grid2:flatNS,,,PR8_x0.75,holdout,3,1017,headon,vfield,7801ab3a93,ok,1,0,1,0,0,0,3.7272,0.7345,2.7258,2.0438,1.555,1,1,5.05,8450,3.53
grid2:flatNS,,,PR8_x0.75,holdout,3,1019,headon,vfield,7801ab3a93,ok,0,0,0,0,0,0,4.6878,1.1679,2.7258,2.0438,1.555,1,1,,8450,3.44
grid2:flatNS,,,PR8_x0.75,holdout,3,1021,headon,vfield,7801ab3a93,ok,0,0,0,0,0,0,5.1881,2.1727,2.7258,2.0438,1.555,1,1,,8450,3.46
grid2:flatNS,,,PR8_x0.75,holdout,3,1023,headon,vfield,7801ab3a93,ok,0,0,0,0,0,0,4.9062,4.6076,2.7258,2.0438,1.555,1,1,,8450,3.43
grid2:flatNS,,,PR8_x0.75,holdout,3,1025,headon,vfield,7801ab3a93,ok,1,0,1,0,0,0,4.7927,0.3692,2.7258,2.0438,1.555,1,1,15.73,8450,3.46
grid2:flatNS,,,PR8_x0.75,holdout,3,1027,headon,vfield,7801ab3a93,ok,0,0,0,0,0,0,2.5378,6.3617,2.7258,2.0438,1.555,1,1,,8450,3.43
grid2:flatNS,,,PR8_x0.75,holdout,3,1029,headon,vfield,7801ab3a93,ok,0,0,0,0,0,0,1.6081,1.0648,2.7258,2.0438,1.555,1,1,,8450,3.44
grid2:flatNS,,,PR8_x0.75,holdout,3,1031,headon,vfield,7801ab3a93,ok,0,0,0,0,0,0,1.4698,1.0684,2.7258,2.0438,1.555,1,1,,8450,3.46
grid2:flatNS,,,PR8_x0.75,holdout,3,1033,headon,vfield,7801ab3a93,ok,1,0,1,0,0,0,4.6466,0.6773,2.7258,2.0438,1.555,1,1,17.03,8450,3.42
grid2:flatNS,,,PR8_x0.75,holdout,3,1035,headon,vfield,7801ab3a93,ok,0,0,0,0,0,0,2.0167,2.2379,2.7258,2.0438,1.555,1,1,,8450,3.46
grid2:flatNS,,,PR8_x0.75,holdout,3,1037,headon,vfield,7801ab3a93,ok,1,0,0,0,1,0,0.7717,6.2575,2.7258,2.0438,1.555,1,1,34.48,8450,3.45
grid2:flatNS,,,PR8_x0.75,holdout,3,1039,headon,vfield,7801ab3a93,ok,0,0,0,0,0,0,4.1082,6.8157,2.7258,2.0438,1.555,1,1,,8450,3.44
grid2:flatNS,,,PR8_x0.75,holdout,3,1041,headon,vfield,7801ab3a93,ok,0,0,0,0,0,0,2.8112,2.5049,2.7258,2.0438,1.555,1,1,,8450,3.45
grid2:flatNS,,,PR8_x0.75,holdout,3,1043,headon,vfield,7801ab3a93,ok,0,0,0,0,0,0,2.0402,4.2479,2.7258,2.0438,1.555,1,1,,8450,3.45
grid2:flatNS,,,PR8_x0.75,holdout,3,1045,headon,vfield,7801ab3a93,ok,0,0,0,0,0,0,1.4575,4.1051,2.7258,2.0438,1.555,1,1,,8450,3.45
grid2:flatNS,,,PR8_x0.75,holdout,3,1047,headon,vfield,7801ab3a93,ok,0,0,0,0,0,0,5.8673,1.6909,2.7258,2.0438,1.555,1,1,,8450,3.44
grid2:flatNS,,,PR8_x0.75,holdout,3,1049,headon,vfield,7801ab3a93,ok,0,0,0,0,0,0,1.7646,1.4492,2.7258,2.0438,1.555,1,1,,8450,3.46
grid2:flatNS,,,PR8_x0.75,holdout,3,1051,headon,vfield,7801ab3a93,ok,0,0,0,0,0,0,5.3707,3.7471,2.7258,2.0438,1.555,1,1,,8450,3.47
grid2:flatNS,,,PR8_x0.75,holdout,3,1053,headon,vfield,7801ab3a93,ok,0,0,0,0,0,0,3.9589,4.42,2.7258,2.0438,1.555,1,1,,8450,3.43
grid2:flatNS,,,PR8_x0.75,holdout,3,1055,headon,vfield,7801ab3a93,ok,0,0,0,0,0,0,3.0456,2.7479,2.7258,2.0438,1.555,1,1,,8450,3.46
grid2:flatNS,,,PR8_x0.75,holdout,3,1057,headon,vfield,7801ab3a93,ok,2,0,0,0,2,0,0.1201,1.9284,2.7258,2.0438,1.555,1,1,-2.35,8450,3.45
grid2:flatNS,,,PR8_x0.75,holdout,3,1059,headon,vfield,7801ab3a93,ok,2,0,2,0,0,0,4.6395,0.8073,2.7258,2.0438,1.555,1,1,9.36,8450,3.45
grid2:flatNS,,,PR8_x1,holdout,3,1001,headon,vfield,e12e91e418,ok,0,0,0,0,0,0,2.0193,4.702,2.7258,2.0438,1.555,1,1,,8450,3.45
grid2:flatNS,,,PR8_x1,holdout,3,1003,headon,vfield,e12e91e418,ok,0,0,0,0,0,0,5.4477,5.9553,2.7258,2.0438,1.555,1,1,,8450,3.57
grid2:flatNS,,,PR8_x1,holdout,3,1005,headon,vfield,e12e91e418,ok,1,0,0,1,0,0,0.9891,5.1473,2.7258,2.0438,1.555,1,1,-29.33,8450,3.46
grid2:flatNS,,,PR8_x1,holdout,3,1007,headon,vfield,e12e91e418,ok,0,0,0,0,0,0,5.6761,6.2289,2.7258,2.0438,1.555,1,1,,8450,3.43
grid2:flatNS,,,PR8_x1,holdout,3,1009,headon,vfield,e12e91e418,ok,0,0,0,0,0,0,3.8881,5.7219,2.7258,2.0438,1.555,1,1,,8450,3.49
grid2:flatNS,,,PR8_x1,holdout,3,1011,headon,vfield,e12e91e418,ok,0,0,0,0,0,0,3.3374,6.244,2.7258,2.0438,1.555,1,1,,8450,3.48
grid2:flatNS,,,PR8_x1,holdout,3,1013,headon,vfield,e12e91e418,ok,0,0,0,0,0,0,3.1301,1.0793,2.7258,2.0438,1.555,1,1,,8450,3.47
grid2:flatNS,,,PR8_x1,holdout,3,1015,headon,vfield,e12e91e418,ok,0,0,0,0,0,0,3.6993,4.8452,2.7258,2.0438,1.555,1,1,,8450,3.47
grid2:flatNS,,,PR8_x1,holdout,3,1017,headon,vfield,e12e91e418,ok,1,0,1,0,0,0,1.6789,0.8832,2.7258,2.0438,1.555,1,1,19.76,8450,3.44
grid2:flatNS,,,PR8_x1,holdout,3,1019,headon,vfield,e12e91e418,ok,0,0,0,0,0,0,2.3933,1.4413,2.7258,2.0438,1.555,1,1,,8450,3.51
grid2:flatNS,,,PR8_x1,holdout,3,1021,headon,vfield,e12e91e418,ok,0,0,0,0,0,0,2.2779,5.1092,2.7258,2.0438,1.555,1,1,,8450,3.43
grid2:flatNS,,,PR8_x1,holdout,3,1023,headon,vfield,e12e91e418,ok,0,0,0,0,0,0,4.1297,5.7514,2.7258,2.0438,1.555,1,1,,8450,3.43
grid2:flatNS,,,PR8_x1,holdout,3,1025,headon,vfield,e12e91e418,ok,1,0,1,0,0,0,1.6682,0.6985,2.7258,2.0438,1.555,1,1,4.81,8450,3.43
grid2:flatNS,,,PR8_x1,holdout,3,1027,headon,vfield,e12e91e418,ok,0,0,0,0,0,0,5.378,5.843,2.7258,2.0438,1.555,1,1,,8450,3.46
grid2:flatNS,,,PR8_x1,holdout,3,1029,headon,vfield,e12e91e418,ok,0,0,0,0,0,0,4.7455,5.7948,2.7258,2.0438,1.555,1,1,,8450,3.45
grid2:flatNS,,,PR8_x1,holdout,3,1031,headon,vfield,e12e91e418,ok,0,0,0,0,0,0,3.1278,5.8319,2.7258,2.0438,1.555,1,1,,8450,3.47
grid2:flatNS,,,PR8_x1,holdout,3,1033,headon,vfield,e12e91e418,ok,0,0,0,0,0,0,4.7179,6.1335,2.7258,2.0438,1.555,1,1,,8450,3.47
grid2:flatNS,,,PR8_x1,holdout,3,1035,headon,vfield,e12e91e418,ok,0,0,0,0,0,0,2.7175,1.1063,2.7258,2.0438,1.555,1,1,,8450,3.44
grid2:flatNS,,,PR8_x1,holdout,3,1037,headon,vfield,e12e91e418,ok,0,0,0,0,0,0,5.126,5.8377,2.7258,2.0438,1.555,1,1,,8450,3.46
grid2:flatNS,,,PR8_x1,holdout,3,1039,headon,vfield,e12e91e418,ok,0,0,0,0,0,0,5.9862,2.3596,2.7258,2.0438,1.555,1,1,,8450,3.46
grid2:flatNS,,,PR8_x1,holdout,3,1041,headon,vfield,e12e91e418,ok,1,0,0,0,1,0,0.8446,2.7287,2.7258,2.0438,1.555,1,1,0.89,8450,3.45
grid2:flatNS,,,PR8_x1,holdout,3,1043,headon,vfield,e12e91e418,ok,0,0,0,0,0,0,5.1917,5.6805,2.7258,2.0438,1.555,1,1,,8450,3.45
grid2:flatNS,,,PR8_x1,holdout,3,1045,headon,vfield,e12e91e418,ok,0,0,0,0,0,0,5.4371,6.2199,2.7258,2.0438,1.555,1,1,,8450,3.45
grid2:flatNS,,,PR8_x1,holdout,3,1047,headon,vfield,e12e91e418,ok,0,0,0,0,0,0,1.7535,5.6939,2.7258,2.0438,1.555,1,1,,8450,3.65
grid2:flatNS,,,PR8_x1,holdout,3,1049,headon,vfield,e12e91e418,ok,0,0,0,0,0,0,1.1511,1.1344,2.7258,2.0438,1.555,1,1,,8450,4.06
grid2:flatNS,,,PR8_x1,holdout,3,1051,headon,vfield,e12e91e418,ok,1,0,1,0,0,0,4.0043,0.5517,2.7258,2.0438,1.555,1,1,4.73,8450,3.56
grid2:flatNS,,,PR8_x1,holdout,3,1053,headon,vfield,e12e91e418,ok,0,0,0,0,0,0,1.8862,2.0985,2.7258,2.0438,1.555,1,1,,8450,3.5
grid2:flatNS,,,PR8_x1,holdout,3,1055,headon,vfield,e12e91e418,ok,1,0,1,0,0,0,3.6357,0.0867,2.7258,2.0438,1.555,1,1,11.89,8450,3.49
grid2:flatNS,,,PR8_x1,holdout,3,1057,headon,vfield,e12e91e418,ok,0,0,0,0,0,0,1.801,6.2521,2.7258,2.0438,1.555,1,1,,8450,3.49
grid2:flatNS,,,PR8_x1,holdout,3,1059,headon,vfield,e12e91e418,ok,0,0,0,0,0,0,5.7627,4.3892,2.7258,2.0438,1.555,1,1,,8450,3.49
grid2:flatNS,,,PR8_x1.25,holdout,3,1001,headon,vfield,c46769dc19,ok,0,0,0,0,0,0,2.9965,5.7076,2.7258,2.0438,1.555,1,1,,8450,3.62
grid2:flatNS,,,PR8_x1.25,holdout,3,1003,headon,vfield,c46769dc19,ok,0,0,0,0,0,0,3.4061,5.875,2.7258,2.0438,1.555,1,1,,8450,3.48
grid2:flatNS,,,PR8_x1.25,holdout,3,1005,headon,vfield,c46769dc19,ok,0,0,0,0,0,0,1.547,5.8834,2.7258,2.0438,1.555,1,1,,8450,3.5
grid2:flatNS,,,PR8_x1.25,holdout,3,1007,headon,vfield,c46769dc19,ok,1,0,1,0,0,0,2.6831,0.5751,2.7258,2.0438,1.555,1,1,5.0,8450,3.47
grid2:flatNS,,,PR8_x1.25,holdout,3,1009,headon,vfield,c46769dc19,ok,0,0,0,0,0,0,3.0728,4.3215,2.7258,2.0438,1.555,1,1,,8450,3.45
grid2:flatNS,,,PR8_x1.25,holdout,3,1011,headon,vfield,c46769dc19,ok,0,0,0,0,0,0,2.7482,6.1363,2.7258,2.0438,1.555,1,1,,8450,3.55
grid2:flatNS,,,PR8_x1.25,holdout,3,1013,headon,vfield,c46769dc19,ok,0,0,0,0,0,0,1.2935,5.2051,2.7258,2.0438,1.555,1,1,,8450,3.64
grid2:flatNS,,,PR8_x1.25,holdout,3,1015,headon,vfield,c46769dc19,ok,0,0,0,0,0,0,4.1854,5.0079,2.7258,2.0438,1.555,1,1,,8450,3.48
grid2:flatNS,,,PR8_x1.25,holdout,3,1017,headon,vfield,c46769dc19,ok,0,0,0,0,0,0,2.1942,5.7002,2.7258,2.0438,1.555,1,1,,8450,3.48
grid2:flatNS,,,PR8_x1.25,holdout,3,1019,headon,vfield,c46769dc19,ok,2,1,1,0,0,0,1.0313,0.1812,2.7258,2.0438,1.555,1,1,5.41,8450,3.48
grid2:flatNS,,,PR8_x1.25,holdout,3,1021,headon,vfield,c46769dc19,ok,0,0,0,0,0,0,2.2993,5.8725,2.7258,2.0438,1.555,1,1,,8450,3.5
grid2:flatNS,,,PR8_x1.25,holdout,3,1023,headon,vfield,c46769dc19,ok,0,0,0,0,0,0,2.3259,6.0437,2.7258,2.0438,1.555,1,1,,8450,3.49
grid2:flatNS,,,PR8_x1.25,holdout,3,1025,headon,vfield,c46769dc19,ok,3,0,1,2,0,0,0.3803,0.0128,2.7258,2.0438,1.555,1,1,-30.64,8450,3.53
grid2:flatNS,,,PR8_x1.25,holdout,3,1027,headon,vfield,c46769dc19,ok,0,0,0,0,0,0,3.2322,5.4937,2.7258,2.0438,1.555,1,1,,8450,3.5
grid2:flatNS,,,PR8_x1.25,holdout,3,1029,headon,vfield,c46769dc19,ok,0,0,0,0,0,0,2.3302,6.4434,2.7258,2.0438,1.555,1,1,,8450,3.53
grid2:flatNS,,,PR8_x1.25,holdout,3,1031,headon,vfield,c46769dc19,ok,0,0,0,0,0,0,2.1485,6.1632,2.7258,2.0438,1.555,1,1,,8450,3.69
grid2:flatNS,,,PR8_x1.25,holdout,3,1033,headon,vfield,c46769dc19,ok,0,0,0,0,0,0,4.7989,5.8131,2.7258,2.0438,1.555,1,1,,8450,3.75
grid2:flatNS,,,PR8_x1.25,holdout,3,1035,headon,vfield,c46769dc19,ok,0,0,0,0,0,0,2.3689,1.2395,2.7258,2.0438,1.555,1,1,,8450,3.57
grid2:flatNS,,,PR8_x1.25,holdout,3,1037,headon,vfield,c46769dc19,ok,0,0,0,0,0,0,1.8074,5.886,2.7258,2.0438,1.555,1,1,,8450,3.51
grid2:flatNS,,,PR8_x1.25,holdout,3,1039,headon,vfield,c46769dc19,ok,0,0,0,0,0,0,3.1709,1.8931,2.7258,2.0438,1.555,1,1,,8450,3.51
grid2:flatNS,,,PR8_x1.25,holdout,3,1041,headon,vfield,c46769dc19,ok,1,0,1,0,0,0,2.2286,0.3362,2.7258,2.0438,1.555,1,1,8.63,8450,3.63
grid2:flatNS,,,PR8_x1.25,holdout,3,1043,headon,vfield,c46769dc19,ok,0,0,0,0,0,0,2.7269,6.1191,2.7258,2.0438,1.555,1,1,,8450,3.52
grid2:flatNS,,,PR8_x1.25,holdout,3,1045,headon,vfield,c46769dc19,ok,1,0,1,0,0,0,3.3579,0.1278,2.7258,2.0438,1.555,1,1,4.87,8450,3.59
grid2:flatNS,,,PR8_x1.25,holdout,3,1047,headon,vfield,c46769dc19,ok,0,0,0,0,0,0,1.2228,5.8903,2.7258,2.0438,1.555,1,1,,8450,3.58
grid2:flatNS,,,PR8_x1.25,holdout,3,1049,headon,vfield,c46769dc19,ok,0,0,0,0,0,0,1.7524,1.9225,2.7258,2.0438,1.555,1,1,,8450,3.47
grid2:flatNS,,,PR8_x1.25,holdout,3,1051,headon,vfield,c46769dc19,ok,0,0,0,0,0,0,3.2976,5.8532,2.7258,2.0438,1.555,1,1,,8450,3.57
grid2:flatNS,,,PR8_x1.25,holdout,3,1053,headon,vfield,c46769dc19,ok,0,0,0,0,0,0,2.0599,5.8008,2.7258,2.0438,1.555,1,1,,8450,3.48
grid2:flatNS,,,PR8_x1.25,holdout,3,1055,headon,vfield,c46769dc19,ok,0,0,0,0,0,0,2.6853,2.174,2.7258,2.0438,1.555,1,1,,8450,3.62
grid2:flatNS,,,PR8_x1.25,holdout,3,1057,headon,vfield,c46769dc19,ok,0,0,0,0,0,0,2.4621,3.1222,2.7258,2.0438,1.555,1,1,,8450,3.5
grid2:flatNS,,,PR8_x1.25,holdout,3,1059,headon,vfield,c46769dc19,ok,1,0,1,0,0,0,5.2539,0.0785,2.7258,2.0438,1.555,1,1,5.0,8450,3.49
grid2:flatNS,,,PR8_x1.5,holdout,3,1001,headon,vfield,c898cdca45,ok,0,0,0,0,0,0,4.2173,5.9139,2.7258,2.0438,1.555,1,1,,8450,3.61
grid2:flatNS,,,PR8_x1.5,holdout,3,1003,headon,vfield,c898cdca45,ok,0,0,0,0,0,0,4.2328,1.0621,2.7258,2.0438,1.555,1,1,,8450,3.49
grid2:flatNS,,,PR8_x1.5,holdout,3,1005,headon,vfield,c898cdca45,ok,0,0,0,0,0,0,1.7135,6.3047,2.7258,2.0438,1.555,1,1,,8450,3.46
grid2:flatNS,,,PR8_x1.5,holdout,3,1007,headon,vfield,c898cdca45,ok,0,0,0,0,0,0,3.2095,6.0273,2.7258,2.0438,1.555,1,1,,8450,3.48
grid2:flatNS,,,PR8_x1.5,holdout,3,1009,headon,vfield,c898cdca45,ok,0,0,0,0,0,0,4.3823,6.2676,2.7258,2.0438,1.555,1,1,,8450,3.48
grid2:flatNS,,,PR8_x1.5,holdout,3,1011,headon,vfield,c898cdca45,ok,0,0,0,0,0,0,5.5746,6.374,2.7258,2.0438,1.555,1,1,,8450,3.5
grid2:flatNS,,,PR8_x1.5,holdout,3,1013,headon,vfield,c898cdca45,ok,0,0,0,0,0,0,4.3923,6.0506,2.7258,2.0438,1.555,1,1,,8450,3.5
grid2:flatNS,,,PR8_x1.5,holdout,3,1015,headon,vfield,c898cdca45,ok,0,0,0,0,0,0,3.9852,5.9227,2.7258,2.0438,1.555,1,1,,8450,3.47
grid2:flatNS,,,PR8_x1.5,holdout,3,1017,headon,vfield,c898cdca45,ok,0,0,0,0,0,0,2.0944,6.2746,2.7258,2.0438,1.555,1,1,,8450,3.5
grid2:flatNS,,,PR8_x1.5,holdout,3,1019,headon,vfield,c898cdca45,ok,0,0,0,0,0,0,3.064,5.8972,2.7258,2.0438,1.555,1,1,,8450,3.46
grid2:flatNS,,,PR8_x1.5,holdout,3,1021,headon,vfield,c898cdca45,ok,0,0,0,0,0,0,2.8112,6.2871,2.7258,2.0438,1.555,1,1,,8450,3.5
grid2:flatNS,,,PR8_x1.5,holdout,3,1023,headon,vfield,c898cdca45,ok,0,0,0,0,0,0,2.9772,6.4286,2.7258,2.0438,1.555,1,1,,8450,3.52
grid2:flatNS,,,PR8_x1.5,holdout,3,1025,headon,vfield,c898cdca45,ok,1,0,0,1,0,0,0.4064,5.8383,2.7258,2.0438,1.555,1,1,-29.72,8450,3.73
grid2:flatNS,,,PR8_x1.5,holdout,3,1027,headon,vfield,c898cdca45,ok,0,0,0,0,0,0,5.6512,6.0604,2.7258,2.0438,1.555,1,1,,8450,3.45
grid2:flatNS,,,PR8_x1.5,holdout,3,1029,headon,vfield,c898cdca45,ok,0,0,0,0,0,0,3.0171,5.965,2.7258,2.0438,1.555,1,1,,8450,3.45
grid2:flatNS,,,PR8_x1.5,holdout,3,1031,headon,vfield,c898cdca45,ok,0,0,0,0,0,0,3.4295,5.8697,2.7258,2.0438,1.555,1,1,,8450,3.46
grid2:flatNS,,,PR8_x1.5,holdout,3,1033,headon,vfield,c898cdca45,ok,0,0,0,0,0,0,3.643,5.7827,2.7258,2.0438,1.555,1,1,,8450,3.58
grid2:flatNS,,,PR8_x1.5,holdout,3,1035,headon,vfield,c898cdca45,ok,0,0,0,0,0,0,4.0366,5.8451,2.7258,2.0438,1.555,1,1,,8450,3.48
grid2:flatNS,,,PR8_x1.5,holdout,3,1037,headon,vfield,c898cdca45,ok,0,0,0,0,0,0,3.1541,6.3496,2.7258,2.0438,1.555,1,1,,8450,3.47
grid2:flatNS,,,PR8_x1.5,holdout,3,1039,headon,vfield,c898cdca45,ok,0,0,0,0,0,0,4.6159,1.7745,2.7258,2.0438,1.555,1,1,,8450,3.47
grid2:flatNS,,,PR8_x1.5,holdout,3,1041,headon,vfield,c898cdca45,ok,0,0,0,0,0,0,2.675,5.6577,2.7258,2.0438,1.555,1,1,,8450,3.49
grid2:flatNS,,,PR8_x1.5,holdout,3,1043,headon,vfield,c898cdca45,ok,0,0,0,0,0,0,3.3219,6.0089,2.7258,2.0438,1.555,1,1,,8450,3.44
grid2:flatNS,,,PR8_x1.5,holdout,3,1045,headon,vfield,c898cdca45,ok,0,0,0,0,0,0,2.328,1.1641,2.7258,2.0438,1.555,1,1,,8450,3.48
grid2:flatNS,,,PR8_x1.5,holdout,3,1047,headon,vfield,c898cdca45,ok,0,0,0,0,0,0,3.3431,5.9297,2.7258,2.0438,1.555,1,1,,8450,3.49
grid2:flatNS,,,PR8_x1.5,holdout,3,1049,headon,vfield,c898cdca45,ok,1,0,0,0,1,0,0.9546,6.4661,2.7258,2.0438,1.555,1,1,10.38,8450,3.49
grid2:flatNS,,,PR8_x1.5,holdout,3,1051,headon,vfield,c898cdca45,ok,0,0,0,0,0,0,5.9764,6.8337,2.7258,2.0438,1.555,1,1,,8450,3.46
grid2:flatNS,,,PR8_x1.5,holdout,3,1053,headon,vfield,c898cdca45,ok,0,0,0,0,0,0,2.5264,6.2522,2.7258,2.0438,1.555,1,1,,8450,3.54
grid2:flatNS,,,PR8_x1.5,holdout,3,1055,headon,vfield,c898cdca45,ok,0,0,0,0,0,0,4.1217,5.7186,2.7258,2.0438,1.555,1,1,,8450,3.66
grid2:flatNS,,,PR8_x1.5,holdout,3,1057,headon,vfield,c898cdca45,ok,0,0,0,0,0,0,1.6421,6.4334,2.7258,2.0438,1.555,1,1,,8450,3.49
grid2:flatNS,,,PR8_x1.5,holdout,3,1059,headon,vfield,c898cdca45,ok,0,0,0,0,0,0,6.1478,1.1985,2.7258,2.0438,1.555,1,1,,8450,3.47
grid2:flatNS,,,PR8_x2,holdout,3,1001,headon,vfield,a401084669,ok,0,0,0,0,0,0,4.0462,6.3658,2.7258,2.0438,1.555,1,1,,8450,3.47
grid2:flatNS,,,PR8_x2,holdout,3,1003,headon,vfield,a401084669,ok,1,0,1,0,0,0,1.9461,0.5278,2.7258,2.0438,1.555,1,1,22.21,8450,3.44
grid2:flatNS,,,PR8_x2,holdout,3,1005,headon,vfield,a401084669,ok,0,0,0,0,0,0,4.2013,1.7696,2.7258,2.0438,1.555,1,1,,8450,3.47
grid2:flatNS,,,PR8_x2,holdout,3,1007,headon,vfield,a401084669,ok,0,0,0,0,0,0,3.2927,6.1836,2.7258,2.0438,1.555,1,1,,8450,3.46
grid2:flatNS,,,PR8_x2,holdout,3,1009,headon,vfield,a401084669,ok,0,0,0,0,0,0,2.0757,5.7842,2.7258,2.0438,1.555,1,1,,8450,3.49
grid2:flatNS,,,PR8_x2,holdout,3,1011,headon,vfield,a401084669,ok,0,0,0,0,0,0,3.9068,5.9321,2.7258,2.0438,1.555,1,1,,8450,3.49
grid2:flatNS,,,PR8_x2,holdout,3,1013,headon,vfield,a401084669,ok,0,0,0,0,0,0,3.0155,5.7556,2.7258,2.0438,1.555,1,1,,8450,3.45
grid2:flatNS,,,PR8_x2,holdout,3,1015,headon,vfield,a401084669,ok,0,0,0,0,0,0,1.755,1.5227,2.7258,2.0438,1.555,1,1,,8450,3.51
grid2:flatNS,,,PR8_x2,holdout,3,1017,headon,vfield,a401084669,ok,0,0,0,0,0,0,5.9329,6.3889,2.7258,2.0438,1.555,1,1,,8450,3.55
grid2:flatNS,,,PR8_x2,holdout,3,1019,headon,vfield,a401084669,ok,0,0,0,0,0,0,2.8852,4.3723,2.7258,2.0438,1.555,1,1,,8450,3.5
grid2:flatNS,,,PR8_x2,holdout,3,1021,headon,vfield,a401084669,ok,0,0,0,0,0,0,3.0178,5.8335,2.7258,2.0438,1.555,1,1,,8450,3.49
grid2:flatNS,,,PR8_x2,holdout,3,1023,headon,vfield,a401084669,ok,0,0,0,0,0,0,2.0509,6.1956,2.7258,2.0438,1.555,1,1,,8450,3.46
grid2:flatNS,,,PR8_x2,holdout,3,1025,headon,vfield,a401084669,ok,1,0,1,0,0,0,2.7357,0.6086,2.7258,2.0438,1.555,1,1,5.31,8450,3.45
grid2:flatNS,,,PR8_x2,holdout,3,1027,headon,vfield,a401084669,ok,0,0,0,0,0,0,2.126,5.2835,2.7258,2.0438,1.555,1,1,,8450,3.58
grid2:flatNS,,,PR8_x2,holdout,3,1029,headon,vfield,a401084669,ok,0,0,0,0,0,0,2.9694,6.4408,2.7258,2.0438,1.555,1,1,,8450,3.47
grid2:flatNS,,,PR8_x2,holdout,3,1031,headon,vfield,a401084669,ok,0,0,0,0,0,0,1.5286,6.2165,2.7258,2.0438,1.555,1,1,,8450,3.47
grid2:flatNS,,,PR8_x2,holdout,3,1033,headon,vfield,a401084669,ok,0,0,0,0,0,0,3.3463,6.1929,2.7258,2.0438,1.555,1,1,,8450,3.46
grid2:flatNS,,,PR8_x2,holdout,3,1035,headon,vfield,a401084669,ok,0,0,0,0,0,0,4.1171,6.2878,2.7258,2.0438,1.555,1,1,,8450,3.46
grid2:flatNS,,,PR8_x2,holdout,3,1037,headon,vfield,a401084669,ok,1,0,1,0,0,0,3.2875,0.1131,2.7258,2.0438,1.555,1,1,10.13,8450,3.47
grid2:flatNS,,,PR8_x2,holdout,3,1039,headon,vfield,a401084669,ok,0,0,0,0,0,0,2.7629,5.8646,2.7258,2.0438,1.555,1,1,,8450,3.47
grid2:flatNS,,,PR8_x2,holdout,3,1041,headon,vfield,a401084669,ok,0,0,0,0,0,0,2.8531,5.8474,2.7258,2.0438,1.555,1,1,,8450,3.43
grid2:flatNS,,,PR8_x2,holdout,3,1043,headon,vfield,a401084669,ok,0,0,0,0,0,0,4.3234,6.0936,2.7258,2.0438,1.555,1,1,,8450,3.5
grid2:flatNS,,,PR8_x2,holdout,3,1045,headon,vfield,a401084669,ok,0,0,0,0,0,0,4.7239,1.1733,2.7258,2.0438,1.555,1,1,,8450,3.45
grid2:flatNS,,,PR8_x2,holdout,3,1047,headon,vfield,a401084669,ok,0,0,0,0,0,0,1.7569,6.1935,2.7258,2.0438,1.555,1,1,,8450,3.43
grid2:flatNS,,,PR8_x2,holdout,3,1049,headon,vfield,a401084669,ok,0,0,0,0,0,0,4.706,5.9373,2.7258,2.0438,1.555,1,1,,8450,3.44
grid2:flatNS,,,PR8_x2,holdout,3,1051,headon,vfield,a401084669,ok,0,0,0,0,0,0,1.7233,5.7615,2.7258,2.0438,1.555,1,1,,8450,3.45
grid2:flatNS,,,PR8_x2,holdout,3,1053,headon,vfield,a401084669,ok,0,0,0,0,0,0,3.1091,5.6983,2.7258,2.0438,1.555,1,1,,8450,3.46
grid2:flatNS,,,PR8_x2,holdout,3,1055,headon,vfield,a401084669,ok,1,0,0,0,1,0,0.442,2.0471,2.7258,2.0438,1.555,1,1,30.21,8450,3.45
grid2:flatNS,,,PR8_x2,holdout,3,1057,headon,vfield,a401084669,ok,0,0,0,0,0,0,2.5023,5.7104,2.7258,2.0438,1.555,1,1,,8450,3.48
grid2:flatNS,,,PR8_x2,holdout,3,1059,headon,vfield,a401084669,ok,0,0,0,0,0,0,2.7485,5.9834,2.7258,2.0438,1.555,1,1,,8450,3.6
grid2:flatNS,,,PR10_x0.5,holdout,3,1001,headon,vfield,a57b5fa331,ok,0,0,0,0,0,0,2.6327,3.6366,2.7258,2.0438,1.555,1,1,,8450,3.44
grid2:flatNS,,,PR10_x0.5,holdout,3,1003,headon,vfield,a57b5fa331,ok,0,0,0,0,0,0,1.2099,1.7171,2.7258,2.0438,1.555,1,1,,8450,3.56
grid2:flatNS,,,PR10_x0.5,holdout,3,1005,headon,vfield,a57b5fa331,ok,0,0,0,0,0,0,3.5205,2.5522,2.7258,2.0438,1.555,1,1,,8450,3.48
grid2:flatNS,,,PR10_x0.5,holdout,3,1007,headon,vfield,a57b5fa331,ok,0,0,0,0,0,0,5.249,5.0249,2.7258,2.0438,1.555,1,1,,8450,3.47
grid2:flatNS,,,PR10_x0.5,holdout,3,1009,headon,vfield,a57b5fa331,ok,1,0,1,0,0,0,2.3718,0.4514,2.7258,2.0438,1.555,1,1,14.07,8450,3.48
grid2:flatNS,,,PR10_x0.5,holdout,3,1011,headon,vfield,a57b5fa331,ok,0,0,0,0,0,0,5.7712,2.921,2.7258,2.0438,1.555,1,1,,8450,4.06
grid2:flatNS,,,PR10_x0.5,holdout,3,1013,headon,vfield,a57b5fa331,ok,0,0,0,0,0,0,2.9739,2.7185,2.7258,2.0438,1.555,1,1,,8450,4.14
grid2:flatNS,,,PR10_x0.5,holdout,3,1015,headon,vfield,a57b5fa331,ok,0,0,0,0,0,0,2.8428,2.4744,2.7258,2.0438,1.555,1,1,,8450,3.77
grid2:flatNS,,,PR10_x0.5,holdout,3,1017,headon,vfield,a57b5fa331,ok,0,0,0,0,0,0,4.821,5.698,2.7258,2.0438,1.555,1,1,,8450,3.5
grid2:flatNS,,,PR10_x0.5,holdout,3,1019,headon,vfield,a57b5fa331,ok,0,0,0,0,0,0,6.5879,2.6141,2.7258,2.0438,1.555,1,1,,8450,3.5
grid2:flatNS,,,PR10_x0.5,holdout,3,1021,headon,vfield,a57b5fa331,ok,1,0,1,0,0,0,1.7055,0.5195,2.7258,2.0438,1.555,1,1,10.9,8450,3.49
grid2:flatNS,,,PR10_x0.5,holdout,3,1023,headon,vfield,a57b5fa331,ok,0,0,0,0,0,0,5.2873,4.2083,2.7258,2.0438,1.555,1,1,,8450,3.62
grid2:flatNS,,,PR10_x0.5,holdout,3,1025,headon,vfield,a57b5fa331,ok,0,0,0,0,0,0,5.0619,2.3878,2.7258,2.0438,1.555,1,1,,8450,3.48
grid2:flatNS,,,PR10_x0.5,holdout,3,1027,headon,vfield,a57b5fa331,ok,0,0,0,0,0,0,2.5759,1.4262,2.7258,2.0438,1.555,1,1,,8450,3.5
grid2:flatNS,,,PR10_x0.5,holdout,3,1029,headon,vfield,a57b5fa331,ok,1,0,0,0,1,0,0.3262,8.074,2.7258,2.0438,1.555,1,1,0.11,8450,3.45
grid2:flatNS,,,PR10_x0.5,holdout,3,1031,headon,vfield,a57b5fa331,ok,0,0,0,0,0,0,1.5424,7.1146,2.7258,2.0438,1.555,1,1,,8450,3.49
grid2:flatNS,,,PR10_x0.5,holdout,3,1033,headon,vfield,a57b5fa331,ok,0,0,0,0,0,0,5.4944,5.5265,2.7258,2.0438,1.555,1,1,,8450,3.47
grid2:flatNS,,,PR10_x0.5,holdout,3,1035,headon,vfield,a57b5fa331,ok,0,0,0,0,0,0,1.7629,4.9268,2.7258,2.0438,1.555,1,1,,8450,3.49
grid2:flatNS,,,PR10_x0.5,holdout,3,1037,headon,vfield,a57b5fa331,ok,0,0,0,0,0,0,5.1861,3.6795,2.7258,2.0438,1.555,1,1,,8450,3.45
grid2:flatNS,,,PR10_x0.5,holdout,3,1039,headon,vfield,a57b5fa331,ok,0,0,0,0,0,0,4.1441,1.8399,2.7258,2.0438,1.555,1,1,,8450,3.49
grid2:flatNS,,,PR10_x0.5,holdout,3,1041,headon,vfield,a57b5fa331,ok,1,0,1,0,0,0,5.3023,0.8688,2.7258,2.0438,1.555,1,1,8.83,8450,3.45
grid2:flatNS,,,PR10_x0.5,holdout,3,1043,headon,vfield,a57b5fa331,ok,3,1,2,0,0,0,5.6905,0.0194,2.7258,2.0438,1.555,1,1,11.03,8450,3.63
grid2:flatNS,,,PR10_x0.5,holdout,3,1045,headon,vfield,a57b5fa331,ok,2,0,1,0,1,0,0.5996,0.0499,2.7258,2.0438,1.555,1,1,20.53,8450,3.49
grid2:flatNS,,,PR10_x0.5,holdout,3,1047,headon,vfield,a57b5fa331,ok,0,0,0,0,0,0,4.8309,5.0818,2.7258,2.0438,1.555,1,1,,8450,3.47
grid2:flatNS,,,PR10_x0.5,holdout,3,1049,headon,vfield,a57b5fa331,ok,1,0,1,0,0,0,1.1812,0.9725,2.7258,2.0438,1.555,1,1,8.31,8450,3.51
grid2:flatNS,,,PR10_x0.5,holdout,3,1051,headon,vfield,a57b5fa331,ok,0,0,0,0,0,0,4.9861,1.9035,2.7258,2.0438,1.555,1,1,,8450,3.52
grid2:flatNS,,,PR10_x0.5,holdout,3,1053,headon,vfield,a57b5fa331,ok,0,0,0,0,0,0,3.5301,4.2294,2.7258,2.0438,1.555,1,1,,8450,3.48
grid2:flatNS,,,PR10_x0.5,holdout,3,1055,headon,vfield,a57b5fa331,ok,0,0,0,0,0,0,2.4813,1.4539,2.7258,2.0438,1.555,1,1,,8450,3.48
grid2:flatNS,,,PR10_x0.5,holdout,3,1057,headon,vfield,a57b5fa331,ok,0,0,0,0,0,0,3.0474,2.412,2.7258,2.0438,1.555,1,1,,8450,3.45
grid2:flatNS,,,PR10_x0.5,holdout,3,1059,headon,vfield,a57b5fa331,ok,0,0,0,0,0,0,5.7842,4.1397,2.7258,2.0438,1.555,1,1,,8450,3.46
grid2:flatNS,,,PR10_x0.75,holdout,3,1001,headon,vfield,156fa609a8,ok,1,0,1,0,0,0,2.5141,0.1821,2.7258,2.0438,1.555,1,1,5.37,8450,3.46
grid2:flatNS,,,PR10_x0.75,holdout,3,1003,headon,vfield,156fa609a8,ok,0,0,0,0,0,0,6.9663,4.2736,2.7258,2.0438,1.555,1,1,,8450,3.45
grid2:flatNS,,,PR10_x0.75,holdout,3,1005,headon,vfield,156fa609a8,ok,1,0,1,0,0,0,2.6755,0.926,2.7258,2.0438,1.555,1,1,20.5,8450,3.47
grid2:flatNS,,,PR10_x0.75,holdout,3,1007,headon,vfield,156fa609a8,ok,0,0,0,0,0,0,6.6482,3.6325,2.7258,2.0438,1.555,1,1,,8450,3.48
grid2:flatNS,,,PR10_x0.75,holdout,3,1009,headon,vfield,156fa609a8,ok,0,0,0,0,0,0,4.625,6.5474,2.7258,2.0438,1.555,1,1,,8450,3.46
grid2:flatNS,,,PR10_x0.75,holdout,3,1011,headon,vfield,156fa609a8,ok,0,0,0,0,0,0,6.9003,4.5739,2.7258,2.0438,1.555,1,1,,8450,3.45
grid2:flatNS,,,PR10_x0.75,holdout,3,1013,headon,vfield,156fa609a8,ok,1,1,0,0,0,0,1.6118,0.627,2.7258,2.0438,1.555,1,1,16.63,8450,3.53
grid2:flatNS,,,PR10_x0.75,holdout,3,1015,headon,vfield,156fa609a8,ok,0,0,0,0,0,0,3.1786,1.7153,2.7258,2.0438,1.555,1,1,,8450,3.46
grid2:flatNS,,,PR10_x0.75,holdout,3,1017,headon,vfield,156fa609a8,ok,0,0,0,0,0,0,3.4114,1.946,2.7258,2.0438,1.555,1,1,,8450,3.45
grid2:flatNS,,,PR10_x0.75,holdout,3,1019,headon,vfield,156fa609a8,ok,0,0,0,0,0,0,1.6422,2.4003,2.7258,2.0438,1.555,1,1,,8450,3.58
grid2:flatNS,,,PR10_x0.75,holdout,3,1021,headon,vfield,156fa609a8,ok,0,0,0,0,0,0,2.6071,8.6576,2.7258,2.0438,1.555,1,1,,8450,3.48
grid2:flatNS,,,PR10_x0.75,holdout,3,1023,headon,vfield,156fa609a8,ok,0,0,0,0,0,0,7.3145,7.3763,2.7258,2.0438,1.555,1,1,,8450,3.49
grid2:flatNS,,,PR10_x0.75,holdout,3,1025,headon,vfield,156fa609a8,ok,0,0,0,0,0,0,5.3659,2.889,2.7258,2.0438,1.555,1,1,,8450,3.51
grid2:flatNS,,,PR10_x0.75,holdout,3,1027,headon,vfield,156fa609a8,ok,0,0,0,0,0,0,5.05,2.1284,2.7258,2.0438,1.555,1,1,,8450,3.46
grid2:flatNS,,,PR10_x0.75,holdout,3,1029,headon,vfield,156fa609a8,ok,0,0,0,0,0,0,4.3073,4.7316,2.7258,2.0438,1.555,1,1,,8450,3.49
grid2:flatNS,,,PR10_x0.75,holdout,3,1031,headon,vfield,156fa609a8,ok,1,0,1,0,0,0,1.9445,0.7389,2.7258,2.0438,1.555,1,1,4.7,8450,3.47
grid2:flatNS,,,PR10_x0.75,holdout,3,1033,headon,vfield,156fa609a8,ok,0,0,0,0,0,0,4.6789,1.7608,2.7258,2.0438,1.555,1,1,,8450,3.45
grid2:flatNS,,,PR10_x0.75,holdout,3,1035,headon,vfield,156fa609a8,ok,0,0,0,0,0,0,6.2605,1.519,2.7258,2.0438,1.555,1,1,,8450,3.51
grid2:flatNS,,,PR10_x0.75,holdout,3,1037,headon,vfield,156fa609a8,ok,0,0,0,0,0,0,2.4586,7.7839,2.7258,2.0438,1.555,1,1,,8450,3.51
grid2:flatNS,,,PR10_x0.75,holdout,3,1039,headon,vfield,156fa609a8,ok,1,0,0,0,1,0,0.0816,3.7016,2.7258,2.0438,1.555,1,1,33.03,8450,3.52
grid2:flatNS,,,PR10_x0.75,holdout,3,1041,headon,vfield,156fa609a8,ok,0,0,0,0,0,0,4.8713,2.0975,2.7258,2.0438,1.555,1,1,,8450,3.52
grid2:flatNS,,,PR10_x0.75,holdout,3,1043,headon,vfield,156fa609a8,ok,1,0,1,0,0,0,5.2187,0.7884,2.7258,2.0438,1.555,1,1,-5.03,8450,3.46
grid2:flatNS,,,PR10_x0.75,holdout,3,1045,headon,vfield,156fa609a8,ok,0,0,0,0,0,0,3.1928,2.059,2.7258,2.0438,1.555,1,1,,8450,3.6
grid2:flatNS,,,PR10_x0.75,holdout,3,1047,headon,vfield,156fa609a8,ok,0,0,0,0,0,0,2.5468,3.0246,2.7258,2.0438,1.555,1,1,,8450,3.47
grid2:flatNS,,,PR10_x0.75,holdout,3,1049,headon,vfield,156fa609a8,ok,0,0,0,0,0,0,1.1862,5.5552,2.7258,2.0438,1.555,1,1,,8450,3.48
grid2:flatNS,,,PR10_x0.75,holdout,3,1051,headon,vfield,156fa609a8,ok,0,0,0,0,0,0,2.2126,2.333,2.7258,2.0438,1.555,1,1,,8450,3.45
grid2:flatNS,,,PR10_x0.75,holdout,3,1053,headon,vfield,156fa609a8,ok,0,0,0,0,0,0,6.8204,8.2481,2.7258,2.0438,1.555,1,1,,8450,3.43
grid2:flatNS,,,PR10_x0.75,holdout,3,1055,headon,vfield,156fa609a8,ok,0,0,0,0,0,0,1.8874,4.8651,2.7258,2.0438,1.555,1,1,,8450,3.45
grid2:flatNS,,,PR10_x0.75,holdout,3,1057,headon,vfield,156fa609a8,ok,1,1,0,0,0,0,2.2066,0.1059,2.7258,2.0438,1.555,1,1,6.7,8450,3.49
grid2:flatNS,,,PR10_x0.75,holdout,3,1059,headon,vfield,156fa609a8,ok,0,0,0,0,0,0,4.3881,1.1537,2.7258,2.0438,1.555,1,1,,8450,3.6
grid2:flatNS,,,PR10_x1,holdout,3,1001,headon,vfield,d8755f2fae,ok,0,0,0,0,0,0,2.3337,6.6834,2.7258,2.0438,1.555,1,1,,8450,3.53
grid2:flatNS,,,PR10_x1,holdout,3,1003,headon,vfield,d8755f2fae,ok,0,0,0,0,0,0,2.1648,6.7834,2.7258,2.0438,1.555,1,1,,8450,3.39
grid2:flatNS,,,PR10_x1,holdout,3,1005,headon,vfield,d8755f2fae,ok,0,0,0,0,0,0,3.1043,1.5026,2.7258,2.0438,1.555,1,1,,8450,3.55
grid2:flatNS,,,PR10_x1,holdout,3,1007,headon,vfield,d8755f2fae,ok,0,0,0,0,0,0,6.4073,7.5704,2.7258,2.0438,1.555,1,1,,8450,3.51
grid2:flatNS,,,PR10_x1,holdout,3,1009,headon,vfield,d8755f2fae,ok,0,0,0,0,0,0,4.1144,7.4543,2.7258,2.0438,1.555,1,1,,8450,3.45
grid2:flatNS,,,PR10_x1,holdout,3,1011,headon,vfield,d8755f2fae,ok,0,0,0,0,0,0,5.0293,6.6235,2.7258,2.0438,1.555,1,1,,8450,3.44
grid2:flatNS,,,PR10_x1,holdout,3,1013,headon,vfield,d8755f2fae,ok,0,0,0,0,0,0,1.2882,8.1944,2.7258,2.0438,1.555,1,1,,8450,3.46
grid2:flatNS,,,PR10_x1,holdout,3,1015,headon,vfield,d8755f2fae,ok,0,0,0,0,0,0,7.2589,6.048,2.7258,2.0438,1.555,1,1,,8450,3.44
grid2:flatNS,,,PR10_x1,holdout,3,1017,headon,vfield,d8755f2fae,ok,0,0,0,0,0,0,2.6469,1.2783,2.7258,2.0438,1.555,1,1,,8450,3.48
grid2:flatNS,,,PR10_x1,holdout,3,1019,headon,vfield,d8755f2fae,ok,0,0,0,0,0,0,4.9044,2.9285,2.7258,2.0438,1.555,1,1,,8450,3.44
grid2:flatNS,,,PR10_x1,holdout,3,1021,headon,vfield,d8755f2fae,ok,0,0,0,0,0,0,4.851,7.8981,2.7258,2.0438,1.555,1,1,,8450,3.43
grid2:flatNS,,,PR10_x1,holdout,3,1023,headon,vfield,d8755f2fae,ok,0,0,0,0,0,0,6.6884,7.5195,2.7258,2.0438,1.555,1,1,,8450,3.45
grid2:flatNS,,,PR10_x1,holdout,3,1025,headon,vfield,d8755f2fae,ok,1,1,0,0,0,0,1.7751,0.0202,2.7258,2.0438,1.555,1,1,16.78,8450,3.43
grid2:flatNS,,,PR10_x1,holdout,3,1027,headon,vfield,d8755f2fae,ok,0,0,0,0,0,0,7.3835,7.8534,2.7258,2.0438,1.555,1,1,,8450,3.46
grid2:flatNS,,,PR10_x1,holdout,3,1029,headon,vfield,d8755f2fae,ok,0,0,0,0,0,0,2.1405,8.0146,2.7258,2.0438,1.555,1,1,,8450,3.42
grid2:flatNS,,,PR10_x1,holdout,3,1031,headon,vfield,d8755f2fae,ok,0,0,0,0,0,0,3.4319,5.7486,2.7258,2.0438,1.555,1,1,,8450,3.43
grid2:flatNS,,,PR10_x1,holdout,3,1033,headon,vfield,d8755f2fae,ok,1,0,1,0,0,0,4.7385,0.6738,2.7258,2.0438,1.555,1,1,25.59,8450,3.45
grid2:flatNS,,,PR10_x1,holdout,3,1035,headon,vfield,d8755f2fae,ok,0,0,0,0,0,0,4.4574,3.3878,2.7258,2.0438,1.555,1,1,,8450,3.42
grid2:flatNS,,,PR10_x1,holdout,3,1037,headon,vfield,d8755f2fae,ok,0,0,0,0,0,0,5.343,6.6486,2.7258,2.0438,1.555,1,1,,8450,3.44
grid2:flatNS,,,PR10_x1,holdout,3,1039,headon,vfield,d8755f2fae,ok,0,0,0,0,0,0,2.294,2.7664,2.7258,2.0438,1.555,1,1,,8450,3.43
grid2:flatNS,,,PR10_x1,holdout,3,1041,headon,vfield,d8755f2fae,ok,0,0,0,0,0,0,2.5934,1.36,2.7258,2.0438,1.555,1,1,,8450,3.44
grid2:flatNS,,,PR10_x1,holdout,3,1043,headon,vfield,d8755f2fae,ok,1,1,0,0,0,0,1.485,0.8761,2.7258,2.0438,1.555,1,1,21.09,8450,3.44
grid2:flatNS,,,PR10_x1,holdout,3,1045,headon,vfield,d8755f2fae,ok,0,0,0,0,0,0,7.1471,7.9987,2.7258,2.0438,1.555,1,1,,8450,3.44
grid2:flatNS,,,PR10_x1,holdout,3,1047,headon,vfield,d8755f2fae,ok,0,0,0,0,0,0,2.6088,4.08,2.7258,2.0438,1.555,1,1,,8450,3.44
grid2:flatNS,,,PR10_x1,holdout,3,1049,headon,vfield,d8755f2fae,ok,0,0,0,0,0,0,3.0751,2.5185,2.7258,2.0438,1.555,1,1,,8450,3.43
grid2:flatNS,,,PR10_x1,holdout,3,1051,headon,vfield,d8755f2fae,ok,0,0,0,0,0,0,4.9597,3.2566,2.7258,2.0438,1.555,1,1,,8450,3.45
grid2:flatNS,,,PR10_x1,holdout,3,1053,headon,vfield,d8755f2fae,ok,1,0,1,0,0,0,8.4589,0.408,2.7258,2.0438,1.555,1,1,10.42,8450,3.49
grid2:flatNS,,,PR10_x1,holdout,3,1055,headon,vfield,d8755f2fae,ok,0,0,0,0,0,0,4.3555,7.0003,2.7258,2.0438,1.555,1,1,,8450,3.51
grid2:flatNS,,,PR10_x1,holdout,3,1057,headon,vfield,d8755f2fae,ok,0,0,0,0,0,0,2.5978,4.3512,2.7258,2.0438,1.555,1,1,,8450,3.48
grid2:flatNS,,,PR10_x1,holdout,3,1059,headon,vfield,d8755f2fae,ok,1,0,1,0,0,0,5.6942,0.7372,2.7258,2.0438,1.555,1,1,6.01,8450,3.56
grid2:flatNS,,,PR10_x1.25,holdout,3,1001,headon,vfield,5992e7b9ba,ok,0,0,0,0,0,0,2.5403,7.8208,2.7258,2.0438,1.555,1,1,,8450,3.5
grid2:flatNS,,,PR10_x1.25,holdout,3,1003,headon,vfield,5992e7b9ba,ok,0,0,0,0,0,0,5.2067,7.3397,2.7258,2.0438,1.555,1,1,,8450,3.48
grid2:flatNS,,,PR10_x1.25,holdout,3,1005,headon,vfield,5992e7b9ba,ok,0,0,0,0,0,0,1.5659,4.59,2.7258,2.0438,1.555,1,1,,8450,3.5
grid2:flatNS,,,PR10_x1.25,holdout,3,1007,headon,vfield,5992e7b9ba,ok,0,0,0,0,0,0,2.5589,6.6499,2.7258,2.0438,1.555,1,1,,8450,3.51
grid2:flatNS,,,PR10_x1.25,holdout,3,1009,headon,vfield,5992e7b9ba,ok,0,0,0,0,0,0,7.7292,7.5073,2.7258,2.0438,1.555,1,1,,8450,3.48
grid2:flatNS,,,PR10_x1.25,holdout,3,1011,headon,vfield,5992e7b9ba,ok,0,0,0,0,0,0,7.8808,7.7892,2.7258,2.0438,1.555,1,1,,8450,3.49
grid2:flatNS,,,PR10_x1.25,holdout,3,1013,headon,vfield,5992e7b9ba,ok,0,0,0,0,0,0,4.8163,3.9266,2.7258,2.0438,1.555,1,1,,8450,3.47
grid2:flatNS,,,PR10_x1.25,holdout,3,1015,headon,vfield,5992e7b9ba,ok,0,0,0,0,0,0,1.8764,4.2882,2.7258,2.0438,1.555,1,1,,8450,3.47
grid2:flatNS,,,PR10_x1.25,holdout,3,1017,headon,vfield,5992e7b9ba,ok,0,0,0,0,0,0,4.1369,7.6092,2.7258,2.0438,1.555,1,1,,8450,3.46
grid2:flatNS,,,PR10_x1.25,holdout,3,1019,headon,vfield,5992e7b9ba,ok,0,0,0,0,0,0,1.4787,3.2973,2.7258,2.0438,1.555,1,1,,8450,3.47
grid2:flatNS,,,PR10_x1.25,holdout,3,1021,headon,vfield,5992e7b9ba,ok,0,0,0,0,0,0,4.8874,7.7349,2.7258,2.0438,1.555,1,1,,8450,3.45
grid2:flatNS,,,PR10_x1.25,holdout,3,1023,headon,vfield,5992e7b9ba,ok,0,0,0,0,0,0,3.5286,8.0914,2.7258,2.0438,1.555,1,1,,8450,3.48
grid2:flatNS,,,PR10_x1.25,holdout,3,1025,headon,vfield,5992e7b9ba,ok,0,0,0,0,0,0,3.043,4.7025,2.7258,2.0438,1.555,1,1,,8450,3.53
grid2:flatNS,,,PR10_x1.25,holdout,3,1027,headon,vfield,5992e7b9ba,ok,0,0,0,0,0,0,5.2056,8.5401,2.7258,2.0438,1.555,1,1,,8450,3.49
grid2:flatNS,,,PR10_x1.25,holdout,3,1029,headon,vfield,5992e7b9ba,ok,0,0,0,0,0,0,2.3879,7.7701,2.7258,2.0438,1.555,1,1,,8450,3.48
grid2:flatNS,,,PR10_x1.25,holdout,3,1031,headon,vfield,5992e7b9ba,ok,0,0,0,0,0,0,2.044,7.3809,2.7258,2.0438,1.555,1,1,,8450,3.49
grid2:flatNS,,,PR10_x1.25,holdout,3,1033,headon,vfield,5992e7b9ba,ok,0,0,0,0,0,0,6.8355,6.4337,2.7258,2.0438,1.555,1,1,,8450,3.46
grid2:flatNS,,,PR10_x1.25,holdout,3,1035,headon,vfield,5992e7b9ba,ok,0,0,0,0,0,0,4.0497,4.1975,2.7258,2.0438,1.555,1,1,,8450,3.48
grid2:flatNS,,,PR10_x1.25,holdout,3,1037,headon,vfield,5992e7b9ba,ok,0,0,0,0,0,0,2.8182,7.7614,2.7258,2.0438,1.555,1,1,,8450,3.45
grid2:flatNS,,,PR10_x1.25,holdout,3,1039,headon,vfield,5992e7b9ba,ok,0,0,0,0,0,0,5.9046,1.4156,2.7258,2.0438,1.555,1,1,,8450,3.48
grid2:flatNS,,,PR10_x1.25,holdout,3,1041,headon,vfield,5992e7b9ba,ok,0,0,0,0,0,0,3.4856,5.819,2.7258,2.0438,1.555,1,1,,8450,3.55
grid2:flatNS,,,PR10_x1.25,holdout,3,1043,headon,vfield,5992e7b9ba,ok,0,0,0,0,0,0,5.3824,8.2069,2.7258,2.0438,1.555,1,1,,8450,3.47
grid2:flatNS,,,PR10_x1.25,holdout,3,1045,headon,vfield,5992e7b9ba,ok,0,0,0,0,0,0,4.5404,7.5245,2.7258,2.0438,1.555,1,1,,8450,3.53
grid2:flatNS,,,PR10_x1.25,holdout,3,1047,headon,vfield,5992e7b9ba,ok,0,0,0,0,0,0,4.2683,7.8988,2.7258,2.0438,1.555,1,1,,8450,3.54
grid2:flatNS,,,PR10_x1.25,holdout,3,1049,headon,vfield,5992e7b9ba,ok,0,0,0,0,0,0,5.7134,6.5488,2.7258,2.0438,1.555,1,1,,8450,3.46
grid2:flatNS,,,PR10_x1.25,holdout,3,1051,headon,vfield,5992e7b9ba,ok,1,0,1,0,0,0,1.9147,0.3158,2.7258,2.0438,1.555,1,1,11.9,8450,3.57
grid2:flatNS,,,PR10_x1.25,holdout,3,1053,headon,vfield,5992e7b9ba,ok,0,0,0,0,0,0,7.4618,7.7839,2.7258,2.0438,1.555,1,1,,8450,3.46
grid2:flatNS,,,PR10_x1.25,holdout,3,1055,headon,vfield,5992e7b9ba,ok,1,0,0,0,1,0,0.999,7.1519,2.7258,2.0438,1.555,1,1,34.1,8450,3.45
grid2:flatNS,,,PR10_x1.25,holdout,3,1057,headon,vfield,5992e7b9ba,ok,0,0,0,0,0,0,4.3021,6.0579,2.7258,2.0438,1.555,1,1,,8450,3.46
grid2:flatNS,,,PR10_x1.25,holdout,3,1059,headon,vfield,5992e7b9ba,ok,0,0,0,0,0,0,1.6347,8.3623,2.7258,2.0438,1.555,1,1,,8450,3.46
grid2:flatNS,,,PR10_x1.5,holdout,3,1001,headon,vfield,fd13d1bdc2,ok,0,0,0,0,0,0,7.3025,8.0874,2.7258,2.0438,1.555,1,1,,8450,3.53
grid2:flatNS,,,PR10_x1.5,holdout,3,1003,headon,vfield,fd13d1bdc2,ok,1,0,1,0,0,0,5.7975,0.0497,2.7258,2.0438,1.555,1,1,11.72,8450,3.45
grid2:flatNS,,,PR10_x1.5,holdout,3,1005,headon,vfield,fd13d1bdc2,ok,0,0,0,0,0,0,4.4444,4.5819,2.7258,2.0438,1.555,1,1,,8450,3.49
grid2:flatNS,,,PR10_x1.5,holdout,3,1007,headon,vfield,fd13d1bdc2,ok,0,0,0,0,0,0,4.429,8.1164,2.7258,2.0438,1.555,1,1,,8450,3.5
grid2:flatNS,,,PR10_x1.5,holdout,3,1009,headon,vfield,fd13d1bdc2,ok,0,0,0,0,0,0,4.1678,8.4217,2.7258,2.0438,1.555,1,1,,8450,3.48
grid2:flatNS,,,PR10_x1.5,holdout,3,1011,headon,vfield,fd13d1bdc2,ok,0,0,0,0,0,0,6.6202,8.0305,2.7258,2.0438,1.555,1,1,,8450,3.46
grid2:flatNS,,,PR10_x1.5,holdout,3,1013,headon,vfield,fd13d1bdc2,ok,0,0,0,0,0,0,6.5361,6.7936,2.7258,2.0438,1.555,1,1,,8450,3.46
grid2:flatNS,,,PR10_x1.5,holdout,3,1015,headon,vfield,fd13d1bdc2,ok,0,0,0,0,0,0,7.8359,6.8057,2.7258,2.0438,1.555,1,1,,8450,3.48
grid2:flatNS,,,PR10_x1.5,holdout,3,1017,headon,vfield,fd13d1bdc2,ok,0,0,0,0,0,0,6.091,7.8085,2.7258,2.0438,1.555,1,1,,8450,3.47
grid2:flatNS,,,PR10_x1.5,holdout,3,1019,headon,vfield,fd13d1bdc2,ok,1,1,0,0,0,0,4.4538,0.8534,2.7258,2.0438,1.555,1,1,24.06,8450,3.5
grid2:flatNS,,,PR10_x1.5,holdout,3,1021,headon,vfield,fd13d1bdc2,ok,0,0,0,0,0,0,6.3902,7.6534,2.7258,2.0438,1.555,1,1,,8450,3.48
grid2:flatNS,,,PR10_x1.5,holdout,3,1023,headon,vfield,fd13d1bdc2,ok,0,0,0,0,0,0,6.0447,8.5911,2.7258,2.0438,1.555,1,1,,8450,3.52
grid2:flatNS,,,PR10_x1.5,holdout,3,1025,headon,vfield,fd13d1bdc2,ok,0,0,0,0,0,0,2.4861,1.7492,2.7258,2.0438,1.555,1,1,,8450,3.5
grid2:flatNS,,,PR10_x1.5,holdout,3,1027,headon,vfield,fd13d1bdc2,ok,0,0,0,0,0,0,6.7311,8.0252,2.7258,2.0438,1.555,1,1,,8450,3.6
grid2:flatNS,,,PR10_x1.5,holdout,3,1029,headon,vfield,fd13d1bdc2,ok,0,0,0,0,0,0,5.0601,4.7038,2.7258,2.0438,1.555,1,1,,8450,3.53
grid2:flatNS,,,PR10_x1.5,holdout,3,1031,headon,vfield,fd13d1bdc2,ok,0,0,0,0,0,0,4.5674,2.0859,2.7258,2.0438,1.555,1,1,,8450,3.48
grid2:flatNS,,,PR10_x1.5,holdout,3,1033,headon,vfield,fd13d1bdc2,ok,0,0,0,0,0,0,7.3492,5.9807,2.7258,2.0438,1.555,1,1,,8450,3.48
grid2:flatNS,,,PR10_x1.5,holdout,3,1035,headon,vfield,fd13d1bdc2,ok,0,0,0,0,0,0,5.847,8.3085,2.7258,2.0438,1.555,1,1,,8450,3.47
grid2:flatNS,,,PR10_x1.5,holdout,3,1037,headon,vfield,fd13d1bdc2,ok,0,0,0,0,0,0,5.7047,6.6002,2.7258,2.0438,1.555,1,1,,8450,3.48
grid2:flatNS,,,PR10_x1.5,holdout,3,1039,headon,vfield,fd13d1bdc2,ok,0,0,0,0,0,0,5.5682,8.2932,2.7258,2.0438,1.555,1,1,,8450,3.57
grid2:flatNS,,,PR10_x1.5,holdout,3,1041,headon,vfield,fd13d1bdc2,ok,0,0,0,0,0,0,5.5234,8.1757,2.7258,2.0438,1.555,1,1,,8450,3.47
grid2:flatNS,,,PR10_x1.5,holdout,3,1043,headon,vfield,fd13d1bdc2,ok,0,0,0,0,0,0,3.4852,7.6915,2.7258,2.0438,1.555,1,1,,8450,3.47
grid2:flatNS,,,PR10_x1.5,holdout,3,1045,headon,vfield,fd13d1bdc2,ok,0,0,0,0,0,0,5.2669,6.2411,2.7258,2.0438,1.555,1,1,,8450,3.46
grid2:flatNS,,,PR10_x1.5,holdout,3,1047,headon,vfield,fd13d1bdc2,ok,0,0,0,0,0,0,5.538,7.6203,2.7258,2.0438,1.555,1,1,,8450,3.46
grid2:flatNS,,,PR10_x1.5,holdout,3,1049,headon,vfield,fd13d1bdc2,ok,0,0,0,0,0,0,7.7815,8.2444,2.7258,2.0438,1.555,1,1,,8450,3.46
grid2:flatNS,,,PR10_x1.5,holdout,3,1051,headon,vfield,fd13d1bdc2,ok,0,0,0,0,0,0,5.9743,7.7451,2.7258,2.0438,1.555,1,1,,8450,3.49
grid2:flatNS,,,PR10_x1.5,holdout,3,1053,headon,vfield,fd13d1bdc2,ok,0,0,0,0,0,0,4.9335,7.5426,2.7258,2.0438,1.555,1,1,,8450,3.43
grid2:flatNS,,,PR10_x1.5,holdout,3,1055,headon,vfield,fd13d1bdc2,ok,0,0,0,0,0,0,4.9737,7.703,2.7258,2.0438,1.555,1,1,,8450,3.45
grid2:flatNS,,,PR10_x1.5,holdout,3,1057,headon,vfield,fd13d1bdc2,ok,0,0,0,0,0,0,4.1266,7.6386,2.7258,2.0438,1.555,1,1,,8450,3.5
grid2:flatNS,,,PR10_x1.5,holdout,3,1059,headon,vfield,fd13d1bdc2,ok,0,0,0,0,0,0,4.6297,7.5998,2.7258,2.0438,1.555,1,1,,8450,3.47
grid2:flatNS,,,PR10_x2,holdout,3,1001,headon,vfield,e0f7388ce6,ok,0,0,0,0,0,0,1.6395,7.4868,2.7258,2.0438,1.555,1,1,,8450,3.45
grid2:flatNS,,,PR10_x2,holdout,3,1003,headon,vfield,e0f7388ce6,ok,0,0,0,0,0,0,5.5527,2.9752,2.7258,2.0438,1.555,1,1,,8450,3.42
grid2:flatNS,,,PR10_x2,holdout,3,1005,headon,vfield,e0f7388ce6,ok,0,0,0,0,0,0,6.0677,5.5014,2.7258,2.0438,1.555,1,1,,8450,3.43
grid2:flatNS,,,PR10_x2,holdout,3,1007,headon,vfield,e0f7388ce6,ok,0,0,0,0,0,0,5.7885,4.3698,2.7258,2.0438,1.555,1,1,,8450,3.46
grid2:flatNS,,,PR10_x2,holdout,3,1009,headon,vfield,e0f7388ce6,ok,1,0,1,0,0,0,4.7099,0.2423,2.7258,2.0438,1.555,1,1,9.76,8450,3.44
grid2:flatNS,,,PR10_x2,holdout,3,1011,headon,vfield,e0f7388ce6,ok,0,0,0,0,0,0,4.5237,4.3837,2.7258,2.0438,1.555,1,1,,8450,3.46
grid2:flatNS,,,PR10_x2,holdout,3,1013,headon,vfield,e0f7388ce6,ok,0,0,0,0,0,0,1.8223,3.8342,2.7258,2.0438,1.555,1,1,,8450,3.44
grid2:flatNS,,,PR10_x2,holdout,3,1015,headon,vfield,e0f7388ce6,ok,0,0,0,0,0,0,5.3319,4.2992,2.7258,2.0438,1.555,1,1,,8450,3.43
grid2:flatNS,,,PR10_x2,holdout,3,1017,headon,vfield,e0f7388ce6,ok,0,0,0,0,0,0,7.3208,4.5371,2.7258,2.0438,1.555,1,1,,8450,3.46
grid2:flatNS,,,PR10_x2,holdout,3,1019,headon,vfield,e0f7388ce6,ok,1,0,1,0,0,0,3.557,0.8694,2.7258,2.0438,1.555,1,1,5.32,8450,3.42
grid2:flatNS,,,PR10_x2,holdout,3,1021,headon,vfield,e0f7388ce6,ok,0,0,0,0,0,0,8.3999,6.7163,2.7258,2.0438,1.555,1,1,,8450,3.53
grid2:flatNS,,,PR10_x2,holdout,3,1023,headon,vfield,e0f7388ce6,ok,0,0,0,0,0,0,5.4774,4.1715,2.7258,2.0438,1.555,1,1,,8450,3.43
grid2:flatNS,,,PR10_x2,holdout,3,1025,headon,vfield,e0f7388ce6,ok,0,0,0,0,0,0,4.4573,3.9183,2.7258,2.0438,1.555,1,1,,8450,3.45
grid2:flatNS,,,PR10_x2,holdout,3,1027,headon,vfield,e0f7388ce6,ok,0,0,0,0,0,0,4.6409,4.7469,2.7258,2.0438,1.555,1,1,,8450,3.45
grid2:flatNS,,,PR10_x2,holdout,3,1029,headon,vfield,e0f7388ce6,ok,0,0,0,0,0,0,7.3278,8.0685,2.7258,2.0438,1.555,1,1,,8450,3.44
grid2:flatNS,,,PR10_x2,holdout,3,1031,headon,vfield,e0f7388ce6,ok,0,0,0,0,0,0,8.4008,2.3029,2.7258,2.0438,1.555,1,1,,8450,3.44
grid2:flatNS,,,PR10_x2,holdout,3,1033,headon,vfield,e0f7388ce6,ok,1,0,1,0,0,0,4.2772,0.6517,2.7258,2.0438,1.555,1,1,25.88,8450,3.47
grid2:flatNS,,,PR10_x2,holdout,3,1035,headon,vfield,e0f7388ce6,ok,0,0,0,0,0,0,2.9341,8.0641,2.7258,2.0438,1.555,1,1,,8450,3.46
grid2:flatNS,,,PR10_x2,holdout,3,1037,headon,vfield,e0f7388ce6,ok,0,0,0,0,0,0,6.6088,8.5077,2.7258,2.0438,1.555,1,1,,8450,3.45
grid2:flatNS,,,PR10_x2,holdout,3,1039,headon,vfield,e0f7388ce6,ok,1,0,1,0,0,0,8.1118,0.2697,2.7258,2.0438,1.555,1,1,9.8,8450,3.46
grid2:flatNS,,,PR10_x2,holdout,3,1041,headon,vfield,e0f7388ce6,ok,0,0,0,0,0,0,6.1681,8.2017,2.7258,2.0438,1.555,1,1,,8450,3.44
grid2:flatNS,,,PR10_x2,holdout,3,1043,headon,vfield,e0f7388ce6,ok,0,0,0,0,0,0,5.9447,8.1337,2.7258,2.0438,1.555,1,1,,8450,3.46
grid2:flatNS,,,PR10_x2,holdout,3,1045,headon,vfield,e0f7388ce6,ok,0,0,0,0,0,0,2.6598,4.2334,2.7258,2.0438,1.555,1,1,,8450,3.46
grid2:flatNS,,,PR10_x2,holdout,3,1047,headon,vfield,e0f7388ce6,ok,0,0,0,0,0,0,6.8896,2.1755,2.7258,2.0438,1.555,1,1,,8450,3.5
grid2:flatNS,,,PR10_x2,holdout,3,1049,headon,vfield,e0f7388ce6,ok,0,0,0,0,0,0,6.3786,7.582,2.7258,2.0438,1.555,1,1,,8450,3.48
grid2:flatNS,,,PR10_x2,holdout,3,1051,headon,vfield,e0f7388ce6,ok,0,0,0,0,0,0,5.485,7.7459,2.7258,2.0438,1.555,1,1,,8450,3.5
grid2:flatNS,,,PR10_x2,holdout,3,1053,headon,vfield,e0f7388ce6,ok,0,0,0,0,0,0,5.3483,3.9471,2.7258,2.0438,1.555,1,1,,8450,3.48
grid2:flatNS,,,PR10_x2,holdout,3,1055,headon,vfield,e0f7388ce6,ok,0,0,0,0,0,0,4.7368,5.7577,2.7258,2.0438,1.555,1,1,,8450,3.88
grid2:flatNS,,,PR10_x2,holdout,3,1057,headon,vfield,e0f7388ce6,ok,0,0,0,0,0,0,2.6243,1.5002,2.7258,2.0438,1.555,1,1,,8450,3.62
grid2:flatNS,,,PR10_x2,holdout,3,1059,headon,vfield,e0f7388ce6,ok,0,0,0,0,0,0,4.5512,7.6792,2.7258,2.0438,1.555,1,1,,8450,3.59
grid2:flatNS,,,PR13_x0.5,holdout,3,1001,headon,vfield,b1f1bb1dc1,ok,0,0,0,0,0,0,5.7244,5.8246,2.7258,2.0438,1.555,1,1,,8450,3.49
grid2:flatNS,,,PR13_x0.5,holdout,3,1003,headon,vfield,b1f1bb1dc1,ok,0,0,0,0,0,0,6.5645,1.1551,2.7258,2.0438,1.555,1,1,,8450,3.89
grid2:flatNS,,,PR13_x0.5,holdout,3,1005,headon,vfield,b1f1bb1dc1,ok,0,0,0,0,0,0,1.6074,10.702,2.7258,2.0438,1.555,1,1,,8450,3.85
grid2:flatNS,,,PR13_x0.5,holdout,3,1007,headon,vfield,b1f1bb1dc1,ok,0,0,0,0,0,0,7.5077,1.9737,2.7258,2.0438,1.555,1,1,,8450,3.65
grid2:flatNS,,,PR13_x0.5,holdout,3,1009,headon,vfield,b1f1bb1dc1,ok,0,0,0,0,0,0,1.941,7.5506,2.7258,2.0438,1.555,1,1,,8450,3.49
grid2:flatNS,,,PR13_x0.5,holdout,3,1011,headon,vfield,b1f1bb1dc1,ok,1,0,1,0,0,0,8.033,0.2175,2.7258,2.0438,1.555,1,1,7.67,8450,3.5
grid2:flatNS,,,PR13_x0.5,holdout,3,1013,headon,vfield,b1f1bb1dc1,ok,1,0,0,0,1,0,0.3577,3.4859,2.7258,2.0438,1.555,1,1,0.63,8450,3.47
grid2:flatNS,,,PR13_x0.5,holdout,3,1015,headon,vfield,b1f1bb1dc1,ok,0,0,0,0,0,0,2.0394,9.6746,2.7258,2.0438,1.555,1,1,,8450,3.55
grid2:flatNS,,,PR13_x0.5,holdout,3,1017,headon,vfield,b1f1bb1dc1,ok,0,0,0,0,0,0,1.4551,5.1401,2.7258,2.0438,1.555,1,1,,8450,3.54
grid2:flatNS,,,PR13_x0.5,holdout,3,1019,headon,vfield,b1f1bb1dc1,ok,0,0,0,0,0,0,6.9039,3.8837,2.7258,2.0438,1.555,1,1,,8450,3.48
grid2:flatNS,,,PR13_x0.5,holdout,3,1021,headon,vfield,b1f1bb1dc1,ok,0,0,0,0,0,0,4.7976,2.6983,2.7258,2.0438,1.555,1,1,,8450,3.47
grid2:flatNS,,,PR13_x0.5,holdout,3,1023,headon,vfield,b1f1bb1dc1,ok,0,0,0,0,0,0,7.3617,8.0423,2.7258,2.0438,1.555,1,1,,8450,3.45
grid2:flatNS,,,PR13_x0.5,holdout,3,1025,headon,vfield,b1f1bb1dc1,ok,0,0,0,0,0,0,6.9298,5.0738,2.7258,2.0438,1.555,1,1,,8450,3.46
grid2:flatNS,,,PR13_x0.5,holdout,3,1027,headon,vfield,b1f1bb1dc1,ok,0,0,0,0,0,0,3.3944,5.9064,2.7258,2.0438,1.555,1,1,,8450,3.47
grid2:flatNS,,,PR13_x0.5,holdout,3,1029,headon,vfield,b1f1bb1dc1,ok,0,0,0,0,0,0,6.8238,6.6422,2.7258,2.0438,1.555,1,1,,8450,3.48
grid2:flatNS,,,PR13_x0.5,holdout,3,1031,headon,vfield,b1f1bb1dc1,ok,0,0,0,0,0,0,4.6852,3.6257,2.7258,2.0438,1.555,1,1,,8450,3.45
grid2:flatNS,,,PR13_x0.5,holdout,3,1033,headon,vfield,b1f1bb1dc1,ok,0,0,0,0,0,0,8.2358,9.0984,2.7258,2.0438,1.555,1,1,,8450,3.57
grid2:flatNS,,,PR13_x0.5,holdout,3,1035,headon,vfield,b1f1bb1dc1,ok,0,0,0,0,0,0,2.0602,7.6309,2.7258,2.0438,1.555,1,1,,8450,3.52
grid2:flatNS,,,PR13_x0.5,holdout,3,1037,headon,vfield,b1f1bb1dc1,ok,0,0,0,0,0,0,1.5866,5.6246,2.7258,2.0438,1.555,1,1,,8450,3.62
grid2:flatNS,,,PR13_x0.5,holdout,3,1039,headon,vfield,b1f1bb1dc1,ok,0,0,0,0,0,0,8.6803,4.1004,2.7258,2.0438,1.555,1,1,,8450,3.5
grid2:flatNS,,,PR13_x0.5,holdout,3,1041,headon,vfield,b1f1bb1dc1,ok,0,0,0,0,0,0,5.268,5.8201,2.7258,2.0438,1.555,1,1,,8450,3.47
grid2:flatNS,,,PR13_x0.5,holdout,3,1043,headon,vfield,b1f1bb1dc1,ok,0,0,0,0,0,0,5.2981,5.9535,2.7258,2.0438,1.555,1,1,,8450,3.48
grid2:flatNS,,,PR13_x0.5,holdout,3,1045,headon,vfield,b1f1bb1dc1,ok,0,0,0,0,0,0,3.896,6.9263,2.7258,2.0438,1.555,1,1,,8450,3.5
grid2:flatNS,,,PR13_x0.5,holdout,3,1047,headon,vfield,b1f1bb1dc1,ok,1,0,1,0,0,0,1.5733,0.0203,2.7258,2.0438,1.555,1,1,11.79,8450,3.48
grid2:flatNS,,,PR13_x0.5,holdout,3,1049,headon,vfield,b1f1bb1dc1,ok,0,0,0,0,0,0,7.975,2.5171,2.7258,2.0438,1.555,1,1,,8450,3.52
grid2:flatNS,,,PR13_x0.5,holdout,3,1051,headon,vfield,b1f1bb1dc1,ok,0,0,0,0,0,0,5.1306,9.7383,2.7258,2.0438,1.555,1,1,,8450,3.53
grid2:flatNS,,,PR13_x0.5,holdout,3,1053,headon,vfield,b1f1bb1dc1,ok,0,0,0,0,0,0,5.97,8.3755,2.7258,2.0438,1.555,1,1,,8450,3.54
grid2:flatNS,,,PR13_x0.5,holdout,3,1055,headon,vfield,b1f1bb1dc1,ok,0,0,0,0,0,0,4.9164,3.1268,2.7258,2.0438,1.555,1,1,,8450,3.48
grid2:flatNS,,,PR13_x0.5,holdout,3,1057,headon,vfield,b1f1bb1dc1,ok,0,0,0,0,0,0,1.3868,6.3548,2.7258,2.0438,1.555,1,1,,8450,3.45
grid2:flatNS,,,PR13_x0.5,holdout,3,1059,headon,vfield,b1f1bb1dc1,ok,0,0,0,0,0,0,7.2004,5.9666,2.7258,2.0438,1.555,1,1,,8450,3.61
grid2:flatNS,,,PR13_x0.75,holdout,3,1001,headon,vfield,5af6c4a8e4,ok,0,0,0,0,0,0,2.479,3.6994,2.7258,2.0438,1.555,1,1,,8450,3.66
grid2:flatNS,,,PR13_x0.75,holdout,3,1003,headon,vfield,5af6c4a8e4,ok,0,0,0,0,0,0,9.7172,4.5974,2.7258,2.0438,1.555,1,1,,8450,3.45
grid2:flatNS,,,PR13_x0.75,holdout,3,1005,headon,vfield,5af6c4a8e4,ok,0,0,0,0,0,0,5.548,4.6853,2.7258,2.0438,1.555,1,1,,8450,3.46
grid2:flatNS,,,PR13_x0.75,holdout,3,1007,headon,vfield,5af6c4a8e4,ok,0,0,0,0,0,0,7.9083,4.1618,2.7258,2.0438,1.555,1,1,,8450,3.46
grid2:flatNS,,,PR13_x0.75,holdout,3,1009,headon,vfield,5af6c4a8e4,ok,0,0,0,0,0,0,1.5568,8.1818,2.7258,2.0438,1.555,1,1,,8450,3.44
grid2:flatNS,,,PR13_x0.75,holdout,3,1011,headon,vfield,5af6c4a8e4,ok,0,0,0,0,0,0,9.7144,7.2345,2.7258,2.0438,1.555,1,1,,8450,3.44
grid2:flatNS,,,PR13_x0.75,holdout,3,1013,headon,vfield,5af6c4a8e4,ok,0,0,0,0,0,0,6.4234,2.193,2.7258,2.0438,1.555,1,1,,8450,3.47
grid2:flatNS,,,PR13_x0.75,holdout,3,1015,headon,vfield,5af6c4a8e4,ok,0,0,0,0,0,0,5.3161,7.9978,2.7258,2.0438,1.555,1,1,,8450,3.48
grid2:flatNS,,,PR13_x0.75,holdout,3,1017,headon,vfield,5af6c4a8e4,ok,0,0,0,0,0,0,2.0973,7.33,2.7258,2.0438,1.555,1,1,,8450,3.44
grid2:flatNS,,,PR13_x0.75,holdout,3,1019,headon,vfield,5af6c4a8e4,ok,1,1,0,0,0,0,11.582,0.5611,2.7258,2.0438,1.555,1,1,19.96,8450,3.45
grid2:flatNS,,,PR13_x0.75,holdout,3,1021,headon,vfield,5af6c4a8e4,ok,0,0,0,0,0,0,4.2591,9.9722,2.7258,2.0438,1.555,1,1,,8450,3.45
grid2:flatNS,,,PR13_x0.75,holdout,3,1023,headon,vfield,5af6c4a8e4,ok,0,0,0,0,0,0,7.7424,9.6087,2.7258,2.0438,1.555,1,1,,8450,3.44
grid2:flatNS,,,PR13_x0.75,holdout,3,1025,headon,vfield,5af6c4a8e4,ok,1,0,1,0,0,0,6.5035,0.1842,2.7258,2.0438,1.555,1,1,2.92,8450,3.46
grid2:flatNS,,,PR13_x0.75,holdout,3,1027,headon,vfield,5af6c4a8e4,ok,0,0,0,0,0,0,8.0821,4.9176,2.7258,2.0438,1.555,1,1,,8450,3.44
grid2:flatNS,,,PR13_x0.75,holdout,3,1029,headon,vfield,5af6c4a8e4,ok,0,0,0,0,0,0,2.1396,6.5777,2.7258,2.0438,1.555,1,1,,8450,3.45
grid2:flatNS,,,PR13_x0.75,holdout,3,1031,headon,vfield,5af6c4a8e4,ok,0,0,0,0,0,0,1.4715,5.2778,2.7258,2.0438,1.555,1,1,,8450,3.58
grid2:flatNS,,,PR13_x0.75,holdout,3,1033,headon,vfield,5af6c4a8e4,ok,0,0,0,0,0,0,8.0224,10.1436,2.7258,2.0438,1.555,1,1,,8450,3.42
grid2:flatNS,,,PR13_x0.75,holdout,3,1035,headon,vfield,5af6c4a8e4,ok,1,0,1,0,0,0,9.3498,0.9977,2.7258,2.0438,1.555,1,1,8.33,8450,3.51
grid2:flatNS,,,PR13_x0.75,holdout,3,1037,headon,vfield,5af6c4a8e4,ok,0,0,0,0,0,0,8.3553,10.4622,2.7258,2.0438,1.555,1,1,,8450,3.52
grid2:flatNS,,,PR13_x0.75,holdout,3,1039,headon,vfield,5af6c4a8e4,ok,0,0,0,0,0,0,7.5897,8.1576,2.7258,2.0438,1.555,1,1,,8450,3.48
grid2:flatNS,,,PR13_x0.75,holdout,3,1041,headon,vfield,5af6c4a8e4,ok,0,0,0,0,0,0,4.5576,1.0884,2.7258,2.0438,1.555,1,1,,8450,3.49
grid2:flatNS,,,PR13_x0.75,holdout,3,1043,headon,vfield,5af6c4a8e4,ok,0,0,0,0,0,0,6.8899,7.2271,2.7258,2.0438,1.555,1,1,,8450,3.47
grid2:flatNS,,,PR13_x0.75,holdout,3,1045,headon,vfield,5af6c4a8e4,ok,0,0,0,0,0,0,8.0789,1.9997,2.7258,2.0438,1.555,1,1,,8450,3.47
grid2:flatNS,,,PR13_x0.75,holdout,3,1047,headon,vfield,5af6c4a8e4,ok,0,0,0,0,0,0,4.968,8.8922,2.7258,2.0438,1.555,1,1,,8450,3.44
grid2:flatNS,,,PR13_x0.75,holdout,3,1049,headon,vfield,5af6c4a8e4,ok,0,0,0,0,0,0,3.065,3.2135,2.7258,2.0438,1.555,1,1,,8450,3.45
grid2:flatNS,,,PR13_x0.75,holdout,3,1051,headon,vfield,5af6c4a8e4,ok,0,0,0,0,0,0,3.3028,8.6107,2.7258,2.0438,1.555,1,1,,8450,3.44
grid2:flatNS,,,PR13_x0.75,holdout,3,1053,headon,vfield,5af6c4a8e4,ok,0,0,0,0,0,0,4.8544,6.397,2.7258,2.0438,1.555,1,1,,8450,3.46
grid2:flatNS,,,PR13_x0.75,holdout,3,1055,headon,vfield,5af6c4a8e4,ok,1,0,0,0,1,0,0.6574,2.4404,2.7258,2.0438,1.555,1,1,38.47,8450,3.49
grid2:flatNS,,,PR13_x0.75,holdout,3,1057,headon,vfield,5af6c4a8e4,ok,1,0,1,0,0,0,8.5317,0.349,2.7258,2.0438,1.555,1,1,5.79,8450,3.5
grid2:flatNS,,,PR13_x0.75,holdout,3,1059,headon,vfield,5af6c4a8e4,ok,0,0,0,0,0,0,7.979,7.4199,2.7258,2.0438,1.555,1,1,,8450,3.55
grid2:flatNS,,,PR13_x1,holdout,3,1001,headon,vfield,0e20c7b2e4,ok,1,0,1,0,0,0,2.8519,0.7079,2.7258,2.0438,1.555,1,1,10.33,8450,3.53
grid2:flatNS,,,PR13_x1,holdout,3,1003,headon,vfield,0e20c7b2e4,ok,0,0,0,0,0,0,10.4865,6.4213,2.7258,2.0438,1.555,1,1,,8450,3.48
grid2:flatNS,,,PR13_x1,holdout,3,1005,headon,vfield,0e20c7b2e4,ok,0,0,0,0,0,0,5.1196,8.2363,2.7258,2.0438,1.555,1,1,,8450,3.58
grid2:flatNS,,,PR13_x1,holdout,3,1007,headon,vfield,0e20c7b2e4,ok,0,0,0,0,0,0,5.2301,8.4685,2.7258,2.0438,1.555,1,1,,8450,3.44
grid2:flatNS,,,PR13_x1,holdout,3,1009,headon,vfield,0e20c7b2e4,ok,0,0,0,0,0,0,6.1445,8.3191,2.7258,2.0438,1.555,1,1,,8450,3.46
grid2:flatNS,,,PR13_x1,holdout,3,1011,headon,vfield,0e20c7b2e4,ok,0,0,0,0,0,0,7.4401,7.2727,2.7258,2.0438,1.555,1,1,,8450,3.45
grid2:flatNS,,,PR13_x1,holdout,3,1013,headon,vfield,0e20c7b2e4,ok,0,0,0,0,0,0,6.0807,9.8359,2.7258,2.0438,1.555,1,1,,8450,3.52
grid2:flatNS,,,PR13_x1,holdout,3,1015,headon,vfield,0e20c7b2e4,ok,0,0,0,0,0,0,6.121,8.8198,2.7258,2.0438,1.555,1,1,,8450,3.46
grid2:flatNS,,,PR13_x1,holdout,3,1017,headon,vfield,0e20c7b2e4,ok,0,0,0,0,0,0,3.6187,6.8238,2.7258,2.0438,1.555,1,1,,8450,3.47
grid2:flatNS,,,PR13_x1,holdout,3,1019,headon,vfield,0e20c7b2e4,ok,0,0,0,0,0,0,8.2698,3.8629,2.7258,2.0438,1.555,1,1,,8450,3.48
grid2:flatNS,,,PR13_x1,holdout,3,1021,headon,vfield,0e20c7b2e4,ok,0,0,0,0,0,0,6.3873,9.9411,2.7258,2.0438,1.555,1,1,,8450,3.47
grid2:flatNS,,,PR13_x1,holdout,3,1023,headon,vfield,0e20c7b2e4,ok,0,0,0,0,0,0,6.0719,9.7852,2.7258,2.0438,1.555,1,1,,8450,3.47
grid2:flatNS,,,PR13_x1,holdout,3,1025,headon,vfield,0e20c7b2e4,ok,0,0,0,0,0,0,6.9877,1.7523,2.7258,2.0438,1.555,1,1,,8450,3.77
grid2:flatNS,,,PR13_x1,holdout,3,1027,headon,vfield,0e20c7b2e4,ok,0,0,0,0,0,0,5.8938,5.8032,2.7258,2.0438,1.555,1,1,,8450,3.77
grid2:flatNS,,,PR13_x1,holdout,3,1029,headon,vfield,0e20c7b2e4,ok,1,0,1,0,0,0,7.0102,0.7,2.7258,2.0438,1.555,1,1,6.29,8450,4.0
grid2:flatNS,,,PR13_x1,holdout,3,1031,headon,vfield,0e20c7b2e4,ok,0,0,0,0,0,0,7.5198,5.1654,2.7258,2.0438,1.555,1,1,,8450,4.82
grid2:flatNS,,,PR13_x1,holdout,3,1033,headon,vfield,0e20c7b2e4,ok,0,0,0,0,0,0,8.7345,9.2155,2.7258,2.0438,1.555,1,1,,8450,4.47
grid2:flatNS,,,PR13_x1,holdout,3,1035,headon,vfield,0e20c7b2e4,ok,0,0,0,0,0,0,4.3189,8.7214,2.7258,2.0438,1.555,1,1,,8450,6.62
grid2:flatNS,,,PR13_x1,holdout,3,1037,headon,vfield,0e20c7b2e4,ok,0,0,0,0,0,0,5.7565,9.9009,2.7258,2.0438,1.555,1,1,,8450,5.88
grid2:flatNS,,,PR13_x1,holdout,3,1039,headon,vfield,0e20c7b2e4,ok,0,0,0,0,0,0,2.6723,8.2773,2.7258,2.0438,1.555,1,1,,8450,4.1
grid2:flatNS,,,PR13_x1,holdout,3,1041,headon,vfield,0e20c7b2e4,ok,0,0,0,0,0,0,7.0562,6.6623,2.7258,2.0438,1.555,1,1,,8450,3.62
grid2:flatNS,,,PR13_x1,holdout,3,1043,headon,vfield,0e20c7b2e4,ok,0,0,0,0,0,0,5.783,9.2711,2.7258,2.0438,1.555,1,1,,8450,3.51
grid2:flatNS,,,PR13_x1,holdout,3,1045,headon,vfield,0e20c7b2e4,ok,0,0,0,0,0,0,5.0669,6.8933,2.7258,2.0438,1.555,1,1,,8450,3.5
grid2:flatNS,,,PR13_x1,holdout,3,1047,headon,vfield,0e20c7b2e4,ok,0,0,0,0,0,0,6.156,6.6588,2.7258,2.0438,1.555,1,1,,8450,3.52
grid2:flatNS,,,PR13_x1,holdout,3,1049,headon,vfield,0e20c7b2e4,ok,0,0,0,0,0,0,1.9841,4.8123,2.7258,2.0438,1.555,1,1,,8450,3.65
grid2:flatNS,,,PR13_x1,holdout,3,1051,headon,vfield,0e20c7b2e4,ok,0,0,0,0,0,0,3.3612,4.1899,2.7258,2.0438,1.555,1,1,,8450,3.51
grid2:flatNS,,,PR13_x1,holdout,3,1053,headon,vfield,0e20c7b2e4,ok,0,0,0,0,0,0,10.2024,4.9432,2.7258,2.0438,1.555,1,1,,8450,3.52
grid2:flatNS,,,PR13_x1,holdout,3,1055,headon,vfield,0e20c7b2e4,ok,0,0,0,0,0,0,7.1583,6.6055,2.7258,2.0438,1.555,1,1,,8450,3.5
grid2:flatNS,,,PR13_x1,holdout,3,1057,headon,vfield,0e20c7b2e4,ok,0,0,0,0,0,0,7.7787,3.0806,2.7258,2.0438,1.555,1,1,,8450,3.58
grid2:flatNS,,,PR13_x1,holdout,3,1059,headon,vfield,0e20c7b2e4,ok,0,0,0,0,0,0,7.4204,1.0629,2.7258,2.0438,1.555,1,1,,8450,3.54
grid2:flatNS,,,PR13_x1.25,holdout,3,1001,headon,vfield,38a180779e,ok,0,0,0,0,0,0,8.3948,10.2594,2.7258,2.0438,1.555,1,1,,8450,3.56
grid2:flatNS,,,PR13_x1.25,holdout,3,1003,headon,vfield,38a180779e,ok,0,0,0,0,0,0,7.0506,7.4045,2.7258,2.0438,1.555,1,1,,8450,3.58
grid2:flatNS,,,PR13_x1.25,holdout,3,1005,headon,vfield,38a180779e,ok,0,0,0,0,0,0,4.7511,10.6818,2.7258,2.0438,1.555,1,1,,8450,3.49
grid2:flatNS,,,PR13_x1.25,holdout,3,1007,headon,vfield,38a180779e,ok,0,0,0,0,0,0,3.1498,6.8234,2.7258,2.0438,1.555,1,1,,8450,3.58
grid2:flatNS,,,PR13_x1.25,holdout,3,1009,headon,vfield,38a180779e,ok,0,0,0,0,0,0,6.0971,8.4925,2.7258,2.0438,1.555,1,1,,8450,3.51
grid2:flatNS,,,PR13_x1.25,holdout,3,1011,headon,vfield,38a180779e,ok,0,0,0,0,0,0,7.8277,10.9995,2.7258,2.0438,1.555,1,1,,8450,3.69
grid2:flatNS,,,PR13_x1.25,holdout,3,1013,headon,vfield,38a180779e,ok,0,0,0,0,0,0,6.3323,1.604,2.7258,2.0438,1.555,1,1,,8450,3.51
grid2:flatNS,,,PR13_x1.25,holdout,3,1015,headon,vfield,38a180779e,ok,0,0,0,0,0,0,7.0948,6.2037,2.7258,2.0438,1.555,1,1,,8450,3.56
grid2:flatNS,,,PR13_x1.25,holdout,3,1017,headon,vfield,38a180779e,ok,0,0,0,0,0,0,3.2963,9.0022,2.7258,2.0438,1.555,1,1,,8450,3.52
grid2:flatNS,,,PR13_x1.25,holdout,3,1019,headon,vfield,38a180779e,ok,0,0,0,0,0,0,7.6291,3.9487,2.7258,2.0438,1.555,1,1,,8450,3.46
grid2:flatNS,,,PR13_x1.25,holdout,3,1021,headon,vfield,38a180779e,ok,0,0,0,0,0,0,8.0316,10.4475,2.7258,2.0438,1.555,1,1,,8450,3.47
grid2:flatNS,,,PR13_x1.25,holdout,3,1023,headon,vfield,38a180779e,ok,0,0,0,0,0,0,5.2178,8.901,2.7258,2.0438,1.555,1,1,,8450,3.43
grid2:flatNS,,,PR13_x1.25,holdout,3,1025,headon,vfield,38a180779e,ok,0,0,0,0,0,0,6.1702,3.9441,2.7258,2.0438,1.555,1,1,,8450,3.48
grid2:flatNS,,,PR13_x1.25,holdout,3,1027,headon,vfield,38a180779e,ok,0,0,0,0,0,0,7.6367,7.2371,2.7258,2.0438,1.555,1,1,,8450,3.46
grid2:flatNS,,,PR13_x1.25,holdout,3,1029,headon,vfield,38a180779e,ok,0,0,0,0,0,0,1.9541,10.5517,2.7258,2.0438,1.555,1,1,,8450,3.47
grid2:flatNS,,,PR13_x1.25,holdout,3,1031,headon,vfield,38a180779e,ok,0,0,0,0,0,0,3.2183,8.1258,2.7258,2.0438,1.555,1,1,,8450,3.45
grid2:flatNS,,,PR13_x1.25,holdout,3,1033,headon,vfield,38a180779e,ok,0,0,0,0,0,0,8.5255,8.7719,2.7258,2.0438,1.555,1,1,,8450,3.6
grid2:flatNS,,,PR13_x1.25,holdout,3,1035,headon,vfield,38a180779e,ok,0,0,0,0,0,0,7.4786,9.4295,2.7258,2.0438,1.555,1,1,,8450,3.48
grid2:flatNS,,,PR13_x1.25,holdout,3,1037,headon,vfield,38a180779e,ok,0,0,0,0,0,0,7.6914,10.6156,2.7258,2.0438,1.555,1,1,,8450,3.47
grid2:flatNS,,,PR13_x1.25,holdout,3,1039,headon,vfield,38a180779e,ok,0,0,0,0,0,0,9.3123,8.4287,2.7258,2.0438,1.555,1,1,,8450,3.53
grid2:flatNS,,,PR13_x1.25,holdout,3,1041,headon,vfield,38a180779e,ok,0,0,0,0,0,0,7.134,10.3265,2.7258,2.0438,1.555,1,1,,8450,3.93
grid2:flatNS,,,PR13_x1.25,holdout,3,1043,headon,vfield,38a180779e,ok,1,1,0,0,0,0,4.5137,0.3967,2.7258,2.0438,1.555,1,1,35.71,8450,3.93
grid2:flatNS,,,PR13_x1.25,holdout,3,1045,headon,vfield,38a180779e,ok,0,0,0,0,0,0,8.8307,5.3023,2.7258,2.0438,1.555,1,1,,8450,3.46
grid2:flatNS,,,PR13_x1.25,holdout,3,1047,headon,vfield,38a180779e,ok,0,0,0,0,0,0,8.7652,5.4385,2.7258,2.0438,1.555,1,1,,8450,3.57
grid2:flatNS,,,PR13_x1.25,holdout,3,1049,headon,vfield,38a180779e,ok,0,0,0,0,0,0,7.8085,5.7425,2.7258,2.0438,1.555,1,1,,8450,3.43
grid2:flatNS,,,PR13_x1.25,holdout,3,1051,headon,vfield,38a180779e,ok,0,0,0,0,0,0,7.056,3.4341,2.7258,2.0438,1.555,1,1,,8450,3.42
grid2:flatNS,,,PR13_x1.25,holdout,3,1053,headon,vfield,38a180779e,ok,0,0,0,0,0,0,5.1424,9.8973,2.7258,2.0438,1.555,1,1,,8450,3.41
grid2:flatNS,,,PR13_x1.25,holdout,3,1055,headon,vfield,38a180779e,ok,0,0,0,0,0,0,5.6767,3.3076,2.7258,2.0438,1.555,1,1,,8450,3.42
grid2:flatNS,,,PR13_x1.25,holdout,3,1057,headon,vfield,38a180779e,ok,0,0,0,0,0,0,1.8976,1.6682,2.7258,2.0438,1.555,1,1,,8450,3.42
grid2:flatNS,,,PR13_x1.25,holdout,3,1059,headon,vfield,38a180779e,ok,0,0,0,0,0,0,5.281,5.178,2.7258,2.0438,1.555,1,1,,8450,3.41
grid2:flatNS,,,PR13_x1.5,holdout,3,1001,headon,vfield,255936c422,ok,0,0,0,0,0,0,5.8451,8.6311,2.7258,2.0438,1.555,1,1,,8450,3.43
grid2:flatNS,,,PR13_x1.5,holdout,3,1003,headon,vfield,255936c422,ok,0,0,0,0,0,0,7.7139,8.7714,2.7258,2.0438,1.555,1,1,,8450,3.42
grid2:flatNS,,,PR13_x1.5,holdout,3,1005,headon,vfield,255936c422,ok,0,0,0,0,0,0,7.3498,11.3886,2.7258,2.0438,1.555,1,1,,8450,3.41
grid2:flatNS,,,PR13_x1.5,holdout,3,1007,headon,vfield,255936c422,ok,0,0,0,0,0,0,3.7113,7.3024,2.7258,2.0438,1.555,1,1,,8450,3.44
grid2:flatNS,,,PR13_x1.5,holdout,3,1009,headon,vfield,255936c422,ok,0,0,0,0,0,0,9.6707,4.2098,2.7258,2.0438,1.555,1,1,,8450,3.42
grid2:flatNS,,,PR13_x1.5,holdout,3,1011,headon,vfield,255936c422,ok,0,0,0,0,0,0,8.407,9.6043,2.7258,2.0438,1.555,1,1,,8450,3.44
grid2:flatNS,,,PR13_x1.5,holdout,3,1013,headon,vfield,255936c422,ok,0,0,0,0,0,0,9.3075,5.1348,2.7258,2.0438,1.555,1,1,,8450,3.46
grid2:flatNS,,,PR13_x1.5,holdout,3,1015,headon,vfield,255936c422,ok,0,0,0,0,0,0,10.6302,7.6884,2.7258,2.0438,1.555,1,1,,8450,3.44
grid2:flatNS,,,PR13_x1.5,holdout,3,1017,headon,vfield,255936c422,ok,0,0,0,0,0,0,5.6578,9.9121,2.7258,2.0438,1.555,1,1,,8450,3.56
grid2:flatNS,,,PR13_x1.5,holdout,3,1019,headon,vfield,255936c422,ok,0,0,0,0,0,0,5.9012,3.6043,2.7258,2.0438,1.555,1,1,,8450,3.63
grid2:flatNS,,,PR13_x1.5,holdout,3,1021,headon,vfield,255936c422,ok,0,0,0,0,0,0,6.637,10.6222,2.7258,2.0438,1.555,1,1,,8450,3.42
grid2:flatNS,,,PR13_x1.5,holdout,3,1023,headon,vfield,255936c422,ok,0,0,0,0,0,0,7.8266,8.5351,2.7258,2.0438,1.555,1,1,,8450,3.42
grid2:flatNS,,,PR13_x1.5,holdout,3,1025,headon,vfield,255936c422,ok,0,0,0,0,0,0,5.6218,2.5283,2.7258,2.0438,1.555,1,1,,8450,3.42
grid2:flatNS,,,PR13_x1.5,holdout,3,1027,headon,vfield,255936c422,ok,0,0,0,0,0,0,7.7913,7.0006,2.7258,2.0438,1.555,1,1,,8450,3.42
grid2:flatNS,,,PR13_x1.5,holdout,3,1029,headon,vfield,255936c422,ok,0,0,0,0,0,0,10.0542,4.8619,2.7258,2.0438,1.555,1,1,,8450,3.41
grid2:flatNS,,,PR13_x1.5,holdout,3,1031,headon,vfield,255936c422,ok,0,0,0,0,0,0,5.9718,8.1798,2.7258,2.0438,1.555,1,1,,8450,3.41
grid2:flatNS,,,PR13_x1.5,holdout,3,1033,headon,vfield,255936c422,ok,0,0,0,0,0,0,9.8192,8.7732,2.7258,2.0438,1.555,1,1,,8450,3.44
grid2:flatNS,,,PR13_x1.5,holdout,3,1035,headon,vfield,255936c422,ok,0,0,0,0,0,0,5.191,9.9933,2.7258,2.0438,1.555,1,1,,8450,3.42
grid2:flatNS,,,PR13_x1.5,holdout,3,1037,headon,vfield,255936c422,ok,0,0,0,0,0,0,4.7899,11.2693,2.7258,2.0438,1.555,1,1,,8450,3.42
grid2:flatNS,,,PR13_x1.5,holdout,3,1039,headon,vfield,255936c422,ok,0,0,0,0,0,0,7.5917,8.6101,2.7258,2.0438,1.555,1,1,,8450,3.42
grid2:flatNS,,,PR13_x1.5,holdout,3,1041,headon,vfield,255936c422,ok,0,0,0,0,0,0,8.9312,11.1012,2.7258,2.0438,1.555,1,1,,8450,3.43
grid2:flatNS,,,PR13_x1.5,holdout,3,1043,headon,vfield,255936c422,ok,0,0,0,0,0,0,6.8619,11.1176,2.7258,2.0438,1.555,1,1,,8450,3.4
grid2:flatNS,,,PR13_x1.5,holdout,3,1045,headon,vfield,255936c422,ok,0,0,0,0,0,0,8.0588,8.7309,2.7258,2.0438,1.555,1,1,,8450,3.42
grid2:flatNS,,,PR13_x1.5,holdout,3,1047,headon,vfield,255936c422,ok,0,0,0,0,0,0,7.4947,7.8944,2.7258,2.0438,1.555,1,1,,8450,3.46
grid2:flatNS,,,PR13_x1.5,holdout,3,1049,headon,vfield,255936c422,ok,0,0,0,0,0,0,5.9501,11.3208,2.7258,2.0438,1.555,1,1,,8450,3.42
grid2:flatNS,,,PR13_x1.5,holdout,3,1051,headon,vfield,255936c422,ok,0,0,0,0,0,0,9.0032,9.3022,2.7258,2.0438,1.555,1,1,,8450,3.43
grid2:flatNS,,,PR13_x1.5,holdout,3,1053,headon,vfield,255936c422,ok,0,0,0,0,0,0,9.5818,8.0142,2.7258,2.0438,1.555,1,1,,8450,3.42
grid2:flatNS,,,PR13_x1.5,holdout,3,1055,headon,vfield,255936c422,ok,0,0,0,0,0,0,5.2118,10.946,2.7258,2.0438,1.555,1,1,,8450,3.43
grid2:flatNS,,,PR13_x1.5,holdout,3,1057,headon,vfield,255936c422,ok,0,0,0,0,0,0,7.6376,3.7337,2.7258,2.0438,1.555,1,1,,8450,3.44
grid2:flatNS,,,PR13_x1.5,holdout,3,1059,headon,vfield,255936c422,ok,0,0,0,0,0,0,6.8468,10.2085,2.7258,2.0438,1.555,1,1,,8450,3.4
grid2:flatNS,,,PR13_x2,holdout,3,1001,headon,vfield,b63194d9fa,ok,0,0,0,0,0,0,7.734,1.415,2.7258,2.0438,1.555,1,1,,8450,3.42
grid2:flatNS,,,PR13_x2,holdout,3,1003,headon,vfield,b63194d9fa,ok,0,0,0,0,0,0,9.7689,5.8036,2.7258,2.0438,1.555,1,1,,8450,3.4
grid2:flatNS,,,PR13_x2,holdout,3,1005,headon,vfield,b63194d9fa,ok,0,0,0,0,0,0,3.9006,6.6901,2.7258,2.0438,1.555,1,1,,8450,3.41
grid2:flatNS,,,PR13_x2,holdout,3,1007,headon,vfield,b63194d9fa,ok,0,0,0,0,0,0,6.4481,8.0438,2.7258,2.0438,1.555,1,1,,8450,3.45
grid2:flatNS,,,PR13_x2,holdout,3,1009,headon,vfield,b63194d9fa,ok,0,0,0,0,0,0,5.1738,3.6914,2.7258,2.0438,1.555,1,1,,8450,3.42
grid2:flatNS,,,PR13_x2,holdout,3,1011,headon,vfield,b63194d9fa,ok,0,0,0,0,0,0,9.7467,6.5008,2.7258,2.0438,1.555,1,1,,8450,3.45
grid2:flatNS,,,PR13_x2,holdout,3,1013,headon,vfield,b63194d9fa,ok,0,0,0,0,0,0,7.7168,7.6881,2.7258,2.0438,1.555,1,1,,8450,3.42
grid2:flatNS,,,PR13_x2,holdout,3,1015,headon,vfield,b63194d9fa,ok,0,0,0,0,0,0,8.3858,4.8691,2.7258,2.0438,1.555,1,1,,8450,3.41
grid2:flatNS,,,PR13_x2,holdout,3,1017,headon,vfield,b63194d9fa,ok,0,0,0,0,0,0,9.5344,4.2844,2.7258,2.0438,1.555,1,1,,8450,3.49
grid2:flatNS,,,PR13_x2,holdout,3,1019,headon,vfield,b63194d9fa,ok,1,0,1,0,0,0,7.1036,0.808,2.7258,2.0438,1.555,1,1,19.3,8450,3.79
grid2:flatNS,,,PR13_x2,holdout,3,1021,headon,vfield,b63194d9fa,ok,0,0,0,0,0,0,6.5143,4.1224,2.7258,2.0438,1.555,1,1,,8450,3.48
grid2:flatNS,,,PR13_x2,holdout,3,1023,headon,vfield,b63194d9fa,ok,0,0,0,0,0,0,6.6106,7.3754,2.7258,2.0438,1.555,1,1,,8450,3.52
grid2:flatNS,,,PR13_x2,holdout,3,1025,headon,vfield,b63194d9fa,ok,0,0,0,0,0,0,8.0266,4.9325,2.7258,2.0438,1.555,1,1,,8450,3.55
grid2:flatNS,,,PR13_x2,holdout,3,1027,headon,vfield,b63194d9fa,ok,1,0,1,0,0,0,10.4841,0.535,2.7258,2.0438,1.555,1,1,18.42,8450,3.54
grid2:flatNS,,,PR13_x2,holdout,3,1029,headon,vfield,b63194d9fa,ok,0,0,0,0,0,0,8.1691,5.4242,2.7258,2.0438,1.555,1,1,,8450,3.52
grid2:flatNS,,,PR13_x2,holdout,3,1031,headon,vfield,b63194d9fa,ok,0,0,0,0,0,0,10.5078,4.1242,2.7258,2.0438,1.555,1,1,,8450,4.03
grid2:flatNS,,,PR13_x2,holdout,3,1033,headon,vfield,b63194d9fa,ok,0,0,0,0,0,0,3.5086,8.0485,2.7258,2.0438,1.555,1,1,,8450,4.32
grid2:flatNS,,,PR13_x2,holdout,3,1035,headon,vfield,b63194d9fa,ok,0,0,0,0,0,0,11.2411,11.2457,2.7258,2.0438,1.555,1,1,,8450,6.85
grid2:flatNS,,,PR13_x2,holdout,3,1037,headon,vfield,b63194d9fa,ok,0,0,0,0,0,0,10.7605,3.1143,2.7258,2.0438,1.555,1,1,,8450,6.19
grid2:flatNS,,,PR13_x2,holdout,3,1039,headon,vfield,b63194d9fa,ok,0,0,0,0,0,0,10.7827,8.1814,2.7258,2.0438,1.555,1,1,,8450,4.1
grid2:flatNS,,,PR13_x2,holdout,3,1041,headon,vfield,b63194d9fa,ok,0,0,0,0,0,0,8.6295,9.7601,2.7258,2.0438,1.555,1,1,,8450,3.83
grid2:flatNS,,,PR13_x2,holdout,3,1043,headon,vfield,b63194d9fa,ok,0,0,0,0,0,0,8.0224,4.9443,2.7258,2.0438,1.555,1,1,,8450,4.04
grid2:flatNS,,,PR13_x2,holdout,3,1045,headon,vfield,b63194d9fa,ok,0,0,0,0,0,0,7.8692,3.0408,2.7258,2.0438,1.555,1,1,,8450,4.55
grid2:flatNS,,,PR13_x2,holdout,3,1047,headon,vfield,b63194d9fa,ok,0,0,0,0,0,0,11.5538,4.9114,2.7258,2.0438,1.555,1,1,,8450,5.12
grid2:flatNS,,,PR13_x2,holdout,3,1049,headon,vfield,b63194d9fa,ok,0,0,0,0,0,0,8.3159,5.8645,2.7258,2.0438,1.555,1,1,,8450,3.52
grid2:flatNS,,,PR13_x2,holdout,3,1051,headon,vfield,b63194d9fa,ok,0,0,0,0,0,0,9.1761,3.4017,2.7258,2.0438,1.555,1,1,,8450,3.47
grid2:flatNS,,,PR13_x2,holdout,3,1053,headon,vfield,b63194d9fa,ok,0,0,0,0,0,0,4.6857,4.7492,2.7258,2.0438,1.555,1,1,,8450,3.55
grid2:flatNS,,,PR13_x2,holdout,3,1055,headon,vfield,b63194d9fa,ok,0,0,0,0,0,0,8.038,8.1259,2.7258,2.0438,1.555,1,1,,8450,3.47
grid2:flatNS,,,PR13_x2,holdout,3,1057,headon,vfield,b63194d9fa,ok,0,0,0,0,0,0,6.7676,5.5834,2.7258,2.0438,1.555,1,1,,8450,3.5
grid2:flatNS,,,PR13_x2,holdout,3,1059,headon,vfield,b63194d9fa,ok,0,0,0,0,0,0,5.2037,7.5187,2.7258,2.0438,1.555,1,1,,8450,3.47
grid2:flatNS,,,PR16_x0.5,holdout,3,1001,headon,vfield,1be55598af,ok,0,0,0,0,0,0,9.4095,4.5176,2.7258,2.0438,1.555,1,1,,8450,3.48
grid2:flatNS,,,PR16_x0.5,holdout,3,1003,headon,vfield,1be55598af,ok,0,0,0,0,0,0,8.3541,7.4383,2.7258,2.0438,1.555,1,1,,8450,3.47
grid2:flatNS,,,PR16_x0.5,holdout,3,1005,headon,vfield,1be55598af,ok,0,0,0,0,0,0,7.4631,7.1386,2.7258,2.0438,1.555,1,1,,8450,3.46
grid2:flatNS,,,PR16_x0.5,holdout,3,1007,headon,vfield,1be55598af,ok,0,0,0,0,0,0,8.8067,3.1705,2.7258,2.0438,1.555,1,1,,8450,3.47
grid2:flatNS,,,PR16_x0.5,holdout,3,1009,headon,vfield,1be55598af,ok,0,0,0,0,0,0,9.8313,7.4421,2.7258,2.0438,1.555,1,1,,8450,3.44
grid2:flatNS,,,PR16_x0.5,holdout,3,1011,headon,vfield,1be55598af,ok,0,0,0,0,0,0,8.3346,4.7695,2.7258,2.0438,1.555,1,1,,8450,3.48
grid2:flatNS,,,PR16_x0.5,holdout,3,1013,headon,vfield,1be55598af,ok,0,0,0,0,0,0,9.323,4.5044,2.7258,2.0438,1.555,1,1,,8450,3.49
grid2:flatNS,,,PR16_x0.5,holdout,3,1015,headon,vfield,1be55598af,ok,0,0,0,0,0,0,6.486,10.4768,2.7258,2.0438,1.555,1,1,,8450,3.45
grid2:flatNS,,,PR16_x0.5,holdout,3,1017,headon,vfield,1be55598af,ok,0,0,0,0,0,0,8.5225,10.5795,2.7258,2.0438,1.555,1,1,,8450,3.46
grid2:flatNS,,,PR16_x0.5,holdout,3,1019,headon,vfield,1be55598af,ok,0,0,0,0,0,0,10.0615,5.5327,2.7258,2.0438,1.555,1,1,,8450,3.44
grid2:flatNS,,,PR16_x0.5,holdout,3,1021,headon,vfield,1be55598af,ok,0,0,0,0,0,0,8.689,7.6653,2.7258,2.0438,1.555,1,1,,8450,3.47
grid2:flatNS,,,PR16_x0.5,holdout,3,1023,headon,vfield,1be55598af,ok,0,0,0,0,0,0,7.7647,8.461,2.7258,2.0438,1.555,1,1,,8450,3.49
grid2:flatNS,,,PR16_x0.5,holdout,3,1025,headon,vfield,1be55598af,ok,0,0,0,0,0,0,5.2625,5.281,2.7258,2.0438,1.555,1,1,,8450,3.48
grid2:flatNS,,,PR16_x0.5,holdout,3,1027,headon,vfield,1be55598af,ok,0,0,0,0,0,0,8.9624,4.5076,2.7258,2.0438,1.555,1,1,,8450,3.48
grid2:flatNS,,,PR16_x0.5,holdout,3,1029,headon,vfield,1be55598af,ok,0,0,0,0,0,0,7.5388,8.049,2.7258,2.0438,1.555,1,1,,8450,3.48
grid2:flatNS,,,PR16_x0.5,holdout,3,1031,headon,vfield,1be55598af,ok,0,0,0,0,0,0,6.7345,8.032,2.7258,2.0438,1.555,1,1,,8450,3.47
grid2:flatNS,,,PR16_x0.5,holdout,3,1033,headon,vfield,1be55598af,ok,0,0,0,0,0,0,11.8596,9.2621,2.7258,2.0438,1.555,1,1,,8450,3.46
grid2:flatNS,,,PR16_x0.5,holdout,3,1035,headon,vfield,1be55598af,ok,0,0,0,0,0,0,7.9405,7.7507,2.7258,2.0438,1.555,1,1,,8450,3.46
grid2:flatNS,,,PR16_x0.5,holdout,3,1037,headon,vfield,1be55598af,ok,0,0,0,0,0,0,1.1204,9.637,2.7258,2.0438,1.555,1,1,,8450,3.48
grid2:flatNS,,,PR16_x0.5,holdout,3,1039,headon,vfield,1be55598af,ok,0,0,0,0,0,0,11.2325,8.1068,2.7258,2.0438,1.555,1,1,,8450,3.44
grid2:flatNS,,,PR16_x0.5,holdout,3,1041,headon,vfield,1be55598af,ok,0,0,0,0,0,0,9.7689,2.9384,2.7258,2.0438,1.555,1,1,,8450,3.47
grid2:flatNS,,,PR16_x0.5,holdout,3,1043,headon,vfield,1be55598af,ok,0,0,0,0,0,0,8.4976,8.76,2.7258,2.0438,1.555,1,1,,8450,3.45
grid2:flatNS,,,PR16_x0.5,holdout,3,1045,headon,vfield,1be55598af,ok,0,0,0,0,0,0,8.9772,6.7977,2.7258,2.0438,1.555,1,1,,8450,3.46
grid2:flatNS,,,PR16_x0.5,holdout,3,1047,headon,vfield,1be55598af,ok,0,0,0,0,0,0,5.3466,5.4673,2.7258,2.0438,1.555,1,1,,8450,3.47
grid2:flatNS,,,PR16_x0.5,holdout,3,1049,headon,vfield,1be55598af,ok,0,0,0,0,0,0,9.249,7.0318,2.7258,2.0438,1.555,1,1,,8450,3.45
grid2:flatNS,,,PR16_x0.5,holdout,3,1051,headon,vfield,1be55598af,ok,0,0,0,0,0,0,9.6262,7.418,2.7258,2.0438,1.555,1,1,,8450,3.46
grid2:flatNS,,,PR16_x0.5,holdout,3,1053,headon,vfield,1be55598af,ok,0,0,0,0,0,0,7.2953,12.6588,2.7258,2.0438,1.555,1,1,,8450,3.45
grid2:flatNS,,,PR16_x0.5,holdout,3,1055,headon,vfield,1be55598af,ok,0,0,0,0,0,0,8.161,7.5929,2.7258,2.0438,1.555,1,1,,8450,3.46
grid2:flatNS,,,PR16_x0.5,holdout,3,1057,headon,vfield,1be55598af,ok,0,0,0,0,0,0,9.0243,5.6271,2.7258,2.0438,1.555,1,1,,8450,3.46
grid2:flatNS,,,PR16_x0.5,holdout,3,1059,headon,vfield,1be55598af,ok,0,0,0,0,0,0,8.7091,7.9683,2.7258,2.0438,1.555,1,1,,8450,3.46
grid2:flatNS,,,PR16_x0.75,holdout,3,1001,headon,vfield,3596327098,ok,0,0,0,0,0,0,2.2033,6.8565,2.7258,2.0438,1.555,1,1,,8450,3.47
grid2:flatNS,,,PR16_x0.75,holdout,3,1003,headon,vfield,3596327098,ok,0,0,0,0,0,0,10.6001,2.8394,2.7258,2.0438,1.555,1,1,,8450,3.45
grid2:flatNS,,,PR16_x0.75,holdout,3,1005,headon,vfield,3596327098,ok,0,0,0,0,0,0,6.0625,8.1091,2.7258,2.0438,1.555,1,1,,8450,3.99
grid2:flatNS,,,PR16_x0.75,holdout,3,1007,headon,vfield,3596327098,ok,0,0,0,0,0,0,14.6833,4.7539,2.7258,2.0438,1.555,1,1,,8450,3.51
grid2:flatNS,,,PR16_x0.75,holdout,3,1009,headon,vfield,3596327098,ok,0,0,0,0,0,0,4.3206,8.2729,2.7258,2.0438,1.555,1,1,,8450,3.51
grid2:flatNS,,,PR16_x0.75,holdout,3,1011,headon,vfield,3596327098,ok,0,0,0,0,0,0,12.2259,10.9616,2.7258,2.0438,1.555,1,1,,8450,3.55
grid2:flatNS,,,PR16_x0.75,holdout,3,1013,headon,vfield,3596327098,ok,0,0,0,0,0,0,9.9298,8.9021,2.7258,2.0438,1.555,1,1,,8450,3.5
grid2:flatNS,,,PR16_x0.75,holdout,3,1015,headon,vfield,3596327098,ok,0,0,0,0,0,0,10.2649,5.4082,2.7258,2.0438,1.555,1,1,,8450,3.51
grid2:flatNS,,,PR16_x0.75,holdout,3,1017,headon,vfield,3596327098,ok,0,0,0,0,0,0,3.6411,10.0003,2.7258,2.0438,1.555,1,1,,8450,3.48
grid2:flatNS,,,PR16_x0.75,holdout,3,1019,headon,vfield,3596327098,ok,0,0,0,0,0,0,14.4769,3.4257,2.7258,2.0438,1.555,1,1,,8450,3.48
grid2:flatNS,,,PR16_x0.75,holdout,3,1021,headon,vfield,3596327098,ok,0,0,0,0,0,0,9.4963,12.2142,2.7258,2.0438,1.555,1,1,,8450,3.46
grid2:flatNS,,,PR16_x0.75,holdout,3,1023,headon,vfield,3596327098,ok,0,0,0,0,0,0,9.853,9.4072,2.7258,2.0438,1.555,1,1,,8450,3.49
grid2:flatNS,,,PR16_x0.75,holdout,3,1025,headon,vfield,3596327098,ok,0,0,0,0,0,0,11.7393,4.331,2.7258,2.0438,1.555,1,1,,8450,3.51
grid2:flatNS,,,PR16_x0.75,holdout,3,1027,headon,vfield,3596327098,ok,0,0,0,0,0,0,10.297,9.8531,2.7258,2.0438,1.555,1,1,,8450,3.48
grid2:flatNS,,,PR16_x0.75,holdout,3,1029,headon,vfield,3596327098,ok,0,0,0,0,0,0,10.9886,7.0813,2.7258,2.0438,1.555,1,1,,8450,3.47
grid2:flatNS,,,PR16_x0.75,holdout,3,1031,headon,vfield,3596327098,ok,0,0,0,0,0,0,12.2452,7.4253,2.7258,2.0438,1.555,1,1,,8450,3.48
grid2:flatNS,,,PR16_x0.75,holdout,3,1033,headon,vfield,3596327098,ok,0,0,0,0,0,0,10.8106,7.9039,2.7258,2.0438,1.555,1,1,,8450,3.49
grid2:flatNS,,,PR16_x0.75,holdout,3,1035,headon,vfield,3596327098,ok,0,0,0,0,0,0,7.5246,8.8091,2.7258,2.0438,1.555,1,1,,8450,3.47
grid2:flatNS,,,PR16_x0.75,holdout,3,1037,headon,vfield,3596327098,ok,0,0,0,0,0,0,10.0393,6.9881,2.7258,2.0438,1.555,1,1,,8450,3.48
grid2:flatNS,,,PR16_x0.75,holdout,3,1039,headon,vfield,3596327098,ok,0,0,0,0,0,0,5.9828,6.3867,2.7258,2.0438,1.555,1,1,,8450,3.5
grid2:flatNS,,,PR16_x0.75,holdout,3,1041,headon,vfield,3596327098,ok,0,0,0,0,0,0,10.8245,8.5117,2.7258,2.0438,1.555,1,1,,8450,3.47
grid2:flatNS,,,PR16_x0.75,holdout,3,1043,headon,vfield,3596327098,ok,0,0,0,0,0,0,7.7764,9.0365,2.7258,2.0438,1.555,1,1,,8450,3.48
grid2:flatNS,,,PR16_x0.75,holdout,3,1045,headon,vfield,3596327098,ok,0,0,0,0,0,0,8.1406,8.2855,2.7258,2.0438,1.555,1,1,,8450,3.47
grid2:flatNS,,,PR16_x0.75,holdout,3,1047,headon,vfield,3596327098,ok,0,0,0,0,0,0,5.8386,10.8104,2.7258,2.0438,1.555,1,1,,8450,3.47
grid2:flatNS,,,PR16_x0.75,holdout,3,1049,headon,vfield,3596327098,ok,0,0,0,0,0,0,10.1927,9.3744,2.7258,2.0438,1.555,1,1,,8450,3.48
grid2:flatNS,,,PR16_x0.75,holdout,3,1051,headon,vfield,3596327098,ok,0,0,0,0,0,0,8.2654,5.0588,2.7258,2.0438,1.555,1,1,,8450,3.47
grid2:flatNS,,,PR16_x0.75,holdout,3,1053,headon,vfield,3596327098,ok,0,0,0,0,0,0,8.2113,3.358,2.7258,2.0438,1.555,1,1,,8450,3.47
grid2:flatNS,,,PR16_x0.75,holdout,3,1055,headon,vfield,3596327098,ok,0,0,0,0,0,0,10.7046,9.0695,2.7258,2.0438,1.555,1,1,,8450,3.45
grid2:flatNS,,,PR16_x0.75,holdout,3,1057,headon,vfield,3596327098,ok,0,0,0,0,0,0,11.0467,2.2616,2.7258,2.0438,1.555,1,1,,8450,3.47
grid2:flatNS,,,PR16_x0.75,holdout,3,1059,headon,vfield,3596327098,ok,0,0,0,0,0,0,5.0885,5.5743,2.7258,2.0438,1.555,1,1,,8450,3.49
grid2:flatNS,,,PR16_x1,holdout,3,1001,headon,vfield,7d62ada942,ok,1,0,1,0,0,0,12.6486,0.421,2.7258,2.0438,1.555,1,1,12.66,8450,3.46
grid2:flatNS,,,PR16_x1,holdout,3,1003,headon,vfield,7d62ada942,ok,0,0,0,0,0,0,7.5879,9.8073,2.7258,2.0438,1.555,1,1,,8450,3.48
grid2:flatNS,,,PR16_x1,holdout,3,1005,headon,vfield,7d62ada942,ok,0,0,0,0,0,0,7.8148,3.6519,2.7258,2.0438,1.555,1,1,,8450,3.47
grid2:flatNS,,,PR16_x1,holdout,3,1007,headon,vfield,7d62ada942,ok,0,0,0,0,0,0,12.2281,8.25,2.7258,2.0438,1.555,1,1,,8450,3.47
grid2:flatNS,,,PR16_x1,holdout,3,1009,headon,vfield,7d62ada942,ok,0,0,0,0,0,0,5.2887,8.2945,2.7258,2.0438,1.555,1,1,,8450,3.48
grid2:flatNS,,,PR16_x1,holdout,3,1011,headon,vfield,7d62ada942,ok,0,0,0,0,0,0,15.3783,9.605,2.7258,2.0438,1.555,1,1,,8450,3.5
grid2:flatNS,,,PR16_x1,holdout,3,1013,headon,vfield,7d62ada942,ok,0,0,0,0,0,0,6.9504,10.7551,2.7258,2.0438,1.555,1,1,,8450,3.5
grid2:flatNS,,,PR16_x1,holdout,3,1015,headon,vfield,7d62ada942,ok,0,0,0,0,0,0,13.051,8.9957,2.7258,2.0438,1.555,1,1,,8450,3.49
grid2:flatNS,,,PR16_x1,holdout,3,1017,headon,vfield,7d62ada942,ok,0,0,0,0,0,0,6.5251,6.8383,2.7258,2.0438,1.555,1,1,,8450,3.49
grid2:flatNS,,,PR16_x1,holdout,3,1019,headon,vfield,7d62ada942,ok,0,0,0,0,0,0,5.7786,8.6651,2.7258,2.0438,1.555,1,1,,8450,3.48
grid2:flatNS,,,PR16_x1,holdout,3,1021,headon,vfield,7d62ada942,ok,0,0,0,0,0,0,6.258,4.1151,2.7258,2.0438,1.555,1,1,,8450,3.46
grid2:flatNS,,,PR16_x1,holdout,3,1023,headon,vfield,7d62ada942,ok,0,0,0,0,0,0,6.6767,4.3908,2.7258,2.0438,1.555,1,1,,8450,3.49
grid2:flatNS,,,PR16_x1,holdout,3,1025,headon,vfield,7d62ada942,ok,0,0,0,0,0,0,7.7718,3.9858,2.7258,2.0438,1.555,1,1,,8450,3.46
grid2:flatNS,,,PR16_x1,holdout,3,1027,headon,vfield,7d62ada942,ok,0,0,0,0,0,0,6.864,3.3371,2.7258,2.0438,1.555,1,1,,8450,3.48
grid2:flatNS,,,PR16_x1,holdout,3,1029,headon,vfield,7d62ada942,ok,0,0,0,0,0,0,5.2503,10.7891,2.7258,2.0438,1.555,1,1,,8450,3.46
grid2:flatNS,,,PR16_x1,holdout,3,1031,headon,vfield,7d62ada942,ok,0,0,0,0,0,0,6.3015,8.1221,2.7258,2.0438,1.555,1,1,,8450,3.47
grid2:flatNS,,,PR16_x1,holdout,3,1033,headon,vfield,7d62ada942,ok,0,0,0,0,0,0,10.9735,12.8374,2.7258,2.0438,1.555,1,1,,8450,3.48
grid2:flatNS,,,PR16_x1,holdout,3,1035,headon,vfield,7d62ada942,ok,0,0,0,0,0,0,6.6163,9.3891,2.7258,2.0438,1.555,1,1,,8450,3.47
grid2:flatNS,,,PR16_x1,holdout,3,1037,headon,vfield,7d62ada942,ok,0,0,0,0,0,0,11.6255,4.454,2.7258,2.0438,1.555,1,1,,8450,3.51
grid2:flatNS,,,PR16_x1,holdout,3,1039,headon,vfield,7d62ada942,ok,0,0,0,0,0,0,12.0514,8.1027,2.7258,2.0438,1.555,1,1,,8450,3.47
grid2:flatNS,,,PR16_x1,holdout,3,1041,headon,vfield,7d62ada942,ok,0,0,0,0,0,0,9.9573,7.6389,2.7258,2.0438,1.555,1,1,,8450,3.47
grid2:flatNS,,,PR16_x1,holdout,3,1043,headon,vfield,7d62ada942,ok,0,0,0,0,0,0,11.2972,7.4719,2.7258,2.0438,1.555,1,1,,8450,3.47
grid2:flatNS,,,PR16_x1,holdout,3,1045,headon,vfield,7d62ada942,ok,0,0,0,0,0,0,11.7026,8.4996,2.7258,2.0438,1.555,1,1,,8450,3.47
grid2:flatNS,,,PR16_x1,holdout,3,1047,headon,vfield,7d62ada942,ok,0,0,0,0,0,0,10.8742,7.9435,2.7258,2.0438,1.555,1,1,,8450,3.47
grid2:flatNS,,,PR16_x1,holdout,3,1049,headon,vfield,7d62ada942,ok,0,0,0,0,0,0,9.2743,7.0695,2.7258,2.0438,1.555,1,1,,8450,3.47
grid2:flatNS,,,PR16_x1,holdout,3,1051,headon,vfield,7d62ada942,ok,0,0,0,0,0,0,5.8104,9.6762,2.7258,2.0438,1.555,1,1,,8450,3.52
grid2:flatNS,,,PR16_x1,holdout,3,1053,headon,vfield,7d62ada942,ok,0,0,0,0,0,0,6.9723,11.4191,2.7258,2.0438,1.555,1,1,,8450,3.52
grid2:flatNS,,,PR16_x1,holdout,3,1055,headon,vfield,7d62ada942,ok,0,0,0,0,0,0,6.8809,5.1788,2.7258,2.0438,1.555,1,1,,8450,3.51
grid2:flatNS,,,PR16_x1,holdout,3,1057,headon,vfield,7d62ada942,ok,0,0,0,0,0,0,10.9636,8.0359,2.7258,2.0438,1.555,1,1,,8450,3.55
grid2:flatNS,,,PR16_x1,holdout,3,1059,headon,vfield,7d62ada942,ok,0,0,0,0,0,0,8.9414,9.9568,2.7258,2.0438,1.555,1,1,,8450,3.66
grid2:flatNS,,,PR16_x1.25,holdout,3,1001,headon,vfield,4db123fb9d,ok,0,0,0,0,0,0,11.4957,12.8155,2.7258,2.0438,1.555,1,1,,8450,3.47
grid2:flatNS,,,PR16_x1.25,holdout,3,1003,headon,vfield,4db123fb9d,ok,0,0,0,0,0,0,14.2776,8.4825,2.7258,2.0438,1.555,1,1,,8450,3.49
grid2:flatNS,,,PR16_x1.25,holdout,3,1005,headon,vfield,4db123fb9d,ok,0,0,0,0,0,0,8.8618,5.1286,2.7258,2.0438,1.555,1,1,,8450,3.5
grid2:flatNS,,,PR16_x1.25,holdout,3,1007,headon,vfield,4db123fb9d,ok,0,0,0,0,0,0,12.2638,9.0675,2.7258,2.0438,1.555,1,1,,8450,3.48
grid2:flatNS,,,PR16_x1.25,holdout,3,1009,headon,vfield,4db123fb9d,ok,0,0,0,0,0,0,10.7238,8.7344,2.7258,2.0438,1.555,1,1,,8450,3.52
grid2:flatNS,,,PR16_x1.25,holdout,3,1011,headon,vfield,4db123fb9d,ok,0,0,0,0,0,0,11.3123,10.8935,2.7258,2.0438,1.555,1,1,,8450,3.51
grid2:flatNS,,,PR16_x1.25,holdout,3,1013,headon,vfield,4db123fb9d,ok,0,0,0,0,0,0,11.7232,12.03,2.7258,2.0438,1.555,1,1,,8450,3.47
grid2:flatNS,,,PR16_x1.25,holdout,3,1015,headon,vfield,4db123fb9d,ok,0,0,0,0,0,0,13.5985,12.1956,2.7258,2.0438,1.555,1,1,,8450,3.5
grid2:flatNS,,,PR16_x1.25,holdout,3,1017,headon,vfield,4db123fb9d,ok,0,0,0,0,0,0,10.3083,4.5835,2.7258,2.0438,1.555,1,1,,8450,3.47
grid2:flatNS,,,PR16_x1.25,holdout,3,1019,headon,vfield,4db123fb9d,ok,0,0,0,0,0,0,9.7991,2.9134,2.7258,2.0438,1.555,1,1,,8450,3.53
grid2:flatNS,,,PR16_x1.25,holdout,3,1021,headon,vfield,4db123fb9d,ok,0,0,0,0,0,0,12.1233,11.2378,2.7258,2.0438,1.555,1,1,,8450,3.5
grid2:flatNS,,,PR16_x1.25,holdout,3,1023,headon,vfield,4db123fb9d,ok,0,0,0,0,0,0,8.8719,10.1306,2.7258,2.0438,1.555,1,1,,8450,3.54
grid2:flatNS,,,PR16_x1.25,holdout,3,1025,headon,vfield,4db123fb9d,ok,0,0,0,0,0,0,4.5671,9.1563,2.7258,2.0438,1.555,1,1,,8450,3.5
grid2:flatNS,,,PR16_x1.25,holdout,3,1027,headon,vfield,4db123fb9d,ok,0,0,0,0,0,0,9.6406,9.0368,2.7258,2.0438,1.555,1,1,,8450,3.52
grid2:flatNS,,,PR16_x1.25,holdout,3,1029,headon,vfield,4db123fb9d,ok,0,0,0,0,0,0,9.7522,4.9252,2.7258,2.0438,1.555,1,1,,8450,3.48
grid2:flatNS,,,PR16_x1.25,holdout,3,1031,headon,vfield,4db123fb9d,ok,0,0,0,0,0,0,8.4543,2.7212,2.7258,2.0438,1.555,1,1,,8450,3.53
grid2:flatNS,,,PR16_x1.25,holdout,3,1033,headon,vfield,4db123fb9d,ok,0,0,0,0,0,0,11.6,12.186,2.7258,2.0438,1.555,1,1,,8450,3.51
grid2:flatNS,,,PR16_x1.25,holdout,3,1035,headon,vfield,4db123fb9d,ok,0,0,0,0,0,0,10.7898,9.5408,2.7258,2.0438,1.555,1,1,,8450,3.48
grid2:flatNS,,,PR16_x1.25,holdout,3,1037,headon,vfield,4db123fb9d,ok,0,0,0,0,0,0,10.6213,9.7784,2.7258,2.0438,1.555,1,1,,8450,3.49
grid2:flatNS,,,PR16_x1.25,holdout,3,1039,headon,vfield,4db123fb9d,ok,0,0,0,0,0,0,4.5043,8.6406,2.7258,2.0438,1.555,1,1,,8450,3.58
grid2:flatNS,,,PR16_x1.25,holdout,3,1041,headon,vfield,4db123fb9d,ok,0,0,0,0,0,0,7.2614,9.7124,2.7258,2.0438,1.555,1,1,,8450,3.49
grid2:flatNS,,,PR16_x1.25,holdout,3,1043,headon,vfield,4db123fb9d,ok,0,0,0,0,0,0,7.7036,5.3407,2.7258,2.0438,1.555,1,1,,8450,3.55
grid2:flatNS,,,PR16_x1.25,holdout,3,1045,headon,vfield,4db123fb9d,ok,0,0,0,0,0,0,4.7527,8.7671,2.7258,2.0438,1.555,1,1,,8450,3.49
grid2:flatNS,,,PR16_x1.25,holdout,3,1047,headon,vfield,4db123fb9d,ok,0,0,0,0,0,0,10.7102,7.562,2.7258,2.0438,1.555,1,1,,8450,3.51
grid2:flatNS,,,PR16_x1.25,holdout,3,1049,headon,vfield,4db123fb9d,ok,0,0,0,0,0,0,10.339,9.6733,2.7258,2.0438,1.555,1,1,,8450,3.48
grid2:flatNS,,,PR16_x1.25,holdout,3,1051,headon,vfield,4db123fb9d,ok,0,0,0,0,0,0,9.0244,10.4939,2.7258,2.0438,1.555,1,1,,8450,3.47
grid2:flatNS,,,PR16_x1.25,holdout,3,1053,headon,vfield,4db123fb9d,ok,0,0,0,0,0,0,10.8022,9.5016,2.7258,2.0438,1.555,1,1,,8450,3.49
grid2:flatNS,,,PR16_x1.25,holdout,3,1055,headon,vfield,4db123fb9d,ok,0,0,0,0,0,0,11.1815,5.5232,2.7258,2.0438,1.555,1,1,,8450,3.54
grid2:flatNS,,,PR16_x1.25,holdout,3,1057,headon,vfield,4db123fb9d,ok,0,0,0,0,0,0,10.4301,8.4555,2.7258,2.0438,1.555,1,1,,8450,3.52
grid2:flatNS,,,PR16_x1.25,holdout,3,1059,headon,vfield,4db123fb9d,ok,0,0,0,0,0,0,5.3755,10.9037,2.7258,2.0438,1.555,1,1,,8450,3.49
grid2:flatNS,,,PR16_x1.5,holdout,3,1001,headon,vfield,91042d10e0,ok,0,0,0,0,0,0,8.9482,10.9628,2.7258,2.0438,1.555,1,1,,8450,3.52
grid2:flatNS,,,PR16_x1.5,holdout,3,1003,headon,vfield,91042d10e0,ok,0,0,0,0,0,0,10.6107,10.8989,2.7258,2.0438,1.555,1,1,,8450,3.72
grid2:flatNS,,,PR16_x1.5,holdout,3,1005,headon,vfield,91042d10e0,ok,0,0,0,0,0,0,4.9889,10.2597,2.7258,2.0438,1.555,1,1,,8450,3.66
grid2:flatNS,,,PR16_x1.5,holdout,3,1007,headon,vfield,91042d10e0,ok,0,0,0,0,0,0,8.4435,9.4986,2.7258,2.0438,1.555,1,1,,8450,3.68
grid2:flatNS,,,PR16_x1.5,holdout,3,1009,headon,vfield,91042d10e0,ok,0,0,0,0,0,0,9.3007,8.8163,2.7258,2.0438,1.555,1,1,,8450,3.68
grid2:flatNS,,,PR16_x1.5,holdout,3,1011,headon,vfield,91042d10e0,ok,0,0,0,0,0,0,11.2597,9.4356,2.7258,2.0438,1.555,1,1,,8450,3.5
grid2:flatNS,,,PR16_x1.5,holdout,3,1013,headon,vfield,91042d10e0,ok,0,0,0,0,0,0,12.0025,9.7558,2.7258,2.0438,1.555,1,1,,8450,3.49
grid2:flatNS,,,PR16_x1.5,holdout,3,1015,headon,vfield,91042d10e0,ok,0,0,0,0,0,0,11.9838,10.0194,2.7258,2.0438,1.555,1,1,,8450,3.54
grid2:flatNS,,,PR16_x1.5,holdout,3,1017,headon,vfield,91042d10e0,ok,0,0,0,0,0,0,12.2685,9.8184,2.7258,2.0438,1.555,1,1,,8450,3.52
grid2:flatNS,,,PR16_x1.5,holdout,3,1019,headon,vfield,91042d10e0,ok,0,0,0,0,0,0,8.9496,7.3771,2.7258,2.0438,1.555,1,1,,8450,3.48
grid2:flatNS,,,PR16_x1.5,holdout,3,1021,headon,vfield,91042d10e0,ok,0,0,0,0,0,0,10.9633,5.9208,2.7258,2.0438,1.555,1,1,,8450,3.53
grid2:flatNS,,,PR16_x1.5,holdout,3,1023,headon,vfield,91042d10e0,ok,0,0,0,0,0,0,7.4296,9.9737,2.7258,2.0438,1.555,1,1,,8450,3.49
grid2:flatNS,,,PR16_x1.5,holdout,3,1025,headon,vfield,91042d10e0,ok,0,0,0,0,0,0,9.0766,8.1939,2.7258,2.0438,1.555,1,1,,8450,3.54
grid2:flatNS,,,PR16_x1.5,holdout,3,1027,headon,vfield,91042d10e0,ok,0,0,0,0,0,0,9.2779,8.0525,2.7258,2.0438,1.555,1,1,,8450,3.51
grid2:flatNS,,,PR16_x1.5,holdout,3,1029,headon,vfield,91042d10e0,ok,0,0,0,0,0,0,10.9026,8.9248,2.7258,2.0438,1.555,1,1,,8450,4.08
grid2:flatNS,,,PR16_x1.5,holdout,3,1031,headon,vfield,91042d10e0,ok,0,0,0,0,0,0,9.0149,8.27,2.7258,2.0438,1.555,1,1,,8450,3.59
grid2:flatNS,,,PR16_x1.5,holdout,3,1033,headon,vfield,91042d10e0,ok,0,0,0,0,0,0,7.5576,9.1962,2.7258,2.0438,1.555,1,1,,8450,3.59
grid2:flatNS,,,PR16_x1.5,holdout,3,1035,headon,vfield,91042d10e0,ok,0,0,0,0,0,0,11.8235,10.8772,2.7258,2.0438,1.555,1,1,,8450,3.57
grid2:flatNS,,,PR16_x1.5,holdout,3,1037,headon,vfield,91042d10e0,ok,0,0,0,0,0,0,12.4995,9.3681,2.7258,2.0438,1.555,1,1,,8450,3.49
grid2:flatNS,,,PR16_x1.5,holdout,3,1039,headon,vfield,91042d10e0,ok,0,0,0,0,0,0,11.7119,8.9074,2.7258,2.0438,1.555,1,1,,8450,3.5
grid2:flatNS,,,PR16_x1.5,holdout,3,1041,headon,vfield,91042d10e0,ok,0,0,0,0,0,0,9.4096,12.0954,2.7258,2.0438,1.555,1,1,,8450,3.56
grid2:flatNS,,,PR16_x1.5,holdout,3,1043,headon,vfield,91042d10e0,ok,0,0,0,0,0,0,11.0133,11.1179,2.7258,2.0438,1.555,1,1,,8450,3.5
grid2:flatNS,,,PR16_x1.5,holdout,3,1045,headon,vfield,91042d10e0,ok,0,0,0,0,0,0,13.9013,9.0834,2.7258,2.0438,1.555,1,1,,8450,3.51
grid2:flatNS,,,PR16_x1.5,holdout,3,1047,headon,vfield,91042d10e0,ok,0,0,0,0,0,0,14.6509,13.9463,2.7258,2.0438,1.555,1,1,,8450,3.52
grid2:flatNS,,,PR16_x1.5,holdout,3,1049,headon,vfield,91042d10e0,ok,0,0,0,0,0,0,8.7896,13.0933,2.7258,2.0438,1.555,1,1,,8450,3.49
grid2:flatNS,,,PR16_x1.5,holdout,3,1051,headon,vfield,91042d10e0,ok,0,0,0,0,0,0,10.6049,9.7029,2.7258,2.0438,1.555,1,1,,8450,3.49
grid2:flatNS,,,PR16_x1.5,holdout,3,1053,headon,vfield,91042d10e0,ok,0,0,0,0,0,0,11.7818,9.4737,2.7258,2.0438,1.555,1,1,,8450,3.51
grid2:flatNS,,,PR16_x1.5,holdout,3,1055,headon,vfield,91042d10e0,ok,0,0,0,0,0,0,12.6187,8.0322,2.7258,2.0438,1.555,1,1,,8450,3.52
grid2:flatNS,,,PR16_x1.5,holdout,3,1057,headon,vfield,91042d10e0,ok,0,0,0,0,0,0,9.2825,7.6726,2.7258,2.0438,1.555,1,1,,8450,3.49
grid2:flatNS,,,PR16_x1.5,holdout,3,1059,headon,vfield,91042d10e0,ok,0,0,0,0,0,0,10.7128,9.7675,2.7258,2.0438,1.555,1,1,,8450,3.51
grid2:flatNS,,,PR16_x2,holdout,3,1001,headon,vfield,5c59a2c453,ok,0,0,0,0,0,0,10.7859,8.2649,2.7258,2.0438,1.555,1,1,,8450,3.53
grid2:flatNS,,,PR16_x2,holdout,3,1003,headon,vfield,5c59a2c453,ok,0,0,0,0,0,0,14.0626,3.0133,2.7258,2.0438,1.555,1,1,,8450,3.5
grid2:flatNS,,,PR16_x2,holdout,3,1005,headon,vfield,5c59a2c453,ok,0,0,0,0,0,0,12.2918,7.4333,2.7258,2.0438,1.555,1,1,,8450,3.52
grid2:flatNS,,,PR16_x2,holdout,3,1007,headon,vfield,5c59a2c453,ok,0,0,0,0,0,0,13.19,1.6557,2.7258,2.0438,1.555,1,1,,8450,3.49
grid2:flatNS,,,PR16_x2,holdout,3,1009,headon,vfield,5c59a2c453,ok,0,0,0,0,0,0,7.3729,9.351,2.7258,2.0438,1.555,1,1,,8450,3.51
grid2:flatNS,,,PR16_x2,holdout,3,1011,headon,vfield,5c59a2c453,ok,0,0,0,0,0,0,11.5752,8.6209,2.7258,2.0438,1.555,1,1,,8450,3.49
grid2:flatNS,,,PR16_x2,holdout,3,1013,headon,vfield,5c59a2c453,ok,0,0,0,0,0,0,10.2739,9.1787,2.7258,2.0438,1.555,1,1,,8450,3.5
grid2:flatNS,,,PR16_x2,holdout,3,1015,headon,vfield,5c59a2c453,ok,0,0,0,0,0,0,10.8306,7.4284,2.7258,2.0438,1.555,1,1,,8450,3.53
grid2:flatNS,,,PR16_x2,holdout,3,1017,headon,vfield,5c59a2c453,ok,0,0,0,0,0,0,9.103,11.0556,2.7258,2.0438,1.555,1,1,,8450,3.53
grid2:flatNS,,,PR16_x2,holdout,3,1019,headon,vfield,5c59a2c453,ok,0,0,0,0,0,0,13.1009,4.6728,2.7258,2.0438,1.555,1,1,,8450,3.65
grid2:flatNS,,,PR16_x2,holdout,3,1021,headon,vfield,5c59a2c453,ok,0,0,0,0,0,0,14.5979,3.2529,2.7258,2.0438,1.555,1,1,,8450,3.52
grid2:flatNS,,,PR16_x2,holdout,3,1023,headon,vfield,5c59a2c453,ok,0,0,0,0,0,0,10.8137,9.1509,2.7258,2.0438,1.555,1,1,,8450,3.82
grid2:flatNS,,,PR16_x2,holdout,3,1025,headon,vfield,5c59a2c453,ok,0,0,0,0,0,0,6.4092,2.1084,2.7258,2.0438,1.555,1,1,,8450,3.52
grid2:flatNS,,,PR16_x2,holdout,3,1027,headon,vfield,5c59a2c453,ok,0,0,0,0,0,0,10.2897,5.1324,2.7258,2.0438,1.555,1,1,,8450,3.55
grid2:flatNS,,,PR16_x2,holdout,3,1029,headon,vfield,5c59a2c453,ok,0,0,0,0,0,0,13.3752,12.4866,2.7258,2.0438,1.555,1,1,,8450,3.48
grid2:flatNS,,,PR16_x2,holdout,3,1031,headon,vfield,5c59a2c453,ok,0,0,0,0,0,0,10.5134,6.6409,2.7258,2.0438,1.555,1,1,,8450,3.54
grid2:flatNS,,,PR16_x2,holdout,3,1033,headon,vfield,5c59a2c453,ok,0,0,0,0,0,0,15.4825,3.1633,2.7258,2.0438,1.555,1,1,,8450,3.55
grid2:flatNS,,,PR16_x2,holdout,3,1035,headon,vfield,5c59a2c453,ok,0,0,0,0,0,0,13.0747,12.0088,2.7258,2.0438,1.555,1,1,,8450,3.56
grid2:flatNS,,,PR16_x2,holdout,3,1037,headon,vfield,5c59a2c453,ok,0,0,0,0,0,0,6.4079,9.6357,2.7258,2.0438,1.555,1,1,,8450,3.55
grid2:flatNS,,,PR16_x2,holdout,3,1039,headon,vfield,5c59a2c453,ok,0,0,0,0,0,0,12.9016,9.5531,2.7258,2.0438,1.555,1,1,,8450,3.56
grid2:flatNS,,,PR16_x2,holdout,3,1041,headon,vfield,5c59a2c453,ok,0,0,0,0,0,0,8.4321,12.713,2.7258,2.0438,1.555,1,1,,8450,3.55
grid2:flatNS,,,PR16_x2,holdout,3,1043,headon,vfield,5c59a2c453,ok,0,0,0,0,0,0,10.1876,12.7522,2.7258,2.0438,1.555,1,1,,8450,3.59
grid2:flatNS,,,PR16_x2,holdout,3,1045,headon,vfield,5c59a2c453,ok,0,0,0,0,0,0,12.0423,1.7552,2.7258,2.0438,1.555,1,1,,8450,3.53
grid2:flatNS,,,PR16_x2,holdout,3,1047,headon,vfield,5c59a2c453,ok,0,0,0,0,0,0,5.3743,11.6309,2.7258,2.0438,1.555,1,1,,8450,3.56
grid2:flatNS,,,PR16_x2,holdout,3,1049,headon,vfield,5c59a2c453,ok,0,0,0,0,0,0,13.8292,6.0309,2.7258,2.0438,1.555,1,1,,8450,3.5
grid2:flatNS,,,PR16_x2,holdout,3,1051,headon,vfield,5c59a2c453,ok,0,0,0,0,0,0,8.414,9.6317,2.7258,2.0438,1.555,1,1,,8450,3.65
grid2:flatNS,,,PR16_x2,holdout,3,1053,headon,vfield,5c59a2c453,ok,1,0,1,0,0,0,13.2204,0.5942,2.7258,2.0438,1.555,1,1,24.3,8450,3.49
grid2:flatNS,,,PR16_x2,holdout,3,1055,headon,vfield,5c59a2c453,ok,0,0,0,0,0,0,11.5492,9.3128,2.7258,2.0438,1.555,1,1,,8450,3.49
grid2:flatNS,,,PR16_x2,holdout,3,1057,headon,vfield,5c59a2c453,ok,0,0,0,0,0,0,12.2619,3.4924,2.7258,2.0438,1.555,1,1,,8450,3.52
grid2:flatNS,,,PR16_x2,holdout,3,1059,headon,vfield,5c59a2c453,ok,0,0,0,0,0,0,8.5416,12.0818,2.7258,2.0438,1.555,1,1,,8450,3.78
grid2:flatNS,,,PR20_x0.5,holdout,3,1001,headon,vfield,f95da98501,ok,0,0,0,0,0,0,12.3528,10.5027,2.7258,2.0438,1.555,1,1,,8450,3.53
grid2:flatNS,,,PR20_x0.5,holdout,3,1003,headon,vfield,f95da98501,ok,0,0,0,0,0,0,10.2219,7.6896,2.7258,2.0438,1.555,1,1,,8450,3.51
grid2:flatNS,,,PR20_x0.5,holdout,3,1005,headon,vfield,f95da98501,ok,0,0,0,0,0,0,10.9976,9.657,2.7258,2.0438,1.555,1,1,,8450,3.52
grid2:flatNS,,,PR20_x0.5,holdout,3,1007,headon,vfield,f95da98501,ok,1,1,0,0,0,0,13.6495,0.1104,2.7258,2.0438,1.555,1,1,-28.15,8450,3.5
grid2:flatNS,,,PR20_x0.5,holdout,3,1009,headon,vfield,f95da98501,ok,0,0,0,0,0,0,9.5636,6.1949,2.7258,2.0438,1.555,1,1,,8450,3.51
grid2:flatNS,,,PR20_x0.5,holdout,3,1011,headon,vfield,f95da98501,ok,0,0,0,0,0,0,10.1074,9.0371,2.7258,2.0438,1.555,1,1,,8450,3.51
grid2:flatNS,,,PR20_x0.5,holdout,3,1013,headon,vfield,f95da98501,ok,0,0,0,0,0,0,12.9863,7.3682,2.7258,2.0438,1.555,1,1,,8450,3.5
grid2:flatNS,,,PR20_x0.5,holdout,3,1015,headon,vfield,f95da98501,ok,0,0,0,0,0,0,10.075,11.3696,2.7258,2.0438,1.555,1,1,,8450,3.49
grid2:flatNS,,,PR20_x0.5,holdout,3,1017,headon,vfield,f95da98501,ok,0,0,0,0,0,0,10.369,10.0393,2.7258,2.0438,1.555,1,1,,8450,3.5
grid2:flatNS,,,PR20_x0.5,holdout,3,1019,headon,vfield,f95da98501,ok,0,0,0,0,0,0,12.0581,5.2164,2.7258,2.0438,1.555,1,1,,8450,3.5
grid2:flatNS,,,PR20_x0.5,holdout,3,1021,headon,vfield,f95da98501,ok,0,0,0,0,0,0,10.5527,12.3414,2.7258,2.0438,1.555,1,1,,8450,3.51
grid2:flatNS,,,PR20_x0.5,holdout,3,1023,headon,vfield,f95da98501,ok,0,0,0,0,0,0,11.92,3.7927,2.7258,2.0438,1.555,1,1,,8450,3.51
grid2:flatNS,,,PR20_x0.5,holdout,3,1025,headon,vfield,f95da98501,ok,0,0,0,0,0,0,10.5745,10.7324,2.7258,2.0438,1.555,1,1,,8450,3.52
grid2:flatNS,,,PR20_x0.5,holdout,3,1027,headon,vfield,f95da98501,ok,0,0,0,0,0,0,10.113,7.7032,2.7258,2.0438,1.555,1,1,,8450,3.5
grid2:flatNS,,,PR20_x0.5,holdout,3,1029,headon,vfield,f95da98501,ok,0,0,0,0,0,0,10.4394,3.7061,2.7258,2.0438,1.555,1,1,,8450,3.48
grid2:flatNS,,,PR20_x0.5,holdout,3,1031,headon,vfield,f95da98501,ok,0,0,0,0,0,0,10.249,2.9767,2.7258,2.0438,1.555,1,1,,8450,3.49
grid2:flatNS,,,PR20_x0.5,holdout,3,1033,headon,vfield,f95da98501,ok,0,0,0,0,0,0,12.4488,11.2954,2.7258,2.0438,1.555,1,1,,8450,3.52
grid2:flatNS,,,PR20_x0.5,holdout,3,1035,headon,vfield,f95da98501,ok,1,1,0,0,0,0,10.7779,0.5351,2.7258,2.0438,1.555,1,1,27.85,8450,3.54
grid2:flatNS,,,PR20_x0.5,holdout,3,1037,headon,vfield,f95da98501,ok,0,0,0,0,0,0,1.9552,14.7335,2.7258,2.0438,1.555,1,1,,8450,3.54
grid2:flatNS,,,PR20_x0.5,holdout,3,1039,headon,vfield,f95da98501,ok,0,0,0,0,0,0,9.9889,8.1656,2.7258,2.0438,1.555,1,1,,8450,3.5
grid2:flatNS,,,PR20_x0.5,holdout,3,1041,headon,vfield,f95da98501,ok,0,0,0,0,0,0,10.0117,6.901,2.7258,2.0438,1.555,1,1,,8450,3.51
grid2:flatNS,,,PR20_x0.5,holdout,3,1043,headon,vfield,f95da98501,ok,0,0,0,0,0,0,11.4854,9.2707,2.7258,2.0438,1.555,1,1,,8450,3.5
grid2:flatNS,,,PR20_x0.5,holdout,3,1045,headon,vfield,f95da98501,ok,0,0,0,0,0,0,11.5086,6.878,2.7258,2.0438,1.555,1,1,,8450,3.49
grid2:flatNS,,,PR20_x0.5,holdout,3,1047,headon,vfield,f95da98501,ok,0,0,0,0,0,0,11.5596,9.9972,2.7258,2.0438,1.555,1,1,,8450,3.64
grid2:flatNS,,,PR20_x0.5,holdout,3,1049,headon,vfield,f95da98501,ok,0,0,0,0,0,0,9.114,9.1198,2.7258,2.0438,1.555,1,1,,8450,3.51
grid2:flatNS,,,PR20_x0.5,holdout,3,1051,headon,vfield,f95da98501,ok,0,0,0,0,0,0,3.8675,14.1826,2.7258,2.0438,1.555,1,1,,8450,3.51
grid2:flatNS,,,PR20_x0.5,holdout,3,1053,headon,vfield,f95da98501,ok,0,0,0,0,0,0,4.8603,13.9425,2.7258,2.0438,1.555,1,1,,8450,3.5
grid2:flatNS,,,PR20_x0.5,holdout,3,1055,headon,vfield,f95da98501,ok,0,0,0,0,0,0,17.141,7.4477,2.7258,2.0438,1.555,1,1,,8450,3.59
grid2:flatNS,,,PR20_x0.5,holdout,3,1057,headon,vfield,f95da98501,ok,0,0,0,0,0,0,11.795,6.4258,2.7258,2.0438,1.555,1,1,,8450,3.53
grid2:flatNS,,,PR20_x0.5,holdout,3,1059,headon,vfield,f95da98501,ok,0,0,0,0,0,0,10.2092,8.058,2.7258,2.0438,1.555,1,1,,8450,3.52
grid2:flatNS,,,PR20_x0.75,holdout,3,1001,headon,vfield,2a82301c38,ok,0,0,0,0,0,0,10.8747,12.889,2.7258,2.0438,1.555,1,1,,8450,3.48
grid2:flatNS,,,PR20_x0.75,holdout,3,1003,headon,vfield,2a82301c38,ok,0,0,0,0,0,0,15.0064,9.6067,2.7258,2.0438,1.555,1,1,,8450,3.51
grid2:flatNS,,,PR20_x0.75,holdout,3,1005,headon,vfield,2a82301c38,ok,0,0,0,0,0,0,3.6117,7.302,2.7258,2.0438,1.555,1,1,,8450,3.48
grid2:flatNS,,,PR20_x0.75,holdout,3,1007,headon,vfield,2a82301c38,ok,0,0,0,0,0,0,11.5822,5.2092,2.7258,2.0438,1.555,1,1,,8450,3.52
grid2:flatNS,,,PR20_x0.75,holdout,3,1009,headon,vfield,2a82301c38,ok,0,0,0,0,0,0,14.5338,8.4217,2.7258,2.0438,1.555,1,1,,8450,3.53
grid2:flatNS,,,PR20_x0.75,holdout,3,1011,headon,vfield,2a82301c38,ok,0,0,0,0,0,0,13.678,11.5017,2.7258,2.0438,1.555,1,1,,8450,3.49
grid2:flatNS,,,PR20_x0.75,holdout,3,1013,headon,vfield,2a82301c38,ok,0,0,0,0,0,0,11.1596,8.1128,2.7258,2.0438,1.555,1,1,,8450,3.53
grid2:flatNS,,,PR20_x0.75,holdout,3,1015,headon,vfield,2a82301c38,ok,0,0,0,0,0,0,14.6162,11.9272,2.7258,2.0438,1.555,1,1,,8450,3.5
grid2:flatNS,,,PR20_x0.75,holdout,3,1017,headon,vfield,2a82301c38,ok,0,0,0,0,0,0,15.1197,8.3907,2.7258,2.0438,1.555,1,1,,8450,3.48
grid2:flatNS,,,PR20_x0.75,holdout,3,1019,headon,vfield,2a82301c38,ok,0,0,0,0,0,0,12.7835,8.5875,2.7258,2.0438,1.555,1,1,,8450,3.53
grid2:flatNS,,,PR20_x0.75,holdout,3,1021,headon,vfield,2a82301c38,ok,0,0,0,0,0,0,12.7036,3.6034,2.7258,2.0438,1.555,1,1,,8450,3.48
grid2:flatNS,,,PR20_x0.75,holdout,3,1023,headon,vfield,2a82301c38,ok,0,0,0,0,0,0,15.1542,11.4459,2.7258,2.0438,1.555,1,1,,8450,3.52
grid2:flatNS,,,PR20_x0.75,holdout,3,1025,headon,vfield,2a82301c38,ok,0,0,0,0,0,0,13.9116,12.7985,2.7258,2.0438,1.555,1,1,,8450,3.53
grid2:flatNS,,,PR20_x0.75,holdout,3,1027,headon,vfield,2a82301c38,ok,0,0,0,0,0,0,11.0248,12.4012,2.7258,2.0438,1.555,1,1,,8450,3.52
grid2:flatNS,,,PR20_x0.75,holdout,3,1029,headon,vfield,2a82301c38,ok,0,0,0,0,0,0,13.6524,11.5072,2.7258,2.0438,1.555,1,1,,8450,3.53
grid2:flatNS,,,PR20_x0.75,holdout,3,1031,headon,vfield,2a82301c38,ok,0,0,0,0,0,0,14.6603,6.7646,2.7258,2.0438,1.555,1,1,,8450,3.48
grid2:flatNS,,,PR20_x0.75,holdout,3,1033,headon,vfield,2a82301c38,ok,0,0,0,0,0,0,7.9161,12.1228,2.7258,2.0438,1.555,1,1,,8450,3.55
grid2:flatNS,,,PR20_x0.75,holdout,3,1035,headon,vfield,2a82301c38,ok,0,0,0,0,0,0,13.2172,9.2322,2.7258,2.0438,1.555,1,1,,8450,3.51
grid2:flatNS,,,PR20_x0.75,holdout,3,1037,headon,vfield,2a82301c38,ok,0,0,0,0,0,0,14.9711,10.2638,2.7258,2.0438,1.555,1,1,,8450,3.51
grid2:flatNS,,,PR20_x0.75,holdout,3,1039,headon,vfield,2a82301c38,ok,0,0,0,0,0,0,16.2676,8.3668,2.7258,2.0438,1.555,1,1,,8450,3.51
grid2:flatNS,,,PR20_x0.75,holdout,3,1041,headon,vfield,2a82301c38,ok,0,0,0,0,0,0,12.558,8.786,2.7258,2.0438,1.555,1,1,,8450,3.53
grid2:flatNS,,,PR20_x0.75,holdout,3,1043,headon,vfield,2a82301c38,ok,0,0,0,0,0,0,13.2817,10.1244,2.7258,2.0438,1.555,1,1,,8450,3.56
grid2:flatNS,,,PR20_x0.75,holdout,3,1045,headon,vfield,2a82301c38,ok,0,0,0,0,0,0,14.1205,8.4409,2.7258,2.0438,1.555,1,1,,8450,3.5
grid2:flatNS,,,PR20_x0.75,holdout,3,1047,headon,vfield,2a82301c38,ok,0,0,0,0,0,0,14.2754,15.0023,2.7258,2.0438,1.555,1,1,,8450,3.49
grid2:flatNS,,,PR20_x0.75,holdout,3,1049,headon,vfield,2a82301c38,ok,0,0,0,0,0,0,11.0705,13.0974,2.7258,2.0438,1.555,1,1,,8450,3.5
grid2:flatNS,,,PR20_x0.75,holdout,3,1051,headon,vfield,2a82301c38,ok,0,0,0,0,0,0,6.5655,12.0482,2.7258,2.0438,1.555,1,1,,8450,3.53
grid2:flatNS,,,PR20_x0.75,holdout,3,1053,headon,vfield,2a82301c38,ok,0,0,0,0,0,0,12.3978,11.8456,2.7258,2.0438,1.555,1,1,,8450,3.48
grid2:flatNS,,,PR20_x0.75,holdout,3,1055,headon,vfield,2a82301c38,ok,0,0,0,0,0,0,14.0604,12.4339,2.7258,2.0438,1.555,1,1,,8450,3.48
grid2:flatNS,,,PR20_x0.75,holdout,3,1057,headon,vfield,2a82301c38,ok,1,0,0,0,1,0,0.7006,9.1526,2.7258,2.0438,1.555,1,1,33.98,8450,3.47
grid2:flatNS,,,PR20_x0.75,holdout,3,1059,headon,vfield,2a82301c38,ok,0,0,0,0,0,0,11.5981,7.1156,2.7258,2.0438,1.555,1,1,,8450,3.51
grid2:flatNS,,,PR20_x1,holdout,3,1001,headon,vfield,9cc9bba8e8,ok,0,0,0,0,0,0,11.9533,12.8214,2.7258,2.0438,1.555,1,1,,8450,3.47
grid2:flatNS,,,PR20_x1,holdout,3,1003,headon,vfield,9cc9bba8e8,ok,0,0,0,0,0,0,15.7209,10.6896,2.7258,2.0438,1.555,1,1,,8450,3.6
grid2:flatNS,,,PR20_x1,holdout,3,1005,headon,vfield,9cc9bba8e8,ok,0,0,0,0,0,0,11.6164,11.1897,2.7258,2.0438,1.555,1,1,,8450,3.51
grid2:flatNS,,,PR20_x1,holdout,3,1007,headon,vfield,9cc9bba8e8,ok,1,0,0,0,1,0,0.6356,9.0675,2.7258,2.0438,1.555,1,1,22.83,8450,3.49
grid2:flatNS,,,PR20_x1,holdout,3,1009,headon,vfield,9cc9bba8e8,ok,0,0,0,0,0,0,16.5539,8.7344,2.7258,2.0438,1.555,1,1,,8450,3.48
grid2:flatNS,,,PR20_x1,holdout,3,1011,headon,vfield,9cc9bba8e8,ok,0,0,0,0,0,0,15.4005,13.8813,2.7258,2.0438,1.555,1,1,,8450,3.46
grid2:flatNS,,,PR20_x1,holdout,3,1013,headon,vfield,9cc9bba8e8,ok,0,0,0,0,0,0,11.8821,12.03,2.7258,2.0438,1.555,1,1,,8450,3.47
grid2:flatNS,,,PR20_x1,holdout,3,1015,headon,vfield,9cc9bba8e8,ok,0,0,0,0,0,0,15.6705,14.4673,2.7258,2.0438,1.555,1,1,,8450,3.45
grid2:flatNS,,,PR20_x1,holdout,3,1017,headon,vfield,9cc9bba8e8,ok,0,0,0,0,0,0,15.2419,9.4146,2.7258,2.0438,1.555,1,1,,8450,3.48
grid2:flatNS,,,PR20_x1,holdout,3,1019,headon,vfield,9cc9bba8e8,ok,0,0,0,0,0,0,10.7707,8.0296,2.7258,2.0438,1.555,1,1,,8450,3.46
grid2:flatNS,,,PR20_x1,holdout,3,1021,headon,vfield,9cc9bba8e8,ok,0,0,0,0,0,0,14.6156,10.7648,2.7258,2.0438,1.555,1,1,,8450,3.48
grid2:flatNS,,,PR20_x1,holdout,3,1023,headon,vfield,9cc9bba8e8,ok,0,0,0,0,0,0,16.123,10.082,2.7258,2.0438,1.555,1,1,,8450,3.54
grid2:flatNS,,,PR20_x1,holdout,3,1025,headon,vfield,9cc9bba8e8,ok,0,0,0,0,0,0,14.7703,6.0133,2.7258,2.0438,1.555,1,1,,8450,3.55
grid2:flatNS,,,PR20_x1,holdout,3,1027,headon,vfield,9cc9bba8e8,ok,0,0,0,0,0,0,18.2847,11.2012,2.7258,2.0438,1.555,1,1,,8450,3.51
grid2:flatNS,,,PR20_x1,holdout,3,1029,headon,vfield,9cc9bba8e8,ok,0,0,0,0,0,0,12.6787,7.7535,2.7258,2.0438,1.555,1,1,,8450,3.5
grid2:flatNS,,,PR20_x1,holdout,3,1031,headon,vfield,9cc9bba8e8,ok,0,0,0,0,0,0,11.8491,8.189,2.7258,2.0438,1.555,1,1,,8450,3.5
grid2:flatNS,,,PR20_x1,holdout,3,1033,headon,vfield,9cc9bba8e8,ok,0,0,0,0,0,0,13.4115,13.9862,2.7258,2.0438,1.555,1,1,,8450,3.5
grid2:flatNS,,,PR20_x1,holdout,3,1035,headon,vfield,9cc9bba8e8,ok,0,0,0,0,0,0,10.8467,10.086,2.7258,2.0438,1.555,1,1,,8450,3.54
grid2:flatNS,,,PR20_x1,holdout,3,1037,headon,vfield,9cc9bba8e8,ok,0,0,0,0,0,0,8.9837,14.2895,2.7258,2.0438,1.555,1,1,,8450,3.48
grid2:flatNS,,,PR20_x1,holdout,3,1039,headon,vfield,9cc9bba8e8,ok,0,0,0,0,0,0,8.9234,8.6406,2.7258,2.0438,1.555,1,1,,8450,3.53
grid2:flatNS,,,PR20_x1,holdout,3,1041,headon,vfield,9cc9bba8e8,ok,0,0,0,0,0,0,12.8117,10.1325,2.7258,2.0438,1.555,1,1,,8450,3.53
grid2:flatNS,,,PR20_x1,holdout,3,1043,headon,vfield,9cc9bba8e8,ok,0,0,0,0,0,0,10.7842,11.8222,2.7258,2.0438,1.555,1,1,,8450,3.52
grid2:flatNS,,,PR20_x1,holdout,3,1045,headon,vfield,9cc9bba8e8,ok,0,0,0,0,0,0,10.2225,8.7671,2.7258,2.0438,1.555,1,1,,8450,3.51
grid2:flatNS,,,PR20_x1,holdout,3,1047,headon,vfield,9cc9bba8e8,ok,0,0,0,0,0,0,14.623,4.6596,2.7258,2.0438,1.555,1,1,,8450,3.53
grid2:flatNS,,,PR20_x1,holdout,3,1049,headon,vfield,9cc9bba8e8,ok,0,0,0,0,0,0,10.9683,12.5917,2.7258,2.0438,1.555,1,1,,8450,3.6
grid2:flatNS,,,PR20_x1,holdout,3,1051,headon,vfield,9cc9bba8e8,ok,0,0,0,0,0,0,14.2424,14.7546,2.7258,2.0438,1.555,1,1,,8450,3.5
grid2:flatNS,,,PR20_x1,holdout,3,1053,headon,vfield,9cc9bba8e8,ok,0,0,0,0,0,0,10.6984,10.5044,2.7258,2.0438,1.555,1,1,,8450,3.55
grid2:flatNS,,,PR20_x1,holdout,3,1055,headon,vfield,9cc9bba8e8,ok,0,0,0,0,0,0,11.803,11.0027,2.7258,2.0438,1.555,1,1,,8450,3.52
grid2:flatNS,,,PR20_x1,holdout,3,1057,headon,vfield,9cc9bba8e8,ok,0,0,0,0,0,0,12.4634,7.1758,2.7258,2.0438,1.555,1,1,,8450,3.49
grid2:flatNS,,,PR20_x1,holdout,3,1059,headon,vfield,9cc9bba8e8,ok,0,0,0,0,0,0,6.5403,10.9037,2.7258,2.0438,1.555,1,1,,8450,3.52
grid2:flatNS,,,PR20_x1.25,holdout,3,1001,headon,vfield,b04e8d1fa1,ok,0,0,0,0,0,0,13.5636,9.0266,2.7258,2.0438,1.555,1,1,,8450,3.5
grid2:flatNS,,,PR20_x1.25,holdout,3,1003,headon,vfield,b04e8d1fa1,ok,0,0,0,0,0,0,12.6556,4.2594,2.7258,2.0438,1.555,1,1,,8450,3.5
grid2:flatNS,,,PR20_x1.25,holdout,3,1005,headon,vfield,b04e8d1fa1,ok,0,0,0,0,0,0,13.5295,12.8038,2.7258,2.0438,1.555,1,1,,8450,3.51
grid2:flatNS,,,PR20_x1.25,holdout,3,1007,headon,vfield,b04e8d1fa1,ok,0,0,0,0,0,0,11.8653,9.6152,2.7258,2.0438,1.555,1,1,,8450,3.51
grid2:flatNS,,,PR20_x1.25,holdout,3,1009,headon,vfield,b04e8d1fa1,ok,0,0,0,0,0,0,11.5174,9.1208,2.7258,2.0438,1.555,1,1,,8450,3.52
grid2:flatNS,,,PR20_x1.25,holdout,3,1011,headon,vfield,b04e8d1fa1,ok,0,0,0,0,0,0,16.2746,11.3328,2.7258,2.0438,1.555,1,1,,8450,3.52
grid2:flatNS,,,PR20_x1.25,holdout,3,1013,headon,vfield,b04e8d1fa1,ok,0,0,0,0,0,0,15.2003,4.4887,2.7258,2.0438,1.555,1,1,,8450,3.5
grid2:flatNS,,,PR20_x1.25,holdout,3,1015,headon,vfield,b04e8d1fa1,ok,0,0,0,0,0,0,16.9636,12.8303,2.7258,2.0438,1.555,1,1,,8450,3.57
grid2:flatNS,,,PR20_x1.25,holdout,3,1017,headon,vfield,b04e8d1fa1,ok,0,0,0,0,0,0,16.3047,1.0945,2.7258,2.0438,1.555,1,1,,8450,3.48
grid2:flatNS,,,PR20_x1.25,holdout,3,1019,headon,vfield,b04e8d1fa1,ok,0,0,0,0,0,0,13.4892,4.9264,2.7258,2.0438,1.555,1,1,,8450,3.5
grid2:flatNS,,,PR20_x1.25,holdout,3,1021,headon,vfield,b04e8d1fa1,ok,0,0,0,0,0,0,12.0613,16.7511,2.7258,2.0438,1.555,1,1,,8450,3.48
grid2:flatNS,,,PR20_x1.25,holdout,3,1023,headon,vfield,b04e8d1fa1,ok,0,0,0,0,0,0,15.8601,15.3296,2.7258,2.0438,1.555,1,1,,8450,3.48
grid2:flatNS,,,PR20_x1.25,holdout,3,1025,headon,vfield,b04e8d1fa1,ok,0,0,0,0,0,0,13.8424,13.0612,2.7258,2.0438,1.555,1,1,,8450,3.48
grid2:flatNS,,,PR20_x1.25,holdout,3,1027,headon,vfield,b04e8d1fa1,ok,0,0,0,0,0,0,16.2649,10.0125,2.7258,2.0438,1.555,1,1,,8450,3.48
grid2:flatNS,,,PR20_x1.25,holdout,3,1029,headon,vfield,b04e8d1fa1,ok,0,0,0,0,0,0,13.5635,15.9679,2.7258,2.0438,1.555,1,1,,8450,3.49
grid2:flatNS,,,PR20_x1.25,holdout,3,1031,headon,vfield,b04e8d1fa1,ok,0,0,0,0,0,0,13.1581,8.2924,2.7258,2.0438,1.555,1,1,,8450,3.48
grid2:flatNS,,,PR20_x1.25,holdout,3,1033,headon,vfield,b04e8d1fa1,ok,0,0,0,0,0,0,16.838,15.09,2.7258,2.0438,1.555,1,1,,8450,3.48
grid2:flatNS,,,PR20_x1.25,holdout,3,1035,headon,vfield,b04e8d1fa1,ok,0,0,0,0,0,0,12.5228,11.0874,2.7258,2.0438,1.555,1,1,,8450,3.5
grid2:flatNS,,,PR20_x1.25,holdout,3,1037,headon,vfield,b04e8d1fa1,ok,0,0,0,0,0,0,13.4288,15.8647,2.7258,2.0438,1.555,1,1,,8450,3.48
grid2:flatNS,,,PR20_x1.25,holdout,3,1039,headon,vfield,b04e8d1fa1,ok,0,0,0,0,0,0,10.4081,8.9803,2.7258,2.0438,1.555,1,1,,8450,3.72
grid2:flatNS,,,PR20_x1.25,holdout,3,1041,headon,vfield,b04e8d1fa1,ok,0,0,0,0,0,0,9.2502,12.84,2.7258,2.0438,1.555,1,1,,8450,3.47
grid2:flatNS,,,PR20_x1.25,holdout,3,1043,headon,vfield,b04e8d1fa1,ok,0,0,0,0,0,0,10.1578,13.082,2.7258,2.0438,1.555,1,1,,8450,3.53
grid2:flatNS,,,PR20_x1.25,holdout,3,1045,headon,vfield,b04e8d1fa1,ok,0,0,0,0,0,0,12.8808,9.1695,2.7258,2.0438,1.555,1,1,,8450,3.46
grid2:flatNS,,,PR20_x1.25,holdout,3,1047,headon,vfield,b04e8d1fa1,ok,0,0,0,0,0,0,14.4038,10.2751,2.7258,2.0438,1.555,1,1,,8450,3.47
grid2:flatNS,,,PR20_x1.25,holdout,3,1049,headon,vfield,b04e8d1fa1,ok,0,0,0,0,0,0,7.4768,12.1442,2.7258,2.0438,1.555,1,1,,8450,3.46
grid2:flatNS,,,PR20_x1.25,holdout,3,1051,headon,vfield,b04e8d1fa1,ok,0,0,0,0,0,0,12.206,13.9211,2.7258,2.0438,1.555,1,1,,8450,3.45
grid2:flatNS,,,PR20_x1.25,holdout,3,1053,headon,vfield,b04e8d1fa1,ok,0,0,0,0,0,0,14.6784,9.1983,2.7258,2.0438,1.555,1,1,,8450,3.46
grid2:flatNS,,,PR20_x1.25,holdout,3,1055,headon,vfield,b04e8d1fa1,ok,0,0,0,0,0,0,12.2279,12.6869,2.7258,2.0438,1.555,1,1,,8450,3.47
grid2:flatNS,,,PR20_x1.25,holdout,3,1057,headon,vfield,b04e8d1fa1,ok,1,0,1,0,0,0,8.8072,0.7707,2.7258,2.0438,1.555,1,1,21.28,8450,3.47
grid2:flatNS,,,PR20_x1.25,holdout,3,1059,headon,vfield,b04e8d1fa1,ok,0,0,0,0,0,0,10.7294,11.7029,2.7258,2.0438,1.555,1,1,,8450,3.44
grid2:flatNS,,,PR20_x1.5,holdout,3,1001,headon,vfield,09761c7489,ok,0,0,0,0,0,0,11.5099,12.881,2.7258,2.0438,1.555,1,1,,8450,3.46
grid2:flatNS,,,PR20_x1.5,holdout,3,1003,headon,vfield,09761c7489,ok,1,0,1,0,0,0,9.7409,0.9124,2.7258,2.0438,1.555,1,1,13.23,8450,3.48
grid2:flatNS,,,PR20_x1.5,holdout,3,1005,headon,vfield,09761c7489,ok,0,0,0,0,0,0,13.2429,14.5596,2.7258,2.0438,1.555,1,1,,8450,3.49
grid2:flatNS,,,PR20_x1.5,holdout,3,1007,headon,vfield,09761c7489,ok,0,0,0,0,0,0,12.8672,10.2449,2.7258,2.0438,1.555,1,1,,8450,3.49
grid2:flatNS,,,PR20_x1.5,holdout,3,1009,headon,vfield,09761c7489,ok,0,0,0,0,0,0,16.6064,9.1197,2.7258,2.0438,1.555,1,1,,8450,3.5
grid2:flatNS,,,PR20_x1.5,holdout,3,1011,headon,vfield,09761c7489,ok,0,0,0,0,0,0,15.1067,11.3888,2.7258,2.0438,1.555,1,1,,8450,3.51
grid2:flatNS,,,PR20_x1.5,holdout,3,1013,headon,vfield,09761c7489,ok,0,0,0,0,0,0,10.2137,9.871,2.7258,2.0438,1.555,1,1,,8450,3.52
grid2:flatNS,,,PR20_x1.5,holdout,3,1015,headon,vfield,09761c7489,ok,0,0,0,0,0,0,17.3435,12.3039,2.7258,2.0438,1.555,1,1,,8450,3.48
grid2:flatNS,,,PR20_x1.5,holdout,3,1017,headon,vfield,09761c7489,ok,0,0,0,0,0,0,14.7457,13.9664,2.7258,2.0438,1.555,1,1,,8450,3.52
grid2:flatNS,,,PR20_x1.5,holdout,3,1019,headon,vfield,09761c7489,ok,0,0,0,0,0,0,13.4816,10.1445,2.7258,2.0438,1.555,1,1,,8450,3.5
grid2:flatNS,,,PR20_x1.5,holdout,3,1021,headon,vfield,09761c7489,ok,0,0,0,0,0,0,15.5584,9.5863,2.7258,2.0438,1.555,1,1,,8450,3.51
grid2:flatNS,,,PR20_x1.5,holdout,3,1023,headon,vfield,09761c7489,ok,0,0,0,0,0,0,13.6607,15.3754,2.7258,2.0438,1.555,1,1,,8450,3.48
grid2:flatNS,,,PR20_x1.5,holdout,3,1025,headon,vfield,09761c7489,ok,1,0,1,0,0,0,8.6274,0.3122,2.7258,2.0438,1.555,1,1,14.3,8450,3.47
grid2:flatNS,,,PR20_x1.5,holdout,3,1027,headon,vfield,09761c7489,ok,0,0,0,0,0,0,12.166,15.0052,2.7258,2.0438,1.555,1,1,,8450,3.48
grid2:flatNS,,,PR20_x1.5,holdout,3,1029,headon,vfield,09761c7489,ok,0,0,0,0,0,0,13.3903,14.8843,2.7258,2.0438,1.555,1,1,,8450,3.47
grid2:flatNS,,,PR20_x1.5,holdout,3,1031,headon,vfield,09761c7489,ok,0,0,0,0,0,0,15.4892,8.4172,2.7258,2.0438,1.555,1,1,,8450,3.49
grid2:flatNS,,,PR20_x1.5,holdout,3,1033,headon,vfield,09761c7489,ok,0,0,0,0,0,0,12.7207,15.2849,2.7258,2.0438,1.555,1,1,,8450,3.47
grid2:flatNS,,,PR20_x1.5,holdout,3,1035,headon,vfield,09761c7489,ok,0,0,0,0,0,0,14.2989,12.2003,2.7258,2.0438,1.555,1,1,,8450,3.49
grid2:flatNS,,,PR20_x1.5,holdout,3,1037,headon,vfield,09761c7489,ok,0,0,0,0,0,0,16.4743,12.0794,2.7258,2.0438,1.555,1,1,,8450,3.51
grid2:flatNS,,,PR20_x1.5,holdout,3,1039,headon,vfield,09761c7489,ok,0,0,0,0,0,0,11.3595,9.3788,2.7258,2.0438,1.555,1,1,,8450,3.49
grid2:flatNS,,,PR20_x1.5,holdout,3,1041,headon,vfield,09761c7489,ok,0,0,0,0,0,0,10.732,14.4649,2.7258,2.0438,1.555,1,1,,8450,3.49
grid2:flatNS,,,PR20_x1.5,holdout,3,1043,headon,vfield,09761c7489,ok,0,0,0,0,0,0,15.5906,15.7747,2.7258,2.0438,1.555,1,1,,8450,3.49
grid2:flatNS,,,PR20_x1.5,holdout,3,1045,headon,vfield,09761c7489,ok,0,0,0,0,0,0,12.8537,8.3002,2.7258,2.0438,1.555,1,1,,8450,3.51
grid2:flatNS,,,PR20_x1.5,holdout,3,1047,headon,vfield,09761c7489,ok,0,0,0,0,0,0,12.8528,12.1318,2.7258,2.0438,1.555,1,1,,8450,3.69
grid2:flatNS,,,PR20_x1.5,holdout,3,1049,headon,vfield,09761c7489,ok,0,0,0,0,0,0,15.8042,12.5941,2.7258,2.0438,1.555,1,1,,8450,3.47
grid2:flatNS,,,PR20_x1.5,holdout,3,1051,headon,vfield,09761c7489,ok,0,0,0,0,0,0,11.5803,15.35,2.7258,2.0438,1.555,1,1,,8450,3.51
grid2:flatNS,,,PR20_x1.5,holdout,3,1053,headon,vfield,09761c7489,ok,0,0,0,0,0,0,17.4139,14.4731,2.7258,2.0438,1.555,1,1,,8450,3.53
grid2:flatNS,,,PR20_x1.5,holdout,3,1055,headon,vfield,09761c7489,ok,0,0,0,0,0,0,14.6233,14.4507,2.7258,2.0438,1.555,1,1,,8450,3.52
grid2:flatNS,,,PR20_x1.5,holdout,3,1057,headon,vfield,09761c7489,ok,0,0,0,0,0,0,9.1451,14.7207,2.7258,2.0438,1.555,1,1,,8450,3.53
grid2:flatNS,,,PR20_x1.5,holdout,3,1059,headon,vfield,09761c7489,ok,0,0,0,0,0,0,12.0021,13.6922,2.7258,2.0438,1.555,1,1,,8450,3.51
grid2:flatNS,,,PR20_x2,holdout,3,1001,headon,vfield,a2eb8224b8,ok,0,0,0,0,0,0,12.3344,6.2707,2.7258,2.0438,1.555,1,1,,8450,3.77
grid2:flatNS,,,PR20_x2,holdout,3,1003,headon,vfield,a2eb8224b8,ok,0,0,0,0,0,0,16.1232,7.6797,2.7258,2.0438,1.555,1,1,,8450,3.53
grid2:flatNS,,,PR20_x2,holdout,3,1005,headon,vfield,a2eb8224b8,ok,0,0,0,0,0,0,7.451,16.5428,2.7258,2.0438,1.555,1,1,,8450,3.7
grid2:flatNS,,,PR20_x2,holdout,3,1007,headon,vfield,a2eb8224b8,ok,0,0,0,0,0,0,17.0405,11.5128,2.7258,2.0438,1.555,1,1,,8450,3.48
grid2:flatNS,,,PR20_x2,holdout,3,1009,headon,vfield,a2eb8224b8,ok,0,0,0,0,0,0,13.6102,3.0941,2.7258,2.0438,1.555,1,1,,8450,3.46
grid2:flatNS,,,PR20_x2,holdout,3,1011,headon,vfield,a2eb8224b8,ok,0,0,0,0,0,0,14.2321,11.1553,2.7258,2.0438,1.555,1,1,,8450,3.47
grid2:flatNS,,,PR20_x2,holdout,3,1013,headon,vfield,a2eb8224b8,ok,0,0,0,0,0,0,14.7274,15.2809,2.7258,2.0438,1.555,1,1,,8450,3.47
grid2:flatNS,,,PR20_x2,holdout,3,1015,headon,vfield,a2eb8224b8,ok,0,0,0,0,0,0,15.7886,11.9492,2.7258,2.0438,1.555,1,1,,8450,3.47
grid2:flatNS,,,PR20_x2,holdout,3,1017,headon,vfield,a2eb8224b8,ok,0,0,0,0,0,0,18.2707,15.2129,2.7258,2.0438,1.555,1,1,,8450,3.46
grid2:flatNS,,,PR20_x2,holdout,3,1019,headon,vfield,a2eb8224b8,ok,0,0,0,0,0,0,8.6639,11.5393,2.7258,2.0438,1.555,1,1,,8450,3.46
grid2:flatNS,,,PR20_x2,holdout,3,1021,headon,vfield,a2eb8224b8,ok,0,0,0,0,0,0,11.1759,13.798,2.7258,2.0438,1.555,1,1,,8450,3.48
grid2:flatNS,,,PR20_x2,holdout,3,1023,headon,vfield,a2eb8224b8,ok,0,0,0,0,0,0,13.8292,13.9761,2.7258,2.0438,1.555,1,1,,8450,3.51
grid2:flatNS,,,PR20_x2,holdout,3,1025,headon,vfield,a2eb8224b8,ok,0,0,0,0,0,0,9.7999,7.0123,2.7258,2.0438,1.555,1,1,,8450,3.52
grid2:flatNS,,,PR20_x2,holdout,3,1027,headon,vfield,a2eb8224b8,ok,0,0,0,0,0,0,13.3919,15.8905,2.7258,2.0438,1.555,1,1,,8450,3.46
grid2:flatNS,,,PR20_x2,holdout,3,1029,headon,vfield,a2eb8224b8,ok,0,0,0,0,0,0,14.0944,2.0052,2.7258,2.0438,1.555,1,1,,8450,3.47
grid2:flatNS,,,PR20_x2,holdout,3,1031,headon,vfield,a2eb8224b8,ok,0,0,0,0,0,0,15.0827,8.7266,2.7258,2.0438,1.555,1,1,,8450,3.45
grid2:flatNS,,,PR20_x2,holdout,3,1033,headon,vfield,a2eb8224b8,ok,0,0,0,0,0,0,15.3651,7.4662,2.7258,2.0438,1.555,1,1,,8450,3.47
grid2:flatNS,,,PR20_x2,holdout,3,1035,headon,vfield,a2eb8224b8,ok,0,0,0,0,0,0,15.4138,2.4363,2.7258,2.0438,1.555,1,1,,8450,3.47
grid2:flatNS,,,PR20_x2,holdout,3,1037,headon,vfield,a2eb8224b8,ok,0,0,0,0,0,0,14.7935,7.9164,2.7258,2.0438,1.555,1,1,,8450,3.46
grid2:flatNS,,,PR20_x2,holdout,3,1039,headon,vfield,a2eb8224b8,ok,0,0,0,0,0,0,16.9149,10.324,2.7258,2.0438,1.555,1,1,,8450,3.49
grid2:flatNS,,,PR20_x2,holdout,3,1041,headon,vfield,a2eb8224b8,ok,0,0,0,0,0,0,15.189,9.1971,2.7258,2.0438,1.555,1,1,,8450,3.46
grid2:flatNS,,,PR20_x2,holdout,3,1043,headon,vfield,a2eb8224b8,ok,0,0,0,0,0,0,13.7353,10.3727,2.7258,2.0438,1.555,1,1,,8450,3.46
grid2:flatNS,,,PR20_x2,holdout,3,1045,headon,vfield,a2eb8224b8,ok,0,0,0,0,0,0,10.7352,9.7811,2.7258,2.0438,1.555,1,1,,8450,3.47
grid2:flatNS,,,PR20_x2,holdout,3,1047,headon,vfield,a2eb8224b8,ok,0,0,0,0,0,0,15.878,15.107,2.7258,2.0438,1.555,1,1,,8450,3.46
grid2:flatNS,,,PR20_x2,holdout,3,1049,headon,vfield,a2eb8224b8,ok,0,0,0,0,0,0,14.9279,1.3703,2.7258,2.0438,1.555,1,1,,8450,3.46
grid2:flatNS,,,PR20_x2,holdout,3,1051,headon,vfield,a2eb8224b8,ok,0,0,0,0,0,0,13.9867,13.7536,2.7258,2.0438,1.555,1,1,,8450,3.45
grid2:flatNS,,,PR20_x2,holdout,3,1053,headon,vfield,a2eb8224b8,ok,0,0,0,0,0,0,11.2737,13.089,2.7258,2.0438,1.555,1,1,,8450,3.48
grid2:flatNS,,,PR20_x2,holdout,3,1055,headon,vfield,a2eb8224b8,ok,0,0,0,0,0,0,14.2816,10.412,2.7258,2.0438,1.555,1,1,,8450,3.46
grid2:flatNS,,,PR20_x2,holdout,3,1057,headon,vfield,a2eb8224b8,ok,0,0,0,0,0,0,14.4448,10.1191,2.7258,2.0438,1.555,1,1,,8450,3.46
grid2:flatNS,,,PR20_x2,holdout,3,1059,headon,vfield,a2eb8224b8,ok,0,0,0,0,0,0,13.1273,16.8373,2.7258,2.0438,1.555,1,1,,8450,3.51
grid2:flatNS,,,PR8_x0.5,holdout,4,1001,headon,vfield,711863da3c,ok,0,0,0,0,0,0,2.7997,2.0251,2.7258,2.0438,1.555,1,1,,8450,3.49
grid2:flatNS,,,PR8_x0.5,holdout,4,1003,headon,vfield,711863da3c,ok,2,0,1,0,1,0,0.0105,0.0366,2.7258,2.0438,1.555,1,1,4.54,8450,3.5
grid2:flatNS,,,PR8_x0.5,holdout,4,1005,headon,vfield,711863da3c,ok,0,0,0,0,0,0,1.6107,1.3902,2.7258,2.0438,1.555,1,1,,8450,3.49
grid2:flatNS,,,PR8_x0.5,holdout,4,1007,headon,vfield,711863da3c,ok,1,0,1,0,0,0,1.2545,0.4207,2.7258,2.0438,1.555,1,1,11.02,8450,3.48
grid2:flatNS,,,PR8_x0.5,holdout,4,1009,headon,vfield,711863da3c,ok,2,1,1,0,0,0,3.0485,0.0891,2.7258,2.0438,1.555,1,1,3.38,8450,3.55
grid2:flatNS,,,PR8_x0.5,holdout,4,1011,headon,vfield,711863da3c,ok,2,0,1,0,1,0,0.8536,0.5884,2.7258,2.0438,1.555,1,1,3.45,8450,3.49
grid2:flatNS,,,PR8_x0.5,holdout,4,1013,headon,vfield,711863da3c,ok,0,0,0,0,0,0,2.034,2.658,2.7258,2.0438,1.555,1,1,,8450,3.52
grid2:flatNS,,,PR8_x0.5,holdout,4,1015,headon,vfield,711863da3c,ok,0,0,0,0,0,0,4.8591,1.1498,2.7258,2.0438,1.555,1,1,,8450,3.49
grid2:flatNS,,,PR8_x0.5,holdout,4,1017,headon,vfield,711863da3c,ok,1,0,1,0,0,0,1.7074,0.0565,2.7258,2.0438,1.555,1,1,16.08,8450,3.52
grid2:flatNS,,,PR8_x0.5,holdout,4,1019,headon,vfield,711863da3c,ok,0,0,0,0,0,0,1.6584,2.0582,2.7258,2.0438,1.555,1,1,,8450,3.52
grid2:flatNS,,,PR8_x0.5,holdout,4,1021,headon,vfield,711863da3c,ok,1,0,0,0,1,0,0.6733,3.3328,2.7258,2.0438,1.555,1,1,18.12,8450,3.48
grid2:flatNS,,,PR8_x0.5,holdout,4,1023,headon,vfield,711863da3c,ok,1,0,1,0,0,0,1.7282,0.5418,2.7258,2.0438,1.555,1,1,2.42,8450,3.51
grid2:flatNS,,,PR8_x0.5,holdout,4,1025,headon,vfield,711863da3c,ok,1,0,0,0,1,0,0.6979,6.6014,2.7258,2.0438,1.555,1,1,-2.01,8450,3.53
grid2:flatNS,,,PR8_x0.5,holdout,4,1027,headon,vfield,711863da3c,ok,1,0,0,0,1,0,0.3155,2.2258,2.7258,2.0438,1.555,1,1,44.09,8450,3.51
grid2:flatNS,,,PR8_x0.5,holdout,4,1029,headon,vfield,711863da3c,ok,2,0,1,0,1,0,0.7686,0.6013,2.7258,2.0438,1.555,1,1,0.03,8450,3.51
grid2:flatNS,,,PR8_x0.5,holdout,4,1031,headon,vfield,711863da3c,ok,0,0,0,0,0,0,5.1271,2.9494,2.7258,2.0438,1.555,1,1,,8450,3.65
grid2:flatNS,,,PR8_x0.5,holdout,4,1033,headon,vfield,711863da3c,ok,3,0,2,1,0,0,0.403,0.3171,2.7258,2.0438,1.555,1,1,8.5,8450,3.53
grid2:flatNS,,,PR8_x0.5,holdout,4,1035,headon,vfield,711863da3c,ok,0,0,0,0,0,0,3.357,1.3805,2.7258,2.0438,1.555,1,1,,8450,3.5
grid2:flatNS,,,PR8_x0.5,holdout,4,1037,headon,vfield,711863da3c,ok,1,0,1,0,0,0,1.0894,0.3445,2.7258,2.0438,1.555,1,1,6.87,8450,3.5
grid2:flatNS,,,PR8_x0.5,holdout,4,1039,headon,vfield,711863da3c,ok,0,0,0,0,0,0,2.0146,1.381,2.7258,2.0438,1.555,1,1,,8450,3.5
grid2:flatNS,,,PR8_x0.5,holdout,4,1041,headon,vfield,711863da3c,ok,0,0,0,0,0,0,1.1208,1.6315,2.7258,2.0438,1.555,1,1,,8450,3.55
grid2:flatNS,,,PR8_x0.5,holdout,4,1043,headon,vfield,711863da3c,ok,0,0,0,0,0,0,2.4252,1.8705,2.7258,2.0438,1.555,1,1,,8450,3.53
grid2:flatNS,,,PR8_x0.5,holdout,4,1045,headon,vfield,711863da3c,ok,2,1,0,0,1,0,0.891,0.7206,2.7258,2.0438,1.555,1,1,3.91,8450,3.49
grid2:flatNS,,,PR8_x0.5,holdout,4,1047,headon,vfield,711863da3c,ok,1,0,1,0,0,0,3.6752,0.1544,2.7258,2.0438,1.555,1,1,16.39,8450,3.54
grid2:flatNS,,,PR8_x0.5,holdout,4,1049,headon,vfield,711863da3c,ok,0,0,0,0,0,0,1.5769,1.6288,2.7258,2.0438,1.555,1,1,,8450,3.53
grid2:flatNS,,,PR8_x0.5,holdout,4,1051,headon,vfield,711863da3c,ok,0,0,0,0,0,0,2.951,1.486,2.7258,2.0438,1.555,1,1,,8450,3.59
grid2:flatNS,,,PR8_x0.5,holdout,4,1053,headon,vfield,711863da3c,ok,1,0,1,0,0,0,1.4422,0.7368,2.7258,2.0438,1.555,1,1,12.48,8450,3.49
grid2:flatNS,,,PR8_x0.5,holdout,4,1055,headon,vfield,711863da3c,ok,0,0,0,0,0,0,1.7178,2.1601,2.7258,2.0438,1.555,1,1,,8450,3.51
grid2:flatNS,,,PR8_x0.5,holdout,4,1057,headon,vfield,711863da3c,ok,1,0,1,0,0,0,1.4369,0.741,2.7258,2.0438,1.555,1,1,4.29,8450,3.54
grid2:flatNS,,,PR8_x0.5,holdout,4,1059,headon,vfield,711863da3c,ok,0,0,0,0,0,0,4.2385,1.2908,2.7258,2.0438,1.555,1,1,,8450,3.52
grid2:flatNS,,,PR8_x0.75,holdout,4,1001,headon,vfield,7801ab3a93,ok,1,0,1,0,0,0,2.9755,0.6509,2.7258,2.0438,1.555,1,1,9.94,8450,3.52
grid2:flatNS,,,PR8_x0.75,holdout,4,1003,headon,vfield,7801ab3a93,ok,2,0,1,0,1,0,0.5811,0.2667,2.7258,2.0438,1.555,1,1,-0.22,8450,3.53
grid2:flatNS,,,PR8_x0.75,holdout,4,1005,headon,vfield,7801ab3a93,ok,1,0,0,1,0,0,0.6487,4.2374,2.7258,2.0438,1.555,1,1,-29.5,8450,3.55
grid2:flatNS,,,PR8_x0.75,holdout,4,1007,headon,vfield,7801ab3a93,ok,0,0,0,0,0,0,1.7216,2.2182,2.7258,2.0438,1.555,1,1,,8450,3.54
grid2:flatNS,,,PR8_x0.75,holdout,4,1009,headon,vfield,7801ab3a93,ok,0,0,0,0,0,0,1.7264,2.7156,2.7258,2.0438,1.555,1,1,,8450,3.55
grid2:flatNS,,,PR8_x0.75,holdout,4,1011,headon,vfield,7801ab3a93,ok,0,0,0,0,0,0,3.6813,1.9512,2.7258,2.0438,1.555,1,1,,8450,3.57
grid2:flatNS,,,PR8_x0.75,holdout,4,1013,headon,vfield,7801ab3a93,ok,1,0,0,1,0,0,0.1593,1.236,2.7258,2.0438,1.555,1,1,14.51,8450,3.86
grid2:flatNS,,,PR8_x0.75,holdout,4,1015,headon,vfield,7801ab3a93,ok,0,0,0,0,0,0,1.0932,1.106,2.7258,2.0438,1.555,1,1,,8450,3.68
grid2:flatNS,,,PR8_x0.75,holdout,4,1017,headon,vfield,7801ab3a93,ok,0,0,0,0,0,0,2.0462,1.193,2.7258,2.0438,1.555,1,1,,8450,3.5
grid2:flatNS,,,PR8_x0.75,holdout,4,1019,headon,vfield,7801ab3a93,ok,0,0,0,0,0,0,3.6279,1.1164,2.7258,2.0438,1.555,1,1,,8450,3.61
grid2:flatNS,,,PR8_x0.75,holdout,4,1021,headon,vfield,7801ab3a93,ok,0,0,0,0,0,0,1.0293,4.8768,2.7258,2.0438,1.555,1,1,,8450,3.58
grid2:flatNS,,,PR8_x0.75,holdout,4,1023,headon,vfield,7801ab3a93,ok,1,0,1,0,0,0,1.5191,0.7452,2.7258,2.0438,1.555,1,1,4.87,8450,3.72
grid2:flatNS,,,PR8_x0.75,holdout,4,1025,headon,vfield,7801ab3a93,ok,3,0,2,0,1,0,0.1917,0.0835,2.7258,2.0438,1.555,1,1,7.21,8450,3.74
grid2:flatNS,,,PR8_x0.75,holdout,4,1027,headon,vfield,7801ab3a93,ok,0,0,0,0,0,0,2.3819,1.9816,2.7258,2.0438,1.555,1,1,,8450,3.68
grid2:flatNS,,,PR8_x0.75,holdout,4,1029,headon,vfield,7801ab3a93,ok,0,0,0,0,0,0,1.0256,4.2036,2.7258,2.0438,1.555,1,1,,8450,3.8
grid2:flatNS,,,PR8_x0.75,holdout,4,1031,headon,vfield,7801ab3a93,ok,0,0,0,0,0,0,1.0102,5.2041,2.7258,2.0438,1.555,1,1,,8450,3.85
grid2:flatNS,,,PR8_x0.75,holdout,4,1033,headon,vfield,7801ab3a93,ok,1,0,1,0,0,0,1.5412,0.5311,2.7258,2.0438,1.555,1,1,13.81,8450,4.24
grid2:flatNS,,,PR8_x0.75,holdout,4,1035,headon,vfield,7801ab3a93,ok,0,0,0,0,0,0,1.7908,1.6421,2.7258,2.0438,1.555,1,1,,8450,4.46
grid2:flatNS,,,PR8_x0.75,holdout,4,1037,headon,vfield,7801ab3a93,ok,1,0,1,0,0,0,3.9224,0.429,2.7258,2.0438,1.555,1,1,13.34,8450,4.15
grid2:flatNS,,,PR8_x0.75,holdout,4,1039,headon,vfield,7801ab3a93,ok,2,0,1,0,1,0,0.5445,0.8982,2.7258,2.0438,1.555,1,1,-4.01,8450,4.19
grid2:flatNS,,,PR8_x0.75,holdout,4,1041,headon,vfield,7801ab3a93,ok,2,0,0,1,1,0,0.9054,2.4089,2.7258,2.0438,1.555,1,1,-31.07,8450,4.1
grid2:flatNS,,,PR8_x0.75,holdout,4,1043,headon,vfield,7801ab3a93,ok,0,0,0,0,0,0,3.0928,1.2376,2.7258,2.0438,1.555,1,1,,8450,3.78
grid2:flatNS,,,PR8_x0.75,holdout,4,1045,headon,vfield,7801ab3a93,ok,0,0,0,0,0,0,1.7592,1.1545,2.7258,2.0438,1.555,1,1,,8450,3.58
grid2:flatNS,,,PR8_x0.75,holdout,4,1047,headon,vfield,7801ab3a93,ok,0,0,0,0,0,0,1.264,2.597,2.7258,2.0438,1.555,1,1,,8450,3.56
grid2:flatNS,,,PR8_x0.75,holdout,4,1049,headon,vfield,7801ab3a93,ok,0,0,0,0,0,0,2.591,4.0851,2.7258,2.0438,1.555,1,1,,8450,3.55
grid2:flatNS,,,PR8_x0.75,holdout,4,1051,headon,vfield,7801ab3a93,ok,1,1,0,0,0,0,2.4504,0.975,2.7258,2.0438,1.555,1,1,26.69,8450,3.66
grid2:flatNS,,,PR8_x0.75,holdout,4,1053,headon,vfield,7801ab3a93,ok,0,0,0,0,0,0,1.4903,5.013,2.7258,2.0438,1.555,1,1,,8450,3.57
grid2:flatNS,,,PR8_x0.75,holdout,4,1055,headon,vfield,7801ab3a93,ok,0,0,0,0,0,0,1.4719,4.5037,2.7258,2.0438,1.555,1,1,,8450,3.51
grid2:flatNS,,,PR8_x0.75,holdout,4,1057,headon,vfield,7801ab3a93,ok,1,0,0,0,1,0,0.8441,1.2358,2.7258,2.0438,1.555,1,1,3.32,8450,3.52
grid2:flatNS,,,PR8_x0.75,holdout,4,1059,headon,vfield,7801ab3a93,ok,0,0,0,0,0,0,1.7145,1.3934,2.7258,2.0438,1.555,1,1,,8450,3.53
grid2:flatNS,,,PR8_x1,holdout,4,1001,headon,vfield,e12e91e418,ok,3,0,1,1,1,0,0.0563,0.9254,2.7258,2.0438,1.555,1,1,9.14,8450,3.53
grid2:flatNS,,,PR8_x1,holdout,4,1003,headon,vfield,e12e91e418,ok,0,0,0,0,0,0,2.8544,2.0499,2.7258,2.0438,1.555,1,1,,8450,3.92
grid2:flatNS,,,PR8_x1,holdout,4,1005,headon,vfield,e12e91e418,ok,2,0,1,0,1,0,0.4151,0.4348,2.7258,2.0438,1.555,1,1,3.92,8450,3.75
grid2:flatNS,,,PR8_x1,holdout,4,1007,headon,vfield,e12e91e418,ok,1,0,1,0,0,0,2.8159,0.8574,2.7258,2.0438,1.555,1,1,12.48,8450,3.5
grid2:flatNS,,,PR8_x1,holdout,4,1009,headon,vfield,e12e91e418,ok,0,0,0,0,0,0,2.73,5.4945,2.7258,2.0438,1.555,1,1,,8450,3.5
grid2:flatNS,,,PR8_x1,holdout,4,1011,headon,vfield,e12e91e418,ok,0,0,0,0,0,0,2.0311,3.8564,2.7258,2.0438,1.555,1,1,,8450,3.52
grid2:flatNS,,,PR8_x1,holdout,4,1013,headon,vfield,e12e91e418,ok,2,0,2,0,0,0,1.8684,0.5458,2.7258,2.0438,1.555,1,1,4.69,8450,3.54
grid2:flatNS,,,PR8_x1,holdout,4,1015,headon,vfield,e12e91e418,ok,0,0,0,0,0,0,4.3178,3.0768,2.7258,2.0438,1.555,1,1,,8450,3.5
grid2:flatNS,,,PR8_x1,holdout,4,1017,headon,vfield,e12e91e418,ok,0,0,0,0,0,0,4.9662,2.4539,2.7258,2.0438,1.555,1,1,,8450,3.93
grid2:flatNS,,,PR8_x1,holdout,4,1019,headon,vfield,e12e91e418,ok,0,0,0,0,0,0,1.1432,1.7493,2.7258,2.0438,1.555,1,1,,8450,3.65
grid2:flatNS,,,PR8_x1,holdout,4,1021,headon,vfield,e12e91e418,ok,1,0,0,0,1,0,0.9677,2.5391,2.7258,2.0438,1.555,1,1,10.6,8450,3.53
grid2:flatNS,,,PR8_x1,holdout,4,1023,headon,vfield,e12e91e418,ok,0,0,0,0,0,0,3.8337,1.5559,2.7258,2.0438,1.555,1,1,,8450,3.5
grid2:flatNS,,,PR8_x1,holdout,4,1025,headon,vfield,e12e91e418,ok,0,0,0,0,0,0,3.5855,1.4652,2.7258,2.0438,1.555,1,1,,8450,3.5
grid2:flatNS,,,PR8_x1,holdout,4,1027,headon,vfield,e12e91e418,ok,0,0,0,0,0,0,1.9999,5.0175,2.7258,2.0438,1.555,1,1,,8450,3.53
grid2:flatNS,,,PR8_x1,holdout,4,1029,headon,vfield,e12e91e418,ok,0,0,0,0,0,0,3.5426,4.3971,2.7258,2.0438,1.555,1,1,,8450,3.51
grid2:flatNS,,,PR8_x1,holdout,4,1031,headon,vfield,e12e91e418,ok,0,0,0,0,0,0,1.2431,2.857,2.7258,2.0438,1.555,1,1,,8450,3.52
grid2:flatNS,,,PR8_x1,holdout,4,1033,headon,vfield,e12e91e418,ok,3,0,2,0,1,0,0.0038,0.515,2.7258,2.0438,1.555,1,1,3.54,8450,3.51
grid2:flatNS,,,PR8_x1,holdout,4,1035,headon,vfield,e12e91e418,ok,1,0,0,0,1,0,0.9724,3.2217,2.7258,2.0438,1.555,1,1,1.43,8450,3.55
grid2:flatNS,,,PR8_x1,holdout,4,1037,headon,vfield,e12e91e418,ok,3,0,1,0,2,0,0.0945,0.2112,2.7258,2.0438,1.555,1,1,5.05,8450,3.52
grid2:flatNS,,,PR8_x1,holdout,4,1039,headon,vfield,e12e91e418,ok,1,0,1,0,0,0,2.8718,0.0862,2.7258,2.0438,1.555,1,1,7.16,8450,3.5
grid2:flatNS,,,PR8_x1,holdout,4,1041,headon,vfield,e12e91e418,ok,1,0,1,0,0,0,1.5285,0.6947,2.7258,2.0438,1.555,1,1,10.01,8450,3.52
grid2:flatNS,,,PR8_x1,holdout,4,1043,headon,vfield,e12e91e418,ok,0,0,0,0,0,0,3.725,5.6204,2.7258,2.0438,1.555,1,1,,8450,3.48
grid2:flatNS,,,PR8_x1,holdout,4,1045,headon,vfield,e12e91e418,ok,0,0,0,0,0,0,3.0415,2.9919,2.7258,2.0438,1.555,1,1,,8450,3.49
grid2:flatNS,,,PR8_x1,holdout,4,1047,headon,vfield,e12e91e418,ok,1,0,0,0,1,0,0.1879,4.4814,2.7258,2.0438,1.555,1,1,10.37,8450,3.5
grid2:flatNS,,,PR8_x1,holdout,4,1049,headon,vfield,e12e91e418,ok,0,0,0,0,0,0,3.0733,3.3661,2.7258,2.0438,1.555,1,1,,8450,3.49
grid2:flatNS,,,PR8_x1,holdout,4,1051,headon,vfield,e12e91e418,ok,1,0,1,0,0,0,1.667,0.1667,2.7258,2.0438,1.555,1,1,4.55,8450,3.51
grid2:flatNS,,,PR8_x1,holdout,4,1053,headon,vfield,e12e91e418,ok,1,0,1,0,0,0,2.5143,0.7532,2.7258,2.0438,1.555,1,1,4.08,8450,3.5
grid2:flatNS,,,PR8_x1,holdout,4,1055,headon,vfield,e12e91e418,ok,2,0,1,1,0,0,0.719,0.4188,2.7258,2.0438,1.555,1,1,-27.05,8450,3.48
grid2:flatNS,,,PR8_x1,holdout,4,1057,headon,vfield,e12e91e418,ok,2,1,0,0,1,0,0.3712,0.5879,2.7258,2.0438,1.555,1,1,5.96,8450,3.56
grid2:flatNS,,,PR8_x1,holdout,4,1059,headon,vfield,e12e91e418,ok,2,0,1,0,1,0,0.2885,0.9911,2.7258,2.0438,1.555,1,1,18.19,8450,3.49
grid2:flatNS,,,PR8_x1.25,holdout,4,1001,headon,vfield,c46769dc19,ok,2,0,1,0,1,0,0.2546,0.1748,2.7258,2.0438,1.555,1,1,13.85,8450,3.51
grid2:flatNS,,,PR8_x1.25,holdout,4,1003,headon,vfield,c46769dc19,ok,1,0,0,0,1,0,0.4249,5.7383,2.7258,2.0438,1.555,1,1,19.48,8450,3.57
grid2:flatNS,,,PR8_x1.25,holdout,4,1005,headon,vfield,c46769dc19,ok,0,0,0,0,0,0,2.4782,5.0265,2.7258,2.0438,1.555,1,1,,8450,3.52
grid2:flatNS,,,PR8_x1.25,holdout,4,1007,headon,vfield,c46769dc19,ok,0,0,0,0,0,0,3.9963,5.1859,2.7258,2.0438,1.555,1,1,,8450,3.51
grid2:flatNS,,,PR8_x1.25,holdout,4,1009,headon,vfield,c46769dc19,ok,0,0,0,0,0,0,1.2005,5.8726,2.7258,2.0438,1.555,1,1,,8450,3.49
grid2:flatNS,,,PR8_x1.25,holdout,4,1011,headon,vfield,c46769dc19,ok,0,0,0,0,0,0,2.8108,5.6715,2.7258,2.0438,1.555,1,1,,8450,3.52
grid2:flatNS,,,PR8_x1.25,holdout,4,1013,headon,vfield,c46769dc19,ok,0,0,0,0,0,0,3.5074,3.7471,2.7258,2.0438,1.555,1,1,,8450,3.5
grid2:flatNS,,,PR8_x1.25,holdout,4,1015,headon,vfield,c46769dc19,ok,0,0,0,0,0,0,2.238,2.5389,2.7258,2.0438,1.555,1,1,,8450,3.5
grid2:flatNS,,,PR8_x1.25,holdout,4,1017,headon,vfield,c46769dc19,ok,0,0,0,0,0,0,1.0091,4.3922,2.7258,2.0438,1.555,1,1,,8450,3.61
grid2:flatNS,,,PR8_x1.25,holdout,4,1019,headon,vfield,c46769dc19,ok,1,0,0,0,1,0,0.4979,1.6092,2.7258,2.0438,1.555,1,1,36.34,8450,3.95
grid2:flatNS,,,PR8_x1.25,holdout,4,1021,headon,vfield,c46769dc19,ok,0,0,0,0,0,0,1.0787,3.385,2.7258,2.0438,1.555,1,1,,8450,3.61
grid2:flatNS,,,PR8_x1.25,holdout,4,1023,headon,vfield,c46769dc19,ok,0,0,0,0,0,0,2.2528,4.9586,2.7258,2.0438,1.555,1,1,,8450,3.63
grid2:flatNS,,,PR8_x1.25,holdout,4,1025,headon,vfield,c46769dc19,ok,0,0,0,0,0,0,3.2409,3.0192,2.7258,2.0438,1.555,1,1,,8450,3.53
grid2:flatNS,,,PR8_x1.25,holdout,4,1027,headon,vfield,c46769dc19,ok,1,0,1,0,0,0,1.3077,0.5535,2.7258,2.0438,1.555,1,1,7.04,8450,3.49
grid2:flatNS,,,PR8_x1.25,holdout,4,1029,headon,vfield,c46769dc19,ok,0,0,0,0,0,0,2.6109,5.3715,2.7258,2.0438,1.555,1,1,,8450,3.5
grid2:flatNS,,,PR8_x1.25,holdout,4,1031,headon,vfield,c46769dc19,ok,0,0,0,0,0,0,4.3828,3.9272,2.7258,2.0438,1.555,1,1,,8450,3.53
grid2:flatNS,,,PR8_x1.25,holdout,4,1033,headon,vfield,c46769dc19,ok,0,0,0,0,0,0,3.0721,1.3134,2.7258,2.0438,1.555,1,1,,8450,3.51
grid2:flatNS,,,PR8_x1.25,holdout,4,1035,headon,vfield,c46769dc19,ok,0,0,0,0,0,0,4.1973,4.8272,2.7258,2.0438,1.555,1,1,,8450,3.54
grid2:flatNS,,,PR8_x1.25,holdout,4,1037,headon,vfield,c46769dc19,ok,1,0,0,0,1,0,0.8152,3.2386,2.7258,2.0438,1.555,1,1,40.2,8450,3.51
grid2:flatNS,,,PR8_x1.25,holdout,4,1039,headon,vfield,c46769dc19,ok,0,0,0,0,0,0,1.0722,1.6987,2.7258,2.0438,1.555,1,1,,8450,3.53
grid2:flatNS,,,PR8_x1.25,holdout,4,1041,headon,vfield,c46769dc19,ok,0,0,0,0,0,0,4.0546,4.9734,2.7258,2.0438,1.555,1,1,,8450,3.55
grid2:flatNS,,,PR8_x1.25,holdout,4,1043,headon,vfield,c46769dc19,ok,0,0,0,0,0,0,1.2432,5.0328,2.7258,2.0438,1.555,1,1,,8450,3.53
grid2:flatNS,,,PR8_x1.25,holdout,4,1045,headon,vfield,c46769dc19,ok,0,0,0,0,0,0,3.4556,2.7844,2.7258,2.0438,1.555,1,1,,8450,3.53
grid2:flatNS,,,PR8_x1.25,holdout,4,1047,headon,vfield,c46769dc19,ok,0,0,0,0,0,0,3.9665,4.149,2.7258,2.0438,1.555,1,1,,8450,3.54
grid2:flatNS,,,PR8_x1.25,holdout,4,1049,headon,vfield,c46769dc19,ok,2,0,0,0,2,0,0.0569,4.5531,2.7258,2.0438,1.555,1,1,14.84,8450,3.53
grid2:flatNS,,,PR8_x1.25,holdout,4,1051,headon,vfield,c46769dc19,ok,0,0,0,0,0,0,4.638,5.36,2.7258,2.0438,1.555,1,1,,8450,3.51
grid2:flatNS,,,PR8_x1.25,holdout,4,1053,headon,vfield,c46769dc19,ok,1,0,1,0,0,0,3.3317,0.9538,2.7258,2.0438,1.555,1,1,11.1,8450,3.5
grid2:flatNS,,,PR8_x1.25,holdout,4,1055,headon,vfield,c46769dc19,ok,0,0,0,0,0,0,1.1067,3.3398,2.7258,2.0438,1.555,1,1,,8450,3.53
grid2:flatNS,,,PR8_x1.25,holdout,4,1057,headon,vfield,c46769dc19,ok,0,0,0,0,0,0,1.5411,2.1268,2.7258,2.0438,1.555,1,1,,8450,3.56
grid2:flatNS,,,PR8_x1.25,holdout,4,1059,headon,vfield,c46769dc19,ok,0,0,0,0,0,0,4.8969,1.3609,2.7258,2.0438,1.555,1,1,,8450,3.51
grid2:flatNS,,,PR8_x1.5,holdout,4,1001,headon,vfield,c898cdca45,ok,0,0,0,0,0,0,2.9495,6.0233,2.7258,2.0438,1.555,1,1,,8450,3.54
grid2:flatNS,,,PR8_x1.5,holdout,4,1003,headon,vfield,c898cdca45,ok,0,0,0,0,0,0,5.3978,6.6215,2.7258,2.0438,1.555,1,1,,8450,3.49
grid2:flatNS,,,PR8_x1.5,holdout,4,1005,headon,vfield,c898cdca45,ok,1,0,1,0,0,0,2.2905,0.9041,2.7258,2.0438,1.555,1,1,6.69,8450,3.52
grid2:flatNS,,,PR8_x1.5,holdout,4,1007,headon,vfield,c898cdca45,ok,1,0,0,1,0,0,0.8066,1.1043,2.7258,2.0438,1.555,1,1,-29.21,8450,3.5
grid2:flatNS,,,PR8_x1.5,holdout,4,1009,headon,vfield,c898cdca45,ok,0,0,0,0,0,0,2.0405,6.0251,2.7258,2.0438,1.555,1,1,,8450,3.59
grid2:flatNS,,,PR8_x1.5,holdout,4,1011,headon,vfield,c898cdca45,ok,0,0,0,0,0,0,1.5299,2.3062,2.7258,2.0438,1.555,1,1,,8450,3.58
grid2:flatNS,,,PR8_x1.5,holdout,4,1013,headon,vfield,c898cdca45,ok,0,0,0,0,0,0,1.2605,5.9699,2.7258,2.0438,1.555,1,1,,8450,3.5
grid2:flatNS,,,PR8_x1.5,holdout,4,1015,headon,vfield,c898cdca45,ok,1,0,0,1,0,0,0.6678,5.8581,2.7258,2.0438,1.555,1,1,27.24,8450,3.53
grid2:flatNS,,,PR8_x1.5,holdout,4,1017,headon,vfield,c898cdca45,ok,0,0,0,0,0,0,3.2269,6.2405,2.7258,2.0438,1.555,1,1,,8450,3.53
grid2:flatNS,,,PR8_x1.5,holdout,4,1019,headon,vfield,c898cdca45,ok,1,0,0,0,1,0,0.4158,2.5682,2.7258,2.0438,1.555,1,1,34.38,8450,3.55
grid2:flatNS,,,PR8_x1.5,holdout,4,1021,headon,vfield,c898cdca45,ok,0,0,0,0,0,0,2.8513,5.8858,2.7258,2.0438,1.555,1,1,,8450,3.56
grid2:flatNS,,,PR8_x1.5,holdout,4,1023,headon,vfield,c898cdca45,ok,0,0,0,0,0,0,1.954,6.7362,2.7258,2.0438,1.555,1,1,,8450,3.51
grid2:flatNS,,,PR8_x1.5,holdout,4,1025,headon,vfield,c898cdca45,ok,0,0,0,0,0,0,4.6759,5.9159,2.7258,2.0438,1.555,1,1,,8450,3.52
grid2:flatNS,,,PR8_x1.5,holdout,4,1027,headon,vfield,c898cdca45,ok,0,0,0,0,0,0,3.0034,5.7426,2.7258,2.0438,1.555,1,1,,8450,3.51
grid2:flatNS,,,PR8_x1.5,holdout,4,1029,headon,vfield,c898cdca45,ok,0,0,0,0,0,0,2.1409,5.9917,2.7258,2.0438,1.555,1,1,,8450,3.53
grid2:flatNS,,,PR8_x1.5,holdout,4,1031,headon,vfield,c898cdca45,ok,0,0,0,0,0,0,1.4269,6.1525,2.7258,2.0438,1.555,1,1,,8450,3.5
grid2:flatNS,,,PR8_x1.5,holdout,4,1033,headon,vfield,c898cdca45,ok,1,0,1,0,0,0,2.1368,0.204,2.7258,2.0438,1.555,1,1,5.57,8450,3.52
grid2:flatNS,,,PR8_x1.5,holdout,4,1035,headon,vfield,c898cdca45,ok,0,0,0,0,0,0,3.0178,5.3194,2.7258,2.0438,1.555,1,1,,8450,3.52
grid2:flatNS,,,PR8_x1.5,holdout,4,1037,headon,vfield,c898cdca45,ok,0,0,0,0,0,0,3.4853,5.6791,2.7258,2.0438,1.555,1,1,,8450,3.65
grid2:flatNS,,,PR8_x1.5,holdout,4,1039,headon,vfield,c898cdca45,ok,2,0,0,2,0,0,0.3859,5.8024,2.7258,2.0438,1.555,1,1,-27.37,8450,3.58
grid2:flatNS,,,PR8_x1.5,holdout,4,1041,headon,vfield,c898cdca45,ok,0,0,0,0,0,0,4.0083,5.5263,2.7258,2.0438,1.555,1,1,,8450,3.58
grid2:flatNS,,,PR8_x1.5,holdout,4,1043,headon,vfield,c898cdca45,ok,0,0,0,0,0,0,3.5354,5.6244,2.7258,2.0438,1.555,1,1,,8450,3.5
grid2:flatNS,,,PR8_x1.5,holdout,4,1045,headon,vfield,c898cdca45,ok,0,0,0,0,0,0,3.7389,5.7427,2.7258,2.0438,1.555,1,1,,8450,3.54
grid2:flatNS,,,PR8_x1.5,holdout,4,1047,headon,vfield,c898cdca45,ok,0,0,0,0,0,0,4.0807,5.7331,2.7258,2.0438,1.555,1,1,,8450,3.5
grid2:flatNS,,,PR8_x1.5,holdout,4,1049,headon,vfield,c898cdca45,ok,1,0,0,1,0,0,0.9952,5.4517,2.7258,2.0438,1.555,1,1,29.69,8450,3.54
grid2:flatNS,,,PR8_x1.5,holdout,4,1051,headon,vfield,c898cdca45,ok,0,0,0,0,0,0,3.3898,6.3671,2.7258,2.0438,1.555,1,1,,8450,3.49
grid2:flatNS,,,PR8_x1.5,holdout,4,1053,headon,vfield,c898cdca45,ok,0,0,0,0,0,0,2.737,2.0539,2.7258,2.0438,1.555,1,1,,8450,3.51
grid2:flatNS,,,PR8_x1.5,holdout,4,1055,headon,vfield,c898cdca45,ok,0,0,0,0,0,0,1.2208,5.7311,2.7258,2.0438,1.555,1,1,,8450,3.5
grid2:flatNS,,,PR8_x1.5,holdout,4,1057,headon,vfield,c898cdca45,ok,0,0,0,0,0,0,3.7013,5.7675,2.7258,2.0438,1.555,1,1,,8450,3.51
grid2:flatNS,,,PR8_x1.5,holdout,4,1059,headon,vfield,c898cdca45,ok,0,0,0,0,0,0,3.0267,5.4945,2.7258,2.0438,1.555,1,1,,8450,3.5
grid2:flatNS,,,PR8_x2,holdout,4,1001,headon,vfield,a401084669,ok,0,0,0,0,0,0,2.594,6.1558,2.7258,2.0438,1.555,1,1,,8450,3.53
grid2:flatNS,,,PR8_x2,holdout,4,1003,headon,vfield,a401084669,ok,0,0,0,0,0,0,3.7513,6.5627,2.7258,2.0438,1.555,1,1,,8450,3.49
grid2:flatNS,,,PR8_x2,holdout,4,1005,headon,vfield,a401084669,ok,0,0,0,0,0,0,2.199,1.4639,2.7258,2.0438,1.555,1,1,,8450,3.51
grid2:flatNS,,,PR8_x2,holdout,4,1007,headon,vfield,a401084669,ok,2,0,1,0,1,0,0.0789,0.5269,2.7258,2.0438,1.555,1,1,5.25,8450,3.5
grid2:flatNS,,,PR8_x2,holdout,4,1009,headon,vfield,a401084669,ok,0,0,0,0,0,0,3.7829,1.6924,2.7258,2.0438,1.555,1,1,,8450,3.51
grid2:flatNS,,,PR8_x2,holdout,4,1011,headon,vfield,a401084669,ok,0,0,0,0,0,0,1.6152,1.0056,2.7258,2.0438,1.555,1,1,,8450,3.49
grid2:flatNS,,,PR8_x2,holdout,4,1013,headon,vfield,a401084669,ok,0,0,0,0,0,0,2.2252,6.1029,2.7258,2.0438,1.555,1,1,,8450,3.5
grid2:flatNS,,,PR8_x2,holdout,4,1015,headon,vfield,a401084669,ok,1,0,1,0,0,0,1.2706,0.8192,2.7258,2.0438,1.555,1,1,8.79,8450,3.48
grid2:flatNS,,,PR8_x2,holdout,4,1017,headon,vfield,a401084669,ok,0,0,0,0,0,0,1.713,2.0299,2.7258,2.0438,1.555,1,1,,8450,3.5
grid2:flatNS,,,PR8_x2,holdout,4,1019,headon,vfield,a401084669,ok,1,0,1,0,0,0,4.2072,0.5931,2.7258,2.0438,1.555,1,1,5.63,8450,3.53
grid2:flatNS,,,PR8_x2,holdout,4,1021,headon,vfield,a401084669,ok,0,0,0,0,0,0,4.679,5.7808,2.7258,2.0438,1.555,1,1,,8450,3.5
grid2:flatNS,,,PR8_x2,holdout,4,1023,headon,vfield,a401084669,ok,0,0,0,0,0,0,1.2539,1.9339,2.7258,2.0438,1.555,1,1,,8450,3.55
grid2:flatNS,,,PR8_x2,holdout,4,1025,headon,vfield,a401084669,ok,0,0,0,0,0,0,1.7324,5.9242,2.7258,2.0438,1.555,1,1,,8450,3.51
grid2:flatNS,,,PR8_x2,holdout,4,1027,headon,vfield,a401084669,ok,0,0,0,0,0,0,3.7607,6.1087,2.7258,2.0438,1.555,1,1,,8450,3.5
grid2:flatNS,,,PR8_x2,holdout,4,1029,headon,vfield,a401084669,ok,0,0,0,0,0,0,3.916,5.745,2.7258,2.0438,1.555,1,1,,8450,3.51
grid2:flatNS,,,PR8_x2,holdout,4,1031,headon,vfield,a401084669,ok,0,0,0,0,0,0,3.0928,6.3905,2.7258,2.0438,1.555,1,1,,8450,3.5
grid2:flatNS,,,PR8_x2,holdout,4,1033,headon,vfield,a401084669,ok,0,0,0,0,0,0,3.8918,5.1134,2.7258,2.0438,1.555,1,1,,8450,3.52
grid2:flatNS,,,PR8_x2,holdout,4,1035,headon,vfield,a401084669,ok,0,0,0,0,0,0,2.9297,5.9443,2.7258,2.0438,1.555,1,1,,8450,3.5
grid2:flatNS,,,PR8_x2,holdout,4,1037,headon,vfield,a401084669,ok,1,0,1,0,0,0,2.8664,0.661,2.7258,2.0438,1.555,1,1,10.18,8450,3.49
grid2:flatNS,,,PR8_x2,holdout,4,1039,headon,vfield,a401084669,ok,0,0,0,0,0,0,3.1779,2.4636,2.7258,2.0438,1.555,1,1,,8450,3.49
grid2:flatNS,,,PR8_x2,holdout,4,1041,headon,vfield,a401084669,ok,0,0,0,0,0,0,2.5598,6.1809,2.7258,2.0438,1.555,1,1,,8450,3.51
grid2:flatNS,,,PR8_x2,holdout,4,1043,headon,vfield,a401084669,ok,0,0,0,0,0,0,1.3755,5.5999,2.7258,2.0438,1.555,1,1,,8450,3.48
grid2:flatNS,,,PR8_x2,holdout,4,1045,headon,vfield,a401084669,ok,0,0,0,0,0,0,3.1167,5.9366,2.7258,2.0438,1.555,1,1,,8450,3.51
grid2:flatNS,,,PR8_x2,holdout,4,1047,headon,vfield,a401084669,ok,0,0,0,0,0,0,4.0449,1.0062,2.7258,2.0438,1.555,1,1,,8450,3.48
grid2:flatNS,,,PR8_x2,holdout,4,1049,headon,vfield,a401084669,ok,1,0,0,0,1,0,0.3538,1.5714,2.7258,2.0438,1.555,1,1,39.17,8450,3.5
grid2:flatNS,,,PR8_x2,holdout,4,1051,headon,vfield,a401084669,ok,0,0,0,0,0,0,2.2201,5.9053,2.7258,2.0438,1.555,1,1,,8450,3.52
grid2:flatNS,,,PR8_x2,holdout,4,1053,headon,vfield,a401084669,ok,0,0,0,0,0,0,4.1307,1.6244,2.7258,2.0438,1.555,1,1,,8450,3.52
grid2:flatNS,,,PR8_x2,holdout,4,1055,headon,vfield,a401084669,ok,1,0,1,0,0,0,4.3251,0.2309,2.7258,2.0438,1.555,1,1,8.62,8450,3.51
grid2:flatNS,,,PR8_x2,holdout,4,1057,headon,vfield,a401084669,ok,1,0,1,0,0,0,3.7954,0.3432,2.7258,2.0438,1.555,1,1,8.63,8450,3.53
grid2:flatNS,,,PR8_x2,holdout,4,1059,headon,vfield,a401084669,ok,1,0,0,0,1,0,0.8927,6.171,2.7258,2.0438,1.555,1,1,32.82,8450,3.55
grid2:flatNS,,,PR10_x0.5,holdout,4,1001,headon,vfield,a57b5fa331,ok,3,0,1,2,0,0,0.3131,0.0989,2.7258,2.0438,1.555,1,1,13.54,8450,3.52
grid2:flatNS,,,PR10_x0.5,holdout,4,1003,headon,vfield,a57b5fa331,ok,0,0,0,0,0,0,5.1518,1.7437,2.7258,2.0438,1.555,1,1,,8450,3.55
grid2:flatNS,,,PR10_x0.5,holdout,4,1005,headon,vfield,a57b5fa331,ok,1,0,1,0,0,0,2.3718,0.0948,2.7258,2.0438,1.555,1,1,19.11,8450,3.52
grid2:flatNS,,,PR10_x0.5,holdout,4,1007,headon,vfield,a57b5fa331,ok,0,0,0,0,0,0,4.009,4.2005,2.7258,2.0438,1.555,1,1,,8450,3.5
grid2:flatNS,,,PR10_x0.5,holdout,4,1009,headon,vfield,a57b5fa331,ok,0,0,0,0,0,0,3.7404,4.4069,2.7258,2.0438,1.555,1,1,,8450,3.74
grid2:flatNS,,,PR10_x0.5,holdout,4,1011,headon,vfield,a57b5fa331,ok,0,0,0,0,0,0,4.9415,4.2328,2.7258,2.0438,1.555,1,1,,8450,3.51
grid2:flatNS,,,PR10_x0.5,holdout,4,1013,headon,vfield,a57b5fa331,ok,0,0,0,0,0,0,1.5459,1.0605,2.7258,2.0438,1.555,1,1,,8450,3.53
grid2:flatNS,,,PR10_x0.5,holdout,4,1015,headon,vfield,a57b5fa331,ok,1,0,1,0,0,0,4.4638,0.5503,2.7258,2.0438,1.555,1,1,19.68,8450,3.52
grid2:flatNS,,,PR10_x0.5,holdout,4,1017,headon,vfield,a57b5fa331,ok,0,0,0,0,0,0,4.0484,1.8912,2.7258,2.0438,1.555,1,1,,8450,3.51
grid2:flatNS,,,PR10_x0.5,holdout,4,1019,headon,vfield,a57b5fa331,ok,0,0,0,0,0,0,4.2075,2.0392,2.7258,2.0438,1.555,1,1,,8450,3.55
grid2:flatNS,,,PR10_x0.5,holdout,4,1021,headon,vfield,a57b5fa331,ok,0,0,0,0,0,0,6.5081,5.5237,2.7258,2.0438,1.555,1,1,,8450,3.5
grid2:flatNS,,,PR10_x0.5,holdout,4,1023,headon,vfield,a57b5fa331,ok,0,0,0,0,0,0,3.5493,1.4806,2.7258,2.0438,1.555,1,1,,8450,3.52
grid2:flatNS,,,PR10_x0.5,holdout,4,1025,headon,vfield,a57b5fa331,ok,2,0,1,0,1,0,0.1202,0.3558,2.7258,2.0438,1.555,1,1,20.98,8450,3.54
grid2:flatNS,,,PR10_x0.5,holdout,4,1027,headon,vfield,a57b5fa331,ok,2,0,2,0,0,0,3.3639,0.3479,2.7258,2.0438,1.555,1,1,4.14,8450,3.53
grid2:flatNS,,,PR10_x0.5,holdout,4,1029,headon,vfield,a57b5fa331,ok,1,0,1,0,0,0,2.3872,0.5784,2.7258,2.0438,1.555,1,1,4.99,8450,3.53
grid2:flatNS,,,PR10_x0.5,holdout,4,1031,headon,vfield,a57b5fa331,ok,0,0,0,0,0,0,4.7746,4.6525,2.7258,2.0438,1.555,1,1,,8450,3.53
grid2:flatNS,,,PR10_x0.5,holdout,4,1033,headon,vfield,a57b5fa331,ok,0,0,0,0,0,0,2.244,4.051,2.7258,2.0438,1.555,1,1,,8450,3.54
grid2:flatNS,,,PR10_x0.5,holdout,4,1035,headon,vfield,a57b5fa331,ok,1,0,1,0,0,0,2.6525,0.9114,2.7258,2.0438,1.555,1,1,-3.78,8450,3.52
grid2:flatNS,,,PR10_x0.5,holdout,4,1037,headon,vfield,a57b5fa331,ok,1,0,1,0,0,0,5.0588,0.126,2.7258,2.0438,1.555,1,1,4.43,8450,3.5
grid2:flatNS,,,PR10_x0.5,holdout,4,1039,headon,vfield,a57b5fa331,ok,0,0,0,0,0,0,3.6509,4.2937,2.7258,2.0438,1.555,1,1,,8450,3.52
grid2:flatNS,,,PR10_x0.5,holdout,4,1041,headon,vfield,a57b5fa331,ok,2,1,0,0,1,0,0.8893,0.7559,2.7258,2.0438,1.555,1,1,2.21,8450,3.5
grid2:flatNS,,,PR10_x0.5,holdout,4,1043,headon,vfield,a57b5fa331,ok,0,0,0,0,0,0,5.727,2.2725,2.7258,2.0438,1.555,1,1,,8450,3.54
grid2:flatNS,,,PR10_x0.5,holdout,4,1045,headon,vfield,a57b5fa331,ok,0,0,0,0,0,0,3.8836,4.3663,2.7258,2.0438,1.555,1,1,,8450,3.51
grid2:flatNS,,,PR10_x0.5,holdout,4,1047,headon,vfield,a57b5fa331,ok,1,0,0,0,1,0,0.7681,5.3382,2.7258,2.0438,1.555,1,1,34.36,8450,3.52
grid2:flatNS,,,PR10_x0.5,holdout,4,1049,headon,vfield,a57b5fa331,ok,0,0,0,0,0,0,4.3878,4.5121,2.7258,2.0438,1.555,1,1,,8450,3.51
grid2:flatNS,,,PR10_x0.5,holdout,4,1051,headon,vfield,a57b5fa331,ok,0,0,0,0,0,0,1.8303,5.848,2.7258,2.0438,1.555,1,1,,8450,3.5
grid2:flatNS,,,PR10_x0.5,holdout,4,1053,headon,vfield,a57b5fa331,ok,3,0,1,0,2,0,0.8055,0.6532,2.7258,2.0438,1.555,1,1,-3.01,8450,3.49
grid2:flatNS,,,PR10_x0.5,holdout,4,1055,headon,vfield,a57b5fa331,ok,0,0,0,0,0,0,2.1436,3.0023,2.7258,2.0438,1.555,1,1,,8450,3.5
grid2:flatNS,,,PR10_x0.5,holdout,4,1057,headon,vfield,a57b5fa331,ok,1,1,0,0,0,0,3.7195,0.3726,2.7258,2.0438,1.555,1,1,4.25,8450,3.48
grid2:flatNS,,,PR10_x0.5,holdout,4,1059,headon,vfield,a57b5fa331,ok,1,0,0,1,0,0,0.1156,3.5243,2.7258,2.0438,1.555,1,1,33.54,8450,3.5
grid2:flatNS,,,PR10_x0.75,holdout,4,1001,headon,vfield,156fa609a8,ok,0,0,0,0,0,0,4.2429,7.5248,2.7258,2.0438,1.555,1,1,,8450,3.51
grid2:flatNS,,,PR10_x0.75,holdout,4,1003,headon,vfield,156fa609a8,ok,1,0,0,0,1,0,0.6598,3.6431,2.7258,2.0438,1.555,1,1,-0.57,8450,3.5
grid2:flatNS,,,PR10_x0.75,holdout,4,1005,headon,vfield,156fa609a8,ok,0,0,0,0,0,0,3.2051,6.3076,2.7258,2.0438,1.555,1,1,,8450,3.54
grid2:flatNS,,,PR10_x0.75,holdout,4,1007,headon,vfield,156fa609a8,ok,0,0,0,0,0,0,1.8564,3.2604,2.7258,2.0438,1.555,1,1,,8450,3.49
grid2:flatNS,,,PR10_x0.75,holdout,4,1009,headon,vfield,156fa609a8,ok,0,0,0,0,0,0,2.3749,8.1441,2.7258,2.0438,1.555,1,1,,8450,3.49
grid2:flatNS,,,PR10_x0.75,holdout,4,1011,headon,vfield,156fa609a8,ok,1,0,1,0,0,0,6.7981,0.1679,2.7258,2.0438,1.555,1,1,11.88,8450,3.49
grid2:flatNS,,,PR10_x0.75,holdout,4,1013,headon,vfield,156fa609a8,ok,1,0,0,0,1,0,0.1948,5.4761,2.7258,2.0438,1.555,1,1,28.51,8450,3.47
grid2:flatNS,,,PR10_x0.75,holdout,4,1015,headon,vfield,156fa609a8,ok,0,0,0,0,0,0,2.1559,1.909,2.7258,2.0438,1.555,1,1,,8450,3.5
grid2:flatNS,,,PR10_x0.75,holdout,4,1017,headon,vfield,156fa609a8,ok,0,0,0,0,0,0,1.1861,1.3866,2.7258,2.0438,1.555,1,1,,8450,3.5
grid2:flatNS,,,PR10_x0.75,holdout,4,1019,headon,vfield,156fa609a8,ok,0,0,0,0,0,0,1.3804,2.0925,2.7258,2.0438,1.555,1,1,,8450,3.47
grid2:flatNS,,,PR10_x0.75,holdout,4,1021,headon,vfield,156fa609a8,ok,0,0,0,0,0,0,4.2751,8.8999,2.7258,2.0438,1.555,1,1,,8450,3.47
grid2:flatNS,,,PR10_x0.75,holdout,4,1023,headon,vfield,156fa609a8,ok,2,0,2,0,0,0,3.5164,0.0382,2.7258,2.0438,1.555,1,1,6.05,8450,3.47
grid2:flatNS,,,PR10_x0.75,holdout,4,1025,headon,vfield,156fa609a8,ok,0,0,0,0,0,0,2.6839,5.9178,2.7258,2.0438,1.555,1,1,,8450,3.47
grid2:flatNS,,,PR10_x0.75,holdout,4,1027,headon,vfield,156fa609a8,ok,0,0,0,0,0,0,2.5249,1.325,2.7258,2.0438,1.555,1,1,,8450,3.51
grid2:flatNS,,,PR10_x0.75,holdout,4,1029,headon,vfield,156fa609a8,ok,0,0,0,0,0,0,2.8866,1.3807,2.7258,2.0438,1.555,1,1,,8450,3.54
grid2:flatNS,,,PR10_x0.75,holdout,4,1031,headon,vfield,156fa609a8,ok,0,0,0,0,0,0,1.7689,5.9414,2.7258,2.0438,1.555,1,1,,8450,3.5
grid2:flatNS,,,PR10_x0.75,holdout,4,1033,headon,vfield,156fa609a8,ok,0,0,0,0,0,0,4.0943,1.2415,2.7258,2.0438,1.555,1,1,,8450,3.46
grid2:flatNS,,,PR10_x0.75,holdout,4,1035,headon,vfield,156fa609a8,ok,1,0,1,0,0,0,1.7908,0.7274,2.7258,2.0438,1.555,1,1,6.15,8450,3.46
grid2:flatNS,,,PR10_x0.75,holdout,4,1037,headon,vfield,156fa609a8,ok,0,0,0,0,0,0,1.3467,4.1761,2.7258,2.0438,1.555,1,1,,8450,3.48
grid2:flatNS,,,PR10_x0.75,holdout,4,1039,headon,vfield,156fa609a8,ok,1,0,1,0,0,0,2.1035,0.5669,2.7258,2.0438,1.555,1,1,11.04,8450,3.47
grid2:flatNS,,,PR10_x0.75,holdout,4,1041,headon,vfield,156fa609a8,ok,2,1,0,1,0,0,0.7479,0.25,2.7258,2.0438,1.555,1,1,-29.7,8450,3.48
grid2:flatNS,,,PR10_x0.75,holdout,4,1043,headon,vfield,156fa609a8,ok,0,0,0,0,0,0,4.1126,1.0689,2.7258,2.0438,1.555,1,1,,8450,3.47
grid2:flatNS,,,PR10_x0.75,holdout,4,1045,headon,vfield,156fa609a8,ok,1,0,1,0,0,0,2.2767,0.9774,2.7258,2.0438,1.555,1,1,13.54,8450,3.44
grid2:flatNS,,,PR10_x0.75,holdout,4,1047,headon,vfield,156fa609a8,ok,1,0,1,0,0,0,4.8034,0.9505,2.7258,2.0438,1.555,1,1,6.03,8450,3.47
grid2:flatNS,,,PR10_x0.75,holdout,4,1049,headon,vfield,156fa609a8,ok,1,0,1,0,0,0,1.3079,0.6449,2.7258,2.0438,1.555,1,1,12.42,8450,3.46
grid2:flatNS,,,PR10_x0.75,holdout,4,1051,headon,vfield,156fa609a8,ok,0,0,0,0,0,0,5.8768,3.9178,2.7258,2.0438,1.555,1,1,,8450,3.47
grid2:flatNS,,,PR10_x0.75,holdout,4,1053,headon,vfield,156fa609a8,ok,1,0,0,0,1,0,0.0337,5.8055,2.7258,2.0438,1.555,1,1,-0.53,8450,3.5
grid2:flatNS,,,PR10_x0.75,holdout,4,1055,headon,vfield,156fa609a8,ok,0,0,0,0,0,0,1.2062,1.4084,2.7258,2.0438,1.555,1,1,,8450,3.47
grid2:flatNS,,,PR10_x0.75,holdout,4,1057,headon,vfield,156fa609a8,ok,0,0,0,0,0,0,2.7618,2.323,2.7258,2.0438,1.555,1,1,,8450,3.49
grid2:flatNS,,,PR10_x0.75,holdout,4,1059,headon,vfield,156fa609a8,ok,1,0,1,0,0,0,4.9673,0.5953,2.7258,2.0438,1.555,1,1,9.22,8450,3.49
grid2:flatNS,,,PR10_x1,holdout,4,1001,headon,vfield,d8755f2fae,ok,0,0,0,0,0,0,2.0055,6.4532,2.7258,2.0438,1.555,1,1,,8450,3.46
grid2:flatNS,,,PR10_x1,holdout,4,1003,headon,vfield,d8755f2fae,ok,0,0,0,0,0,0,4.587,4.421,2.7258,2.0438,1.555,1,1,,8450,3.45
grid2:flatNS,,,PR10_x1,holdout,4,1005,headon,vfield,d8755f2fae,ok,0,0,0,0,0,0,1.3712,3.674,2.7258,2.0438,1.555,1,1,,8450,3.46
grid2:flatNS,,,PR10_x1,holdout,4,1007,headon,vfield,d8755f2fae,ok,0,0,0,0,0,0,4.2022,4.2931,2.7258,2.0438,1.555,1,1,,8450,3.47
grid2:flatNS,,,PR10_x1,holdout,4,1009,headon,vfield,d8755f2fae,ok,0,0,0,0,0,0,3.971,6.5275,2.7258,2.0438,1.555,1,1,,8450,3.46
grid2:flatNS,,,PR10_x1,holdout,4,1011,headon,vfield,d8755f2fae,ok,0,0,0,0,0,0,2.5811,5.1319,2.7258,2.0438,1.555,1,1,,8450,3.44
grid2:flatNS,,,PR10_x1,holdout,4,1013,headon,vfield,d8755f2fae,ok,2,1,1,0,0,0,2.1867,0.0736,2.7258,2.0438,1.555,1,1,9.28,8450,3.48
grid2:flatNS,,,PR10_x1,holdout,4,1015,headon,vfield,d8755f2fae,ok,1,0,1,0,0,0,5.4826,0.6728,2.7258,2.0438,1.555,1,1,9.8,8450,3.47
grid2:flatNS,,,PR10_x1,holdout,4,1017,headon,vfield,d8755f2fae,ok,0,0,0,0,0,0,1.8914,4.7577,2.7258,2.0438,1.555,1,1,,8450,3.45
grid2:flatNS,,,PR10_x1,holdout,4,1019,headon,vfield,d8755f2fae,ok,0,0,0,0,0,0,2.9941,4.0721,2.7258,2.0438,1.555,1,1,,8450,3.46
grid2:flatNS,,,PR10_x1,holdout,4,1021,headon,vfield,d8755f2fae,ok,0,0,0,0,0,0,2.3069,5.0117,2.7258,2.0438,1.555,1,1,,8450,3.51
grid2:flatNS,,,PR10_x1,holdout,4,1023,headon,vfield,d8755f2fae,ok,0,0,0,0,0,0,4.3503,2.6073,2.7258,2.0438,1.555,1,1,,8450,3.49
grid2:flatNS,,,PR10_x1,holdout,4,1025,headon,vfield,d8755f2fae,ok,1,0,1,0,0,0,5.3689,0.7782,2.7258,2.0438,1.555,1,1,21.86,8450,3.47
grid2:flatNS,,,PR10_x1,holdout,4,1027,headon,vfield,d8755f2fae,ok,0,0,0,0,0,0,3.4442,4.123,2.7258,2.0438,1.555,1,1,,8450,3.48
grid2:flatNS,,,PR10_x1,holdout,4,1029,headon,vfield,d8755f2fae,ok,0,0,0,0,0,0,4.6996,5.9496,2.7258,2.0438,1.555,1,1,,8450,3.58
grid2:flatNS,,,PR10_x1,holdout,4,1031,headon,vfield,d8755f2fae,ok,0,0,0,0,0,0,2.516,5.0014,2.7258,2.0438,1.555,1,1,,8450,3.64
grid2:flatNS,,,PR10_x1,holdout,4,1033,headon,vfield,d8755f2fae,ok,0,0,0,0,0,0,2.4082,3.4958,2.7258,2.0438,1.555,1,1,,8450,3.54
grid2:flatNS,,,PR10_x1,holdout,4,1035,headon,vfield,d8755f2fae,ok,0,0,0,0,0,0,3.8643,3.041,2.7258,2.0438,1.555,1,1,,8450,4.57
grid2:flatNS,,,PR10_x1,holdout,4,1037,headon,vfield,d8755f2fae,ok,0,0,0,0,0,0,3.9446,2.3849,2.7258,2.0438,1.555,1,1,,8450,4.52
grid2:flatNS,,,PR10_x1,holdout,4,1039,headon,vfield,d8755f2fae,ok,3,0,2,0,1,0,0.2296,0.3447,2.7258,2.0438,1.555,1,1,3.54,8450,3.4
grid2:flatNS,,,PR10_x1,holdout,4,1041,headon,vfield,d8755f2fae,ok,1,1,0,0,0,0,3.8802,0.736,2.7258,2.0438,1.555,1,1,4.64,8450,3.36
grid2:flatNS,,,PR10_x1,holdout,4,1043,headon,vfield,d8755f2fae,ok,0,0,0,0,0,0,3.6571,6.1908,2.7258,2.0438,1.555,1,1,,8450,3.38
grid2:flatNS,,,PR10_x1,holdout,4,1045,headon,vfield,d8755f2fae,ok,1,0,1,0,0,0,5.7866,0.6039,2.7258,2.0438,1.555,1,1,8.34,8450,3.39
grid2:flatNS,,,PR10_x1,holdout,4,1047,headon,vfield,d8755f2fae,ok,0,0,0,0,0,0,4.1485,2.8969,2.7258,2.0438,1.555,1,1,,8450,3.4
grid2:flatNS,,,PR10_x1,holdout,4,1049,headon,vfield,d8755f2fae,ok,0,0,0,0,0,0,3.433,6.5723,2.7258,2.0438,1.555,1,1,,8450,3.47
grid2:flatNS,,,PR10_x1,holdout,4,1051,headon,vfield,d8755f2fae,ok,0,0,0,0,0,0,4.8978,2.7297,2.7258,2.0438,1.555,1,1,,8450,3.4
grid2:flatNS,,,PR10_x1,holdout,4,1053,headon,vfield,d8755f2fae,ok,1,0,0,0,1,0,0.667,2.2202,2.7258,2.0438,1.555,1,1,-1.67,8450,3.4
grid2:flatNS,,,PR10_x1,holdout,4,1055,headon,vfield,d8755f2fae,ok,0,0,0,0,0,0,2.0721,7.0633,2.7258,2.0438,1.555,1,1,,8450,3.43
grid2:flatNS,,,PR10_x1,holdout,4,1057,headon,vfield,d8755f2fae,ok,0,0,0,0,0,0,4.0393,4.376,2.7258,2.0438,1.555,1,1,,8450,3.39
grid2:flatNS,,,PR10_x1,holdout,4,1059,headon,vfield,d8755f2fae,ok,0,0,0,0,0,0,6.3169,2.1462,2.7258,2.0438,1.555,1,1,,8450,3.41
grid2:flatNS,,,PR10_x1.25,holdout,4,1001,headon,vfield,5992e7b9ba,ok,0,0,0,0,0,0,2.5263,8.2946,2.7258,2.0438,1.555,1,1,,8450,3.45
grid2:flatNS,,,PR10_x1.25,holdout,4,1003,headon,vfield,5992e7b9ba,ok,0,0,0,0,0,0,4.7966,6.5374,2.7258,2.0438,1.555,1,1,,8450,3.42
grid2:flatNS,,,PR10_x1.25,holdout,4,1005,headon,vfield,5992e7b9ba,ok,1,0,1,0,0,0,3.9619,0.8063,2.7258,2.0438,1.555,1,1,34.57,8450,3.43
grid2:flatNS,,,PR10_x1.25,holdout,4,1007,headon,vfield,5992e7b9ba,ok,0,0,0,0,0,0,3.6246,7.2864,2.7258,2.0438,1.555,1,1,,8450,3.45
grid2:flatNS,,,PR10_x1.25,holdout,4,1009,headon,vfield,5992e7b9ba,ok,0,0,0,0,0,0,6.8236,6.8299,2.7258,2.0438,1.555,1,1,,8450,3.39
grid2:flatNS,,,PR10_x1.25,holdout,4,1011,headon,vfield,5992e7b9ba,ok,0,0,0,0,0,0,3.3383,2.2778,2.7258,2.0438,1.555,1,1,,8450,3.42
grid2:flatNS,,,PR10_x1.25,holdout,4,1013,headon,vfield,5992e7b9ba,ok,1,0,1,0,0,0,2.867,0.2148,2.7258,2.0438,1.555,1,1,9.83,8450,3.42
grid2:flatNS,,,PR10_x1.25,holdout,4,1015,headon,vfield,5992e7b9ba,ok,0,0,0,0,0,0,4.1048,7.5798,2.7258,2.0438,1.555,1,1,,8450,3.42
grid2:flatNS,,,PR10_x1.25,holdout,4,1017,headon,vfield,5992e7b9ba,ok,0,0,0,0,0,0,6.8308,7.3919,2.7258,2.0438,1.555,1,1,,8450,3.41
grid2:flatNS,,,PR10_x1.25,holdout,4,1019,headon,vfield,5992e7b9ba,ok,0,0,0,0,0,0,3.8951,1.1386,2.7258,2.0438,1.555,1,1,,8450,3.39
grid2:flatNS,,,PR10_x1.25,holdout,4,1021,headon,vfield,5992e7b9ba,ok,0,0,0,0,0,0,2.5628,3.5388,2.7258,2.0438,1.555,1,1,,8450,3.39
grid2:flatNS,,,PR10_x1.25,holdout,4,1023,headon,vfield,5992e7b9ba,ok,0,0,0,0,0,0,3.5091,6.6152,2.7258,2.0438,1.555,1,1,,8450,3.41
grid2:flatNS,,,PR10_x1.25,holdout,4,1025,headon,vfield,5992e7b9ba,ok,0,0,0,0,0,0,2.099,4.5372,2.7258,2.0438,1.555,1,1,,8450,3.41
grid2:flatNS,,,PR10_x1.25,holdout,4,1027,headon,vfield,5992e7b9ba,ok,0,0,0,0,0,0,2.2318,6.839,2.7258,2.0438,1.555,1,1,,8450,3.39
grid2:flatNS,,,PR10_x1.25,holdout,4,1029,headon,vfield,5992e7b9ba,ok,0,0,0,0,0,0,3.5431,1.2533,2.7258,2.0438,1.555,1,1,,8450,3.38
grid2:flatNS,,,PR10_x1.25,holdout,4,1031,headon,vfield,5992e7b9ba,ok,0,0,0,0,0,0,2.2887,7.8061,2.7258,2.0438,1.555,1,1,,8450,3.4
grid2:flatNS,,,PR10_x1.25,holdout,4,1033,headon,vfield,5992e7b9ba,ok,0,0,0,0,0,0,1.6767,3.2559,2.7258,2.0438,1.555,1,1,,8450,3.39
grid2:flatNS,,,PR10_x1.25,holdout,4,1035,headon,vfield,5992e7b9ba,ok,0,0,0,0,0,0,5.4782,2.782,2.7258,2.0438,1.555,1,1,,8450,3.4
grid2:flatNS,,,PR10_x1.25,holdout,4,1037,headon,vfield,5992e7b9ba,ok,0,0,0,0,0,0,6.5234,6.3677,2.7258,2.0438,1.555,1,1,,8450,3.41
grid2:flatNS,,,PR10_x1.25,holdout,4,1039,headon,vfield,5992e7b9ba,ok,0,0,0,0,0,0,3.6675,3.581,2.7258,2.0438,1.555,1,1,,8450,3.44
grid2:flatNS,,,PR10_x1.25,holdout,4,1041,headon,vfield,5992e7b9ba,ok,1,0,1,0,0,0,4.0981,0.029,2.7258,2.0438,1.555,1,1,11.31,8450,3.4
grid2:flatNS,,,PR10_x1.25,holdout,4,1043,headon,vfield,5992e7b9ba,ok,1,0,0,0,1,0,0.5567,4.7355,2.7258,2.0438,1.555,1,1,34.52,8450,3.4
grid2:flatNS,,,PR10_x1.25,holdout,4,1045,headon,vfield,5992e7b9ba,ok,1,0,1,0,0,0,2.183,0.9483,2.7258,2.0438,1.555,1,1,5.05,8450,3.4
grid2:flatNS,,,PR10_x1.25,holdout,4,1047,headon,vfield,5992e7b9ba,ok,0,0,0,0,0,0,2.981,6.148,2.7258,2.0438,1.555,1,1,,8450,3.42
grid2:flatNS,,,PR10_x1.25,holdout,4,1049,headon,vfield,5992e7b9ba,ok,0,0,0,0,0,0,1.5396,6.463,2.7258,2.0438,1.555,1,1,,8450,3.41
grid2:flatNS,,,PR10_x1.25,holdout,4,1051,headon,vfield,5992e7b9ba,ok,0,0,0,0,0,0,6.2624,7.0478,2.7258,2.0438,1.555,1,1,,8450,3.4
grid2:flatNS,,,PR10_x1.25,holdout,4,1053,headon,vfield,5992e7b9ba,ok,0,0,0,0,0,0,3.7827,6.1285,2.7258,2.0438,1.555,1,1,,8450,3.39
grid2:flatNS,,,PR10_x1.25,holdout,4,1055,headon,vfield,5992e7b9ba,ok,0,0,0,0,0,0,4.2089,7.4185,2.7258,2.0438,1.555,1,1,,8450,3.41
grid2:flatNS,,,PR10_x1.25,holdout,4,1057,headon,vfield,5992e7b9ba,ok,1,0,1,0,0,0,3.7464,0.8586,2.7258,2.0438,1.555,1,1,9.68,8450,3.39
grid2:flatNS,,,PR10_x1.25,holdout,4,1059,headon,vfield,5992e7b9ba,ok,0,0,0,0,0,0,3.8125,7.6718,2.7258,2.0438,1.555,1,1,,8450,3.42
grid2:flatNS,,,PR10_x1.5,holdout,4,1001,headon,vfield,fd13d1bdc2,ok,0,0,0,0,0,0,2.839,5.6424,2.7258,2.0438,1.555,1,1,,8450,3.38
grid2:flatNS,,,PR10_x1.5,holdout,4,1003,headon,vfield,fd13d1bdc2,ok,0,0,0,0,0,0,2.7363,7.6909,2.7258,2.0438,1.555,1,1,,8450,3.41
grid2:flatNS,,,PR10_x1.5,holdout,4,1005,headon,vfield,fd13d1bdc2,ok,0,0,0,0,0,0,4.9112,8.3076,2.7258,2.0438,1.555,1,1,,8450,3.41
grid2:flatNS,,,PR10_x1.5,holdout,4,1007,headon,vfield,fd13d1bdc2,ok,0,0,0,0,0,0,1.1625,3.5913,2.7258,2.0438,1.555,1,1,,8450,3.4
grid2:flatNS,,,PR10_x1.5,holdout,4,1009,headon,vfield,fd13d1bdc2,ok,0,0,0,0,0,0,3.6516,8.4025,2.7258,2.0438,1.555,1,1,,8450,3.37
grid2:flatNS,,,PR10_x1.5,holdout,4,1011,headon,vfield,fd13d1bdc2,ok,1,0,1,0,0,0,2.6665,0.0075,2.7258,2.0438,1.555,1,1,10.01,8450,3.41
grid2:flatNS,,,PR10_x1.5,holdout,4,1013,headon,vfield,fd13d1bdc2,ok,0,0,0,0,0,0,1.404,6.9716,2.7258,2.0438,1.555,1,1,,8450,3.37
grid2:flatNS,,,PR10_x1.5,holdout,4,1015,headon,vfield,fd13d1bdc2,ok,0,0,0,0,0,0,4.3872,4.2963,2.7258,2.0438,1.555,1,1,,8450,3.4
grid2:flatNS,,,PR10_x1.5,holdout,4,1017,headon,vfield,fd13d1bdc2,ok,1,0,1,0,0,0,5.6511,0.8072,2.7258,2.0438,1.555,1,1,11.01,8450,3.4
grid2:flatNS,,,PR10_x1.5,holdout,4,1019,headon,vfield,fd13d1bdc2,ok,1,1,0,0,0,0,3.3663,0.3344,2.7258,2.0438,1.555,1,1,17.98,8450,3.38
grid2:flatNS,,,PR10_x1.5,holdout,4,1021,headon,vfield,fd13d1bdc2,ok,0,0,0,0,0,0,7.3556,8.1789,2.7258,2.0438,1.555,1,1,,8450,3.47
grid2:flatNS,,,PR10_x1.5,holdout,4,1023,headon,vfield,fd13d1bdc2,ok,0,0,0,0,0,0,5.5964,3.6928,2.7258,2.0438,1.555,1,1,,8450,3.36
grid2:flatNS,,,PR10_x1.5,holdout,4,1025,headon,vfield,fd13d1bdc2,ok,0,0,0,0,0,0,4.7282,3.7772,2.7258,2.0438,1.555,1,1,,8450,3.38
grid2:flatNS,,,PR10_x1.5,holdout,4,1027,headon,vfield,fd13d1bdc2,ok,0,0,0,0,0,0,3.616,5.7788,2.7258,2.0438,1.555,1,1,,8450,3.38
grid2:flatNS,,,PR10_x1.5,holdout,4,1029,headon,vfield,fd13d1bdc2,ok,0,0,0,0,0,0,6.0846,6.7358,2.7258,2.0438,1.555,1,1,,8450,3.39
grid2:flatNS,,,PR10_x1.5,holdout,4,1031,headon,vfield,fd13d1bdc2,ok,1,0,1,0,0,0,1.446,0.1486,2.7258,2.0438,1.555,1,1,28.87,8450,3.43
grid2:flatNS,,,PR10_x1.5,holdout,4,1033,headon,vfield,fd13d1bdc2,ok,0,0,0,0,0,0,3.3047,4.5661,2.7258,2.0438,1.555,1,1,,8450,3.38
grid2:flatNS,,,PR10_x1.5,holdout,4,1035,headon,vfield,fd13d1bdc2,ok,0,0,0,0,0,0,5.0428,7.7655,2.7258,2.0438,1.555,1,1,,8450,3.38
grid2:flatNS,,,PR10_x1.5,holdout,4,1037,headon,vfield,fd13d1bdc2,ok,0,0,0,0,0,0,3.2084,7.9201,2.7258,2.0438,1.555,1,1,,8450,3.43
grid2:flatNS,,,PR10_x1.5,holdout,4,1039,headon,vfield,fd13d1bdc2,ok,0,0,0,0,0,0,4.7943,5.9429,2.7258,2.0438,1.555,1,1,,8450,3.36
grid2:flatNS,,,PR10_x1.5,holdout,4,1041,headon,vfield,fd13d1bdc2,ok,0,0,0,0,0,0,4.7408,2.3155,2.7258,2.0438,1.555,1,1,,8450,3.4
grid2:flatNS,,,PR10_x1.5,holdout,4,1043,headon,vfield,fd13d1bdc2,ok,1,0,0,0,1,0,0.5773,7.2346,2.7258,2.0438,1.555,1,1,23.92,8450,3.41
grid2:flatNS,,,PR10_x1.5,holdout,4,1045,headon,vfield,fd13d1bdc2,ok,0,0,0,0,0,0,6.0356,7.8149,2.7258,2.0438,1.555,1,1,,8450,3.37
grid2:flatNS,,,PR10_x1.5,holdout,4,1047,headon,vfield,fd13d1bdc2,ok,0,0,0,0,0,0,6.2711,4.9327,2.7258,2.0438,1.555,1,1,,8450,3.4
grid2:flatNS,,,PR10_x1.5,holdout,4,1049,headon,vfield,fd13d1bdc2,ok,0,0,0,0,0,0,4.9232,6.2787,2.7258,2.0438,1.555,1,1,,8450,3.39
grid2:flatNS,,,PR10_x1.5,holdout,4,1051,headon,vfield,fd13d1bdc2,ok,0,0,0,0,0,0,2.6608,7.8409,2.7258,2.0438,1.555,1,1,,8450,3.37
grid2:flatNS,,,PR10_x1.5,holdout,4,1053,headon,vfield,fd13d1bdc2,ok,0,0,0,0,0,0,5.6781,4.8079,2.7258,2.0438,1.555,1,1,,8450,3.38
grid2:flatNS,,,PR10_x1.5,holdout,4,1055,headon,vfield,fd13d1bdc2,ok,0,0,0,0,0,0,3.6659,2.0819,2.7258,2.0438,1.555,1,1,,8450,3.39
grid2:flatNS,,,PR10_x1.5,holdout,4,1057,headon,vfield,fd13d1bdc2,ok,0,0,0,0,0,0,5.5395,2.2888,2.7258,2.0438,1.555,1,1,,8450,3.37
grid2:flatNS,,,PR10_x1.5,holdout,4,1059,headon,vfield,fd13d1bdc2,ok,0,0,0,0,0,0,3.0438,3.8524,2.7258,2.0438,1.555,1,1,,8450,3.49
grid2:flatNS,,,PR10_x2,holdout,4,1001,headon,vfield,e0f7388ce6,ok,0,0,0,0,0,0,3.5878,7.7349,2.7258,2.0438,1.555,1,1,,8450,3.91
grid2:flatNS,,,PR10_x2,holdout,4,1003,headon,vfield,e0f7388ce6,ok,0,0,0,0,0,0,4.3487,3.7639,2.7258,2.0438,1.555,1,1,,8450,3.41
grid2:flatNS,,,PR10_x2,holdout,4,1005,headon,vfield,e0f7388ce6,ok,0,0,0,0,0,0,1.8792,5.6494,2.7258,2.0438,1.555,1,1,,8450,3.59
grid2:flatNS,,,PR10_x2,holdout,4,1007,headon,vfield,e0f7388ce6,ok,0,0,0,0,0,0,1.6008,2.6771,2.7258,2.0438,1.555,1,1,,8450,3.39
grid2:flatNS,,,PR10_x2,holdout,4,1009,headon,vfield,e0f7388ce6,ok,0,0,0,0,0,0,1.8777,3.9258,2.7258,2.0438,1.555,1,1,,8450,3.39
grid2:flatNS,,,PR10_x2,holdout,4,1011,headon,vfield,e0f7388ce6,ok,0,0,0,0,0,0,4.9209,2.9817,2.7258,2.0438,1.555,1,1,,8450,3.49
grid2:flatNS,,,PR10_x2,holdout,4,1013,headon,vfield,e0f7388ce6,ok,0,0,0,0,0,0,5.08,4.9661,2.7258,2.0438,1.555,1,1,,8450,3.43
grid2:flatNS,,,PR10_x2,holdout,4,1015,headon,vfield,e0f7388ce6,ok,0,0,0,0,0,0,2.3959,2.9908,2.7258,2.0438,1.555,1,1,,8450,3.45
grid2:flatNS,,,PR10_x2,holdout,4,1017,headon,vfield,e0f7388ce6,ok,0,0,0,0,0,0,4.3053,4.2237,2.7258,2.0438,1.555,1,1,,8450,3.45
grid2:flatNS,,,PR10_x2,holdout,4,1019,headon,vfield,e0f7388ce6,ok,0,0,0,0,0,0,3.0767,4.8398,2.7258,2.0438,1.555,1,1,,8450,3.45
grid2:flatNS,,,PR10_x2,holdout,4,1021,headon,vfield,e0f7388ce6,ok,0,0,0,0,0,0,1.7463,4.4948,2.7258,2.0438,1.555,1,1,,8450,3.47
grid2:flatNS,,,PR10_x2,holdout,4,1023,headon,vfield,e0f7388ce6,ok,1,0,1,0,0,0,4.7488,0.2038,2.7258,2.0438,1.555,1,1,12.61,8450,3.45
grid2:flatNS,,,PR10_x2,holdout,4,1025,headon,vfield,e0f7388ce6,ok,0,0,0,0,0,0,4.1342,4.8804,2.7258,2.0438,1.555,1,1,,8450,3.47
grid2:flatNS,,,PR10_x2,holdout,4,1027,headon,vfield,e0f7388ce6,ok,0,0,0,0,0,0,1.5815,1.6105,2.7258,2.0438,1.555,1,1,,8450,3.44
grid2:flatNS,,,PR10_x2,holdout,4,1029,headon,vfield,e0f7388ce6,ok,0,0,0,0,0,0,1.5316,3.459,2.7258,2.0438,1.555,1,1,,8450,3.43
grid2:flatNS,,,PR10_x2,holdout,4,1031,headon,vfield,e0f7388ce6,ok,0,0,0,0,0,0,2.2371,6.5669,2.7258,2.0438,1.555,1,1,,8450,3.46
grid2:flatNS,,,PR10_x2,holdout,4,1033,headon,vfield,e0f7388ce6,ok,0,0,0,0,0,0,2.0368,4.3667,2.7258,2.0438,1.555,1,1,,8450,3.44
grid2:flatNS,,,PR10_x2,holdout,4,1035,headon,vfield,e0f7388ce6,ok,0,0,0,0,0,0,1.3127,2.2977,2.7258,2.0438,1.555,1,1,,8450,3.46
grid2:flatNS,,,PR10_x2,holdout,4,1037,headon,vfield,e0f7388ce6,ok,0,0,0,0,0,0,5.1555,3.3282,2.7258,2.0438,1.555,1,1,,8450,3.5
grid2:flatNS,,,PR10_x2,holdout,4,1039,headon,vfield,e0f7388ce6,ok,0,0,0,0,0,0,1.7569,8.3051,2.7258,2.0438,1.555,1,1,,8450,3.51
grid2:flatNS,,,PR10_x2,holdout,4,1041,headon,vfield,e0f7388ce6,ok,0,0,0,0,0,0,2.2255,8.3504,2.7258,2.0438,1.555,1,1,,8450,3.46
grid2:flatNS,,,PR10_x2,holdout,4,1043,headon,vfield,e0f7388ce6,ok,0,0,0,0,0,0,5.1283,3.5503,2.7258,2.0438,1.555,1,1,,8450,3.46
grid2:flatNS,,,PR10_x2,holdout,4,1045,headon,vfield,e0f7388ce6,ok,0,0,0,0,0,0,5.0097,3.9299,2.7258,2.0438,1.555,1,1,,8450,3.45
grid2:flatNS,,,PR10_x2,holdout,4,1047,headon,vfield,e0f7388ce6,ok,0,0,0,0,0,0,4.9794,4.4561,2.7258,2.0438,1.555,1,1,,8450,3.51
grid2:flatNS,,,PR10_x2,holdout,4,1049,headon,vfield,e0f7388ce6,ok,0,0,0,0,0,0,6.7897,3.558,2.7258,2.0438,1.555,1,1,,8450,3.48
grid2:flatNS,,,PR10_x2,holdout,4,1051,headon,vfield,e0f7388ce6,ok,0,0,0,0,0,0,1.7266,7.8466,2.7258,2.0438,1.555,1,1,,8450,3.46
grid2:flatNS,,,PR10_x2,holdout,4,1053,headon,vfield,e0f7388ce6,ok,0,0,0,0,0,0,5.8502,4.1449,2.7258,2.0438,1.555,1,1,,8450,3.45
grid2:flatNS,,,PR10_x2,holdout,4,1055,headon,vfield,e0f7388ce6,ok,0,0,0,0,0,0,1.6094,8.253,2.7258,2.0438,1.555,1,1,,8450,3.48
grid2:flatNS,,,PR10_x2,holdout,4,1057,headon,vfield,e0f7388ce6,ok,0,0,0,0,0,0,1.6933,8.092,2.7258,2.0438,1.555,1,1,,8450,3.45
grid2:flatNS,,,PR10_x2,holdout,4,1059,headon,vfield,e0f7388ce6,ok,0,0,0,0,0,0,1.7929,3.2837,2.7258,2.0438,1.555,1,1,,8450,3.48
grid2:flatNS,,,PR13_x0.5,holdout,4,1001,headon,vfield,b1f1bb1dc1,ok,1,0,1,0,0,0,5.6753,0.1421,2.7258,2.0438,1.555,1,1,6.39,8450,3.45
grid2:flatNS,,,PR13_x0.5,holdout,4,1003,headon,vfield,b1f1bb1dc1,ok,0,0,0,0,0,0,3.0679,7.3745,2.7258,2.0438,1.555,1,1,,8450,3.44
grid2:flatNS,,,PR13_x0.5,holdout,4,1005,headon,vfield,b1f1bb1dc1,ok,0,0,0,0,0,0,5.6835,5.5044,2.7258,2.0438,1.555,1,1,,8450,3.45
grid2:flatNS,,,PR13_x0.5,holdout,4,1007,headon,vfield,b1f1bb1dc1,ok,0,0,0,0,0,0,5.1875,1.8162,2.7258,2.0438,1.555,1,1,,8450,3.46
grid2:flatNS,,,PR13_x0.5,holdout,4,1009,headon,vfield,b1f1bb1dc1,ok,0,0,0,0,0,0,1.8346,5.832,2.7258,2.0438,1.555,1,1,,8450,3.58
grid2:flatNS,,,PR13_x0.5,holdout,4,1011,headon,vfield,b1f1bb1dc1,ok,0,0,0,0,0,0,7.2107,2.5651,2.7258,2.0438,1.555,1,1,,8450,3.5
grid2:flatNS,,,PR13_x0.5,holdout,4,1013,headon,vfield,b1f1bb1dc1,ok,1,1,0,0,0,0,2.9351,0.4047,2.7258,2.0438,1.555,1,1,-25.49,8450,3.54
grid2:flatNS,,,PR13_x0.5,holdout,4,1015,headon,vfield,b1f1bb1dc1,ok,0,0,0,0,0,0,4.7735,4.5097,2.7258,2.0438,1.555,1,1,,8450,3.47
grid2:flatNS,,,PR13_x0.5,holdout,4,1017,headon,vfield,b1f1bb1dc1,ok,0,0,0,0,0,0,4.7511,1.1556,2.7258,2.0438,1.555,1,1,,8450,3.52
grid2:flatNS,,,PR13_x0.5,holdout,4,1019,headon,vfield,b1f1bb1dc1,ok,0,0,0,0,0,0,6.3544,1.4918,2.7258,2.0438,1.555,1,1,,8450,3.48
grid2:flatNS,,,PR13_x0.5,holdout,4,1021,headon,vfield,b1f1bb1dc1,ok,1,0,0,0,1,0,0.275,6.9071,2.7258,2.0438,1.555,1,1,2.72,8450,3.51
grid2:flatNS,,,PR13_x0.5,holdout,4,1023,headon,vfield,b1f1bb1dc1,ok,0,0,0,0,0,0,4.8618,4.7521,2.7258,2.0438,1.555,1,1,,8450,3.5
grid2:flatNS,,,PR13_x0.5,holdout,4,1025,headon,vfield,b1f1bb1dc1,ok,0,0,0,0,0,0,6.2236,6.7519,2.7258,2.0438,1.555,1,1,,8450,3.48
grid2:flatNS,,,PR13_x0.5,holdout,4,1027,headon,vfield,b1f1bb1dc1,ok,0,0,0,0,0,0,1.8139,7.0262,2.7258,2.0438,1.555,1,1,,8450,3.49
grid2:flatNS,,,PR13_x0.5,holdout,4,1029,headon,vfield,b1f1bb1dc1,ok,0,0,0,0,0,0,1.9076,1.0314,2.7258,2.0438,1.555,1,1,,8450,3.48
grid2:flatNS,,,PR13_x0.5,holdout,4,1031,headon,vfield,b1f1bb1dc1,ok,0,0,0,0,0,0,4.254,1.4834,2.7258,2.0438,1.555,1,1,,8450,3.61
grid2:flatNS,,,PR13_x0.5,holdout,4,1033,headon,vfield,b1f1bb1dc1,ok,0,0,0,0,0,0,6.5923,4.1422,2.7258,2.0438,1.555,1,1,,8450,3.53
grid2:flatNS,,,PR13_x0.5,holdout,4,1035,headon,vfield,b1f1bb1dc1,ok,1,0,0,0,1,0,0.9754,1.523,2.7258,2.0438,1.555,1,1,-0.65,8450,3.54
grid2:flatNS,,,PR13_x0.5,holdout,4,1037,headon,vfield,b1f1bb1dc1,ok,0,0,0,0,0,0,6.2611,5.6828,2.7258,2.0438,1.555,1,1,,8450,3.54
grid2:flatNS,,,PR13_x0.5,holdout,4,1039,headon,vfield,b1f1bb1dc1,ok,0,0,0,0,0,0,4.6766,6.7642,2.7258,2.0438,1.555,1,1,,8450,3.57
grid2:flatNS,,,PR13_x0.5,holdout,4,1041,headon,vfield,b1f1bb1dc1,ok,0,0,0,0,0,0,2.9016,1.1038,2.7258,2.0438,1.555,1,1,,8450,3.55
grid2:flatNS,,,PR13_x0.5,holdout,4,1043,headon,vfield,b1f1bb1dc1,ok,0,0,0,0,0,0,6.4297,8.0841,2.7258,2.0438,1.555,1,1,,8450,3.52
grid2:flatNS,,,PR13_x0.5,holdout,4,1045,headon,vfield,b1f1bb1dc1,ok,0,0,0,0,0,0,6.2996,3.9248,2.7258,2.0438,1.555,1,1,,8450,3.47
grid2:flatNS,,,PR13_x0.5,holdout,4,1047,headon,vfield,b1f1bb1dc1,ok,1,0,1,0,0,0,6.5554,0.9555,2.7258,2.0438,1.555,1,1,27.35,8450,3.48
grid2:flatNS,,,PR13_x0.5,holdout,4,1049,headon,vfield,b1f1bb1dc1,ok,1,0,1,0,0,0,5.5134,0.8796,2.7258,2.0438,1.555,1,1,35.0,8450,3.45
grid2:flatNS,,,PR13_x0.5,holdout,4,1051,headon,vfield,b1f1bb1dc1,ok,1,0,0,0,1,0,0.5171,1.2122,2.7258,2.0438,1.555,1,1,36.93,8450,3.49
grid2:flatNS,,,PR13_x0.5,holdout,4,1053,headon,vfield,b1f1bb1dc1,ok,1,0,0,0,1,0,0.1538,7.6613,2.7258,2.0438,1.555,1,1,-1.94,8450,3.48
grid2:flatNS,,,PR13_x0.5,holdout,4,1055,headon,vfield,b1f1bb1dc1,ok,0,0,0,0,0,0,7.102,3.9005,2.7258,2.0438,1.555,1,1,,8450,3.53
grid2:flatNS,,,PR13_x0.5,holdout,4,1057,headon,vfield,b1f1bb1dc1,ok,1,0,0,0,1,0,0.7242,1.4882,2.7258,2.0438,1.555,1,1,38.36,8450,3.5
grid2:flatNS,,,PR13_x0.5,holdout,4,1059,headon,vfield,b1f1bb1dc1,ok,1,0,1,0,0,0,5.1336,0.2993,2.7258,2.0438,1.555,1,1,6.01,8450,3.53
grid2:flatNS,,,PR13_x0.75,holdout,4,1001,headon,vfield,5af6c4a8e4,ok,0,0,0,0,0,0,3.4174,6.9718,2.7258,2.0438,1.555,1,1,,8450,3.54
grid2:flatNS,,,PR13_x0.75,holdout,4,1003,headon,vfield,5af6c4a8e4,ok,1,0,1,0,0,0,4.5189,0.2037,2.7258,2.0438,1.555,1,1,6.75,8450,3.49
grid2:flatNS,,,PR13_x0.75,holdout,4,1005,headon,vfield,5af6c4a8e4,ok,2,0,1,0,1,0,0.3575,0.1006,2.7258,2.0438,1.555,1,1,10.6,8450,3.53
grid2:flatNS,,,PR13_x0.75,holdout,4,1007,headon,vfield,5af6c4a8e4,ok,0,0,0,0,0,0,2.6433,2.2212,2.7258,2.0438,1.555,1,1,,8450,3.49
grid2:flatNS,,,PR13_x0.75,holdout,4,1009,headon,vfield,5af6c4a8e4,ok,0,0,0,0,0,0,8.7988,1.1061,2.7258,2.0438,1.555,1,1,,8450,3.48
grid2:flatNS,,,PR13_x0.75,holdout,4,1011,headon,vfield,5af6c4a8e4,ok,0,0,0,0,0,0,1.3891,7.0189,2.7258,2.0438,1.555,1,1,,8450,3.52
grid2:flatNS,,,PR13_x0.75,holdout,4,1013,headon,vfield,5af6c4a8e4,ok,1,0,1,0,0,0,2.6026,0.9449,2.7258,2.0438,1.555,1,1,6.0,8450,3.46
grid2:flatNS,,,PR13_x0.75,holdout,4,1015,headon,vfield,5af6c4a8e4,ok,0,0,0,0,0,0,5.6469,3.3814,2.7258,2.0438,1.555,1,1,,8450,3.49
grid2:flatNS,,,PR13_x0.75,holdout,4,1017,headon,vfield,5af6c4a8e4,ok,0,0,0,0,0,0,2.0708,9.3416,2.7258,2.0438,1.555,1,1,,8450,3.47
grid2:flatNS,,,PR13_x0.75,holdout,4,1019,headon,vfield,5af6c4a8e4,ok,0,0,0,0,0,0,4.4854,1.006,2.7258,2.0438,1.555,1,1,,8450,3.49
grid2:flatNS,,,PR13_x0.75,holdout,4,1021,headon,vfield,5af6c4a8e4,ok,0,0,0,0,0,0,3.0002,6.253,2.7258,2.0438,1.555,1,1,,8450,3.49
grid2:flatNS,,,PR13_x0.75,holdout,4,1023,headon,vfield,5af6c4a8e4,ok,0,0,0,0,0,0,1.1696,5.9737,2.7258,2.0438,1.555,1,1,,8450,3.48
grid2:flatNS,,,PR13_x0.75,holdout,4,1025,headon,vfield,5af6c4a8e4,ok,1,0,0,0,1,0,0.7242,3.4839,2.7258,2.0438,1.555,1,1,18.02,8450,3.48
grid2:flatNS,,,PR13_x0.75,holdout,4,1027,headon,vfield,5af6c4a8e4,ok,0,0,0,0,0,0,5.1907,5.1831,2.7258,2.0438,1.555,1,1,,8450,3.5
grid2:flatNS,,,PR13_x0.75,holdout,4,1029,headon,vfield,5af6c4a8e4,ok,0,0,0,0,0,0,2.24,9.0196,2.7258,2.0438,1.555,1,1,,8450,3.48
grid2:flatNS,,,PR13_x0.75,holdout,4,1031,headon,vfield,5af6c4a8e4,ok,0,0,0,0,0,0,3.1847,7.1032,2.7258,2.0438,1.555,1,1,,8450,3.52
grid2:flatNS,,,PR13_x0.75,holdout,4,1033,headon,vfield,5af6c4a8e4,ok,0,0,0,0,0,0,5.9009,7.951,2.7258,2.0438,1.555,1,1,,8450,3.52
grid2:flatNS,,,PR13_x0.75,holdout,4,1035,headon,vfield,5af6c4a8e4,ok,0,0,0,0,0,0,6.2901,3.2601,2.7258,2.0438,1.555,1,1,,8450,3.49
grid2:flatNS,,,PR13_x0.75,holdout,4,1037,headon,vfield,5af6c4a8e4,ok,0,0,0,0,0,0,3.5527,10.1993,2.7258,2.0438,1.555,1,1,,8450,3.49
grid2:flatNS,,,PR13_x0.75,holdout,4,1039,headon,vfield,5af6c4a8e4,ok,0,0,0,0,0,0,7.5415,4.7781,2.7258,2.0438,1.555,1,1,,8450,3.47
grid2:flatNS,,,PR13_x0.75,holdout,4,1041,headon,vfield,5af6c4a8e4,ok,0,0,0,0,0,0,1.9449,6.4682,2.7258,2.0438,1.555,1,1,,8450,3.51
grid2:flatNS,,,PR13_x0.75,holdout,4,1043,headon,vfield,5af6c4a8e4,ok,0,0,0,0,0,0,4.5422,9.333,2.7258,2.0438,1.555,1,1,,8450,3.5
grid2:flatNS,,,PR13_x0.75,holdout,4,1045,headon,vfield,5af6c4a8e4,ok,0,0,0,0,0,0,4.3078,3.5435,2.7258,2.0438,1.555,1,1,,8450,3.49
grid2:flatNS,,,PR13_x0.75,holdout,4,1047,headon,vfield,5af6c4a8e4,ok,0,0,0,0,0,0,3.9335,5.905,2.7258,2.0438,1.555,1,1,,8450,3.51
grid2:flatNS,,,PR13_x0.75,holdout,4,1049,headon,vfield,5af6c4a8e4,ok,0,0,0,0,0,0,7.3704,3.8987,2.7258,2.0438,1.555,1,1,,8450,3.47
grid2:flatNS,,,PR13_x0.75,holdout,4,1051,headon,vfield,5af6c4a8e4,ok,0,0,0,0,0,0,4.2815,6.105,2.7258,2.0438,1.555,1,1,,8450,3.49
grid2:flatNS,,,PR13_x0.75,holdout,4,1053,headon,vfield,5af6c4a8e4,ok,0,0,0,0,0,0,2.4273,2.5939,2.7258,2.0438,1.555,1,1,,8450,3.57
grid2:flatNS,,,PR13_x0.75,holdout,4,1055,headon,vfield,5af6c4a8e4,ok,0,0,0,0,0,0,1.1169,5.1094,2.7258,2.0438,1.555,1,1,,8450,3.62
grid2:flatNS,,,PR13_x0.75,holdout,4,1057,headon,vfield,5af6c4a8e4,ok,1,0,1,0,0,0,2.0193,0.0522,2.7258,2.0438,1.555,1,1,7.82,8450,3.58
grid2:flatNS,,,PR13_x0.75,holdout,4,1059,headon,vfield,5af6c4a8e4,ok,1,0,1,0,0,0,7.697,0.1764,2.7258,2.0438,1.555,1,1,8.54,8450,3.63
grid2:flatNS,,,PR13_x1,holdout,4,1001,headon,vfield,0e20c7b2e4,ok,0,0,0,0,0,0,6.0629,2.8134,2.7258,2.0438,1.555,1,1,,8450,3.59
grid2:flatNS,,,PR13_x1,holdout,4,1003,headon,vfield,0e20c7b2e4,ok,0,0,0,0,0,0,6.8787,5.6258,2.7258,2.0438,1.555,1,1,,8450,3.57
grid2:flatNS,,,PR13_x1,holdout,4,1005,headon,vfield,0e20c7b2e4,ok,0,0,0,0,0,0,4.1614,7.7969,2.7258,2.0438,1.555,1,1,,8450,3.56
grid2:flatNS,,,PR13_x1,holdout,4,1007,headon,vfield,0e20c7b2e4,ok,0,0,0,0,0,0,6.1863,8.0995,2.7258,2.0438,1.555,1,1,,8450,3.53
grid2:flatNS,,,PR13_x1,holdout,4,1009,headon,vfield,0e20c7b2e4,ok,0,0,0,0,0,0,8.2451,7.5164,2.7258,2.0438,1.555,1,1,,8450,3.56
grid2:flatNS,,,PR13_x1,holdout,4,1011,headon,vfield,0e20c7b2e4,ok,0,0,0,0,0,0,1.9078,9.1364,2.7258,2.0438,1.555,1,1,,8450,3.55
grid2:flatNS,,,PR13_x1,holdout,4,1013,headon,vfield,0e20c7b2e4,ok,1,0,1,0,0,0,2.5243,0.6048,2.7258,2.0438,1.555,1,1,11.57,8450,3.52
grid2:flatNS,,,PR13_x1,holdout,4,1015,headon,vfield,0e20c7b2e4,ok,0,0,0,0,0,0,3.6702,1.5354,2.7258,2.0438,1.555,1,1,,8450,3.78
grid2:flatNS,,,PR13_x1,holdout,4,1017,headon,vfield,0e20c7b2e4,ok,0,0,0,0,0,0,6.2418,6.3053,2.7258,2.0438,1.555,1,1,,8450,3.53
grid2:flatNS,,,PR13_x1,holdout,4,1019,headon,vfield,0e20c7b2e4,ok,0,0,0,0,0,0,7.0456,5.0619,2.7258,2.0438,1.555,1,1,,8450,3.48
grid2:flatNS,,,PR13_x1,holdout,4,1021,headon,vfield,0e20c7b2e4,ok,0,0,0,0,0,0,2.4621,4.2605,2.7258,2.0438,1.555,1,1,,8450,3.48
grid2:flatNS,,,PR13_x1,holdout,4,1023,headon,vfield,0e20c7b2e4,ok,0,0,0,0,0,0,7.5389,8.2533,2.7258,2.0438,1.555,1,1,,8450,3.5
grid2:flatNS,,,PR13_x1,holdout,4,1025,headon,vfield,0e20c7b2e4,ok,0,0,0,0,0,0,2.1351,6.0559,2.7258,2.0438,1.555,1,1,,8450,3.5
grid2:flatNS,,,PR13_x1,holdout,4,1027,headon,vfield,0e20c7b2e4,ok,1,0,1,0,0,0,2.3807,0.254,2.7258,2.0438,1.555,1,1,11.84,8450,3.52
grid2:flatNS,,,PR13_x1,holdout,4,1029,headon,vfield,0e20c7b2e4,ok,0,0,0,0,0,0,3.164,4.6275,2.7258,2.0438,1.555,1,1,,8450,3.54
grid2:flatNS,,,PR13_x1,holdout,4,1031,headon,vfield,0e20c7b2e4,ok,0,0,0,0,0,0,4.6519,3.3539,2.7258,2.0438,1.555,1,1,,8450,3.57
grid2:flatNS,,,PR13_x1,holdout,4,1033,headon,vfield,0e20c7b2e4,ok,0,0,0,0,0,0,5.5771,2.8388,2.7258,2.0438,1.555,1,1,,8450,3.59
grid2:flatNS,,,PR13_x1,holdout,4,1035,headon,vfield,0e20c7b2e4,ok,0,0,0,0,0,0,6.2486,7.8855,2.7258,2.0438,1.555,1,1,,8450,3.51
grid2:flatNS,,,PR13_x1,holdout,4,1037,headon,vfield,0e20c7b2e4,ok,0,0,0,0,0,0,5.582,4.9146,2.7258,2.0438,1.555,1,1,,8450,3.5
grid2:flatNS,,,PR13_x1,holdout,4,1039,headon,vfield,0e20c7b2e4,ok,0,0,0,0,0,0,4.7032,8.348,2.7258,2.0438,1.555,1,1,,8450,3.53
grid2:flatNS,,,PR13_x1,holdout,4,1041,headon,vfield,0e20c7b2e4,ok,0,0,0,0,0,0,1.1196,8.2335,2.7258,2.0438,1.555,1,1,,8450,3.53
grid2:flatNS,,,PR13_x1,holdout,4,1043,headon,vfield,0e20c7b2e4,ok,0,0,0,0,0,0,5.637,1.9275,2.7258,2.0438,1.555,1,1,,8450,3.5
grid2:flatNS,,,PR13_x1,holdout,4,1045,headon,vfield,0e20c7b2e4,ok,0,0,0,0,0,0,6.5115,4.9971,2.7258,2.0438,1.555,1,1,,8450,3.48
grid2:flatNS,,,PR13_x1,holdout,4,1047,headon,vfield,0e20c7b2e4,ok,1,0,1,0,0,0,2.1891,0.4113,2.7258,2.0438,1.555,1,1,14.45,8450,3.48
grid2:flatNS,,,PR13_x1,holdout,4,1049,headon,vfield,0e20c7b2e4,ok,0,0,0,0,0,0,8.6682,2.7795,2.7258,2.0438,1.555,1,1,,8450,3.48
grid2:flatNS,,,PR13_x1,holdout,4,1051,headon,vfield,0e20c7b2e4,ok,0,0,0,0,0,0,3.3485,2.4139,2.7258,2.0438,1.555,1,1,,8450,3.49
grid2:flatNS,,,PR13_x1,holdout,4,1053,headon,vfield,0e20c7b2e4,ok,0,0,0,0,0,0,2.9265,1.7352,2.7258,2.0438,1.555,1,1,,8450,3.49
grid2:flatNS,,,PR13_x1,holdout,4,1055,headon,vfield,0e20c7b2e4,ok,0,0,0,0,0,0,6.6371,4.8501,2.7258,2.0438,1.555,1,1,,8450,3.48
grid2:flatNS,,,PR13_x1,holdout,4,1057,headon,vfield,0e20c7b2e4,ok,0,0,0,0,0,0,5.3647,8.267,2.7258,2.0438,1.555,1,1,,8450,3.53
grid2:flatNS,,,PR13_x1,holdout,4,1059,headon,vfield,0e20c7b2e4,ok,0,0,0,0,0,0,5.378,2.4191,2.7258,2.0438,1.555,1,1,,8450,3.49
grid2:flatNS,,,PR13_x1.25,holdout,4,1001,headon,vfield,38a180779e,ok,0,0,0,0,0,0,8.02,10.8501,2.7258,2.0438,1.555,1,1,,8450,3.48
grid2:flatNS,,,PR13_x1.25,holdout,4,1003,headon,vfield,38a180779e,ok,0,0,0,0,0,0,8.5852,10.2375,2.7258,2.0438,1.555,1,1,,8450,3.52
grid2:flatNS,,,PR13_x1.25,holdout,4,1005,headon,vfield,38a180779e,ok,0,0,0,0,0,0,1.0646,9.9449,2.7258,2.0438,1.555,1,1,,8450,3.54
grid2:flatNS,,,PR13_x1.25,holdout,4,1007,headon,vfield,38a180779e,ok,0,0,0,0,0,0,5.4374,6.7416,2.7258,2.0438,1.555,1,1,,8450,3.5
grid2:flatNS,,,PR13_x1.25,holdout,4,1009,headon,vfield,38a180779e,ok,0,0,0,0,0,0,8.0176,7.1244,2.7258,2.0438,1.555,1,1,,8450,3.52
grid2:flatNS,,,PR13_x1.25,holdout,4,1011,headon,vfield,38a180779e,ok,0,0,0,0,0,0,5.6234,2.4923,2.7258,2.0438,1.555,1,1,,8450,3.49
grid2:flatNS,,,PR13_x1.25,holdout,4,1013,headon,vfield,38a180779e,ok,0,0,0,0,0,0,2.9682,4.9915,2.7258,2.0438,1.555,1,1,,8450,3.51
grid2:flatNS,,,PR13_x1.25,holdout,4,1015,headon,vfield,38a180779e,ok,1,0,0,1,0,0,0.6394,3.5513,2.7258,2.0438,1.555,1,1,36.62,8450,3.5
grid2:flatNS,,,PR13_x1.25,holdout,4,1017,headon,vfield,38a180779e,ok,0,0,0,0,0,0,1.4799,10.6467,2.7258,2.0438,1.555,1,1,,8450,3.51
grid2:flatNS,,,PR13_x1.25,holdout,4,1019,headon,vfield,38a180779e,ok,0,0,0,0,0,0,6.5311,1.153,2.7258,2.0438,1.555,1,1,,8450,3.47
grid2:flatNS,,,PR13_x1.25,holdout,4,1021,headon,vfield,38a180779e,ok,0,0,0,0,0,0,7.3224,11.2412,2.7258,2.0438,1.555,1,1,,8450,3.5
grid2:flatNS,,,PR13_x1.25,holdout,4,1023,headon,vfield,38a180779e,ok,0,0,0,0,0,0,7.2123,4.4557,2.7258,2.0438,1.555,1,1,,8450,3.58
grid2:flatNS,,,PR13_x1.25,holdout,4,1025,headon,vfield,38a180779e,ok,0,0,0,0,0,0,7.8757,7.3322,2.7258,2.0438,1.555,1,1,,8450,3.52
grid2:flatNS,,,PR13_x1.25,holdout,4,1027,headon,vfield,38a180779e,ok,0,0,0,0,0,0,4.6514,8.7814,2.7258,2.0438,1.555,1,1,,8450,3.51
grid2:flatNS,,,PR13_x1.25,holdout,4,1029,headon,vfield,38a180779e,ok,0,0,0,0,0,0,7.4687,2.8143,2.7258,2.0438,1.555,1,1,,8450,3.54
grid2:flatNS,,,PR13_x1.25,holdout,4,1031,headon,vfield,38a180779e,ok,0,0,0,0,0,0,5.4336,8.1668,2.7258,2.0438,1.555,1,1,,8450,3.53
grid2:flatNS,,,PR13_x1.25,holdout,4,1033,headon,vfield,38a180779e,ok,0,0,0,0,0,0,7.5433,2.2312,2.7258,2.0438,1.555,1,1,,8450,3.52
grid2:flatNS,,,PR13_x1.25,holdout,4,1035,headon,vfield,38a180779e,ok,0,0,0,0,0,0,3.031,7.4593,2.7258,2.0438,1.555,1,1,,8450,3.5
grid2:flatNS,,,PR13_x1.25,holdout,4,1037,headon,vfield,38a180779e,ok,0,0,0,0,0,0,6.6079,3.2636,2.7258,2.0438,1.555,1,1,,8450,3.48
grid2:flatNS,,,PR13_x1.25,holdout,4,1039,headon,vfield,38a180779e,ok,0,0,0,0,0,0,3.282,8.5659,2.7258,2.0438,1.555,1,1,,8450,3.46
grid2:flatNS,,,PR13_x1.25,holdout,4,1041,headon,vfield,38a180779e,ok,0,0,0,0,0,0,3.8803,8.929,2.7258,2.0438,1.555,1,1,,8450,3.47
grid2:flatNS,,,PR13_x1.25,holdout,4,1043,headon,vfield,38a180779e,ok,0,0,0,0,0,0,6.2213,9.9229,2.7258,2.0438,1.555,1,1,,8450,3.49
grid2:flatNS,,,PR13_x1.25,holdout,4,1045,headon,vfield,38a180779e,ok,0,0,0,0,0,0,7.4934,6.2762,2.7258,2.0438,1.555,1,1,,8450,3.48
grid2:flatNS,,,PR13_x1.25,holdout,4,1047,headon,vfield,38a180779e,ok,0,0,0,0,0,0,6.4108,8.5024,2.7258,2.0438,1.555,1,1,,8450,3.53
grid2:flatNS,,,PR13_x1.25,holdout,4,1049,headon,vfield,38a180779e,ok,0,0,0,0,0,0,8.8861,11.1087,2.7258,2.0438,1.555,1,1,,8450,3.49
grid2:flatNS,,,PR13_x1.25,holdout,4,1051,headon,vfield,38a180779e,ok,0,0,0,0,0,0,8.1848,9.65,2.7258,2.0438,1.555,1,1,,8450,3.5
grid2:flatNS,,,PR13_x1.25,holdout,4,1053,headon,vfield,38a180779e,ok,0,0,0,0,0,0,5.3126,8.0307,2.7258,2.0438,1.555,1,1,,8450,3.5
grid2:flatNS,,,PR13_x1.25,holdout,4,1055,headon,vfield,38a180779e,ok,0,0,0,0,0,0,7.8579,10.1001,2.7258,2.0438,1.555,1,1,,8450,3.48
grid2:flatNS,,,PR13_x1.25,holdout,4,1057,headon,vfield,38a180779e,ok,0,0,0,0,0,0,1.1709,1.4062,2.7258,2.0438,1.555,1,1,,8450,3.46
grid2:flatNS,,,PR13_x1.25,holdout,4,1059,headon,vfield,38a180779e,ok,0,0,0,0,0,0,9.876,9.3683,2.7258,2.0438,1.555,1,1,,8450,3.49
grid2:flatNS,,,PR13_x1.5,holdout,4,1001,headon,vfield,255936c422,ok,0,0,0,0,0,0,4.2091,10.6058,2.7258,2.0438,1.555,1,1,,8450,3.5
grid2:flatNS,,,PR13_x1.5,holdout,4,1003,headon,vfield,255936c422,ok,0,0,0,0,0,0,4.2805,9.7843,2.7258,2.0438,1.555,1,1,,8450,3.51
grid2:flatNS,,,PR13_x1.5,holdout,4,1005,headon,vfield,255936c422,ok,0,0,0,0,0,0,3.8523,5.3486,2.7258,2.0438,1.555,1,1,,8450,3.67
grid2:flatNS,,,PR13_x1.5,holdout,4,1007,headon,vfield,255936c422,ok,0,0,0,0,0,0,5.7871,5.8811,2.7258,2.0438,1.555,1,1,,8450,3.53
grid2:flatNS,,,PR13_x1.5,holdout,4,1009,headon,vfield,255936c422,ok,0,0,0,0,0,0,5.345,8.7546,2.7258,2.0438,1.555,1,1,,8450,3.64
grid2:flatNS,,,PR13_x1.5,holdout,4,1011,headon,vfield,255936c422,ok,0,0,0,0,0,0,6.3724,5.7629,2.7258,2.0438,1.555,1,1,,8450,3.51
grid2:flatNS,,,PR13_x1.5,holdout,4,1013,headon,vfield,255936c422,ok,0,0,0,0,0,0,4.2623,8.7063,2.7258,2.0438,1.555,1,1,,8450,3.51
grid2:flatNS,,,PR13_x1.5,holdout,4,1015,headon,vfield,255936c422,ok,0,0,0,0,0,0,6.4094,5.7698,2.7258,2.0438,1.555,1,1,,8450,3.53
grid2:flatNS,,,PR13_x1.5,holdout,4,1017,headon,vfield,255936c422,ok,0,0,0,0,0,0,4.2992,11.3068,2.7258,2.0438,1.555,1,1,,8450,3.52
grid2:flatNS,,,PR13_x1.5,holdout,4,1019,headon,vfield,255936c422,ok,1,0,1,0,0,0,6.4925,0.059,2.7258,2.0438,1.555,1,1,17.0,8450,3.52
grid2:flatNS,,,PR13_x1.5,holdout,4,1021,headon,vfield,255936c422,ok,0,0,0,0,0,0,5.297,9.0079,2.7258,2.0438,1.555,1,1,,8450,3.51
grid2:flatNS,,,PR13_x1.5,holdout,4,1023,headon,vfield,255936c422,ok,0,0,0,0,0,0,6.7381,7.262,2.7258,2.0438,1.555,1,1,,8450,3.48
grid2:flatNS,,,PR13_x1.5,holdout,4,1025,headon,vfield,255936c422,ok,0,0,0,0,0,0,8.4477,9.215,2.7258,2.0438,1.555,1,1,,8450,3.51
grid2:flatNS,,,PR13_x1.5,holdout,4,1027,headon,vfield,255936c422,ok,0,0,0,0,0,0,4.1993,10.6841,2.7258,2.0438,1.555,1,1,,8450,3.55
grid2:flatNS,,,PR13_x1.5,holdout,4,1029,headon,vfield,255936c422,ok,0,0,0,0,0,0,5.5223,9.4212,2.7258,2.0438,1.555,1,1,,8450,3.56
grid2:flatNS,,,PR13_x1.5,holdout,4,1031,headon,vfield,255936c422,ok,0,0,0,0,0,0,7.3432,7.2451,2.7258,2.0438,1.555,1,1,,8450,3.51
grid2:flatNS,,,PR13_x1.5,holdout,4,1033,headon,vfield,255936c422,ok,0,0,0,0,0,0,8.3776,5.4055,2.7258,2.0438,1.555,1,1,,8450,3.54
grid2:flatNS,,,PR13_x1.5,holdout,4,1035,headon,vfield,255936c422,ok,0,0,0,0,0,0,1.6913,2.4222,2.7258,2.0438,1.555,1,1,,8450,3.49
grid2:flatNS,,,PR13_x1.5,holdout,4,1037,headon,vfield,255936c422,ok,0,0,0,0,0,0,4.2729,9.2602,2.7258,2.0438,1.555,1,1,,8450,3.48
grid2:flatNS,,,PR13_x1.5,holdout,4,1039,headon,vfield,255936c422,ok,0,0,0,0,0,0,8.3483,8.8031,2.7258,2.0438,1.555,1,1,,8450,3.62
grid2:flatNS,,,PR13_x1.5,holdout,4,1041,headon,vfield,255936c422,ok,0,0,0,0,0,0,5.6325,10.9169,2.7258,2.0438,1.555,1,1,,8450,3.49
grid2:flatNS,,,PR13_x1.5,holdout,4,1043,headon,vfield,255936c422,ok,0,0,0,0,0,0,6.6009,9.2444,2.7258,2.0438,1.555,1,1,,8450,3.48
grid2:flatNS,,,PR13_x1.5,holdout,4,1045,headon,vfield,255936c422,ok,0,0,0,0,0,0,6.2288,7.6278,2.7258,2.0438,1.555,1,1,,8450,3.54
grid2:flatNS,,,PR13_x1.5,holdout,4,1047,headon,vfield,255936c422,ok,0,0,0,0,0,0,4.3044,7.9059,2.7258,2.0438,1.555,1,1,,8450,3.52
grid2:flatNS,,,PR13_x1.5,holdout,4,1049,headon,vfield,255936c422,ok,0,0,0,0,0,0,6.8287,10.0012,2.7258,2.0438,1.555,1,1,,8450,3.53
grid2:flatNS,,,PR13_x1.5,holdout,4,1051,headon,vfield,255936c422,ok,0,0,0,0,0,0,7.3403,10.1219,2.7258,2.0438,1.555,1,1,,8450,3.52
grid2:flatNS,,,PR13_x1.5,holdout,4,1053,headon,vfield,255936c422,ok,1,0,1,0,0,0,3.1536,0.6436,2.7258,2.0438,1.555,1,1,17.03,8450,3.48
grid2:flatNS,,,PR13_x1.5,holdout,4,1055,headon,vfield,255936c422,ok,0,0,0,0,0,0,8.3141,9.2755,2.7258,2.0438,1.555,1,1,,8450,3.5
grid2:flatNS,,,PR13_x1.5,holdout,4,1057,headon,vfield,255936c422,ok,0,0,0,0,0,0,3.9604,4.6592,2.7258,2.0438,1.555,1,1,,8450,3.5
grid2:flatNS,,,PR13_x1.5,holdout,4,1059,headon,vfield,255936c422,ok,0,0,0,0,0,0,3.8184,11.0517,2.7258,2.0438,1.555,1,1,,8450,3.54
grid2:flatNS,,,PR13_x2,holdout,4,1001,headon,vfield,b63194d9fa,ok,0,0,0,0,0,0,9.471,2.9039,2.7258,2.0438,1.555,1,1,,8450,3.51
grid2:flatNS,,,PR13_x2,holdout,4,1003,headon,vfield,b63194d9fa,ok,0,0,0,0,0,0,2.4919,4.5145,2.7258,2.0438,1.555,1,1,,8450,3.5
grid2:flatNS,,,PR13_x2,holdout,4,1005,headon,vfield,b63194d9fa,ok,0,0,0,0,0,0,4.4305,10.3492,2.7258,2.0438,1.555,1,1,,8450,3.51
grid2:flatNS,,,PR13_x2,holdout,4,1007,headon,vfield,b63194d9fa,ok,0,0,0,0,0,0,8.0033,2.97,2.7258,2.0438,1.555,1,1,,8450,3.53
grid2:flatNS,,,PR13_x2,holdout,4,1009,headon,vfield,b63194d9fa,ok,0,0,0,0,0,0,5.0324,5.8628,2.7258,2.0438,1.555,1,1,,8450,3.49
grid2:flatNS,,,PR13_x2,holdout,4,1011,headon,vfield,b63194d9fa,ok,0,0,0,0,0,0,4.8419,6.9617,2.7258,2.0438,1.555,1,1,,8450,3.5
grid2:flatNS,,,PR13_x2,holdout,4,1013,headon,vfield,b63194d9fa,ok,0,0,0,0,0,0,4.3184,7.1051,2.7258,2.0438,1.555,1,1,,8450,3.51
grid2:flatNS,,,PR13_x2,holdout,4,1015,headon,vfield,b63194d9fa,ok,0,0,0,0,0,0,3.7644,4.5881,2.7258,2.0438,1.555,1,1,,8450,3.49
grid2:flatNS,,,PR13_x2,holdout,4,1017,headon,vfield,b63194d9fa,ok,0,0,0,0,0,0,6.7108,6.1611,2.7258,2.0438,1.555,1,1,,8450,3.54
grid2:flatNS,,,PR13_x2,holdout,4,1019,headon,vfield,b63194d9fa,ok,0,0,0,0,0,0,6.5677,1.9114,2.7258,2.0438,1.555,1,1,,8450,3.55
grid2:flatNS,,,PR13_x2,holdout,4,1021,headon,vfield,b63194d9fa,ok,0,0,0,0,0,0,6.833,5.0206,2.7258,2.0438,1.555,1,1,,8450,3.57
grid2:flatNS,,,PR13_x2,holdout,4,1023,headon,vfield,b63194d9fa,ok,0,0,0,0,0,0,3.4754,3.3815,2.7258,2.0438,1.555,1,1,,8450,3.48
grid2:flatNS,,,PR13_x2,holdout,4,1025,headon,vfield,b63194d9fa,ok,0,0,0,0,0,0,4.3441,6.9929,2.7258,2.0438,1.555,1,1,,8450,3.47
grid2:flatNS,,,PR13_x2,holdout,4,1027,headon,vfield,b63194d9fa,ok,0,0,0,0,0,0,6.6089,2.8942,2.7258,2.0438,1.555,1,1,,8450,3.46
grid2:flatNS,,,PR13_x2,holdout,4,1029,headon,vfield,b63194d9fa,ok,0,0,0,0,0,0,6.0799,3.0139,2.7258,2.0438,1.555,1,1,,8450,3.48
grid2:flatNS,,,PR13_x2,holdout,4,1031,headon,vfield,b63194d9fa,ok,0,0,0,0,0,0,4.9092,3.9733,2.7258,2.0438,1.555,1,1,,8450,3.46
grid2:flatNS,,,PR13_x2,holdout,4,1033,headon,vfield,b63194d9fa,ok,0,0,0,0,0,0,4.3183,6.1504,2.7258,2.0438,1.555,1,1,,8450,3.48
grid2:flatNS,,,PR13_x2,holdout,4,1035,headon,vfield,b63194d9fa,ok,0,0,0,0,0,0,4.0618,2.2901,2.7258,2.0438,1.555,1,1,,8450,3.45
grid2:flatNS,,,PR13_x2,holdout,4,1037,headon,vfield,b63194d9fa,ok,0,0,0,0,0,0,1.5079,2.6194,2.7258,2.0438,1.555,1,1,,8450,3.46
grid2:flatNS,,,PR13_x2,holdout,4,1039,headon,vfield,b63194d9fa,ok,0,0,0,0,0,0,5.5616,7.6931,2.7258,2.0438,1.555,1,1,,8450,3.6
grid2:flatNS,,,PR13_x2,holdout,4,1041,headon,vfield,b63194d9fa,ok,0,0,0,0,0,0,5.3483,8.7468,2.7258,2.0438,1.555,1,1,,8450,3.46
grid2:flatNS,,,PR13_x2,holdout,4,1043,headon,vfield,b63194d9fa,ok,0,0,0,0,0,0,6.8697,5.8188,2.7258,2.0438,1.555,1,1,,8450,3.51
grid2:flatNS,,,PR13_x2,holdout,4,1045,headon,vfield,b63194d9fa,ok,1,0,1,0,0,0,4.8671,0.4365,2.7258,2.0438,1.555,1,1,18.46,8450,3.46
grid2:flatNS,,,PR13_x2,holdout,4,1047,headon,vfield,b63194d9fa,ok,0,0,0,0,0,0,6.5787,8.1524,2.7258,2.0438,1.555,1,1,,8450,3.45
grid2:flatNS,,,PR13_x2,holdout,4,1049,headon,vfield,b63194d9fa,ok,0,0,0,0,0,0,7.2262,4.5665,2.7258,2.0438,1.555,1,1,,8450,3.45
grid2:flatNS,,,PR13_x2,holdout,4,1051,headon,vfield,b63194d9fa,ok,0,0,0,0,0,0,5.0221,5.2408,2.7258,2.0438,1.555,1,1,,8450,3.46
grid2:flatNS,,,PR13_x2,holdout,4,1053,headon,vfield,b63194d9fa,ok,0,0,0,0,0,0,5.5079,6.1823,2.7258,2.0438,1.555,1,1,,8450,3.46
grid2:flatNS,,,PR13_x2,holdout,4,1055,headon,vfield,b63194d9fa,ok,0,0,0,0,0,0,2.9223,8.7651,2.7258,2.0438,1.555,1,1,,8450,3.46
grid2:flatNS,,,PR13_x2,holdout,4,1057,headon,vfield,b63194d9fa,ok,0,0,0,0,0,0,7.2656,7.916,2.7258,2.0438,1.555,1,1,,8450,3.46
grid2:flatNS,,,PR13_x2,holdout,4,1059,headon,vfield,b63194d9fa,ok,0,0,0,0,0,0,3.2317,9.1669,2.7258,2.0438,1.555,1,1,,8450,3.48
grid2:flatNS,,,PR16_x0.5,holdout,4,1001,headon,vfield,1be55598af,ok,0,0,0,0,0,0,7.8284,7.7236,2.7258,2.0438,1.555,1,1,,8450,3.47
grid2:flatNS,,,PR16_x0.5,holdout,4,1003,headon,vfield,1be55598af,ok,0,0,0,0,0,0,8.4813,7.5833,2.7258,2.0438,1.555,1,1,,8450,3.47
grid2:flatNS,,,PR16_x0.5,holdout,4,1005,headon,vfield,1be55598af,ok,0,0,0,0,0,0,7.7513,8.7199,2.7258,2.0438,1.555,1,1,,8450,3.47
grid2:flatNS,,,PR16_x0.5,holdout,4,1007,headon,vfield,1be55598af,ok,0,0,0,0,0,0,4.2,2.1734,2.7258,2.0438,1.555,1,1,,8450,3.46
grid2:flatNS,,,PR16_x0.5,holdout,4,1009,headon,vfield,1be55598af,ok,0,0,0,0,0,0,7.327,5.9377,2.7258,2.0438,1.555,1,1,,8450,3.48
grid2:flatNS,,,PR16_x0.5,holdout,4,1011,headon,vfield,1be55598af,ok,0,0,0,0,0,0,8.0497,1.174,2.7258,2.0438,1.555,1,1,,8450,3.46
grid2:flatNS,,,PR16_x0.5,holdout,4,1013,headon,vfield,1be55598af,ok,1,0,0,0,1,0,0.96,4.2203,2.7258,2.0438,1.555,1,1,2.45,8450,3.47
grid2:flatNS,,,PR16_x0.5,holdout,4,1015,headon,vfield,1be55598af,ok,0,0,0,0,0,0,3.5816,9.8383,2.7258,2.0438,1.555,1,1,,8450,3.48
grid2:flatNS,,,PR16_x0.5,holdout,4,1017,headon,vfield,1be55598af,ok,0,0,0,0,0,0,10.2925,4.7844,2.7258,2.0438,1.555,1,1,,8450,3.5
grid2:flatNS,,,PR16_x0.5,holdout,4,1019,headon,vfield,1be55598af,ok,0,0,0,0,0,0,4.9321,5.3797,2.7258,2.0438,1.555,1,1,,8450,3.45
grid2:flatNS,,,PR16_x0.5,holdout,4,1021,headon,vfield,1be55598af,ok,0,0,0,0,0,0,8.6976,3.1822,2.7258,2.0438,1.555,1,1,,8450,3.46
grid2:flatNS,,,PR16_x0.5,holdout,4,1023,headon,vfield,1be55598af,ok,0,0,0,0,0,0,9.0147,5.7251,2.7258,2.0438,1.555,1,1,,8450,3.46
grid2:flatNS,,,PR16_x0.5,holdout,4,1025,headon,vfield,1be55598af,ok,0,0,0,0,0,0,9.8411,6.8092,2.7258,2.0438,1.555,1,1,,8450,3.45
grid2:flatNS,,,PR16_x0.5,holdout,4,1027,headon,vfield,1be55598af,ok,0,0,0,0,0,0,9.5731,7.6315,2.7258,2.0438,1.555,1,1,,8450,3.49
grid2:flatNS,,,PR16_x0.5,holdout,4,1029,headon,vfield,1be55598af,ok,0,0,0,0,0,0,10.1689,7.8733,2.7258,2.0438,1.555,1,1,,8450,3.48
grid2:flatNS,,,PR16_x0.5,holdout,4,1031,headon,vfield,1be55598af,ok,0,0,0,0,0,0,3.3577,2.0897,2.7258,2.0438,1.555,1,1,,8450,3.46
grid2:flatNS,,,PR16_x0.5,holdout,4,1033,headon,vfield,1be55598af,ok,0,0,0,0,0,0,6.5957,7.5401,2.7258,2.0438,1.555,1,1,,8450,3.48
grid2:flatNS,,,PR16_x0.5,holdout,4,1035,headon,vfield,1be55598af,ok,1,0,0,0,1,0,0.2053,2.9662,2.7258,2.0438,1.555,1,1,-0.85,8450,3.45
grid2:flatNS,,,PR16_x0.5,holdout,4,1037,headon,vfield,1be55598af,ok,0,0,0,0,0,0,8.8045,5.4351,2.7258,2.0438,1.555,1,1,,8450,3.5
grid2:flatNS,,,PR16_x0.5,holdout,4,1039,headon,vfield,1be55598af,ok,0,0,0,0,0,0,6.1186,4.5291,2.7258,2.0438,1.555,1,1,,8450,3.52
grid2:flatNS,,,PR16_x0.5,holdout,4,1041,headon,vfield,1be55598af,ok,0,0,0,0,0,0,5.6069,7.1128,2.7258,2.0438,1.555,1,1,,8450,3.49
grid2:flatNS,,,PR16_x0.5,holdout,4,1043,headon,vfield,1be55598af,ok,0,0,0,0,0,0,5.2457,4.2739,2.7258,2.0438,1.555,1,1,,8450,3.47
grid2:flatNS,,,PR16_x0.5,holdout,4,1045,headon,vfield,1be55598af,ok,0,0,0,0,0,0,9.0773,6.1151,2.7258,2.0438,1.555,1,1,,8450,3.46
grid2:flatNS,,,PR16_x0.5,holdout,4,1047,headon,vfield,1be55598af,ok,0,0,0,0,0,0,7.766,12.3,2.7258,2.0438,1.555,1,1,,8450,3.45
grid2:flatNS,,,PR16_x0.5,holdout,4,1049,headon,vfield,1be55598af,ok,0,0,0,0,0,0,7.2314,3.3064,2.7258,2.0438,1.555,1,1,,8450,3.46
grid2:flatNS,,,PR16_x0.5,holdout,4,1051,headon,vfield,1be55598af,ok,0,0,0,0,0,0,8.2921,7.2138,2.7258,2.0438,1.555,1,1,,8450,3.44
grid2:flatNS,,,PR16_x0.5,holdout,4,1053,headon,vfield,1be55598af,ok,0,0,0,0,0,0,8.324,3.6031,2.7258,2.0438,1.555,1,1,,8450,3.46
grid2:flatNS,,,PR16_x0.5,holdout,4,1055,headon,vfield,1be55598af,ok,0,0,0,0,0,0,8.1058,3.2895,2.7258,2.0438,1.555,1,1,,8450,3.45
grid2:flatNS,,,PR16_x0.5,holdout,4,1057,headon,vfield,1be55598af,ok,0,0,0,0,0,0,3.6437,6.4329,2.7258,2.0438,1.555,1,1,,8450,3.47
grid2:flatNS,,,PR16_x0.5,holdout,4,1059,headon,vfield,1be55598af,ok,0,0,0,0,0,0,10.09,6.564,2.7258,2.0438,1.555,1,1,,8450,3.46
grid2:flatNS,,,PR16_x0.75,holdout,4,1001,headon,vfield,3596327098,ok,0,0,0,0,0,0,5.508,3.7529,2.7258,2.0438,1.555,1,1,,8450,3.45
grid2:flatNS,,,PR16_x0.75,holdout,4,1003,headon,vfield,3596327098,ok,0,0,0,0,0,0,9.6029,6.6221,2.7258,2.0438,1.555,1,1,,8450,3.47
grid2:flatNS,,,PR16_x0.75,holdout,4,1005,headon,vfield,3596327098,ok,0,0,0,0,0,0,7.6983,7.7681,2.7258,2.0438,1.555,1,1,,8450,3.46
grid2:flatNS,,,PR16_x0.75,holdout,4,1007,headon,vfield,3596327098,ok,0,0,0,0,0,0,5.9576,3.3596,2.7258,2.0438,1.555,1,1,,8450,3.45
grid2:flatNS,,,PR16_x0.75,holdout,4,1009,headon,vfield,3596327098,ok,0,0,0,0,0,0,1.5304,7.2825,2.7258,2.0438,1.555,1,1,,8450,3.5
grid2:flatNS,,,PR16_x0.75,holdout,4,1011,headon,vfield,3596327098,ok,0,0,0,0,0,0,7.8073,6.6827,2.7258,2.0438,1.555,1,1,,8450,3.45
grid2:flatNS,,,PR16_x0.75,holdout,4,1013,headon,vfield,3596327098,ok,0,0,0,0,0,0,2.5692,8.3406,2.7258,2.0438,1.555,1,1,,8450,3.5
grid2:flatNS,,,PR16_x0.75,holdout,4,1015,headon,vfield,3596327098,ok,0,0,0,0,0,0,1.6251,8.0022,2.7258,2.0438,1.555,1,1,,8450,3.5
grid2:flatNS,,,PR16_x0.75,holdout,4,1017,headon,vfield,3596327098,ok,0,0,0,0,0,0,9.1087,9.3113,2.7258,2.0438,1.555,1,1,,8450,3.45
grid2:flatNS,,,PR16_x0.75,holdout,4,1019,headon,vfield,3596327098,ok,0,0,0,0,0,0,4.539,8.5041,2.7258,2.0438,1.555,1,1,,8450,3.45
grid2:flatNS,,,PR16_x0.75,holdout,4,1021,headon,vfield,3596327098,ok,0,0,0,0,0,0,4.0297,7.5646,2.7258,2.0438,1.555,1,1,,8450,3.45
grid2:flatNS,,,PR16_x0.75,holdout,4,1023,headon,vfield,3596327098,ok,0,0,0,0,0,0,9.2874,6.681,2.7258,2.0438,1.555,1,1,,8450,3.45
grid2:flatNS,,,PR16_x0.75,holdout,4,1025,headon,vfield,3596327098,ok,0,0,0,0,0,0,9.4253,10.15,2.7258,2.0438,1.555,1,1,,8450,3.46
grid2:flatNS,,,PR16_x0.75,holdout,4,1027,headon,vfield,3596327098,ok,0,0,0,0,0,0,9.1993,5.0478,2.7258,2.0438,1.555,1,1,,8450,3.45
grid2:flatNS,,,PR16_x0.75,holdout,4,1029,headon,vfield,3596327098,ok,0,0,0,0,0,0,10.8793,5.4901,2.7258,2.0438,1.555,1,1,,8450,3.45
grid2:flatNS,,,PR16_x0.75,holdout,4,1031,headon,vfield,3596327098,ok,0,0,0,0,0,0,8.9391,6.7052,2.7258,2.0438,1.555,1,1,,8450,3.47
grid2:flatNS,,,PR16_x0.75,holdout,4,1033,headon,vfield,3596327098,ok,0,0,0,0,0,0,3.4616,1.4965,2.7258,2.0438,1.555,1,1,,8450,3.44
grid2:flatNS,,,PR16_x0.75,holdout,4,1035,headon,vfield,3596327098,ok,1,0,0,0,1,0,0.6224,6.998,2.7258,2.0438,1.555,1,1,22.35,8450,3.44
grid2:flatNS,,,PR16_x0.75,holdout,4,1037,headon,vfield,3596327098,ok,1,0,1,0,0,0,9.7914,0.7216,2.7258,2.0438,1.555,1,1,15.82,8450,3.46
grid2:flatNS,,,PR16_x0.75,holdout,4,1039,headon,vfield,3596327098,ok,0,0,0,0,0,0,10.4164,4.7015,2.7258,2.0438,1.555,1,1,,8450,3.45
grid2:flatNS,,,PR16_x0.75,holdout,4,1041,headon,vfield,3596327098,ok,0,0,0,0,0,0,1.7366,4.3038,2.7258,2.0438,1.555,1,1,,8450,3.49
grid2:flatNS,,,PR16_x0.75,holdout,4,1043,headon,vfield,3596327098,ok,0,0,0,0,0,0,7.494,7.254,2.7258,2.0438,1.555,1,1,,8450,3.45
grid2:flatNS,,,PR16_x0.75,holdout,4,1045,headon,vfield,3596327098,ok,0,0,0,0,0,0,9.6679,1.2283,2.7258,2.0438,1.555,1,1,,8450,3.46
grid2:flatNS,,,PR16_x0.75,holdout,4,1047,headon,vfield,3596327098,ok,0,0,0,0,0,0,4.2551,10.1413,2.7258,2.0438,1.555,1,1,,8450,3.45
grid2:flatNS,,,PR16_x0.75,holdout,4,1049,headon,vfield,3596327098,ok,0,0,0,0,0,0,8.8447,4.1793,2.7258,2.0438,1.555,1,1,,8450,3.46
grid2:flatNS,,,PR16_x0.75,holdout,4,1051,headon,vfield,3596327098,ok,0,0,0,0,0,0,4.1704,8.4873,2.7258,2.0438,1.555,1,1,,8450,3.49
grid2:flatNS,,,PR16_x0.75,holdout,4,1053,headon,vfield,3596327098,ok,0,0,0,0,0,0,7.4945,7.7034,2.7258,2.0438,1.555,1,1,,8450,3.44
grid2:flatNS,,,PR16_x0.75,holdout,4,1055,headon,vfield,3596327098,ok,0,0,0,0,0,0,1.592,6.664,2.7258,2.0438,1.555,1,1,,8450,3.47
grid2:flatNS,,,PR16_x0.75,holdout,4,1057,headon,vfield,3596327098,ok,1,0,1,0,0,0,6.2787,0.7221,2.7258,2.0438,1.555,1,1,29.34,8450,3.44
grid2:flatNS,,,PR16_x0.75,holdout,4,1059,headon,vfield,3596327098,ok,0,0,0,0,0,0,10.5933,3.0874,2.7258,2.0438,1.555,1,1,,8450,3.45
grid2:flatNS,,,PR16_x1,holdout,4,1001,headon,vfield,7d62ada942,ok,0,0,0,0,0,0,7.8028,8.9029,2.7258,2.0438,1.555,1,1,,8450,3.46
grid2:flatNS,,,PR16_x1,holdout,4,1003,headon,vfield,7d62ada942,ok,0,0,0,0,0,0,5.2735,9.0927,2.7258,2.0438,1.555,1,1,,8450,3.49
grid2:flatNS,,,PR16_x1,holdout,4,1005,headon,vfield,7d62ada942,ok,0,0,0,0,0,0,8.3941,9.8003,2.7258,2.0438,1.555,1,1,,8450,3.46
grid2:flatNS,,,PR16_x1,holdout,4,1007,headon,vfield,7d62ada942,ok,1,0,0,0,1,0,0.5746,8.5433,2.7258,2.0438,1.555,1,1,13.45,8450,3.46
grid2:flatNS,,,PR16_x1,holdout,4,1009,headon,vfield,7d62ada942,ok,0,0,0,0,0,0,11.9219,3.9057,2.7258,2.0438,1.555,1,1,,8450,3.45
grid2:flatNS,,,PR16_x1,holdout,4,1011,headon,vfield,7d62ada942,ok,0,0,0,0,0,0,9.7278,9.0981,2.7258,2.0438,1.555,1,1,,8450,3.47
grid2:flatNS,,,PR16_x1,holdout,4,1013,headon,vfield,7d62ada942,ok,0,0,0,0,0,0,7.7664,8.1554,2.7258,2.0438,1.555,1,1,,8450,3.46
grid2:flatNS,,,PR16_x1,holdout,4,1015,headon,vfield,7d62ada942,ok,0,0,0,0,0,0,13.2718,8.4212,2.7258,2.0438,1.555,1,1,,8450,3.48
grid2:flatNS,,,PR16_x1,holdout,4,1017,headon,vfield,7d62ada942,ok,1,0,0,0,1,0,0.1075,6.0,2.7258,2.0438,1.555,1,1,34.28,8450,3.45
grid2:flatNS,,,PR16_x1,holdout,4,1019,headon,vfield,7d62ada942,ok,0,0,0,0,0,0,9.7005,1.9391,2.7258,2.0438,1.555,1,1,,8450,3.45
grid2:flatNS,,,PR16_x1,holdout,4,1021,headon,vfield,7d62ada942,ok,0,0,0,0,0,0,10.3254,6.0337,2.7258,2.0438,1.555,1,1,,8450,3.46
grid2:flatNS,,,PR16_x1,holdout,4,1023,headon,vfield,7d62ada942,ok,0,0,0,0,0,0,6.1822,2.1473,2.7258,2.0438,1.555,1,1,,8450,3.5
grid2:flatNS,,,PR16_x1,holdout,4,1025,headon,vfield,7d62ada942,ok,0,0,0,0,0,0,7.8443,12.756,2.7258,2.0438,1.555,1,1,,8450,3.47
grid2:flatNS,,,PR16_x1,holdout,4,1027,headon,vfield,7d62ada942,ok,0,0,0,0,0,0,5.3584,6.81,2.7258,2.0438,1.555,1,1,,8450,3.53
grid2:flatNS,,,PR16_x1,holdout,4,1029,headon,vfield,7d62ada942,ok,0,0,0,0,0,0,7.8516,5.5428,2.7258,2.0438,1.555,1,1,,8450,3.57
grid2:flatNS,,,PR16_x1,holdout,4,1031,headon,vfield,7d62ada942,ok,0,0,0,0,0,0,8.8229,2.4764,2.7258,2.0438,1.555,1,1,,8450,3.59
grid2:flatNS,,,PR16_x1,holdout,4,1033,headon,vfield,7d62ada942,ok,0,0,0,0,0,0,8.0438,2.8717,2.7258,2.0438,1.555,1,1,,8450,3.6
grid2:flatNS,,,PR16_x1,holdout,4,1035,headon,vfield,7d62ada942,ok,0,0,0,0,0,0,5.369,9.808,2.7258,2.0438,1.555,1,1,,8450,3.54
grid2:flatNS,,,PR16_x1,holdout,4,1037,headon,vfield,7d62ada942,ok,0,0,0,0,0,0,11.578,4.7042,2.7258,2.0438,1.555,1,1,,8450,3.51
grid2:flatNS,,,PR16_x1,holdout,4,1039,headon,vfield,7d62ada942,ok,1,0,1,0,0,0,11.5644,0.2235,2.7258,2.0438,1.555,1,1,13.55,8450,3.5
grid2:flatNS,,,PR16_x1,holdout,4,1041,headon,vfield,7d62ada942,ok,0,0,0,0,0,0,5.9508,6.8008,2.7258,2.0438,1.555,1,1,,8450,3.47
grid2:flatNS,,,PR16_x1,holdout,4,1043,headon,vfield,7d62ada942,ok,0,0,0,0,0,0,9.0214,10.1121,2.7258,2.0438,1.555,1,1,,8450,3.46
grid2:flatNS,,,PR16_x1,holdout,4,1045,headon,vfield,7d62ada942,ok,0,0,0,0,0,0,8.6713,8.6591,2.7258,2.0438,1.555,1,1,,8450,3.48
grid2:flatNS,,,PR16_x1,holdout,4,1047,headon,vfield,7d62ada942,ok,0,0,0,0,0,0,7.5683,11.4981,2.7258,2.0438,1.555,1,1,,8450,3.48
grid2:flatNS,,,PR16_x1,holdout,4,1049,headon,vfield,7d62ada942,ok,1,0,1,0,0,0,8.0744,0.2114,2.7258,2.0438,1.555,1,1,15.84,8450,3.46
grid2:flatNS,,,PR16_x1,holdout,4,1051,headon,vfield,7d62ada942,ok,0,0,0,0,0,0,8.5403,8.2552,2.7258,2.0438,1.555,1,1,,8450,3.5
grid2:flatNS,,,PR16_x1,holdout,4,1053,headon,vfield,7d62ada942,ok,0,0,0,0,0,0,10.6127,5.1457,2.7258,2.0438,1.555,1,1,,8450,3.5
grid2:flatNS,,,PR16_x1,holdout,4,1055,headon,vfield,7d62ada942,ok,0,0,0,0,0,0,10.9572,7.3345,2.7258,2.0438,1.555,1,1,,8450,3.47
grid2:flatNS,,,PR16_x1,holdout,4,1057,headon,vfield,7d62ada942,ok,0,0,0,0,0,0,7.699,9.2184,2.7258,2.0438,1.555,1,1,,8450,3.46
grid2:flatNS,,,PR16_x1,holdout,4,1059,headon,vfield,7d62ada942,ok,0,0,0,0,0,0,1.4208,4.2159,2.7258,2.0438,1.555,1,1,,8450,3.46
grid2:flatNS,,,PR16_x1.25,holdout,4,1001,headon,vfield,4db123fb9d,ok,0,0,0,0,0,0,5.3567,12.4816,2.7258,2.0438,1.555,1,1,,8450,3.47
grid2:flatNS,,,PR16_x1.25,holdout,4,1003,headon,vfield,4db123fb9d,ok,1,0,0,0,1,0,0.9477,1.484,2.7258,2.0438,1.555,1,1,30.27,8450,3.46
grid2:flatNS,,,PR16_x1.25,holdout,4,1005,headon,vfield,4db123fb9d,ok,0,0,0,0,0,0,9.5775,4.8189,2.7258,2.0438,1.555,1,1,,8450,3.46
grid2:flatNS,,,PR16_x1.25,holdout,4,1007,headon,vfield,4db123fb9d,ok,0,0,0,0,0,0,8.891,9.3959,2.7258,2.0438,1.555,1,1,,8450,3.47
grid2:flatNS,,,PR16_x1.25,holdout,4,1009,headon,vfield,4db123fb9d,ok,0,0,0,0,0,0,7.7532,3.8107,2.7258,2.0438,1.555,1,1,,8450,3.46
grid2:flatNS,,,PR16_x1.25,holdout,4,1011,headon,vfield,4db123fb9d,ok,0,0,0,0,0,0,8.6562,10.3767,2.7258,2.0438,1.555,1,1,,8450,3.48
grid2:flatNS,,,PR16_x1.25,holdout,4,1013,headon,vfield,4db123fb9d,ok,0,0,0,0,0,0,9.5694,1.5132,2.7258,2.0438,1.555,1,1,,8450,3.47
grid2:flatNS,,,PR16_x1.25,holdout,4,1015,headon,vfield,4db123fb9d,ok,0,0,0,0,0,0,8.9032,9.3447,2.7258,2.0438,1.555,1,1,,8450,3.47
grid2:flatNS,,,PR16_x1.25,holdout,4,1017,headon,vfield,4db123fb9d,ok,0,0,0,0,0,0,4.0518,12.1666,2.7258,2.0438,1.555,1,1,,8450,3.46
grid2:flatNS,,,PR16_x1.25,holdout,4,1019,headon,vfield,4db123fb9d,ok,0,0,0,0,0,0,6.4319,1.4365,2.7258,2.0438,1.555,1,1,,8450,3.47
grid2:flatNS,,,PR16_x1.25,holdout,4,1021,headon,vfield,4db123fb9d,ok,0,0,0,0,0,0,3.7976,8.7672,2.7258,2.0438,1.555,1,1,,8450,3.46
grid2:flatNS,,,PR16_x1.25,holdout,4,1023,headon,vfield,4db123fb9d,ok,0,0,0,0,0,0,7.9475,4.6376,2.7258,2.0438,1.555,1,1,,8450,3.47
grid2:flatNS,,,PR16_x1.25,holdout,4,1025,headon,vfield,4db123fb9d,ok,0,0,0,0,0,0,9.386,10.6423,2.7258,2.0438,1.555,1,1,,8450,3.46
grid2:flatNS,,,PR16_x1.25,holdout,4,1027,headon,vfield,4db123fb9d,ok,0,0,0,0,0,0,8.2983,6.1979,2.7258,2.0438,1.555,1,1,,8450,3.47
grid2:flatNS,,,PR16_x1.25,holdout,4,1029,headon,vfield,4db123fb9d,ok,0,0,0,0,0,0,9.3037,10.9732,2.7258,2.0438,1.555,1,1,,8450,3.47
grid2:flatNS,,,PR16_x1.25,holdout,4,1031,headon,vfield,4db123fb9d,ok,0,0,0,0,0,0,9.8023,4.7632,2.7258,2.0438,1.555,1,1,,8450,3.49
grid2:flatNS,,,PR16_x1.25,holdout,4,1033,headon,vfield,4db123fb9d,ok,0,0,0,0,0,0,10.9248,4.8958,2.7258,2.0438,1.555,1,1,,8450,3.48
grid2:flatNS,,,PR16_x1.25,holdout,4,1035,headon,vfield,4db123fb9d,ok,0,0,0,0,0,0,6.7917,6.306,2.7258,2.0438,1.555,1,1,,8450,3.47
grid2:flatNS,,,PR16_x1.25,holdout,4,1037,headon,vfield,4db123fb9d,ok,0,0,0,0,0,0,9.9648,7.7628,2.7258,2.0438,1.555,1,1,,8450,3.48
grid2:flatNS,,,PR16_x1.25,holdout,4,1039,headon,vfield,4db123fb9d,ok,0,0,0,0,0,0,11.5227,6.5704,2.7258,2.0438,1.555,1,1,,8450,3.5
grid2:flatNS,,,PR16_x1.25,holdout,4,1041,headon,vfield,4db123fb9d,ok,0,0,0,0,0,0,8.0962,2.1876,2.7258,2.0438,1.555,1,1,,8450,3.48
grid2:flatNS,,,PR16_x1.25,holdout,4,1043,headon,vfield,4db123fb9d,ok,0,0,0,0,0,0,10.0745,9.1562,2.7258,2.0438,1.555,1,1,,8450,3.49
grid2:flatNS,,,PR16_x1.25,holdout,4,1045,headon,vfield,4db123fb9d,ok,0,0,0,0,0,0,7.1133,9.0078,2.7258,2.0438,1.555,1,1,,8450,3.47
grid2:flatNS,,,PR16_x1.25,holdout,4,1047,headon,vfield,4db123fb9d,ok,0,0,0,0,0,0,4.8743,11.7773,2.7258,2.0438,1.555,1,1,,8450,3.46
grid2:flatNS,,,PR16_x1.25,holdout,4,1049,headon,vfield,4db123fb9d,ok,0,0,0,0,0,0,11.7603,10.6119,2.7258,2.0438,1.555,1,1,,8450,3.59
grid2:flatNS,,,PR16_x1.25,holdout,4,1051,headon,vfield,4db123fb9d,ok,0,0,0,0,0,0,5.1686,8.6414,2.7258,2.0438,1.555,1,1,,8450,3.47
grid2:flatNS,,,PR16_x1.25,holdout,4,1053,headon,vfield,4db123fb9d,ok,0,0,0,0,0,0,6.8669,3.2687,2.7258,2.0438,1.555,1,1,,8450,3.57
grid2:flatNS,,,PR16_x1.25,holdout,4,1055,headon,vfield,4db123fb9d,ok,0,0,0,0,0,0,9.0075,1.8358,2.7258,2.0438,1.555,1,1,,8450,3.53
grid2:flatNS,,,PR16_x1.25,holdout,4,1057,headon,vfield,4db123fb9d,ok,0,0,0,0,0,0,8.9882,12.4298,2.7258,2.0438,1.555,1,1,,8450,3.5
grid2:flatNS,,,PR16_x1.25,holdout,4,1059,headon,vfield,4db123fb9d,ok,0,0,0,0,0,0,7.4866,2.833,2.7258,2.0438,1.555,1,1,,8450,3.48
grid2:flatNS,,,PR16_x1.5,holdout,4,1001,headon,vfield,91042d10e0,ok,0,0,0,0,0,0,8.3685,11.6586,2.7258,2.0438,1.555,1,1,,8450,3.48
grid2:flatNS,,,PR16_x1.5,holdout,4,1003,headon,vfield,91042d10e0,ok,0,0,0,0,0,0,1.7041,10.9151,2.7258,2.0438,1.555,1,1,,8450,3.49
grid2:flatNS,,,PR16_x1.5,holdout,4,1005,headon,vfield,91042d10e0,ok,0,0,0,0,0,0,4.0533,10.1936,2.7258,2.0438,1.555,1,1,,8450,3.46
grid2:flatNS,,,PR16_x1.5,holdout,4,1007,headon,vfield,91042d10e0,ok,0,0,0,0,0,0,9.6787,6.0251,2.7258,2.0438,1.555,1,1,,8450,3.5
grid2:flatNS,,,PR16_x1.5,holdout,4,1009,headon,vfield,91042d10e0,ok,0,0,0,0,0,0,8.2691,8.2979,2.7258,2.0438,1.555,1,1,,8450,3.49
grid2:flatNS,,,PR16_x1.5,holdout,4,1011,headon,vfield,91042d10e0,ok,0,0,0,0,0,0,10.0981,10.5125,2.7258,2.0438,1.555,1,1,,8450,3.47
grid2:flatNS,,,PR16_x1.5,holdout,4,1013,headon,vfield,91042d10e0,ok,0,0,0,0,0,0,10.4599,5.1618,2.7258,2.0438,1.555,1,1,,8450,3.47
grid2:flatNS,,,PR16_x1.5,holdout,4,1015,headon,vfield,91042d10e0,ok,0,0,0,0,0,0,7.4329,2.7417,2.7258,2.0438,1.555,1,1,,8450,3.47
grid2:flatNS,,,PR16_x1.5,holdout,4,1017,headon,vfield,91042d10e0,ok,0,0,0,0,0,0,11.8818,7.4633,2.7258,2.0438,1.555,1,1,,8450,3.49
grid2:flatNS,,,PR16_x1.5,holdout,4,1019,headon,vfield,91042d10e0,ok,1,0,0,1,0,0,0.7393,1.504,2.7258,2.0438,1.555,1,1,42.52,8450,3.49
grid2:flatNS,,,PR16_x1.5,holdout,4,1021,headon,vfield,91042d10e0,ok,0,0,0,0,0,0,9.0071,12.2875,2.7258,2.0438,1.555,1,1,,8450,3.46
grid2:flatNS,,,PR16_x1.5,holdout,4,1023,headon,vfield,91042d10e0,ok,0,0,0,0,0,0,6.3246,7.5786,2.7258,2.0438,1.555,1,1,,8450,3.49
grid2:flatNS,,,PR16_x1.5,holdout,4,1025,headon,vfield,91042d10e0,ok,0,0,0,0,0,0,11.1609,2.7001,2.7258,2.0438,1.555,1,1,,8450,3.45
grid2:flatNS,,,PR16_x1.5,holdout,4,1027,headon,vfield,91042d10e0,ok,0,0,0,0,0,0,10.064,6.9281,2.7258,2.0438,1.555,1,1,,8450,3.46
grid2:flatNS,,,PR16_x1.5,holdout,4,1029,headon,vfield,91042d10e0,ok,0,0,0,0,0,0,7.4923,5.7554,2.7258,2.0438,1.555,1,1,,8450,3.47
grid2:flatNS,,,PR16_x1.5,holdout,4,1031,headon,vfield,91042d10e0,ok,0,0,0,0,0,0,6.0509,8.3575,2.7258,2.0438,1.555,1,1,,8450,3.46
grid2:flatNS,,,PR16_x1.5,holdout,4,1033,headon,vfield,91042d10e0,ok,0,0,0,0,0,0,7.4428,4.2558,2.7258,2.0438,1.555,1,1,,8450,3.49
grid2:flatNS,,,PR16_x1.5,holdout,4,1035,headon,vfield,91042d10e0,ok,0,0,0,0,0,0,9.9584,9.6861,2.7258,2.0438,1.555,1,1,,8450,3.49
grid2:flatNS,,,PR16_x1.5,holdout,4,1037,headon,vfield,91042d10e0,ok,0,0,0,0,0,0,3.5436,10.8888,2.7258,2.0438,1.555,1,1,,8450,3.47
grid2:flatNS,,,PR16_x1.5,holdout,4,1039,headon,vfield,91042d10e0,ok,0,0,0,0,0,0,9.7061,3.3937,2.7258,2.0438,1.555,1,1,,8450,3.47
grid2:flatNS,,,PR16_x1.5,holdout,4,1041,headon,vfield,91042d10e0,ok,0,0,0,0,0,0,8.6642,2.7475,2.7258,2.0438,1.555,1,1,,8450,3.48
grid2:flatNS,,,PR16_x1.5,holdout,4,1043,headon,vfield,91042d10e0,ok,0,0,0,0,0,0,3.8362,10.5776,2.7258,2.0438,1.555,1,1,,8450,3.48
grid2:flatNS,,,PR16_x1.5,holdout,4,1045,headon,vfield,91042d10e0,ok,0,0,0,0,0,0,8.9578,4.5957,2.7258,2.0438,1.555,1,1,,8450,3.46
grid2:flatNS,,,PR16_x1.5,holdout,4,1047,headon,vfield,91042d10e0,ok,0,0,0,0,0,0,3.7302,6.0551,2.7258,2.0438,1.555,1,1,,8450,3.46
grid2:flatNS,,,PR16_x1.5,holdout,4,1049,headon,vfield,91042d10e0,ok,0,0,0,0,0,0,10.6126,11.9552,2.7258,2.0438,1.555,1,1,,8450,3.49
grid2:flatNS,,,PR16_x1.5,holdout,4,1051,headon,vfield,91042d10e0,ok,0,0,0,0,0,0,6.0518,10.4243,2.7258,2.0438,1.555,1,1,,8450,3.47
grid2:flatNS,,,PR16_x1.5,holdout,4,1053,headon,vfield,91042d10e0,ok,0,0,0,0,0,0,6.6428,3.116,2.7258,2.0438,1.555,1,1,,8450,3.48
grid2:flatNS,,,PR16_x1.5,holdout,4,1055,headon,vfield,91042d10e0,ok,0,0,0,0,0,0,5.2615,2.0425,2.7258,2.0438,1.555,1,1,,8450,3.46
grid2:flatNS,,,PR16_x1.5,holdout,4,1057,headon,vfield,91042d10e0,ok,0,0,0,0,0,0,3.1077,10.5219,2.7258,2.0438,1.555,1,1,,8450,3.47
grid2:flatNS,,,PR16_x1.5,holdout,4,1059,headon,vfield,91042d10e0,ok,0,0,0,0,0,0,2.8824,12.2038,2.7258,2.0438,1.555,1,1,,8450,3.46
grid2:flatNS,,,PR16_x2,holdout,4,1001,headon,vfield,5c59a2c453,ok,0,0,0,0,0,0,10.5852,3.6658,2.7258,2.0438,1.555,1,1,,8450,3.46
grid2:flatNS,,,PR16_x2,holdout,4,1003,headon,vfield,5c59a2c453,ok,0,0,0,0,0,0,7.9474,2.7656,2.7258,2.0438,1.555,1,1,,8450,3.47
grid2:flatNS,,,PR16_x2,holdout,4,1005,headon,vfield,5c59a2c453,ok,0,0,0,0,0,0,8.0482,9.9849,2.7258,2.0438,1.555,1,1,,8450,3.5
grid2:flatNS,,,PR16_x2,holdout,4,1007,headon,vfield,5c59a2c453,ok,0,0,0,0,0,0,9.6517,8.3336,2.7258,2.0438,1.555,1,1,,8450,3.46
grid2:flatNS,,,PR16_x2,holdout,4,1009,headon,vfield,5c59a2c453,ok,0,0,0,0,0,0,10.2457,1.085,2.7258,2.0438,1.555,1,1,,8450,3.47
grid2:flatNS,,,PR16_x2,holdout,4,1011,headon,vfield,5c59a2c453,ok,0,0,0,0,0,0,7.3555,4.8437,2.7258,2.0438,1.555,1,1,,8450,3.72
grid2:flatNS,,,PR16_x2,holdout,4,1013,headon,vfield,5c59a2c453,ok,1,0,1,0,0,0,10.0005,0.3655,2.7258,2.0438,1.555,1,1,24.38,8450,3.47
grid2:flatNS,,,PR16_x2,holdout,4,1015,headon,vfield,5c59a2c453,ok,0,0,0,0,0,0,7.2503,8.4266,2.7258,2.0438,1.555,1,1,,8450,3.46
grid2:flatNS,,,PR16_x2,holdout,4,1017,headon,vfield,5c59a2c453,ok,0,0,0,0,0,0,7.2916,8.302,2.7258,2.0438,1.555,1,1,,8450,3.9
grid2:flatNS,,,PR16_x2,holdout,4,1019,headon,vfield,5c59a2c453,ok,1,0,1,0,0,0,9.589,0.661,2.7258,2.0438,1.555,1,1,24.59,8450,3.47
grid2:flatNS,,,PR16_x2,holdout,4,1021,headon,vfield,5c59a2c453,ok,0,0,0,0,0,0,11.6455,5.6511,2.7258,2.0438,1.555,1,1,,8450,3.46
grid2:flatNS,,,PR16_x2,holdout,4,1023,headon,vfield,5c59a2c453,ok,0,0,0,0,0,0,9.5487,4.5752,2.7258,2.0438,1.555,1,1,,8450,3.47
grid2:flatNS,,,PR16_x2,holdout,4,1025,headon,vfield,5c59a2c453,ok,0,0,0,0,0,0,8.4764,2.178,2.7258,2.0438,1.555,1,1,,8450,3.68
grid2:flatNS,,,PR16_x2,holdout,4,1027,headon,vfield,5c59a2c453,ok,0,0,0,0,0,0,7.6687,8.1486,2.7258,2.0438,1.555,1,1,,8450,3.47
grid2:flatNS,,,PR16_x2,holdout,4,1029,headon,vfield,5c59a2c453,ok,0,0,0,0,0,0,6.3584,9.531,2.7258,2.0438,1.555,1,1,,8450,3.47
grid2:flatNS,,,PR16_x2,holdout,4,1031,headon,vfield,5c59a2c453,ok,0,0,0,0,0,0,5.6642,8.6241,2.7258,2.0438,1.555,1,1,,8450,3.47
grid2:flatNS,,,PR16_x2,holdout,4,1033,headon,vfield,5c59a2c453,ok,0,0,0,0,0,0,9.9769,6.4523,2.7258,2.0438,1.555,1,1,,8450,3.5
grid2:flatNS,,,PR16_x2,holdout,4,1035,headon,vfield,5c59a2c453,ok,0,0,0,0,0,0,10.1335,10.8686,2.7258,2.0438,1.555,1,1,,8450,3.46
grid2:flatNS,,,PR16_x2,holdout,4,1037,headon,vfield,5c59a2c453,ok,1,0,1,0,0,0,6.1255,0.3104,2.7258,2.0438,1.555,1,1,16.46,8450,3.46
grid2:flatNS,,,PR16_x2,holdout,4,1039,headon,vfield,5c59a2c453,ok,0,0,0,0,0,0,6.9509,6.612,2.7258,2.0438,1.555,1,1,,8450,3.48
grid2:flatNS,,,PR16_x2,holdout,4,1041,headon,vfield,5c59a2c453,ok,0,0,0,0,0,0,6.6977,6.0979,2.7258,2.0438,1.555,1,1,,8450,3.45
grid2:flatNS,,,PR16_x2,holdout,4,1043,headon,vfield,5c59a2c453,ok,0,0,0,0,0,0,10.3795,2.3385,2.7258,2.0438,1.555,1,1,,8450,3.47
grid2:flatNS,,,PR16_x2,holdout,4,1045,headon,vfield,5c59a2c453,ok,0,0,0,0,0,0,7.8011,4.8924,2.7258,2.0438,1.555,1,1,,8450,3.5
grid2:flatNS,,,PR16_x2,holdout,4,1047,headon,vfield,5c59a2c453,ok,0,0,0,0,0,0,5.9358,1.912,2.7258,2.0438,1.555,1,1,,8450,3.46
grid2:flatNS,,,PR16_x2,holdout,4,1049,headon,vfield,5c59a2c453,ok,0,0,0,0,0,0,13.0915,1.1801,2.7258,2.0438,1.555,1,1,,8450,3.5
grid2:flatNS,,,PR16_x2,holdout,4,1051,headon,vfield,5c59a2c453,ok,0,0,0,0,0,0,7.4839,8.8867,2.7258,2.0438,1.555,1,1,,8450,3.47
grid2:flatNS,,,PR16_x2,holdout,4,1053,headon,vfield,5c59a2c453,ok,0,0,0,0,0,0,6.5856,2.492,2.7258,2.0438,1.555,1,1,,8450,3.5
grid2:flatNS,,,PR16_x2,holdout,4,1055,headon,vfield,5c59a2c453,ok,0,0,0,0,0,0,7.941,9.2593,2.7258,2.0438,1.555,1,1,,8450,3.47
grid2:flatNS,,,PR16_x2,holdout,4,1057,headon,vfield,5c59a2c453,ok,0,0,0,0,0,0,12.0911,8.7116,2.7258,2.0438,1.555,1,1,,8450,3.46
grid2:flatNS,,,PR16_x2,holdout,4,1059,headon,vfield,5c59a2c453,ok,0,0,0,0,0,0,9.4863,9.3995,2.7258,2.0438,1.555,1,1,,8450,3.49
grid2:flatNS,,,PR20_x0.5,holdout,4,1001,headon,vfield,f95da98501,ok,0,0,0,0,0,0,10.0468,8.8505,2.7258,2.0438,1.555,1,1,,8450,3.46
grid2:flatNS,,,PR20_x0.5,holdout,4,1003,headon,vfield,f95da98501,ok,0,0,0,0,0,0,10.916,7.657,2.7258,2.0438,1.555,1,1,,8450,3.47
grid2:flatNS,,,PR20_x0.5,holdout,4,1005,headon,vfield,f95da98501,ok,0,0,0,0,0,0,10.6389,9.0385,2.7258,2.0438,1.555,1,1,,8450,3.48
grid2:flatNS,,,PR20_x0.5,holdout,4,1007,headon,vfield,f95da98501,ok,0,0,0,0,0,0,1.6014,5.9446,2.7258,2.0438,1.555,1,1,,8450,3.47
grid2:flatNS,,,PR20_x0.5,holdout,4,1009,headon,vfield,f95da98501,ok,0,0,0,0,0,0,4.6546,6.2664,2.7258,2.0438,1.555,1,1,,8450,3.45
grid2:flatNS,,,PR20_x0.5,holdout,4,1011,headon,vfield,f95da98501,ok,0,0,0,0,0,0,8.2949,5.0413,2.7258,2.0438,1.555,1,1,,8450,3.46
grid2:flatNS,,,PR20_x0.5,holdout,4,1013,headon,vfield,f95da98501,ok,0,0,0,0,0,0,9.1328,7.8938,2.7258,2.0438,1.555,1,1,,8450,3.46
grid2:flatNS,,,PR20_x0.5,holdout,4,1015,headon,vfield,f95da98501,ok,0,0,0,0,0,0,5.7929,11.3284,2.7258,2.0438,1.555,1,1,,8450,3.49
grid2:flatNS,,,PR20_x0.5,holdout,4,1017,headon,vfield,f95da98501,ok,0,0,0,0,0,0,13.1577,9.3936,2.7258,2.0438,1.555,1,1,,8450,3.47
grid2:flatNS,,,PR20_x0.5,holdout,4,1019,headon,vfield,f95da98501,ok,1,0,1,0,0,0,10.379,0.8143,2.7258,2.0438,1.555,1,1,12.72,8450,3.5
grid2:flatNS,,,PR20_x0.5,holdout,4,1021,headon,vfield,f95da98501,ok,0,0,0,0,0,0,3.8895,5.117,2.7258,2.0438,1.555,1,1,,8450,3.52
grid2:flatNS,,,PR20_x0.5,holdout,4,1023,headon,vfield,f95da98501,ok,0,0,0,0,0,0,8.8237,5.4718,2.7258,2.0438,1.555,1,1,,8450,3.53
grid2:flatNS,,,PR20_x0.5,holdout,4,1025,headon,vfield,f95da98501,ok,0,0,0,0,0,0,10.2293,10.3097,2.7258,2.0438,1.555,1,1,,8450,3.48
grid2:flatNS,,,PR20_x0.5,holdout,4,1027,headon,vfield,f95da98501,ok,0,0,0,0,0,0,13.1907,9.6572,2.7258,2.0438,1.555,1,1,,8450,3.45
grid2:flatNS,,,PR20_x0.5,holdout,4,1029,headon,vfield,f95da98501,ok,1,0,1,0,0,0,7.536,0.2563,2.7258,2.0438,1.555,1,1,15.65,8450,3.45
grid2:flatNS,,,PR20_x0.5,holdout,4,1031,headon,vfield,f95da98501,ok,0,0,0,0,0,0,10.3431,7.4482,2.7258,2.0438,1.555,1,1,,8450,3.48
grid2:flatNS,,,PR20_x0.5,holdout,4,1033,headon,vfield,f95da98501,ok,0,0,0,0,0,0,7.3518,11.9158,2.7258,2.0438,1.555,1,1,,8450,3.46
grid2:flatNS,,,PR20_x0.5,holdout,4,1035,headon,vfield,f95da98501,ok,0,0,0,0,0,0,11.2582,3.715,2.7258,2.0438,1.555,1,1,,8450,3.49
grid2:flatNS,,,PR20_x0.5,holdout,4,1037,headon,vfield,f95da98501,ok,0,0,0,0,0,0,11.3918,1.2887,2.7258,2.0438,1.555,1,1,,8450,3.46
grid2:flatNS,,,PR20_x0.5,holdout,4,1039,headon,vfield,f95da98501,ok,0,0,0,0,0,0,7.5021,4.8472,2.7258,2.0438,1.555,1,1,,8450,3.46
grid2:flatNS,,,PR20_x0.5,holdout,4,1041,headon,vfield,f95da98501,ok,0,0,0,0,0,0,1.649,7.5983,2.7258,2.0438,1.555,1,1,,8450,3.46
grid2:flatNS,,,PR20_x0.5,holdout,4,1043,headon,vfield,f95da98501,ok,0,0,0,0,0,0,8.2718,1.0663,2.7258,2.0438,1.555,1,1,,8450,3.46
grid2:flatNS,,,PR20_x0.5,holdout,4,1045,headon,vfield,f95da98501,ok,0,0,0,0,0,0,10.926,6.2068,2.7258,2.0438,1.555,1,1,,8450,3.47
grid2:flatNS,,,PR20_x0.5,holdout,4,1047,headon,vfield,f95da98501,ok,0,0,0,0,0,0,10.2385,12.7337,2.7258,2.0438,1.555,1,1,,8450,3.48
grid2:flatNS,,,PR20_x0.5,holdout,4,1049,headon,vfield,f95da98501,ok,0,0,0,0,0,0,10.3927,3.8543,2.7258,2.0438,1.555,1,1,,8450,3.47
grid2:flatNS,,,PR20_x0.5,holdout,4,1051,headon,vfield,f95da98501,ok,0,0,0,0,0,0,10.9779,10.5047,2.7258,2.0438,1.555,1,1,,8450,3.49
grid2:flatNS,,,PR20_x0.5,holdout,4,1053,headon,vfield,f95da98501,ok,0,0,0,0,0,0,4.2843,3.0067,2.7258,2.0438,1.555,1,1,,8450,3.48
grid2:flatNS,,,PR20_x0.5,holdout,4,1055,headon,vfield,f95da98501,ok,0,0,0,0,0,0,10.8132,6.0833,2.7258,2.0438,1.555,1,1,,8450,3.46
grid2:flatNS,,,PR20_x0.5,holdout,4,1057,headon,vfield,f95da98501,ok,0,0,0,0,0,0,10.5621,5.6918,2.7258,2.0438,1.555,1,1,,8450,3.48
grid2:flatNS,,,PR20_x0.5,holdout,4,1059,headon,vfield,f95da98501,ok,0,0,0,0,0,0,7.906,7.4527,2.7258,2.0438,1.555,1,1,,8450,3.48
grid2:flatNS,,,PR20_x0.75,holdout,4,1001,headon,vfield,2a82301c38,ok,0,0,0,0,0,0,9.3762,8.7849,2.7258,2.0438,1.555,1,1,,8450,3.46
grid2:flatNS,,,PR20_x0.75,holdout,4,1003,headon,vfield,2a82301c38,ok,0,0,0,0,0,0,14.3652,6.1416,2.7258,2.0438,1.555,1,1,,8450,3.46
grid2:flatNS,,,PR20_x0.75,holdout,4,1005,headon,vfield,2a82301c38,ok,0,0,0,0,0,0,9.757,8.2936,2.7258,2.0438,1.555,1,1,,8450,3.45
grid2:flatNS,,,PR20_x0.75,holdout,4,1007,headon,vfield,2a82301c38,ok,0,0,0,0,0,0,10.4817,8.8132,2.7258,2.0438,1.555,1,1,,8450,3.47
grid2:flatNS,,,PR20_x0.75,holdout,4,1009,headon,vfield,2a82301c38,ok,0,0,0,0,0,0,10.0824,8.5571,2.7258,2.0438,1.555,1,1,,8450,3.46
grid2:flatNS,,,PR20_x0.75,holdout,4,1011,headon,vfield,2a82301c38,ok,0,0,0,0,0,0,3.1392,5.7564,2.7258,2.0438,1.555,1,1,,8450,3.45
grid2:flatNS,,,PR20_x0.75,holdout,4,1013,headon,vfield,2a82301c38,ok,0,0,0,0,0,0,9.6281,8.5256,2.7258,2.0438,1.555,1,1,,8450,3.47
grid2:flatNS,,,PR20_x0.75,holdout,4,1015,headon,vfield,2a82301c38,ok,0,0,0,0,0,0,11.7476,12.6504,2.7258,2.0438,1.555,1,1,,8450,3.44
grid2:flatNS,,,PR20_x0.75,holdout,4,1017,headon,vfield,2a82301c38,ok,0,0,0,0,0,0,12.008,10.7791,2.7258,2.0438,1.555,1,1,,8450,3.46
grid2:flatNS,,,PR20_x0.75,holdout,4,1019,headon,vfield,2a82301c38,ok,0,0,0,0,0,0,8.0407,8.5253,2.7258,2.0438,1.555,1,1,,8450,3.46
grid2:flatNS,,,PR20_x0.75,holdout,4,1021,headon,vfield,2a82301c38,ok,0,0,0,0,0,0,2.1788,16.9884,2.7258,2.0438,1.555,1,1,,8450,3.46
grid2:flatNS,,,PR20_x0.75,holdout,4,1023,headon,vfield,2a82301c38,ok,0,0,0,0,0,0,9.6381,2.0943,2.7258,2.0438,1.555,1,1,,8450,3.49
grid2:flatNS,,,PR20_x0.75,holdout,4,1025,headon,vfield,2a82301c38,ok,0,0,0,0,0,0,14.5205,6.2386,2.7258,2.0438,1.555,1,1,,8450,3.47
grid2:flatNS,,,PR20_x0.75,holdout,4,1027,headon,vfield,2a82301c38,ok,0,0,0,0,0,0,10.7966,15.6072,2.7258,2.0438,1.555,1,1,,8450,3.46
grid2:flatNS,,,PR20_x0.75,holdout,4,1029,headon,vfield,2a82301c38,ok,0,0,0,0,0,0,9.2945,8.9409,2.7258,2.0438,1.555,1,1,,8450,3.46
grid2:flatNS,,,PR20_x0.75,holdout,4,1031,headon,vfield,2a82301c38,ok,0,0,0,0,0,0,10.476,8.1426,2.7258,2.0438,1.555,1,1,,8450,3.45
grid2:flatNS,,,PR20_x0.75,holdout,4,1033,headon,vfield,2a82301c38,ok,0,0,0,0,0,0,7.3001,12.354,2.7258,2.0438,1.555,1,1,,8450,3.49
grid2:flatNS,,,PR20_x0.75,holdout,4,1035,headon,vfield,2a82301c38,ok,0,0,0,0,0,0,8.497,9.6074,2.7258,2.0438,1.555,1,1,,8450,3.47
grid2:flatNS,,,PR20_x0.75,holdout,4,1037,headon,vfield,2a82301c38,ok,0,0,0,0,0,0,12.409,4.0856,2.7258,2.0438,1.555,1,1,,8450,3.46
grid2:flatNS,,,PR20_x0.75,holdout,4,1039,headon,vfield,2a82301c38,ok,0,0,0,0,0,0,12.0495,8.0891,2.7258,2.0438,1.555,1,1,,8450,3.48
grid2:flatNS,,,PR20_x0.75,holdout,4,1041,headon,vfield,2a82301c38,ok,0,0,0,0,0,0,6.2374,5.1743,2.7258,2.0438,1.555,1,1,,8450,3.44
grid2:flatNS,,,PR20_x0.75,holdout,4,1043,headon,vfield,2a82301c38,ok,0,0,0,0,0,0,11.9412,11.3047,2.7258,2.0438,1.555,1,1,,8450,3.47
grid2:flatNS,,,PR20_x0.75,holdout,4,1045,headon,vfield,2a82301c38,ok,0,0,0,0,0,0,2.1031,6.5325,2.7258,2.0438,1.555,1,1,,8450,3.45
grid2:flatNS,,,PR20_x0.75,holdout,4,1047,headon,vfield,2a82301c38,ok,0,0,0,0,0,0,9.4539,15.498,2.7258,2.0438,1.555,1,1,,8450,3.49
grid2:flatNS,,,PR20_x0.75,holdout,4,1049,headon,vfield,2a82301c38,ok,0,0,0,0,0,0,7.236,9.0928,2.7258,2.0438,1.555,1,1,,8450,3.48
grid2:flatNS,,,PR20_x0.75,holdout,4,1051,headon,vfield,2a82301c38,ok,0,0,0,0,0,0,10.3008,13.2792,2.7258,2.0438,1.555,1,1,,8450,3.48
grid2:flatNS,,,PR20_x0.75,holdout,4,1053,headon,vfield,2a82301c38,ok,0,0,0,0,0,0,9.3532,1.2891,2.7258,2.0438,1.555,1,1,,8450,3.49
grid2:flatNS,,,PR20_x0.75,holdout,4,1055,headon,vfield,2a82301c38,ok,0,0,0,0,0,0,4.5747,5.0343,2.7258,2.0438,1.555,1,1,,8450,3.53
grid2:flatNS,,,PR20_x0.75,holdout,4,1057,headon,vfield,2a82301c38,ok,0,0,0,0,0,0,12.2715,8.6571,2.7258,2.0438,1.555,1,1,,8450,3.63
grid2:flatNS,,,PR20_x0.75,holdout,4,1059,headon,vfield,2a82301c38,ok,0,0,0,0,0,0,9.5428,3.6962,2.7258,2.0438,1.555,1,1,,8450,3.49
grid2:flatNS,,,PR20_x1,holdout,4,1001,headon,vfield,9cc9bba8e8,ok,0,0,0,0,0,0,5.943,12.4816,2.7258,2.0438,1.555,1,1,,8450,3.53
grid2:flatNS,,,PR20_x1,holdout,4,1003,headon,vfield,9cc9bba8e8,ok,0,0,0,0,0,0,8.4544,11.3663,2.7258,2.0438,1.555,1,1,,8450,3.5
grid2:flatNS,,,PR20_x1,holdout,4,1005,headon,vfield,9cc9bba8e8,ok,0,0,0,0,0,0,8.0891,8.7434,2.7258,2.0438,1.555,1,1,,8450,3.5
grid2:flatNS,,,PR20_x1,holdout,4,1007,headon,vfield,9cc9bba8e8,ok,0,0,0,0,0,0,14.5745,6.5253,2.7258,2.0438,1.555,1,1,,8450,3.53
grid2:flatNS,,,PR20_x1,holdout,4,1009,headon,vfield,9cc9bba8e8,ok,0,0,0,0,0,0,12.6451,8.9654,2.7258,2.0438,1.555,1,1,,8450,3.5
grid2:flatNS,,,PR20_x1,holdout,4,1011,headon,vfield,9cc9bba8e8,ok,0,0,0,0,0,0,10.0471,5.3212,2.7258,2.0438,1.555,1,1,,8450,3.47
grid2:flatNS,,,PR20_x1,holdout,4,1013,headon,vfield,9cc9bba8e8,ok,0,0,0,0,0,0,6.245,8.9124,2.7258,2.0438,1.555,1,1,,8450,3.47
grid2:flatNS,,,PR20_x1,holdout,4,1015,headon,vfield,9cc9bba8e8,ok,0,0,0,0,0,0,12.7894,9.0322,2.7258,2.0438,1.555,1,1,,8450,3.46
grid2:flatNS,,,PR20_x1,holdout,4,1017,headon,vfield,9cc9bba8e8,ok,0,0,0,0,0,0,13.3237,13.9852,2.7258,2.0438,1.555,1,1,,8450,3.64
grid2:flatNS,,,PR20_x1,holdout,4,1019,headon,vfield,9cc9bba8e8,ok,0,0,0,0,0,0,8.8543,9.331,2.7258,2.0438,1.555,1,1,,8450,3.54
grid2:flatNS,,,PR20_x1,holdout,4,1021,headon,vfield,9cc9bba8e8,ok,0,0,0,0,0,0,13.2885,10.7584,2.7258,2.0438,1.555,1,1,,8450,3.63
grid2:flatNS,,,PR20_x1,holdout,4,1023,headon,vfield,9cc9bba8e8,ok,0,0,0,0,0,0,11.2632,7.7784,2.7258,2.0438,1.555,1,1,,8450,3.67
grid2:flatNS,,,PR20_x1,holdout,4,1025,headon,vfield,9cc9bba8e8,ok,0,0,0,0,0,0,11.7591,14.365,2.7258,2.0438,1.555,1,1,,8450,3.61
grid2:flatNS,,,PR20_x1,holdout,4,1027,headon,vfield,9cc9bba8e8,ok,0,0,0,0,0,0,11.5392,7.2183,2.7258,2.0438,1.555,1,1,,8450,3.57
grid2:flatNS,,,PR20_x1,holdout,4,1029,headon,vfield,9cc9bba8e8,ok,0,0,0,0,0,0,10.621,13.6866,2.7258,2.0438,1.555,1,1,,8450,3.48
grid2:flatNS,,,PR20_x1,holdout,4,1031,headon,vfield,9cc9bba8e8,ok,1,0,0,1,0,0,0.5278,8.2504,2.7258,2.0438,1.555,1,1,8.58,8450,3.51
grid2:flatNS,,,PR20_x1,holdout,4,1033,headon,vfield,9cc9bba8e8,ok,0,0,0,0,0,0,13.4085,4.9371,2.7258,2.0438,1.555,1,1,,8450,3.5
grid2:flatNS,,,PR20_x1,holdout,4,1035,headon,vfield,9cc9bba8e8,ok,0,0,0,0,0,0,11.2856,8.593,2.7258,2.0438,1.555,1,1,,8450,3.5
grid2:flatNS,,,PR20_x1,holdout,4,1037,headon,vfield,9cc9bba8e8,ok,0,0,0,0,0,0,8.2751,11.8211,2.7258,2.0438,1.555,1,1,,8450,3.48
grid2:flatNS,,,PR20_x1,holdout,4,1039,headon,vfield,9cc9bba8e8,ok,0,0,0,0,0,0,11.9136,8.8426,2.7258,2.0438,1.555,1,1,,8450,3.46
grid2:flatNS,,,PR20_x1,holdout,4,1041,headon,vfield,9cc9bba8e8,ok,0,0,0,0,0,0,7.7311,8.7192,2.7258,2.0438,1.555,1,1,,8450,3.48
grid2:flatNS,,,PR20_x1,holdout,4,1043,headon,vfield,9cc9bba8e8,ok,0,0,0,0,0,0,8.6064,14.3036,2.7258,2.0438,1.555,1,1,,8450,3.46
grid2:flatNS,,,PR20_x1,holdout,4,1045,headon,vfield,9cc9bba8e8,ok,0,0,0,0,0,0,10.9277,9.0078,2.7258,2.0438,1.555,1,1,,8450,3.46
grid2:flatNS,,,PR20_x1,holdout,4,1047,headon,vfield,9cc9bba8e8,ok,0,0,0,0,0,0,10.5678,15.1364,2.7258,2.0438,1.555,1,1,,8450,3.47
grid2:flatNS,,,PR20_x1,holdout,4,1049,headon,vfield,9cc9bba8e8,ok,1,0,1,0,0,0,14.7541,0.4669,2.7258,2.0438,1.555,1,1,12.77,8450,3.5
grid2:flatNS,,,PR20_x1,holdout,4,1051,headon,vfield,9cc9bba8e8,ok,0,0,0,0,0,0,7.7408,14.7058,2.7258,2.0438,1.555,1,1,,8450,3.45
grid2:flatNS,,,PR20_x1,holdout,4,1053,headon,vfield,9cc9bba8e8,ok,0,0,0,0,0,0,8.5337,8.0458,2.7258,2.0438,1.555,1,1,,8450,3.44
grid2:flatNS,,,PR20_x1,holdout,4,1055,headon,vfield,9cc9bba8e8,ok,0,0,0,0,0,0,8.8102,7.243,2.7258,2.0438,1.555,1,1,,8450,3.51
grid2:flatNS,,,PR20_x1,holdout,4,1057,headon,vfield,9cc9bba8e8,ok,0,0,0,0,0,0,10.2889,12.4298,2.7258,2.0438,1.555,1,1,,8450,3.51
grid2:flatNS,,,PR20_x1,holdout,4,1059,headon,vfield,9cc9bba8e8,ok,0,0,0,0,0,0,10.4202,11.7124,2.7258,2.0438,1.555,1,1,,8450,3.49
grid2:flatNS,,,PR20_x1.25,holdout,4,1001,headon,vfield,b04e8d1fa1,ok,0,0,0,0,0,0,7.4157,13.5498,2.7258,2.0438,1.555,1,1,,8450,3.49
grid2:flatNS,,,PR20_x1.25,holdout,4,1003,headon,vfield,b04e8d1fa1,ok,0,0,0,0,0,0,10.5331,6.9023,2.7258,2.0438,1.555,1,1,,8450,3.53
grid2:flatNS,,,PR20_x1.25,holdout,4,1005,headon,vfield,b04e8d1fa1,ok,0,0,0,0,0,0,12.885,10.7607,2.7258,2.0438,1.555,1,1,,8450,3.49
grid2:flatNS,,,PR20_x1.25,holdout,4,1007,headon,vfield,b04e8d1fa1,ok,0,0,0,0,0,0,12.8898,8.3708,2.7258,2.0438,1.555,1,1,,8450,3.47
grid2:flatNS,,,PR20_x1.25,holdout,4,1009,headon,vfield,b04e8d1fa1,ok,0,0,0,0,0,0,15.0878,9.4644,2.7258,2.0438,1.555,1,1,,8450,3.49
grid2:flatNS,,,PR20_x1.25,holdout,4,1011,headon,vfield,b04e8d1fa1,ok,0,0,0,0,0,0,12.7431,11.0187,2.7258,2.0438,1.555,1,1,,8450,3.5
grid2:flatNS,,,PR20_x1.25,holdout,4,1013,headon,vfield,b04e8d1fa1,ok,0,0,0,0,0,0,8.1155,9.3862,2.7258,2.0438,1.555,1,1,,8450,3.46
grid2:flatNS,,,PR20_x1.25,holdout,4,1015,headon,vfield,b04e8d1fa1,ok,0,0,0,0,0,0,11.4617,9.8421,2.7258,2.0438,1.555,1,1,,8450,3.58
grid2:flatNS,,,PR20_x1.25,holdout,4,1017,headon,vfield,b04e8d1fa1,ok,0,0,0,0,0,0,6.6902,14.7897,2.7258,2.0438,1.555,1,1,,8450,3.53
grid2:flatNS,,,PR20_x1.25,holdout,4,1019,headon,vfield,b04e8d1fa1,ok,0,0,0,0,0,0,3.6944,3.6264,2.7258,2.0438,1.555,1,1,,8450,3.53
grid2:flatNS,,,PR20_x1.25,holdout,4,1021,headon,vfield,b04e8d1fa1,ok,0,0,0,0,0,0,9.3446,16.9602,2.7258,2.0438,1.555,1,1,,8450,3.52
grid2:flatNS,,,PR20_x1.25,holdout,4,1023,headon,vfield,b04e8d1fa1,ok,0,0,0,0,0,0,13.6709,12.5167,2.7258,2.0438,1.555,1,1,,8450,3.47
grid2:flatNS,,,PR20_x1.25,holdout,4,1025,headon,vfield,b04e8d1fa1,ok,0,0,0,0,0,0,8.128,13.4983,2.7258,2.0438,1.555,1,1,,8450,3.43
grid2:flatNS,,,PR20_x1.25,holdout,4,1027,headon,vfield,b04e8d1fa1,ok,0,0,0,0,0,0,13.2989,11.0055,2.7258,2.0438,1.555,1,1,,8450,3.5
grid2:flatNS,,,PR20_x1.25,holdout,4,1029,headon,vfield,b04e8d1fa1,ok,0,0,0,0,0,0,11.7772,5.7623,2.7258,2.0438,1.555,1,1,,8450,3.45
grid2:flatNS,,,PR20_x1.25,holdout,4,1031,headon,vfield,b04e8d1fa1,ok,0,0,0,0,0,0,15.6405,3.7697,2.7258,2.0438,1.555,1,1,,8450,3.47
grid2:flatNS,,,PR20_x1.25,holdout,4,1033,headon,vfield,b04e8d1fa1,ok,0,0,0,0,0,0,14.1326,13.4515,2.7258,2.0438,1.555,1,1,,8450,3.51
grid2:flatNS,,,PR20_x1.25,holdout,4,1035,headon,vfield,b04e8d1fa1,ok,0,0,0,0,0,0,10.2054,11.9401,2.7258,2.0438,1.555,1,1,,8450,3.45
grid2:flatNS,,,PR20_x1.25,holdout,4,1037,headon,vfield,b04e8d1fa1,ok,0,0,0,0,0,0,10.6215,12.047,2.7258,2.0438,1.555,1,1,,8450,3.56
grid2:flatNS,,,PR20_x1.25,holdout,4,1039,headon,vfield,b04e8d1fa1,ok,0,0,0,0,0,0,3.06,9.2826,2.7258,2.0438,1.555,1,1,,8450,3.41
grid2:flatNS,,,PR20_x1.25,holdout,4,1041,headon,vfield,b04e8d1fa1,ok,0,0,0,0,0,0,10.1201,4.7121,2.7258,2.0438,1.555,1,1,,8450,3.42
grid2:flatNS,,,PR20_x1.25,holdout,4,1043,headon,vfield,b04e8d1fa1,ok,0,0,0,0,0,0,15.3082,14.429,2.7258,2.0438,1.555,1,1,,8450,3.46
grid2:flatNS,,,PR20_x1.25,holdout,4,1045,headon,vfield,b04e8d1fa1,ok,0,0,0,0,0,0,9.9075,9.527,2.7258,2.0438,1.555,1,1,,8450,3.43
grid2:flatNS,,,PR20_x1.25,holdout,4,1047,headon,vfield,b04e8d1fa1,ok,0,0,0,0,0,0,12.5342,16.3834,2.7258,2.0438,1.555,1,1,,8450,3.52
grid2:flatNS,,,PR20_x1.25,holdout,4,1049,headon,vfield,b04e8d1fa1,ok,0,0,0,0,0,0,10.7781,16.2839,2.7258,2.0438,1.555,1,1,,8450,3.42
grid2:flatNS,,,PR20_x1.25,holdout,4,1051,headon,vfield,b04e8d1fa1,ok,0,0,0,0,0,0,15.2804,14.4679,2.7258,2.0438,1.555,1,1,,8450,3.42
grid2:flatNS,,,PR20_x1.25,holdout,4,1053,headon,vfield,b04e8d1fa1,ok,1,0,1,0,0,0,15.9764,0.9483,2.7258,2.0438,1.555,1,1,32.63,8450,3.5
grid2:flatNS,,,PR20_x1.25,holdout,4,1055,headon,vfield,b04e8d1fa1,ok,0,0,0,0,0,0,10.7624,14.8129,2.7258,2.0438,1.555,1,1,,8450,3.43
grid2:flatNS,,,PR20_x1.25,holdout,4,1057,headon,vfield,b04e8d1fa1,ok,0,0,0,0,0,0,12.2405,1.723,2.7258,2.0438,1.555,1,1,,8450,3.43
grid2:flatNS,,,PR20_x1.25,holdout,4,1059,headon,vfield,b04e8d1fa1,ok,0,0,0,0,0,0,5.6313,13.3541,2.7258,2.0438,1.555,1,1,,8450,3.42
grid2:flatNS,,,PR20_x1.5,holdout,4,1001,headon,vfield,09761c7489,ok,0,0,0,0,0,0,10.2148,12.2305,2.7258,2.0438,1.555,1,1,,8450,3.46
grid2:flatNS,,,PR20_x1.5,holdout,4,1003,headon,vfield,09761c7489,ok,0,0,0,0,0,0,12.1004,11.2115,2.7258,2.0438,1.555,1,1,,8450,3.42
grid2:flatNS,,,PR20_x1.5,holdout,4,1005,headon,vfield,09761c7489,ok,0,0,0,0,0,0,12.9208,13.8124,2.7258,2.0438,1.555,1,1,,8450,3.45
grid2:flatNS,,,PR20_x1.5,holdout,4,1007,headon,vfield,09761c7489,ok,0,0,0,0,0,0,13.7433,10.5348,2.7258,2.0438,1.555,1,1,,8450,3.42
grid2:flatNS,,,PR20_x1.5,holdout,4,1009,headon,vfield,09761c7489,ok,0,0,0,0,0,0,14.1197,7.8459,2.7258,2.0438,1.555,1,1,,8450,3.42
grid2:flatNS,,,PR20_x1.5,holdout,4,1011,headon,vfield,09761c7489,ok,0,0,0,0,0,0,10.2988,14.7078,2.7258,2.0438,1.555,1,1,,8450,3.46
grid2:flatNS,,,PR20_x1.5,holdout,4,1013,headon,vfield,09761c7489,ok,0,0,0,0,0,0,13.5939,9.9346,2.7258,2.0438,1.555,1,1,,8450,3.44
grid2:flatNS,,,PR20_x1.5,holdout,4,1015,headon,vfield,09761c7489,ok,0,0,0,0,0,0,13.9106,11.0322,2.7258,2.0438,1.555,1,1,,8450,3.42
grid2:flatNS,,,PR20_x1.5,holdout,4,1017,headon,vfield,09761c7489,ok,0,0,0,0,0,0,7.7944,14.4438,2.7258,2.0438,1.555,1,1,,8450,3.42
grid2:flatNS,,,PR20_x1.5,holdout,4,1019,headon,vfield,09761c7489,ok,0,0,0,0,0,0,11.5296,10.7644,2.7258,2.0438,1.555,1,1,,8450,3.44
grid2:flatNS,,,PR20_x1.5,holdout,4,1021,headon,vfield,09761c7489,ok,0,0,0,0,0,0,13.628,11.876,2.7258,2.0438,1.555,1,1,,8450,3.43
grid2:flatNS,,,PR20_x1.5,holdout,4,1023,headon,vfield,09761c7489,ok,0,0,0,0,0,0,9.4983,5.2108,2.7258,2.0438,1.555,1,1,,8450,3.42
grid2:flatNS,,,PR20_x1.5,holdout,4,1025,headon,vfield,09761c7489,ok,0,0,0,0,0,0,11.777,11.6741,2.7258,2.0438,1.555,1,1,,8450,3.43
grid2:flatNS,,,PR20_x1.5,holdout,4,1027,headon,vfield,09761c7489,ok,0,0,0,0,0,0,12.2103,1.6409,2.7258,2.0438,1.555,1,1,,8450,3.42
grid2:flatNS,,,PR20_x1.5,holdout,4,1029,headon,vfield,09761c7489,ok,0,0,0,0,0,0,12.6537,11.6437,2.7258,2.0438,1.555,1,1,,8450,3.45
grid2:flatNS,,,PR20_x1.5,holdout,4,1031,headon,vfield,09761c7489,ok,0,0,0,0,0,0,2.4991,8.5511,2.7258,2.0438,1.555,1,1,,8450,3.45
grid2:flatNS,,,PR20_x1.5,holdout,4,1033,headon,vfield,09761c7489,ok,0,0,0,0,0,0,14.3743,4.5532,2.7258,2.0438,1.555,1,1,,8450,3.42
grid2:flatNS,,,PR20_x1.5,holdout,4,1035,headon,vfield,09761c7489,ok,0,0,0,0,0,0,12.3039,13.3086,2.7258,2.0438,1.555,1,1,,8450,3.43
grid2:flatNS,,,PR20_x1.5,holdout,4,1037,headon,vfield,09761c7489,ok,0,0,0,0,0,0,13.0115,14.0057,2.7258,2.0438,1.555,1,1,,8450,3.42
grid2:flatNS,,,PR20_x1.5,holdout,4,1039,headon,vfield,09761c7489,ok,0,0,0,0,0,0,13.4124,8.3716,2.7258,2.0438,1.555,1,1,,8450,3.41
grid2:flatNS,,,PR20_x1.5,holdout,4,1041,headon,vfield,09761c7489,ok,0,0,0,0,0,0,12.5865,12.44,2.7258,2.0438,1.555,1,1,,8450,3.45
grid2:flatNS,,,PR20_x1.5,holdout,4,1043,headon,vfield,09761c7489,ok,0,0,0,0,0,0,12.4943,13.1216,2.7258,2.0438,1.555,1,1,,8450,3.46
grid2:flatNS,,,PR20_x1.5,holdout,4,1045,headon,vfield,09761c7489,ok,0,0,0,0,0,0,12.0692,7.2394,2.7258,2.0438,1.555,1,1,,8450,3.43
grid2:flatNS,,,PR20_x1.5,holdout,4,1047,headon,vfield,09761c7489,ok,0,0,0,0,0,0,9.2626,11.3777,2.7258,2.0438,1.555,1,1,,8450,3.45
grid2:flatNS,,,PR20_x1.5,holdout,4,1049,headon,vfield,09761c7489,ok,0,0,0,0,0,0,12.0842,10.9624,2.7258,2.0438,1.555,1,1,,8450,3.43
grid2:flatNS,,,PR20_x1.5,holdout,4,1051,headon,vfield,09761c7489,ok,0,0,0,0,0,0,10.5384,13.488,2.7258,2.0438,1.555,1,1,,8450,3.47
grid2:flatNS,,,PR20_x1.5,holdout,4,1053,headon,vfield,09761c7489,ok,0,0,0,0,0,0,11.3301,7.8163,2.7258,2.0438,1.555,1,1,,8450,3.46
grid2:flatNS,,,PR20_x1.5,holdout,4,1055,headon,vfield,09761c7489,ok,0,0,0,0,0,0,13.4269,9.0855,2.7258,2.0438,1.555,1,1,,8450,3.47
grid2:flatNS,,,PR20_x1.5,holdout,4,1057,headon,vfield,09761c7489,ok,0,0,0,0,0,0,13.4279,14.2994,2.7258,2.0438,1.555,1,1,,8450,3.42
grid2:flatNS,,,PR20_x1.5,holdout,4,1059,headon,vfield,09761c7489,ok,0,0,0,0,0,0,12.1477,15.1204,2.7258,2.0438,1.555,1,1,,8450,3.42
grid2:flatNS,,,PR20_x2,holdout,4,1001,headon,vfield,a2eb8224b8,ok,0,0,0,0,0,0,16.675,12.3568,2.7258,2.0438,1.555,1,1,,8450,3.44
grid2:flatNS,,,PR20_x2,holdout,4,1003,headon,vfield,a2eb8224b8,ok,0,0,0,0,0,0,15.6244,7.9611,2.7258,2.0438,1.555,1,1,,8450,3.45
grid2:flatNS,,,PR20_x2,holdout,4,1005,headon,vfield,a2eb8224b8,ok,0,0,0,0,0,0,11.6952,12.4139,2.7258,2.0438,1.555,1,1,,8450,3.44
grid2:flatNS,,,PR20_x2,holdout,4,1007,headon,vfield,a2eb8224b8,ok,0,0,0,0,0,0,12.2807,5.1148,2.7258,2.0438,1.555,1,1,,8450,3.42
grid2:flatNS,,,PR20_x2,holdout,4,1009,headon,vfield,a2eb8224b8,ok,0,0,0,0,0,0,11.7126,4.2962,2.7258,2.0438,1.555,1,1,,8450,3.41
grid2:flatNS,,,PR20_x2,holdout,4,1011,headon,vfield,a2eb8224b8,ok,0,0,0,0,0,0,9.6743,10.5902,2.7258,2.0438,1.555,1,1,,8450,3.62
grid2:flatNS,,,PR20_x2,holdout,4,1013,headon,vfield,a2eb8224b8,ok,0,0,0,0,0,0,11.6373,11.2103,2.7258,2.0438,1.555,1,1,,8450,3.48
grid2:flatNS,,,PR20_x2,holdout,4,1015,headon,vfield,a2eb8224b8,ok,0,0,0,0,0,0,16.1817,9.5397,2.7258,2.0438,1.555,1,1,,8450,3.43
grid2:flatNS,,,PR20_x2,holdout,4,1017,headon,vfield,a2eb8224b8,ok,0,0,0,0,0,0,13.2904,14.034,2.7258,2.0438,1.555,1,1,,8450,3.41
grid2:flatNS,,,PR20_x2,holdout,4,1019,headon,vfield,a2eb8224b8,ok,0,0,0,0,0,0,11.8687,10.8359,2.7258,2.0438,1.555,1,1,,8450,3.42
grid2:flatNS,,,PR20_x2,holdout,4,1021,headon,vfield,a2eb8224b8,ok,0,0,0,0,0,0,13.333,8.4194,2.7258,2.0438,1.555,1,1,,8450,3.41
grid2:flatNS,,,PR20_x2,holdout,4,1023,headon,vfield,a2eb8224b8,ok,0,0,0,0,0,0,14.4183,15.3844,2.7258,2.0438,1.555,1,1,,8450,3.48
grid2:flatNS,,,PR20_x2,holdout,4,1025,headon,vfield,a2eb8224b8,ok,0,0,0,0,0,0,12.1425,17.6325,2.7258,2.0438,1.555,1,1,,8450,3.43
grid2:flatNS,,,PR20_x2,holdout,4,1027,headon,vfield,a2eb8224b8,ok,0,0,0,0,0,0,13.965,18.5092,2.7258,2.0438,1.555,1,1,,8450,3.44
grid2:flatNS,,,PR20_x2,holdout,4,1029,headon,vfield,a2eb8224b8,ok,0,0,0,0,0,0,17.4944,9.2411,2.7258,2.0438,1.555,1,1,,8450,3.45
grid2:flatNS,,,PR20_x2,holdout,4,1031,headon,vfield,a2eb8224b8,ok,0,0,0,0,0,0,13.6867,8.9552,2.7258,2.0438,1.555,1,1,,8450,3.43
grid2:flatNS,,,PR20_x2,holdout,4,1033,headon,vfield,a2eb8224b8,ok,0,0,0,0,0,0,12.3333,13.6275,2.7258,2.0438,1.555,1,1,,8450,3.4
grid2:flatNS,,,PR20_x2,holdout,4,1035,headon,vfield,a2eb8224b8,ok,0,0,0,0,0,0,13.8167,16.2807,2.7258,2.0438,1.555,1,1,,8450,3.46
grid2:flatNS,,,PR20_x2,holdout,4,1037,headon,vfield,a2eb8224b8,ok,0,0,0,0,0,0,18.7393,8.2926,2.7258,2.0438,1.555,1,1,,8450,3.43
grid2:flatNS,,,PR20_x2,holdout,4,1039,headon,vfield,a2eb8224b8,ok,0,0,0,0,0,0,15.0863,10.9209,2.7258,2.0438,1.555,1,1,,8450,3.4
grid2:flatNS,,,PR20_x2,holdout,4,1041,headon,vfield,a2eb8224b8,ok,0,0,0,0,0,0,15.3959,13.5058,2.7258,2.0438,1.555,1,1,,8450,3.42
grid2:flatNS,,,PR20_x2,holdout,4,1043,headon,vfield,a2eb8224b8,ok,0,0,0,0,0,0,16.466,11.2697,2.7258,2.0438,1.555,1,1,,8450,3.4
grid2:flatNS,,,PR20_x2,holdout,4,1045,headon,vfield,a2eb8224b8,ok,0,0,0,0,0,0,10.9154,11.5093,2.7258,2.0438,1.555,1,1,,8450,3.44
grid2:flatNS,,,PR20_x2,holdout,4,1047,headon,vfield,a2eb8224b8,ok,0,0,0,0,0,0,14.8281,16.7126,2.7258,2.0438,1.555,1,1,,8450,3.42
grid2:flatNS,,,PR20_x2,holdout,4,1049,headon,vfield,a2eb8224b8,ok,0,0,0,0,0,0,14.4917,15.7311,2.7258,2.0438,1.555,1,1,,8450,3.41
grid2:flatNS,,,PR20_x2,holdout,4,1051,headon,vfield,a2eb8224b8,ok,0,0,0,0,0,0,16.8944,6.616,2.7258,2.0438,1.555,1,1,,8450,3.43
grid2:flatNS,,,PR20_x2,holdout,4,1053,headon,vfield,a2eb8224b8,ok,0,0,0,0,0,0,11.5515,6.5789,2.7258,2.0438,1.555,1,1,,8450,3.43
grid2:flatNS,,,PR20_x2,holdout,4,1055,headon,vfield,a2eb8224b8,ok,0,0,0,0,0,0,11.0055,9.6952,2.7258,2.0438,1.555,1,1,,8450,3.43
grid2:flatNS,,,PR20_x2,holdout,4,1057,headon,vfield,a2eb8224b8,ok,0,0,0,0,0,0,14.9595,3.7912,2.7258,2.0438,1.555,1,1,,8450,3.4
grid2:flatNS,,,PR20_x2,holdout,4,1059,headon,vfield,a2eb8224b8,ok,0,0,0,0,0,0,13.1903,13.1026,2.7258,2.0438,1.555,1,1,,8450,3.43
