mode,param,value,label,split,nFan,seed,geometry,guidance,configHash,status,totalCollisions,fanOwnCap,fanForeignCap,fanFanSame,fanFanCross,leaderLeader,minFanFanGap,minFanCapGap,minLeaderGap,redRMS,goldRMS,redArrived,goldArrived,firstCollisionRelCPA,steps,runtimeSec
grid2:fineFlat,,,PR8_x1,holdout,3,1001,headon,vfield,e12e91e418,ok,0,0,0,0,0,0,2.0193,4.702,2.7258,2.0438,1.555,1,1,,8450,3.4
grid2:fineFlat,,,PR8_x1,holdout,3,1003,headon,vfield,e12e91e418,ok,0,0,0,0,0,0,5.4477,5.9553,2.7258,2.0438,1.555,1,1,,8450,3.66
grid2:fineFlat,,,PR8_x1,holdout,3,1005,headon,vfield,e12e91e418,ok,1,0,0,1,0,0,0.9891,5.1473,2.7258,2.0438,1.555,1,1,-29.33,8450,3.33
grid2:fineFlat,,,PR8_x1,holdout,3,1007,headon,vfield,e12e91e418,ok,0,0,0,0,0,0,5.6761,6.2289,2.7258,2.0438,1.555,1,1,,8450,3.32
grid2:fineFlat,,,PR8_x1,holdout,3,1009,headon,vfield,e12e91e418,ok,0,0,0,0,0,0,3.8881,5.7219,2.7258,2.0438,1.555,1,1,,8450,3.32
grid2:fineFlat,,,PR8_x1,holdout,3,1011,headon,vfield,e12e91e418,ok,0,0,0,0,0,0,3.3374,6.244,2.7258,2.0438,1.555,1,1,,8450,3.31
grid2:fineFlat,,,PR8_x1,holdout,3,1013,headon,vfield,e12e91e418,ok,0,0,0,0,0,0,3.1301,1.0793,2.7258,2.0438,1.555,1,1,,8450,3.38
grid2:fineFlat,,,PR8_x1,holdout,3,1015,headon,vfield,e12e91e418,ok,0,0,0,0,0,0,3.6993,4.8452,2.7258,2.0438,1.555,1,1,,8450,3.29
grid2:fineFlat,,,PR8_x1,holdout,3,1017,headon,vfield,e12e91e418,ok,1,0,1,0,0,0,1.6789,0.8832,2.7258,2.0438,1.555,1,1,19.76,8450,3.3
grid2:fineFlat,,,PR8_x1,holdout,3,1019,headon,vfield,e12e91e418,ok,0,0,0,0,0,0,2.3933,1.4413,2.7258,2.0438,1.555,1,1,,8450,3.31
grid2:fineFlat,,,PR8_x1,holdout,3,1021,headon,vfield,e12e91e418,ok,0,0,0,0,0,0,2.2779,5.1092,2.7258,2.0438,1.555,1,1,,8450,3.3
grid2:fineFlat,,,PR8_x1,holdout,3,1023,headon,vfield,e12e91e418,ok,0,0,0,0,0,0,4.1297,5.7514,2.7258,2.0438,1.555,1,1,,8450,3.38
grid2:fineFlat,,,PR8_x1,holdout,3,1025,headon,vfield,e12e91e418,ok,1,0,1,0,0,0,1.6682,0.6985,2.7258,2.0438,1.555,1,1,4.81,8450,3.33
grid2:fineFlat,,,PR8_x1,holdout,3,1027,headon,vfield,e12e91e418,ok,0,0,0,0,0,0,5.378,5.843,2.7258,2.0438,1.555,1,1,,8450,3.32
grid2:fineFlat,,,PR8_x1,holdout,3,1029,headon,vfield,e12e91e418,ok,0,0,0,0,0,0,4.7455,5.7948,2.7258,2.0438,1.555,1,1,,8450,3.31
grid2:fineFlat,,,PR8_x1,holdout,3,1031,headon,vfield,e12e91e418,ok,0,0,0,0,0,0,3.1278,5.8319,2.7258,2.0438,1.555,1,1,,8450,3.28
grid2:fineFlat,,,PR8_x1,holdout,3,1033,headon,vfield,e12e91e418,ok,0,0,0,0,0,0,4.7179,6.1335,2.7258,2.0438,1.555,1,1,,8450,3.3
grid2:fineFlat,,,PR8_x1,holdout,3,1035,headon,vfield,e12e91e418,ok,0,0,0,0,0,0,2.7175,1.1063,2.7258,2.0438,1.555,1,1,,8450,3.28
grid2:fineFlat,,,PR8_x1,holdout,3,1037,headon,vfield,e12e91e418,ok,0,0,0,0,0,0,5.126,5.8377,2.7258,2.0438,1.555,1,1,,8450,3.29
grid2:fineFlat,,,PR8_x1,holdout,3,1039,headon,vfield,e12e91e418,ok,0,0,0,0,0,0,5.9862,2.3596,2.7258,2.0438,1.555,1,1,,8450,3.26
grid2:fineFlat,,,PR8_x1,holdout,3,1041,headon,vfield,e12e91e418,ok,1,0,0,0,1,0,0.8446,2.7287,2.7258,2.0438,1.555,1,1,0.89,8450,3.3
grid2:fineFlat,,,PR8_x1,holdout,3,1043,headon,vfield,e12e91e418,ok,0,0,0,0,0,0,5.1917,5.6805,2.7258,2.0438,1.555,1,1,,8450,3.32
grid2:fineFlat,,,PR8_x1,holdout,3,1045,headon,vfield,e12e91e418,ok,0,0,0,0,0,0,5.4371,6.2199,2.7258,2.0438,1.555,1,1,,8450,3.29
grid2:fineFlat,,,PR8_x1,holdout,3,1047,headon,vfield,e12e91e418,ok,0,0,0,0,0,0,1.7535,5.6939,2.7258,2.0438,1.555,1,1,,8450,3.3
grid2:fineFlat,,,PR8_x1,holdout,3,1049,headon,vfield,e12e91e418,ok,0,0,0,0,0,0,1.1511,1.1344,2.7258,2.0438,1.555,1,1,,8450,3.29
grid2:fineFlat,,,PR8_x1,holdout,3,1051,headon,vfield,e12e91e418,ok,1,0,1,0,0,0,4.0043,0.5517,2.7258,2.0438,1.555,1,1,4.73,8450,3.28
grid2:fineFlat,,,PR8_x1,holdout,3,1053,headon,vfield,e12e91e418,ok,0,0,0,0,0,0,1.8862,2.0985,2.7258,2.0438,1.555,1,1,,8450,3.58
grid2:fineFlat,,,PR8_x1,holdout,3,1055,headon,vfield,e12e91e418,ok,1,0,1,0,0,0,3.6357,0.0867,2.7258,2.0438,1.555,1,1,11.89,8450,3.29
grid2:fineFlat,,,PR8_x1,holdout,3,1057,headon,vfield,e12e91e418,ok,0,0,0,0,0,0,1.801,6.2521,2.7258,2.0438,1.555,1,1,,8450,3.31
grid2:fineFlat,,,PR8_x1,holdout,3,1059,headon,vfield,e12e91e418,ok,0,0,0,0,0,0,5.7627,4.3892,2.7258,2.0438,1.555,1,1,,8450,3.31
grid2:fineFlat,,,PR8_x1.25,holdout,3,1001,headon,vfield,c46769dc19,ok,0,0,0,0,0,0,2.9965,5.7076,2.7258,2.0438,1.555,1,1,,8450,3.27
grid2:fineFlat,,,PR8_x1.25,holdout,3,1003,headon,vfield,c46769dc19,ok,0,0,0,0,0,0,3.4061,5.875,2.7258,2.0438,1.555,1,1,,8450,3.3
grid2:fineFlat,,,PR8_x1.25,holdout,3,1005,headon,vfield,c46769dc19,ok,0,0,0,0,0,0,1.547,5.8834,2.7258,2.0438,1.555,1,1,,8450,3.3
grid2:fineFlat,,,PR8_x1.25,holdout,3,1007,headon,vfield,c46769dc19,ok,1,0,1,0,0,0,2.6831,0.5751,2.7258,2.0438,1.555,1,1,5.0,8450,3.31
grid2:fineFlat,,,PR8_x1.25,holdout,3,1009,headon,vfield,c46769dc19,ok,0,0,0,0,0,0,3.0728,4.3215,2.7258,2.0438,1.555,1,1,,8450,3.29
grid2:fineFlat,,,PR8_x1.25,holdout,3,1011,headon,vfield,c46769dc19,ok,0,0,0,0,0,0,2.7482,6.1363,2.7258,2.0438,1.555,1,1,,8450,3.32
grid2:fineFlat,,,PR8_x1.25,holdout,3,1013,headon,vfield,c46769dc19,ok,0,0,0,0,0,0,1.2935,5.2051,2.7258,2.0438,1.555,1,1,,8450,3.28
grid2:fineFlat,,,PR8_x1.25,holdout,3,1015,headon,vfield,c46769dc19,ok,0,0,0,0,0,0,4.1854,5.0079,2.7258,2.0438,1.555,1,1,,8450,3.33
grid2:fineFlat,,,PR8_x1.25,holdout,3,1017,headon,vfield,c46769dc19,ok,0,0,0,0,0,0,2.1942,5.7002,2.7258,2.0438,1.555,1,1,,8450,3.33
grid2:fineFlat,,,PR8_x1.25,holdout,3,1019,headon,vfield,c46769dc19,ok,2,1,1,0,0,0,1.0313,0.1812,2.7258,2.0438,1.555,1,1,5.41,8450,3.33
grid2:fineFlat,,,PR8_x1.25,holdout,3,1021,headon,vfield,c46769dc19,ok,0,0,0,0,0,0,2.2993,5.8725,2.7258,2.0438,1.555,1,1,,8450,3.3
grid2:fineFlat,,,PR8_x1.25,holdout,3,1023,headon,vfield,c46769dc19,ok,0,0,0,0,0,0,2.3259,6.0437,2.7258,2.0438,1.555,1,1,,8450,3.32
grid2:fineFlat,,,PR8_x1.25,holdout,3,1025,headon,vfield,c46769dc19,ok,3,0,1,2,0,0,0.3803,0.0128,2.7258,2.0438,1.555,1,1,-30.64,8450,3.33
grid2:fineFlat,,,PR8_x1.25,holdout,3,1027,headon,vfield,c46769dc19,ok,0,0,0,0,0,0,3.2322,5.4937,2.7258,2.0438,1.555,1,1,,8450,3.28
grid2:fineFlat,,,PR8_x1.25,holdout,3,1029,headon,vfield,c46769dc19,ok,0,0,0,0,0,0,2.3302,6.4434,2.7258,2.0438,1.555,1,1,,8450,3.28
grid2:fineFlat,,,PR8_x1.25,holdout,3,1031,headon,vfield,c46769dc19,ok,0,0,0,0,0,0,2.1485,6.1632,2.7258,2.0438,1.555,1,1,,8450,3.28
grid2:fineFlat,,,PR8_x1.25,holdout,3,1033,headon,vfield,c46769dc19,ok,0,0,0,0,0,0,4.7989,5.8131,2.7258,2.0438,1.555,1,1,,8450,3.28
grid2:fineFlat,,,PR8_x1.25,holdout,3,1035,headon,vfield,c46769dc19,ok,0,0,0,0,0,0,2.3689,1.2395,2.7258,2.0438,1.555,1,1,,8450,3.3
grid2:fineFlat,,,PR8_x1.25,holdout,3,1037,headon,vfield,c46769dc19,ok,0,0,0,0,0,0,1.8074,5.886,2.7258,2.0438,1.555,1,1,,8450,3.31
grid2:fineFlat,,,PR8_x1.25,holdout,3,1039,headon,vfield,c46769dc19,ok,0,0,0,0,0,0,3.1709,1.8931,2.7258,2.0438,1.555,1,1,,8450,3.29
grid2:fineFlat,,,PR8_x1.25,holdout,3,1041,headon,vfield,c46769dc19,ok,1,0,1,0,0,0,2.2286,0.3362,2.7258,2.0438,1.555,1,1,8.63,8450,3.31
grid2:fineFlat,,,PR8_x1.25,holdout,3,1043,headon,vfield,c46769dc19,ok,0,0,0,0,0,0,2.7269,6.1191,2.7258,2.0438,1.555,1,1,,8450,3.29
grid2:fineFlat,,,PR8_x1.25,holdout,3,1045,headon,vfield,c46769dc19,ok,1,0,1,0,0,0,3.3579,0.1278,2.7258,2.0438,1.555,1,1,4.87,8450,3.3
grid2:fineFlat,,,PR8_x1.25,holdout,3,1047,headon,vfield,c46769dc19,ok,0,0,0,0,0,0,1.2228,5.8903,2.7258,2.0438,1.555,1,1,,8450,3.3
grid2:fineFlat,,,PR8_x1.25,holdout,3,1049,headon,vfield,c46769dc19,ok,0,0,0,0,0,0,1.7524,1.9225,2.7258,2.0438,1.555,1,1,,8450,3.29
grid2:fineFlat,,,PR8_x1.25,holdout,3,1051,headon,vfield,c46769dc19,ok,0,0,0,0,0,0,3.2976,5.8532,2.7258,2.0438,1.555,1,1,,8450,3.27
grid2:fineFlat,,,PR8_x1.25,holdout,3,1053,headon,vfield,c46769dc19,ok,0,0,0,0,0,0,2.0599,5.8008,2.7258,2.0438,1.555,1,1,,8450,3.27
grid2:fineFlat,,,PR8_x1.25,holdout,3,1055,headon,vfield,c46769dc19,ok,0,0,0,0,0,0,2.6853,2.174,2.7258,2.0438,1.555,1,1,,8450,3.31
grid2:fineFlat,,,PR8_x1.25,holdout,3,1057,headon,vfield,c46769dc19,ok,0,0,0,0,0,0,2.4621,3.1222,2.7258,2.0438,1.555,1,1,,8450,3.29
grid2:fineFlat,,,PR8_x1.25,holdout,3,1059,headon,vfield,c46769dc19,ok,1,0,1,0,0,0,5.2539,0.0785,2.7258,2.0438,1.555,1,1,5.0,8450,3.29
grid2:fineFlat,,,PR8_x1.5,holdout,3,1001,headon,vfield,c898cdca45,ok,0,0,0,0,0,0,4.2173,5.9139,2.7258,2.0438,1.555,1,1,,8450,3.29
grid2:fineFlat,,,PR8_x1.5,holdout,3,1003,headon,vfield,c898cdca45,ok,0,0,0,0,0,0,4.2328,1.0621,2.7258,2.0438,1.555,1,1,,8450,3.27
grid2:fineFlat,,,PR8_x1.5,holdout,3,1005,headon,vfield,c898cdca45,ok,0,0,0,0,0,0,1.7135,6.3047,2.7258,2.0438,1.555,1,1,,8450,3.28
grid2:fineFlat,,,PR8_x1.5,holdout,3,1007,headon,vfield,c898cdca45,ok,0,0,0,0,0,0,3.2095,6.0273,2.7258,2.0438,1.555,1,1,,8450,3.28
grid2:fineFlat,,,PR8_x1.5,holdout,3,1009,headon,vfield,c898cdca45,ok,0,0,0,0,0,0,4.3823,6.2676,2.7258,2.0438,1.555,1,1,,8450,3.32
grid2:fineFlat,,,PR8_x1.5,holdout,3,1011,headon,vfield,c898cdca45,ok,0,0,0,0,0,0,5.5746,6.374,2.7258,2.0438,1.555,1,1,,8450,3.31
grid2:fineFlat,,,PR8_x1.5,holdout,3,1013,headon,vfield,c898cdca45,ok,0,0,0,0,0,0,4.3923,6.0506,2.7258,2.0438,1.555,1,1,,8450,3.29
grid2:fineFlat,,,PR8_x1.5,holdout,3,1015,headon,vfield,c898cdca45,ok,0,0,0,0,0,0,3.9852,5.9227,2.7258,2.0438,1.555,1,1,,8450,3.29
grid2:fineFlat,,,PR8_x1.5,holdout,3,1017,headon,vfield,c898cdca45,ok,0,0,0,0,0,0,2.0944,6.2746,2.7258,2.0438,1.555,1,1,,8450,3.27
grid2:fineFlat,,,PR8_x1.5,holdout,3,1019,headon,vfield,c898cdca45,ok,0,0,0,0,0,0,3.064,5.8972,2.7258,2.0438,1.555,1,1,,8450,3.26
grid2:fineFlat,,,PR8_x1.5,holdout,3,1021,headon,vfield,c898cdca45,ok,0,0,0,0,0,0,2.8112,6.2871,2.7258,2.0438,1.555,1,1,,8450,3.27
grid2:fineFlat,,,PR8_x1.5,holdout,3,1023,headon,vfield,c898cdca45,ok,0,0,0,0,0,0,2.9772,6.4286,2.7258,2.0438,1.555,1,1,,8450,3.25
grid2:fineFlat,,,PR8_x1.5,holdout,3,1025,headon,vfield,c898cdca45,ok,1,0,0,1,0,0,0.4064,5.8383,2.7258,2.0438,1.555,1,1,-29.72,8450,3.33
grid2:fineFlat,,,PR8_x1.5,holdout,3,1027,headon,vfield,c898cdca45,ok,0,0,0,0,0,0,5.6512,6.0604,2.7258,2.0438,1.555,1,1,,8450,3.32
grid2:fineFlat,,,PR8_x1.5,holdout,3,1029,headon,vfield,c898cdca45,ok,0,0,0,0,0,0,3.0171,5.965,2.7258,2.0438,1.555,1,1,,8450,3.33
grid2:fineFlat,,,PR8_x1.5,holdout,3,1031,headon,vfield,c898cdca45,ok,0,0,0,0,0,0,3.4295,5.8697,2.7258,2.0438,1.555,1,1,,8450,3.29
grid2:fineFlat,,,PR8_x1.5,holdout,3,1033,headon,vfield,c898cdca45,ok,0,0,0,0,0,0,3.643,5.7827,2.7258,2.0438,1.555,1,1,,8450,3.3
grid2:fineFlat,,,PR8_x1.5,holdout,3,1035,headon,vfield,c898cdca45,ok,0,0,0,0,0,0,4.0366,5.8451,2.7258,2.0438,1.555,1,1,,8450,3.28
grid2:fineFlat,,,PR8_x1.5,holdout,3,1037,headon,vfield,c898cdca45,ok,0,0,0,0,0,0,3.1541,6.3496,2.7258,2.0438,1.555,1,1,,8450,3.27
grid2:fineFlat,,,PR8_x1.5,holdout,3,1039,headon,vfield,c898cdca45,ok,0,0,0,0,0,0,4.6159,1.7745,2.7258,2.0438,1.555,1,1,,8450,3.31
grid2:fineFlat,,,PR8_x1.5,holdout,3,1041,headon,vfield,c898cdca45,ok,0,0,0,0,0,0,2.675,5.6577,2.7258,2.0438,1.555,1,1,,8450,3.29
grid2:fineFlat,,,PR8_x1.5,holdout,3,1043,headon,vfield,c898cdca45,ok,0,0,0,0,0,0,3.3219,6.0089,2.7258,2.0438,1.555,1,1,,8450,3.31
grid2:fineFlat,,,PR8_x1.5,holdout,3,1045,headon,vfield,c898cdca45,ok,0,0,0,0,0,0,2.328,1.1641,2.7258,2.0438,1.555,1,1,,8450,3.31
grid2:fineFlat,,,PR8_x1.5,holdout,3,1047,headon,vfield,c898cdca45,ok,0,0,0,0,0,0,3.3431,5.9297,2.7258,2.0438,1.555,1,1,,8450,3.3
grid2:fineFlat,,,PR8_x1.5,holdout,3,1049,headon,vfield,c898cdca45,ok,1,0,0,0,1,0,0.9546,6.4661,2.7258,2.0438,1.555,1,1,10.38,8450,3.28
grid2:fineFlat,,,PR8_x1.5,holdout,3,1051,headon,vfield,c898cdca45,ok,0,0,0,0,0,0,5.9764,6.8337,2.7258,2.0438,1.555,1,1,,8450,3.37
grid2:fineFlat,,,PR8_x1.5,holdout,3,1053,headon,vfield,c898cdca45,ok,0,0,0,0,0,0,2.5264,6.2522,2.7258,2.0438,1.555,1,1,,8450,3.33
grid2:fineFlat,,,PR8_x1.5,holdout,3,1055,headon,vfield,c898cdca45,ok,0,0,0,0,0,0,4.1217,5.7186,2.7258,2.0438,1.555,1,1,,8450,3.29
grid2:fineFlat,,,PR8_x1.5,holdout,3,1057,headon,vfield,c898cdca45,ok,0,0,0,0,0,0,1.6421,6.4334,2.7258,2.0438,1.555,1,1,,8450,3.37
grid2:fineFlat,,,PR8_x1.5,holdout,3,1059,headon,vfield,c898cdca45,ok,0,0,0,0,0,0,6.1478,1.1985,2.7258,2.0438,1.555,1,1,,8450,3.29
grid2:fineFlat,,,PR8_x2,holdout,3,1001,headon,vfield,a401084669,ok,0,0,0,0,0,0,4.0462,6.3658,2.7258,2.0438,1.555,1,1,,8450,3.34
grid2:fineFlat,,,PR8_x2,holdout,3,1003,headon,vfield,a401084669,ok,1,0,1,0,0,0,1.9461,0.5278,2.7258,2.0438,1.555,1,1,22.21,8450,3.4
grid2:fineFlat,,,PR8_x2,holdout,3,1005,headon,vfield,a401084669,ok,0,0,0,0,0,0,4.2013,1.7696,2.7258,2.0438,1.555,1,1,,8450,3.34
grid2:fineFlat,,,PR8_x2,holdout,3,1007,headon,vfield,a401084669,ok,0,0,0,0,0,0,3.2927,6.1836,2.7258,2.0438,1.555,1,1,,8450,3.36
grid2:fineFlat,,,PR8_x2,holdout,3,1009,headon,vfield,a401084669,ok,0,0,0,0,0,0,2.0757,5.7842,2.7258,2.0438,1.555,1,1,,8450,3.35
grid2:fineFlat,,,PR8_x2,holdout,3,1011,headon,vfield,a401084669,ok,0,0,0,0,0,0,3.9068,5.9321,2.7258,2.0438,1.555,1,1,,8450,3.32
grid2:fineFlat,,,PR8_x2,holdout,3,1013,headon,vfield,a401084669,ok,0,0,0,0,0,0,3.0155,5.7556,2.7258,2.0438,1.555,1,1,,8450,3.32
grid2:fineFlat,,,PR8_x2,holdout,3,1015,headon,vfield,a401084669,ok,0,0,0,0,0,0,1.755,1.5227,2.7258,2.0438,1.555,1,1,,8450,3.27
grid2:fineFlat,,,PR8_x2,holdout,3,1017,headon,vfield,a401084669,ok,0,0,0,0,0,0,5.9329,6.3889,2.7258,2.0438,1.555,1,1,,8450,3.27
grid2:fineFlat,,,PR8_x2,holdout,3,1019,headon,vfield,a401084669,ok,0,0,0,0,0,0,2.8852,4.3723,2.7258,2.0438,1.555,1,1,,8450,3.31
grid2:fineFlat,,,PR8_x2,holdout,3,1021,headon,vfield,a401084669,ok,0,0,0,0,0,0,3.0178,5.8335,2.7258,2.0438,1.555,1,1,,8450,3.28
grid2:fineFlat,,,PR8_x2,holdout,3,1023,headon,vfield,a401084669,ok,0,0,0,0,0,0,2.0509,6.1956,2.7258,2.0438,1.555,1,1,,8450,3.29
grid2:fineFlat,,,PR8_x2,holdout,3,1025,headon,vfield,a401084669,ok,1,0,1,0,0,0,2.7357,0.6086,2.7258,2.0438,1.555,1,1,5.31,8450,3.35
grid2:fineFlat,,,PR8_x2,holdout,3,1027,headon,vfield,a401084669,ok,0,0,0,0,0,0,2.126,5.2835,2.7258,2.0438,1.555,1,1,,8450,3.33
grid2:fineFlat,,,PR8_x2,holdout,3,1029,headon,vfield,a401084669,ok,0,0,0,0,0,0,2.9694,6.4408,2.7258,2.0438,1.555,1,1,,8450,3.33
grid2:fineFlat,,,PR8_x2,holdout,3,1031,headon,vfield,a401084669,ok,0,0,0,0,0,0,1.5286,6.2165,2.7258,2.0438,1.555,1,1,,8450,3.36
grid2:fineFlat,,,PR8_x2,holdout,3,1033,headon,vfield,a401084669,ok,0,0,0,0,0,0,3.3463,6.1929,2.7258,2.0438,1.555,1,1,,8450,3.32
grid2:fineFlat,,,PR8_x2,holdout,3,1035,headon,vfield,a401084669,ok,0,0,0,0,0,0,4.1171,6.2878,2.7258,2.0438,1.555,1,1,,8450,3.3
grid2:fineFlat,,,PR8_x2,holdout,3,1037,headon,vfield,a401084669,ok,1,0,1,0,0,0,3.2875,0.1131,2.7258,2.0438,1.555,1,1,10.13,8450,3.3
grid2:fineFlat,,,PR8_x2,holdout,3,1039,headon,vfield,a401084669,ok,0,0,0,0,0,0,2.7629,5.8646,2.7258,2.0438,1.555,1,1,,8450,3.29
grid2:fineFlat,,,PR8_x2,holdout,3,1041,headon,vfield,a401084669,ok,0,0,0,0,0,0,2.8531,5.8474,2.7258,2.0438,1.555,1,1,,8450,3.29
grid2:fineFlat,,,PR8_x2,holdout,3,1043,headon,vfield,a401084669,ok,0,0,0,0,0,0,4.3234,6.0936,2.7258,2.0438,1.555,1,1,,8450,3.3
grid2:fineFlat,,,PR8_x2,holdout,3,1045,headon,vfield,a401084669,ok,0,0,0,0,0,0,4.7239,1.1733,2.7258,2.0438,1.555,1,1,,8450,3.3
grid2:fineFlat,,,PR8_x2,holdout,3,1047,headon,vfield,a401084669,ok,0,0,0,0,0,0,1.7569,6.1935,2.7258,2.0438,1.555,1,1,,8450,3.35
grid2:fineFlat,,,PR8_x2,holdout,3,1049,headon,vfield,a401084669,ok,0,0,0,0,0,0,4.706,5.9373,2.7258,2.0438,1.555,1,1,,8450,3.3
grid2:fineFlat,,,PR8_x2,holdout,3,1051,headon,vfield,a401084669,ok,0,0,0,0,0,0,1.7233,5.7615,2.7258,2.0438,1.555,1,1,,8450,3.39
grid2:fineFlat,,,PR8_x2,holdout,3,1053,headon,vfield,a401084669,ok,0,0,0,0,0,0,3.1091,5.6983,2.7258,2.0438,1.555,1,1,,8450,3.29
grid2:fineFlat,,,PR8_x2,holdout,3,1055,headon,vfield,a401084669,ok,1,0,0,0,1,0,0.442,2.0471,2.7258,2.0438,1.555,1,1,30.21,8450,3.48
grid2:fineFlat,,,PR8_x2,holdout,3,1057,headon,vfield,a401084669,ok,0,0,0,0,0,0,2.5023,5.7104,2.7258,2.0438,1.555,1,1,,8450,3.32
grid2:fineFlat,,,PR8_x2,holdout,3,1059,headon,vfield,a401084669,ok,0,0,0,0,0,0,2.7485,5.9834,2.7258,2.0438,1.555,1,1,,8450,3.29
grid2:fineFlat,,,PR9_x1,holdout,3,1001,headon,vfield,d379b502cd,ok,0,0,0,0,0,0,4.0656,6.8937,2.7258,2.0438,1.555,1,1,,8450,3.3
grid2:fineFlat,,,PR9_x1,holdout,3,1003,headon,vfield,d379b502cd,ok,0,0,0,0,0,0,1.6103,7.2867,2.7258,2.0438,1.555,1,1,,8450,3.29
grid2:fineFlat,,,PR9_x1,holdout,3,1005,headon,vfield,d379b502cd,ok,2,0,2,0,0,0,2.2777,0.6101,2.7258,2.0438,1.555,1,1,9.16,8450,3.28
grid2:fineFlat,,,PR9_x1,holdout,3,1007,headon,vfield,d379b502cd,ok,0,0,0,0,0,0,5.5532,6.3107,2.7258,2.0438,1.555,1,1,,8450,3.29
grid2:fineFlat,,,PR9_x1,holdout,3,1009,headon,vfield,d379b502cd,ok,0,0,0,0,0,0,7.2781,6.9545,2.7258,2.0438,1.555,1,1,,8450,3.26
grid2:fineFlat,,,PR9_x1,holdout,3,1011,headon,vfield,d379b502cd,ok,0,0,0,0,0,0,8.1793,3.9908,2.7258,2.0438,1.555,1,1,,8450,3.32
grid2:fineFlat,,,PR9_x1,holdout,3,1013,headon,vfield,d379b502cd,ok,2,0,2,0,0,0,3.474,0.639,2.7258,2.0438,1.555,1,1,4.65,8450,3.29
grid2:fineFlat,,,PR9_x1,holdout,3,1015,headon,vfield,d379b502cd,ok,0,0,0,0,0,0,2.3103,4.4592,2.7258,2.0438,1.555,1,1,,8450,3.32
grid2:fineFlat,,,PR9_x1,holdout,3,1017,headon,vfield,d379b502cd,ok,0,0,0,0,0,0,3.3505,1.2235,2.7258,2.0438,1.555,1,1,,8450,3.32
grid2:fineFlat,,,PR9_x1,holdout,3,1019,headon,vfield,d379b502cd,ok,1,1,0,0,0,0,1.4253,0.4145,2.7258,2.0438,1.555,1,1,22.73,8450,3.35
grid2:fineFlat,,,PR9_x1,holdout,3,1021,headon,vfield,d379b502cd,ok,0,0,0,0,0,0,5.7502,6.7914,2.7258,2.0438,1.555,1,1,,8450,3.33
grid2:fineFlat,,,PR9_x1,holdout,3,1023,headon,vfield,d379b502cd,ok,0,0,0,0,0,0,6.4674,6.7572,2.7258,2.0438,1.555,1,1,,8450,3.28
grid2:fineFlat,,,PR9_x1,holdout,3,1025,headon,vfield,d379b502cd,ok,0,0,0,0,0,0,3.776,5.4402,2.7258,2.0438,1.555,1,1,,8450,3.29
grid2:fineFlat,,,PR9_x1,holdout,3,1027,headon,vfield,d379b502cd,ok,0,0,0,0,0,0,3.7726,7.5137,2.7258,2.0438,1.555,1,1,,8450,3.3
grid2:fineFlat,,,PR9_x1,holdout,3,1029,headon,vfield,d379b502cd,ok,0,0,0,0,0,0,5.566,6.8143,2.7258,2.0438,1.555,1,1,,8450,3.29
grid2:fineFlat,,,PR9_x1,holdout,3,1031,headon,vfield,d379b502cd,ok,0,0,0,0,0,0,3.0036,3.8152,2.7258,2.0438,1.555,1,1,,8450,3.29
grid2:fineFlat,,,PR9_x1,holdout,3,1033,headon,vfield,d379b502cd,ok,0,0,0,0,0,0,6.8745,1.8957,2.7258,2.0438,1.555,1,1,,8450,3.3
grid2:fineFlat,,,PR9_x1,holdout,3,1035,headon,vfield,d379b502cd,ok,0,0,0,0,0,0,1.5557,2.5503,2.7258,2.0438,1.555,1,1,,8450,3.29
grid2:fineFlat,,,PR9_x1,holdout,3,1037,headon,vfield,d379b502cd,ok,0,0,0,0,0,0,6.5568,6.4645,2.7258,2.0438,1.555,1,1,,8450,3.29
grid2:fineFlat,,,PR9_x1,holdout,3,1039,headon,vfield,d379b502cd,ok,0,0,0,0,0,0,5.9987,7.2838,2.7258,2.0438,1.555,1,1,,8450,3.28
grid2:fineFlat,,,PR9_x1,holdout,3,1041,headon,vfield,d379b502cd,ok,0,0,0,0,0,0,4.5642,2.388,2.7258,2.0438,1.555,1,1,,8450,3.29
grid2:fineFlat,,,PR9_x1,holdout,3,1043,headon,vfield,d379b502cd,ok,0,0,0,0,0,0,6.4999,6.2075,2.7258,2.0438,1.555,1,1,,8450,3.32
grid2:fineFlat,,,PR9_x1,holdout,3,1045,headon,vfield,d379b502cd,ok,0,0,0,0,0,0,7.2495,7.0474,2.7258,2.0438,1.555,1,1,,8450,3.31
grid2:fineFlat,,,PR9_x1,holdout,3,1047,headon,vfield,d379b502cd,ok,0,0,0,0,0,0,5.636,1.8177,2.7258,2.0438,1.555,1,1,,8450,3.32
grid2:fineFlat,,,PR9_x1,holdout,3,1049,headon,vfield,d379b502cd,ok,1,0,1,0,0,0,2.1496,0.5262,2.7258,2.0438,1.555,1,1,10.55,8450,3.31
grid2:fineFlat,,,PR9_x1,holdout,3,1051,headon,vfield,d379b502cd,ok,0,0,0,0,0,0,1.0612,3.5381,2.7258,2.0438,1.555,1,1,,8450,3.36
grid2:fineFlat,,,PR9_x1,holdout,3,1053,headon,vfield,d379b502cd,ok,0,0,0,0,0,0,5.2638,5.8643,2.7258,2.0438,1.555,1,1,,8450,3.3
grid2:fineFlat,,,PR9_x1,holdout,3,1055,headon,vfield,d379b502cd,ok,0,0,0,0,0,0,2.0196,3.6984,2.7258,2.0438,1.555,1,1,,8450,3.3
grid2:fineFlat,,,PR9_x1,holdout,3,1057,headon,vfield,d379b502cd,ok,1,0,1,0,0,0,2.0594,0.5307,2.7258,2.0438,1.555,1,1,6.96,8450,3.27
grid2:fineFlat,,,PR9_x1,holdout,3,1059,headon,vfield,d379b502cd,ok,1,0,1,0,0,0,6.7633,0.0694,2.7258,2.0438,1.555,1,1,4.9,8450,3.28
grid2:fineFlat,,,PR9_x1.25,holdout,3,1001,headon,vfield,46b2d6dac8,ok,0,0,0,0,0,0,4.2347,6.8567,2.7258,2.0438,1.555,1,1,,8450,3.32
grid2:fineFlat,,,PR9_x1.25,holdout,3,1003,headon,vfield,46b2d6dac8,ok,0,0,0,0,0,0,2.0874,7.1699,2.7258,2.0438,1.555,1,1,,8450,3.27
grid2:fineFlat,,,PR9_x1.25,holdout,3,1005,headon,vfield,46b2d6dac8,ok,0,0,0,0,0,0,1.5955,7.7692,2.7258,2.0438,1.555,1,1,,8450,3.3
grid2:fineFlat,,,PR9_x1.25,holdout,3,1007,headon,vfield,46b2d6dac8,ok,0,0,0,0,0,0,5.1006,6.4696,2.7258,2.0438,1.555,1,1,,8450,3.27
grid2:fineFlat,,,PR9_x1.25,holdout,3,1009,headon,vfield,46b2d6dac8,ok,0,0,0,0,0,0,4.4542,6.7331,2.7258,2.0438,1.555,1,1,,8450,3.29
grid2:fineFlat,,,PR9_x1.25,holdout,3,1011,headon,vfield,46b2d6dac8,ok,0,0,0,0,0,0,3.7041,7.1284,2.7258,2.0438,1.555,1,1,,8450,3.28
grid2:fineFlat,,,PR9_x1.25,holdout,3,1013,headon,vfield,46b2d6dac8,ok,1,0,1,0,0,0,1.2007,0.7347,2.7258,2.0438,1.555,1,1,18.67,8450,3.29
grid2:fineFlat,,,PR9_x1.25,holdout,3,1015,headon,vfield,46b2d6dac8,ok,0,0,0,0,0,0,4.2101,6.8286,2.7258,2.0438,1.555,1,1,,8450,3.3
grid2:fineFlat,,,PR9_x1.25,holdout,3,1017,headon,vfield,46b2d6dac8,ok,0,0,0,0,0,0,2.8752,7.2456,2.7258,2.0438,1.555,1,1,,8450,3.28
grid2:fineFlat,,,PR9_x1.25,holdout,3,1019,headon,vfield,46b2d6dac8,ok,1,0,1,0,0,0,5.5819,0.4588,2.7258,2.0438,1.555,1,1,6.96,8450,3.26
grid2:fineFlat,,,PR9_x1.25,holdout,3,1021,headon,vfield,46b2d6dac8,ok,1,0,1,0,0,0,4.0257,0.9834,2.7258,2.0438,1.555,1,1,5.75,8450,3.29
grid2:fineFlat,,,PR9_x1.25,holdout,3,1023,headon,vfield,46b2d6dac8,ok,0,0,0,0,0,0,4.605,6.644,2.7258,2.0438,1.555,1,1,,8450,3.48
grid2:fineFlat,,,PR9_x1.25,holdout,3,1025,headon,vfield,46b2d6dac8,ok,0,0,0,0,0,0,1.8781,4.35,2.7258,2.0438,1.555,1,1,,8450,3.42
grid2:fineFlat,,,PR9_x1.25,holdout,3,1027,headon,vfield,46b2d6dac8,ok,0,0,0,0,0,0,3.6467,6.4083,2.7258,2.0438,1.555,1,1,,8450,3.47
grid2:fineFlat,,,PR9_x1.25,holdout,3,1029,headon,vfield,46b2d6dac8,ok,0,0,0,0,0,0,2.2553,6.9527,2.7258,2.0438,1.555,1,1,,8450,3.56
grid2:fineFlat,,,PR9_x1.25,holdout,3,1031,headon,vfield,46b2d6dac8,ok,1,0,0,1,0,0,0.352,6.2921,2.7258,2.0438,1.555,1,1,34.08,8450,3.3
grid2:fineFlat,,,PR9_x1.25,holdout,3,1033,headon,vfield,46b2d6dac8,ok,0,0,0,0,0,0,3.7839,3.1551,2.7258,2.0438,1.555,1,1,,8450,3.54
grid2:fineFlat,,,PR9_x1.25,holdout,3,1035,headon,vfield,46b2d6dac8,ok,0,0,0,0,0,0,5.8799,1.4101,2.7258,2.0438,1.555,1,1,,8450,3.31
grid2:fineFlat,,,PR9_x1.25,holdout,3,1037,headon,vfield,46b2d6dac8,ok,0,0,0,0,0,0,3.5259,7.2013,2.7258,2.0438,1.555,1,1,,8450,3.28
grid2:fineFlat,,,PR9_x1.25,holdout,3,1039,headon,vfield,46b2d6dac8,ok,0,0,0,0,0,0,6.067,7.1064,2.7258,2.0438,1.555,1,1,,8450,3.3
grid2:fineFlat,,,PR9_x1.25,holdout,3,1041,headon,vfield,46b2d6dac8,ok,0,0,0,0,0,0,2.4958,2.6256,2.7258,2.0438,1.555,1,1,,8450,3.29
grid2:fineFlat,,,PR9_x1.25,holdout,3,1043,headon,vfield,46b2d6dac8,ok,0,0,0,0,0,0,2.3441,7.4674,2.7258,2.0438,1.555,1,1,,8450,3.28
grid2:fineFlat,,,PR9_x1.25,holdout,3,1045,headon,vfield,46b2d6dac8,ok,0,0,0,0,0,0,3.5275,6.9587,2.7258,2.0438,1.555,1,1,,8450,3.29
grid2:fineFlat,,,PR9_x1.25,holdout,3,1047,headon,vfield,46b2d6dac8,ok,0,0,0,0,0,0,3.8583,6.8114,2.7258,2.0438,1.555,1,1,,8450,3.29
grid2:fineFlat,,,PR9_x1.25,holdout,3,1049,headon,vfield,46b2d6dac8,ok,0,0,0,0,0,0,4.5421,7.3253,2.7258,2.0438,1.555,1,1,,8450,3.27
grid2:fineFlat,,,PR9_x1.25,holdout,3,1051,headon,vfield,46b2d6dac8,ok,0,0,0,0,0,0,1.5067,6.9369,2.7258,2.0438,1.555,1,1,,8450,3.27
grid2:fineFlat,,,PR9_x1.25,holdout,3,1053,headon,vfield,46b2d6dac8,ok,0,0,0,0,0,0,5.0768,6.7363,2.7258,2.0438,1.555,1,1,,8450,3.4
grid2:fineFlat,,,PR9_x1.25,holdout,3,1055,headon,vfield,46b2d6dac8,ok,0,0,0,0,0,0,2.7826,7.1183,2.7258,2.0438,1.555,1,1,,8450,3.31
grid2:fineFlat,,,PR9_x1.25,holdout,3,1057,headon,vfield,46b2d6dac8,ok,0,0,0,0,0,0,3.2805,4.2276,2.7258,2.0438,1.555,1,1,,8450,3.34
grid2:fineFlat,,,PR9_x1.25,holdout,3,1059,headon,vfield,46b2d6dac8,ok,0,0,0,0,0,0,3.0845,7.685,2.7258,2.0438,1.555,1,1,,8450,3.32
grid2:fineFlat,,,PR9_x1.5,holdout,3,1001,headon,vfield,bca2ee89a5,ok,0,0,0,0,0,0,3.4076,6.7801,2.7258,2.0438,1.555,1,1,,8450,3.3
grid2:fineFlat,,,PR9_x1.5,holdout,3,1003,headon,vfield,bca2ee89a5,ok,0,0,0,0,0,0,4.5724,2.6407,2.7258,2.0438,1.555,1,1,,8450,3.3
grid2:fineFlat,,,PR9_x1.5,holdout,3,1005,headon,vfield,bca2ee89a5,ok,0,0,0,0,0,0,3.5995,3.1075,2.7258,2.0438,1.555,1,1,,8450,3.29
grid2:fineFlat,,,PR9_x1.5,holdout,3,1007,headon,vfield,bca2ee89a5,ok,0,0,0,0,0,0,5.4529,7.2355,2.7258,2.0438,1.555,1,1,,8450,3.28
grid2:fineFlat,,,PR9_x1.5,holdout,3,1009,headon,vfield,bca2ee89a5,ok,0,0,0,0,0,0,5.1607,7.039,2.7258,2.0438,1.555,1,1,,8450,3.3
grid2:fineFlat,,,PR9_x1.5,holdout,3,1011,headon,vfield,bca2ee89a5,ok,0,0,0,0,0,0,5.3091,6.6284,2.7258,2.0438,1.555,1,1,,8450,3.29
grid2:fineFlat,,,PR9_x1.5,holdout,3,1013,headon,vfield,bca2ee89a5,ok,0,0,0,0,0,0,5.5284,6.6548,2.7258,2.0438,1.555,1,1,,8450,3.35
grid2:fineFlat,,,PR9_x1.5,holdout,3,1015,headon,vfield,bca2ee89a5,ok,0,0,0,0,0,0,4.3742,6.6259,2.7258,2.0438,1.555,1,1,,8450,3.3
grid2:fineFlat,,,PR9_x1.5,holdout,3,1017,headon,vfield,bca2ee89a5,ok,0,0,0,0,0,0,4.2487,6.6496,2.7258,2.0438,1.555,1,1,,8450,3.28
grid2:fineFlat,,,PR9_x1.5,holdout,3,1019,headon,vfield,bca2ee89a5,ok,0,0,0,0,0,0,4.9945,1.4405,2.7258,2.0438,1.555,1,1,,8450,3.32
grid2:fineFlat,,,PR9_x1.5,holdout,3,1021,headon,vfield,bca2ee89a5,ok,0,0,0,0,0,0,3.483,6.7797,2.7258,2.0438,1.555,1,1,,8450,3.3
grid2:fineFlat,,,PR9_x1.5,holdout,3,1023,headon,vfield,bca2ee89a5,ok,0,0,0,0,0,0,2.9469,6.8819,2.7258,2.0438,1.555,1,1,,8450,3.3
grid2:fineFlat,,,PR9_x1.5,holdout,3,1025,headon,vfield,bca2ee89a5,ok,1,0,0,1,0,0,0.2533,6.4527,2.7258,2.0438,1.555,1,1,-28.73,8450,3.29
grid2:fineFlat,,,PR9_x1.5,holdout,3,1027,headon,vfield,bca2ee89a5,ok,0,0,0,0,0,0,5.3076,7.3773,2.7258,2.0438,1.555,1,1,,8450,3.28
grid2:fineFlat,,,PR9_x1.5,holdout,3,1029,headon,vfield,bca2ee89a5,ok,0,0,0,0,0,0,4.1804,6.8203,2.7258,2.0438,1.555,1,1,,8450,3.34
grid2:fineFlat,,,PR9_x1.5,holdout,3,1031,headon,vfield,bca2ee89a5,ok,0,0,0,0,0,0,6.8325,7.068,2.7258,2.0438,1.555,1,1,,8450,3.28
grid2:fineFlat,,,PR9_x1.5,holdout,3,1033,headon,vfield,bca2ee89a5,ok,0,0,0,0,0,0,3.5685,4.5069,2.7258,2.0438,1.555,1,1,,8450,3.28
grid2:fineFlat,,,PR9_x1.5,holdout,3,1035,headon,vfield,bca2ee89a5,ok,0,0,0,0,0,0,2.9178,6.9074,2.7258,2.0438,1.555,1,1,,8450,3.33
grid2:fineFlat,,,PR9_x1.5,holdout,3,1037,headon,vfield,bca2ee89a5,ok,0,0,0,0,0,0,4.8425,6.5701,2.7258,2.0438,1.555,1,1,,8450,3.31
grid2:fineFlat,,,PR9_x1.5,holdout,3,1039,headon,vfield,bca2ee89a5,ok,0,0,0,0,0,0,4.0533,6.0763,2.7258,2.0438,1.555,1,1,,8450,3.32
grid2:fineFlat,,,PR9_x1.5,holdout,3,1041,headon,vfield,bca2ee89a5,ok,0,0,0,0,0,0,2.2909,6.993,2.7258,2.0438,1.555,1,1,,8450,3.29
grid2:fineFlat,,,PR9_x1.5,holdout,3,1043,headon,vfield,bca2ee89a5,ok,0,0,0,0,0,0,3.9305,6.3271,2.7258,2.0438,1.555,1,1,,8450,3.28
grid2:fineFlat,,,PR9_x1.5,holdout,3,1045,headon,vfield,bca2ee89a5,ok,0,0,0,0,0,0,2.7171,6.8925,2.7258,2.0438,1.555,1,1,,8450,3.29
grid2:fineFlat,,,PR9_x1.5,holdout,3,1047,headon,vfield,bca2ee89a5,ok,0,0,0,0,0,0,2.9629,6.7756,2.7258,2.0438,1.555,1,1,,8450,3.28
grid2:fineFlat,,,PR9_x1.5,holdout,3,1049,headon,vfield,bca2ee89a5,ok,0,0,0,0,0,0,5.5982,6.9374,2.7258,2.0438,1.555,1,1,,8450,3.28
grid2:fineFlat,,,PR9_x1.5,holdout,3,1051,headon,vfield,bca2ee89a5,ok,0,0,0,0,0,0,5.9942,6.7847,2.7258,2.0438,1.555,1,1,,8450,3.29
grid2:fineFlat,,,PR9_x1.5,holdout,3,1053,headon,vfield,bca2ee89a5,ok,0,0,0,0,0,0,5.5622,7.2156,2.7258,2.0438,1.555,1,1,,8450,3.28
grid2:fineFlat,,,PR9_x1.5,holdout,3,1055,headon,vfield,bca2ee89a5,ok,0,0,0,0,0,0,7.2112,6.8231,2.7258,2.0438,1.555,1,1,,8450,3.3
grid2:fineFlat,,,PR9_x1.5,holdout,3,1057,headon,vfield,bca2ee89a5,ok,0,0,0,0,0,0,3.7679,3.2736,2.7258,2.0438,1.555,1,1,,8450,3.51
grid2:fineFlat,,,PR9_x1.5,holdout,3,1059,headon,vfield,bca2ee89a5,ok,0,0,0,0,0,0,3.5714,3.7293,2.7258,2.0438,1.555,1,1,,8450,3.3
grid2:fineFlat,,,PR9_x2,holdout,3,1001,headon,vfield,2c0dfa52be,ok,0,0,0,0,0,0,1.4527,6.7462,2.7258,2.0438,1.555,1,1,,8450,3.34
grid2:fineFlat,,,PR9_x2,holdout,3,1003,headon,vfield,2c0dfa52be,ok,1,0,1,0,0,0,7.4837,0.5675,2.7258,2.0438,1.555,1,1,22.55,8450,3.33
grid2:fineFlat,,,PR9_x2,holdout,3,1005,headon,vfield,2c0dfa52be,ok,0,0,0,0,0,0,1.6039,4.0957,2.7258,2.0438,1.555,1,1,,8450,3.27
grid2:fineFlat,,,PR9_x2,holdout,3,1007,headon,vfield,2c0dfa52be,ok,0,0,0,0,0,0,6.8096,6.9244,2.7258,2.0438,1.555,1,1,,8450,3.27
grid2:fineFlat,,,PR9_x2,holdout,3,1009,headon,vfield,2c0dfa52be,ok,0,0,0,0,0,0,8.4949,3.77,2.7258,2.0438,1.555,1,1,,8450,3.34
grid2:fineFlat,,,PR9_x2,holdout,3,1011,headon,vfield,2c0dfa52be,ok,0,0,0,0,0,0,6.9577,2.0432,2.7258,2.0438,1.555,1,1,,8450,3.32
grid2:fineFlat,,,PR9_x2,holdout,3,1013,headon,vfield,2c0dfa52be,ok,0,0,0,0,0,0,2.5531,1.2007,2.7258,2.0438,1.555,1,1,,8450,3.28
grid2:fineFlat,,,PR9_x2,holdout,3,1015,headon,vfield,2c0dfa52be,ok,0,0,0,0,0,0,2.8533,2.3255,2.7258,2.0438,1.555,1,1,,8450,3.29
grid2:fineFlat,,,PR9_x2,holdout,3,1017,headon,vfield,2c0dfa52be,ok,0,0,0,0,0,0,5.7066,7.5801,2.7258,2.0438,1.555,1,1,,8450,3.35
grid2:fineFlat,,,PR9_x2,holdout,3,1019,headon,vfield,2c0dfa52be,ok,0,0,0,0,0,0,4.8821,2.5613,2.7258,2.0438,1.555,1,1,,8450,3.29
grid2:fineFlat,,,PR9_x2,holdout,3,1021,headon,vfield,2c0dfa52be,ok,0,0,0,0,0,0,6.8579,6.7322,2.7258,2.0438,1.555,1,1,,8450,3.3
grid2:fineFlat,,,PR9_x2,holdout,3,1023,headon,vfield,2c0dfa52be,ok,0,0,0,0,0,0,3.4972,7.0262,2.7258,2.0438,1.555,1,1,,8450,3.3
grid2:fineFlat,,,PR9_x2,holdout,3,1025,headon,vfield,2c0dfa52be,ok,0,0,0,0,0,0,3.6186,3.2299,2.7258,2.0438,1.555,1,1,,8450,3.29
grid2:fineFlat,,,PR9_x2,holdout,3,1027,headon,vfield,2c0dfa52be,ok,0,0,0,0,0,0,6.5753,2.8625,2.7258,2.0438,1.555,1,1,,8450,3.37
grid2:fineFlat,,,PR9_x2,holdout,3,1029,headon,vfield,2c0dfa52be,ok,0,0,0,0,0,0,3.4217,7.3138,2.7258,2.0438,1.555,1,1,,8450,3.36
grid2:fineFlat,,,PR9_x2,holdout,3,1031,headon,vfield,2c0dfa52be,ok,0,0,0,0,0,0,8.7954,3.5051,2.7258,2.0438,1.555,1,1,,8450,3.27
grid2:fineFlat,,,PR9_x2,holdout,3,1033,headon,vfield,2c0dfa52be,ok,0,0,0,0,0,0,3.7436,1.6009,2.7258,2.0438,1.555,1,1,,8450,3.28
grid2:fineFlat,,,PR9_x2,holdout,3,1035,headon,vfield,2c0dfa52be,ok,0,0,0,0,0,0,1.7837,7.1587,2.7258,2.0438,1.555,1,1,,8450,3.35
grid2:fineFlat,,,PR9_x2,holdout,3,1037,headon,vfield,2c0dfa52be,ok,0,0,0,0,0,0,6.8101,6.9061,2.7258,2.0438,1.555,1,1,,8450,3.28
grid2:fineFlat,,,PR9_x2,holdout,3,1039,headon,vfield,2c0dfa52be,ok,0,0,0,0,0,0,7.4839,3.912,2.7258,2.0438,1.555,1,1,,8450,3.31
grid2:fineFlat,,,PR9_x2,holdout,3,1041,headon,vfield,2c0dfa52be,ok,0,0,0,0,0,0,6.1404,6.951,2.7258,2.0438,1.555,1,1,,8450,3.26
grid2:fineFlat,,,PR9_x2,holdout,3,1043,headon,vfield,2c0dfa52be,ok,0,0,0,0,0,0,1.3486,7.2585,2.7258,2.0438,1.555,1,1,,8450,3.27
grid2:fineFlat,,,PR9_x2,holdout,3,1045,headon,vfield,2c0dfa52be,ok,0,0,0,0,0,0,4.9446,7.5888,2.7258,2.0438,1.555,1,1,,8450,3.29
grid2:fineFlat,,,PR9_x2,holdout,3,1047,headon,vfield,2c0dfa52be,ok,0,0,0,0,0,0,8.3633,7.2624,2.7258,2.0438,1.555,1,1,,8450,3.31
grid2:fineFlat,,,PR9_x2,holdout,3,1049,headon,vfield,2c0dfa52be,ok,0,0,0,0,0,0,3.0734,6.6923,2.7258,2.0438,1.555,1,1,,8450,3.29
grid2:fineFlat,,,PR9_x2,holdout,3,1051,headon,vfield,2c0dfa52be,ok,0,0,0,0,0,0,8.0657,7.1877,2.7258,2.0438,1.555,1,1,,8450,3.32
grid2:fineFlat,,,PR9_x2,holdout,3,1053,headon,vfield,2c0dfa52be,ok,0,0,0,0,0,0,8.1842,2.5341,2.7258,2.0438,1.555,1,1,,8450,3.3
grid2:fineFlat,,,PR9_x2,holdout,3,1055,headon,vfield,2c0dfa52be,ok,0,0,0,0,0,0,3.6848,6.2664,2.7258,2.0438,1.555,1,1,,8450,3.53
grid2:fineFlat,,,PR9_x2,holdout,3,1057,headon,vfield,2c0dfa52be,ok,0,0,0,0,0,0,7.2718,3.3203,2.7258,2.0438,1.555,1,1,,8450,3.79
grid2:fineFlat,,,PR9_x2,holdout,3,1059,headon,vfield,2c0dfa52be,ok,0,0,0,0,0,0,3.5845,7.0991,2.7258,2.0438,1.555,1,1,,8450,3.28
grid2:fineFlat,,,PR10_x1,holdout,3,1001,headon,vfield,d8755f2fae,ok,0,0,0,0,0,0,2.3337,6.6834,2.7258,2.0438,1.555,1,1,,8450,3.27
grid2:fineFlat,,,PR10_x1,holdout,3,1003,headon,vfield,d8755f2fae,ok,0,0,0,0,0,0,2.1648,6.7834,2.7258,2.0438,1.555,1,1,,8450,3.28
grid2:fineFlat,,,PR10_x1,holdout,3,1005,headon,vfield,d8755f2fae,ok,0,0,0,0,0,0,3.1043,1.5026,2.7258,2.0438,1.555,1,1,,8450,3.32
grid2:fineFlat,,,PR10_x1,holdout,3,1007,headon,vfield,d8755f2fae,ok,0,0,0,0,0,0,6.4073,7.5704,2.7258,2.0438,1.555,1,1,,8450,3.27
grid2:fineFlat,,,PR10_x1,holdout,3,1009,headon,vfield,d8755f2fae,ok,0,0,0,0,0,0,4.1144,7.4543,2.7258,2.0438,1.555,1,1,,8450,3.27
grid2:fineFlat,,,PR10_x1,holdout,3,1011,headon,vfield,d8755f2fae,ok,0,0,0,0,0,0,5.0293,6.6235,2.7258,2.0438,1.555,1,1,,8450,3.28
grid2:fineFlat,,,PR10_x1,holdout,3,1013,headon,vfield,d8755f2fae,ok,0,0,0,0,0,0,1.2882,8.1944,2.7258,2.0438,1.555,1,1,,8450,3.32
grid2:fineFlat,,,PR10_x1,holdout,3,1015,headon,vfield,d8755f2fae,ok,0,0,0,0,0,0,7.2589,6.048,2.7258,2.0438,1.555,1,1,,8450,3.34
grid2:fineFlat,,,PR10_x1,holdout,3,1017,headon,vfield,d8755f2fae,ok,0,0,0,0,0,0,2.6469,1.2783,2.7258,2.0438,1.555,1,1,,8450,3.32
grid2:fineFlat,,,PR10_x1,holdout,3,1019,headon,vfield,d8755f2fae,ok,0,0,0,0,0,0,4.9044,2.9285,2.7258,2.0438,1.555,1,1,,8450,3.32
grid2:fineFlat,,,PR10_x1,holdout,3,1021,headon,vfield,d8755f2fae,ok,0,0,0,0,0,0,4.851,7.8981,2.7258,2.0438,1.555,1,1,,8450,3.27
grid2:fineFlat,,,PR10_x1,holdout,3,1023,headon,vfield,d8755f2fae,ok,0,0,0,0,0,0,6.6884,7.5195,2.7258,2.0438,1.555,1,1,,8450,3.3
grid2:fineFlat,,,PR10_x1,holdout,3,1025,headon,vfield,d8755f2fae,ok,1,1,0,0,0,0,1.7751,0.0202,2.7258,2.0438,1.555,1,1,16.78,8450,3.27
grid2:fineFlat,,,PR10_x1,holdout,3,1027,headon,vfield,d8755f2fae,ok,0,0,0,0,0,0,7.3835,7.8534,2.7258,2.0438,1.555,1,1,,8450,3.3
grid2:fineFlat,,,PR10_x1,holdout,3,1029,headon,vfield,d8755f2fae,ok,0,0,0,0,0,0,2.1405,8.0146,2.7258,2.0438,1.555,1,1,,8450,3.3
grid2:fineFlat,,,PR10_x1,holdout,3,1031,headon,vfield,d8755f2fae,ok,0,0,0,0,0,0,3.4319,5.7486,2.7258,2.0438,1.555,1,1,,8450,3.3
grid2:fineFlat,,,PR10_x1,holdout,3,1033,headon,vfield,d8755f2fae,ok,1,0,1,0,0,0,4.7385,0.6738,2.7258,2.0438,1.555,1,1,25.59,8450,3.26
grid2:fineFlat,,,PR10_x1,holdout,3,1035,headon,vfield,d8755f2fae,ok,0,0,0,0,0,0,4.4574,3.3878,2.7258,2.0438,1.555,1,1,,8450,3.35
grid2:fineFlat,,,PR10_x1,holdout,3,1037,headon,vfield,d8755f2fae,ok,0,0,0,0,0,0,5.343,6.6486,2.7258,2.0438,1.555,1,1,,8450,3.29
grid2:fineFlat,,,PR10_x1,holdout,3,1039,headon,vfield,d8755f2fae,ok,0,0,0,0,0,0,2.294,2.7664,2.7258,2.0438,1.555,1,1,,8450,3.28
grid2:fineFlat,,,PR10_x1,holdout,3,1041,headon,vfield,d8755f2fae,ok,0,0,0,0,0,0,2.5934,1.36,2.7258,2.0438,1.555,1,1,,8450,3.25
grid2:fineFlat,,,PR10_x1,holdout,3,1043,headon,vfield,d8755f2fae,ok,1,1,0,0,0,0,1.485,0.8761,2.7258,2.0438,1.555,1,1,21.09,8450,3.29
grid2:fineFlat,,,PR10_x1,holdout,3,1045,headon,vfield,d8755f2fae,ok,0,0,0,0,0,0,7.1471,7.9987,2.7258,2.0438,1.555,1,1,,8450,3.29
grid2:fineFlat,,,PR10_x1,holdout,3,1047,headon,vfield,d8755f2fae,ok,0,0,0,0,0,0,2.6088,4.08,2.7258,2.0438,1.555,1,1,,8450,3.28
grid2:fineFlat,,,PR10_x1,holdout,3,1049,headon,vfield,d8755f2fae,ok,0,0,0,0,0,0,3.0751,2.5185,2.7258,2.0438,1.555,1,1,,8450,3.27
grid2:fineFlat,,,PR10_x1,holdout,3,1051,headon,vfield,d8755f2fae,ok,0,0,0,0,0,0,4.9597,3.2566,2.7258,2.0438,1.555,1,1,,8450,3.29
grid2:fineFlat,,,PR10_x1,holdout,3,1053,headon,vfield,d8755f2fae,ok,1,0,1,0,0,0,8.4589,0.408,2.7258,2.0438,1.555,1,1,10.42,8450,3.27
grid2:fineFlat,,,PR10_x1,holdout,3,1055,headon,vfield,d8755f2fae,ok,0,0,0,0,0,0,4.3555,7.0003,2.7258,2.0438,1.555,1,1,,8450,3.28
grid2:fineFlat,,,PR10_x1,holdout,3,1057,headon,vfield,d8755f2fae,ok,0,0,0,0,0,0,2.5978,4.3512,2.7258,2.0438,1.555,1,1,,8450,3.3
grid2:fineFlat,,,PR10_x1,holdout,3,1059,headon,vfield,d8755f2fae,ok,1,0,1,0,0,0,5.6942,0.7372,2.7258,2.0438,1.555,1,1,6.01,8450,3.28
grid2:fineFlat,,,PR10_x1.25,holdout,3,1001,headon,vfield,5992e7b9ba,ok,0,0,0,0,0,0,2.5403,7.8208,2.7258,2.0438,1.555,1,1,,8450,3.28
grid2:fineFlat,,,PR10_x1.25,holdout,3,1003,headon,vfield,5992e7b9ba,ok,0,0,0,0,0,0,5.2067,7.3397,2.7258,2.0438,1.555,1,1,,8450,3.26
grid2:fineFlat,,,PR10_x1.25,holdout,3,1005,headon,vfield,5992e7b9ba,ok,0,0,0,0,0,0,1.5659,4.59,2.7258,2.0438,1.555,1,1,,8450,3.3
grid2:fineFlat,,,PR10_x1.25,holdout,3,1007,headon,vfield,5992e7b9ba,ok,0,0,0,0,0,0,2.5589,6.6499,2.7258,2.0438,1.555,1,1,,8450,3.28
grid2:fineFlat,,,PR10_x1.25,holdout,3,1009,headon,vfield,5992e7b9ba,ok,0,0,0,0,0,0,7.7292,7.5073,2.7258,2.0438,1.555,1,1,,8450,3.29
grid2:fineFlat,,,PR10_x1.25,holdout,3,1011,headon,vfield,5992e7b9ba,ok,0,0,0,0,0,0,7.8808,7.7892,2.7258,2.0438,1.555,1,1,,8450,3.28
grid2:fineFlat,,,PR10_x1.25,holdout,3,1013,headon,vfield,5992e7b9ba,ok,0,0,0,0,0,0,4.8163,3.9266,2.7258,2.0438,1.555,1,1,,8450,3.29
grid2:fineFlat,,,PR10_x1.25,holdout,3,1015,headon,vfield,5992e7b9ba,ok,0,0,0,0,0,0,1.8764,4.2882,2.7258,2.0438,1.555,1,1,,8450,3.28
grid2:fineFlat,,,PR10_x1.25,holdout,3,1017,headon,vfield,5992e7b9ba,ok,0,0,0,0,0,0,4.1369,7.6092,2.7258,2.0438,1.555,1,1,,8450,3.28
grid2:fineFlat,,,PR10_x1.25,holdout,3,1019,headon,vfield,5992e7b9ba,ok,0,0,0,0,0,0,1.4787,3.2973,2.7258,2.0438,1.555,1,1,,8450,3.27
grid2:fineFlat,,,PR10_x1.25,holdout,3,1021,headon,vfield,5992e7b9ba,ok,0,0,0,0,0,0,4.8874,7.7349,2.7258,2.0438,1.555,1,1,,8450,3.29
grid2:fineFlat,,,PR10_x1.25,holdout,3,1023,headon,vfield,5992e7b9ba,ok,0,0,0,0,0,0,3.5286,8.0914,2.7258,2.0438,1.555,1,1,,8450,3.3
grid2:fineFlat,,,PR10_x1.25,holdout,3,1025,headon,vfield,5992e7b9ba,ok,0,0,0,0,0,0,3.043,4.7025,2.7258,2.0438,1.555,1,1,,8450,3.31
grid2:fineFlat,,,PR10_x1.25,holdout,3,1027,headon,vfield,5992e7b9ba,ok,0,0,0,0,0,0,5.2056,8.5401,2.7258,2.0438,1.555,1,1,,8450,3.31
grid2:fineFlat,,,PR10_x1.25,holdout,3,1029,headon,vfield,5992e7b9ba,ok,0,0,0,0,0,0,2.3879,7.7701,2.7258,2.0438,1.555,1,1,,8450,3.28
grid2:fineFlat,,,PR10_x1.25,holdout,3,1031,headon,vfield,5992e7b9ba,ok,0,0,0,0,0,0,2.044,7.3809,2.7258,2.0438,1.555,1,1,,8450,3.37
grid2:fineFlat,,,PR10_x1.25,holdout,3,1033,headon,vfield,5992e7b9ba,ok,0,0,0,0,0,0,6.8355,6.4337,2.7258,2.0438,1.555,1,1,,8450,3.31
grid2:fineFlat,,,PR10_x1.25,holdout,3,1035,headon,vfield,5992e7b9ba,ok,0,0,0,0,0,0,4.0497,4.1975,2.7258,2.0438,1.555,1,1,,8450,3.28
grid2:fineFlat,,,PR10_x1.25,holdout,3,1037,headon,vfield,5992e7b9ba,ok,0,0,0,0,0,0,2.8182,7.7614,2.7258,2.0438,1.555,1,1,,8450,3.28
grid2:fineFlat,,,PR10_x1.25,holdout,3,1039,headon,vfield,5992e7b9ba,ok,0,0,0,0,0,0,5.9046,1.4156,2.7258,2.0438,1.555,1,1,,8450,3.27
grid2:fineFlat,,,PR10_x1.25,holdout,3,1041,headon,vfield,5992e7b9ba,ok,0,0,0,0,0,0,3.4856,5.819,2.7258,2.0438,1.555,1,1,,8450,3.27
grid2:fineFlat,,,PR10_x1.25,holdout,3,1043,headon,vfield,5992e7b9ba,ok,0,0,0,0,0,0,5.3824,8.2069,2.7258,2.0438,1.555,1,1,,8450,3.28
grid2:fineFlat,,,PR10_x1.25,holdout,3,1045,headon,vfield,5992e7b9ba,ok,0,0,0,0,0,0,4.5404,7.5245,2.7258,2.0438,1.555,1,1,,8450,3.27
grid2:fineFlat,,,PR10_x1.25,holdout,3,1047,headon,vfield,5992e7b9ba,ok,0,0,0,0,0,0,4.2683,7.8988,2.7258,2.0438,1.555,1,1,,8450,3.28
grid2:fineFlat,,,PR10_x1.25,holdout,3,1049,headon,vfield,5992e7b9ba,ok,0,0,0,0,0,0,5.7134,6.5488,2.7258,2.0438,1.555,1,1,,8450,3.28
grid2:fineFlat,,,PR10_x1.25,holdout,3,1051,headon,vfield,5992e7b9ba,ok,1,0,1,0,0,0,1.9147,0.3158,2.7258,2.0438,1.555,1,1,11.9,8450,3.3
grid2:fineFlat,,,PR10_x1.25,holdout,3,1053,headon,vfield,5992e7b9ba,ok,0,0,0,0,0,0,7.4618,7.7839,2.7258,2.0438,1.555,1,1,,8450,3.32
grid2:fineFlat,,,PR10_x1.25,holdout,3,1055,headon,vfield,5992e7b9ba,ok,1,0,0,0,1,0,0.999,7.1519,2.7258,2.0438,1.555,1,1,34.1,8450,3.3
grid2:fineFlat,,,PR10_x1.25,holdout,3,1057,headon,vfield,5992e7b9ba,ok,0,0,0,0,0,0,4.3021,6.0579,2.7258,2.0438,1.555,1,1,,8450,3.33
grid2:fineFlat,,,PR10_x1.25,holdout,3,1059,headon,vfield,5992e7b9ba,ok,0,0,0,0,0,0,1.6347,8.3623,2.7258,2.0438,1.555,1,1,,8450,3.54
grid2:fineFlat,,,PR10_x1.5,holdout,3,1001,headon,vfield,fd13d1bdc2,ok,0,0,0,0,0,0,7.3025,8.0874,2.7258,2.0438,1.555,1,1,,8450,3.54
grid2:fineFlat,,,PR10_x1.5,holdout,3,1003,headon,vfield,fd13d1bdc2,ok,1,0,1,0,0,0,5.7975,0.0497,2.7258,2.0438,1.555,1,1,11.72,8450,3.31
grid2:fineFlat,,,PR10_x1.5,holdout,3,1005,headon,vfield,fd13d1bdc2,ok,0,0,0,0,0,0,4.4444,4.5819,2.7258,2.0438,1.555,1,1,,8450,3.3
grid2:fineFlat,,,PR10_x1.5,holdout,3,1007,headon,vfield,fd13d1bdc2,ok,0,0,0,0,0,0,4.429,8.1164,2.7258,2.0438,1.555,1,1,,8450,3.3
grid2:fineFlat,,,PR10_x1.5,holdout,3,1009,headon,vfield,fd13d1bdc2,ok,0,0,0,0,0,0,4.1678,8.4217,2.7258,2.0438,1.555,1,1,,8450,3.29
grid2:fineFlat,,,PR10_x1.5,holdout,3,1011,headon,vfield,fd13d1bdc2,ok,0,0,0,0,0,0,6.6202,8.0305,2.7258,2.0438,1.555,1,1,,8450,3.3
grid2:fineFlat,,,PR10_x1.5,holdout,3,1013,headon,vfield,fd13d1bdc2,ok,0,0,0,0,0,0,6.5361,6.7936,2.7258,2.0438,1.555,1,1,,8450,3.28
grid2:fineFlat,,,PR10_x1.5,holdout,3,1015,headon,vfield,fd13d1bdc2,ok,0,0,0,0,0,0,7.8359,6.8057,2.7258,2.0438,1.555,1,1,,8450,3.28
grid2:fineFlat,,,PR10_x1.5,holdout,3,1017,headon,vfield,fd13d1bdc2,ok,0,0,0,0,0,0,6.091,7.8085,2.7258,2.0438,1.555,1,1,,8450,3.28
grid2:fineFlat,,,PR10_x1.5,holdout,3,1019,headon,vfield,fd13d1bdc2,ok,1,1,0,0,0,0,4.4538,0.8534,2.7258,2.0438,1.555,1,1,24.06,8450,3.28
grid2:fineFlat,,,PR10_x1.5,holdout,3,1021,headon,vfield,fd13d1bdc2,ok,0,0,0,0,0,0,6.3902,7.6534,2.7258,2.0438,1.555,1,1,,8450,3.27
grid2:fineFlat,,,PR10_x1.5,holdout,3,1023,headon,vfield,fd13d1bdc2,ok,0,0,0,0,0,0,6.0447,8.5911,2.7258,2.0438,1.555,1,1,,8450,3.29
grid2:fineFlat,,,PR10_x1.5,holdout,3,1025,headon,vfield,fd13d1bdc2,ok,0,0,0,0,0,0,2.4861,1.7492,2.7258,2.0438,1.555,1,1,,8450,3.27
grid2:fineFlat,,,PR10_x1.5,holdout,3,1027,headon,vfield,fd13d1bdc2,ok,0,0,0,0,0,0,6.7311,8.0252,2.7258,2.0438,1.555,1,1,,8450,3.29
grid2:fineFlat,,,PR10_x1.5,holdout,3,1029,headon,vfield,fd13d1bdc2,ok,0,0,0,0,0,0,5.0601,4.7038,2.7258,2.0438,1.555,1,1,,8450,3.3
grid2:fineFlat,,,PR10_x1.5,holdout,3,1031,headon,vfield,fd13d1bdc2,ok,0,0,0,0,0,0,4.5674,2.0859,2.7258,2.0438,1.555,1,1,,8450,3.38
grid2:fineFlat,,,PR10_x1.5,holdout,3,1033,headon,vfield,fd13d1bdc2,ok,0,0,0,0,0,0,7.3492,5.9807,2.7258,2.0438,1.555,1,1,,8450,3.3
grid2:fineFlat,,,PR10_x1.5,holdout,3,1035,headon,vfield,fd13d1bdc2,ok,0,0,0,0,0,0,5.847,8.3085,2.7258,2.0438,1.555,1,1,,8450,3.28
grid2:fineFlat,,,PR10_x1.5,holdout,3,1037,headon,vfield,fd13d1bdc2,ok,0,0,0,0,0,0,5.7047,6.6002,2.7258,2.0438,1.555,1,1,,8450,3.29
grid2:fineFlat,,,PR10_x1.5,holdout,3,1039,headon,vfield,fd13d1bdc2,ok,0,0,0,0,0,0,5.5682,8.2932,2.7258,2.0438,1.555,1,1,,8450,3.27
grid2:fineFlat,,,PR10_x1.5,holdout,3,1041,headon,vfield,fd13d1bdc2,ok,0,0,0,0,0,0,5.5234,8.1757,2.7258,2.0438,1.555,1,1,,8450,3.3
grid2:fineFlat,,,PR10_x1.5,holdout,3,1043,headon,vfield,fd13d1bdc2,ok,0,0,0,0,0,0,3.4852,7.6915,2.7258,2.0438,1.555,1,1,,8450,3.28
grid2:fineFlat,,,PR10_x1.5,holdout,3,1045,headon,vfield,fd13d1bdc2,ok,0,0,0,0,0,0,5.2669,6.2411,2.7258,2.0438,1.555,1,1,,8450,3.28
grid2:fineFlat,,,PR10_x1.5,holdout,3,1047,headon,vfield,fd13d1bdc2,ok,0,0,0,0,0,0,5.538,7.6203,2.7258,2.0438,1.555,1,1,,8450,3.26
grid2:fineFlat,,,PR10_x1.5,holdout,3,1049,headon,vfield,fd13d1bdc2,ok,0,0,0,0,0,0,7.7815,8.2444,2.7258,2.0438,1.555,1,1,,8450,3.28
grid2:fineFlat,,,PR10_x1.5,holdout,3,1051,headon,vfield,fd13d1bdc2,ok,0,0,0,0,0,0,5.9743,7.7451,2.7258,2.0438,1.555,1,1,,8450,3.27
grid2:fineFlat,,,PR10_x1.5,holdout,3,1053,headon,vfield,fd13d1bdc2,ok,0,0,0,0,0,0,4.9335,7.5426,2.7258,2.0438,1.555,1,1,,8450,3.28
grid2:fineFlat,,,PR10_x1.5,holdout,3,1055,headon,vfield,fd13d1bdc2,ok,0,0,0,0,0,0,4.9737,7.703,2.7258,2.0438,1.555,1,1,,8450,3.27
grid2:fineFlat,,,PR10_x1.5,holdout,3,1057,headon,vfield,fd13d1bdc2,ok,0,0,0,0,0,0,4.1266,7.6386,2.7258,2.0438,1.555,1,1,,8450,3.3
grid2:fineFlat,,,PR10_x1.5,holdout,3,1059,headon,vfield,fd13d1bdc2,ok,0,0,0,0,0,0,4.6297,7.5998,2.7258,2.0438,1.555,1,1,,8450,3.29
grid2:fineFlat,,,PR10_x2,holdout,3,1001,headon,vfield,e0f7388ce6,ok,0,0,0,0,0,0,1.6395,7.4868,2.7258,2.0438,1.555,1,1,,8450,3.3
grid2:fineFlat,,,PR10_x2,holdout,3,1003,headon,vfield,e0f7388ce6,ok,0,0,0,0,0,0,5.5527,2.9752,2.7258,2.0438,1.555,1,1,,8450,3.28
grid2:fineFlat,,,PR10_x2,holdout,3,1005,headon,vfield,e0f7388ce6,ok,0,0,0,0,0,0,6.0677,5.5014,2.7258,2.0438,1.555,1,1,,8450,3.29
grid2:fineFlat,,,PR10_x2,holdout,3,1007,headon,vfield,e0f7388ce6,ok,0,0,0,0,0,0,5.7885,4.3698,2.7258,2.0438,1.555,1,1,,8450,3.28
grid2:fineFlat,,,PR10_x2,holdout,3,1009,headon,vfield,e0f7388ce6,ok,1,0,1,0,0,0,4.7099,0.2423,2.7258,2.0438,1.555,1,1,9.76,8450,3.27
grid2:fineFlat,,,PR10_x2,holdout,3,1011,headon,vfield,e0f7388ce6,ok,0,0,0,0,0,0,4.5237,4.3837,2.7258,2.0438,1.555,1,1,,8450,3.27
grid2:fineFlat,,,PR10_x2,holdout,3,1013,headon,vfield,e0f7388ce6,ok,0,0,0,0,0,0,1.8223,3.8342,2.7258,2.0438,1.555,1,1,,8450,3.27
grid2:fineFlat,,,PR10_x2,holdout,3,1015,headon,vfield,e0f7388ce6,ok,0,0,0,0,0,0,5.3319,4.2992,2.7258,2.0438,1.555,1,1,,8450,3.28
grid2:fineFlat,,,PR10_x2,holdout,3,1017,headon,vfield,e0f7388ce6,ok,0,0,0,0,0,0,7.3208,4.5371,2.7258,2.0438,1.555,1,1,,8450,3.28
grid2:fineFlat,,,PR10_x2,holdout,3,1019,headon,vfield,e0f7388ce6,ok,1,0,1,0,0,0,3.557,0.8694,2.7258,2.0438,1.555,1,1,5.32,8450,3.3
grid2:fineFlat,,,PR10_x2,holdout,3,1021,headon,vfield,e0f7388ce6,ok,0,0,0,0,0,0,8.3999,6.7163,2.7258,2.0438,1.555,1,1,,8450,3.31
grid2:fineFlat,,,PR10_x2,holdout,3,1023,headon,vfield,e0f7388ce6,ok,0,0,0,0,0,0,5.4774,4.1715,2.7258,2.0438,1.555,1,1,,8450,3.29
grid2:fineFlat,,,PR10_x2,holdout,3,1025,headon,vfield,e0f7388ce6,ok,0,0,0,0,0,0,4.4573,3.9183,2.7258,2.0438,1.555,1,1,,8450,3.3
grid2:fineFlat,,,PR10_x2,holdout,3,1027,headon,vfield,e0f7388ce6,ok,0,0,0,0,0,0,4.6409,4.7469,2.7258,2.0438,1.555,1,1,,8450,3.26
grid2:fineFlat,,,PR10_x2,holdout,3,1029,headon,vfield,e0f7388ce6,ok,0,0,0,0,0,0,7.3278,8.0685,2.7258,2.0438,1.555,1,1,,8450,3.29
grid2:fineFlat,,,PR10_x2,holdout,3,1031,headon,vfield,e0f7388ce6,ok,0,0,0,0,0,0,8.4008,2.3029,2.7258,2.0438,1.555,1,1,,8450,3.29
grid2:fineFlat,,,PR10_x2,holdout,3,1033,headon,vfield,e0f7388ce6,ok,1,0,1,0,0,0,4.2772,0.6517,2.7258,2.0438,1.555,1,1,25.88,8450,3.46
grid2:fineFlat,,,PR10_x2,holdout,3,1035,headon,vfield,e0f7388ce6,ok,0,0,0,0,0,0,2.9341,8.0641,2.7258,2.0438,1.555,1,1,,8450,3.37
grid2:fineFlat,,,PR10_x2,holdout,3,1037,headon,vfield,e0f7388ce6,ok,0,0,0,0,0,0,6.6088,8.5077,2.7258,2.0438,1.555,1,1,,8450,3.35
grid2:fineFlat,,,PR10_x2,holdout,3,1039,headon,vfield,e0f7388ce6,ok,1,0,1,0,0,0,8.1118,0.2697,2.7258,2.0438,1.555,1,1,9.8,8450,3.27
grid2:fineFlat,,,PR10_x2,holdout,3,1041,headon,vfield,e0f7388ce6,ok,0,0,0,0,0,0,6.1681,8.2017,2.7258,2.0438,1.555,1,1,,8450,3.32
grid2:fineFlat,,,PR10_x2,holdout,3,1043,headon,vfield,e0f7388ce6,ok,0,0,0,0,0,0,5.9447,8.1337,2.7258,2.0438,1.555,1,1,,8450,3.31
grid2:fineFlat,,,PR10_x2,holdout,3,1045,headon,vfield,e0f7388ce6,ok,0,0,0,0,0,0,2.6598,4.2334,2.7258,2.0438,1.555,1,1,,8450,3.28
grid2:fineFlat,,,PR10_x2,holdout,3,1047,headon,vfield,e0f7388ce6,ok,0,0,0,0,0,0,6.8896,2.1755,2.7258,2.0438,1.555,1,1,,8450,3.26
grid2:fineFlat,,,PR10_x2,holdout,3,1049,headon,vfield,e0f7388ce6,ok,0,0,0,0,0,0,6.3786,7.582,2.7258,2.0438,1.555,1,1,,8450,3.27
grid2:fineFlat,,,PR10_x2,holdout,3,1051,headon,vfield,e0f7388ce6,ok,0,0,0,0,0,0,5.485,7.7459,2.7258,2.0438,1.555,1,1,,8450,3.34
grid2:fineFlat,,,PR10_x2,holdout,3,1053,headon,vfield,e0f7388ce6,ok,0,0,0,0,0,0,5.3483,3.9471,2.7258,2.0438,1.555,1,1,,8450,3.32
grid2:fineFlat,,,PR10_x2,holdout,3,1055,headon,vfield,e0f7388ce6,ok,0,0,0,0,0,0,4.7368,5.7577,2.7258,2.0438,1.555,1,1,,8450,3.31
grid2:fineFlat,,,PR10_x2,holdout,3,1057,headon,vfield,e0f7388ce6,ok,0,0,0,0,0,0,2.6243,1.5002,2.7258,2.0438,1.555,1,1,,8450,3.34
grid2:fineFlat,,,PR10_x2,holdout,3,1059,headon,vfield,e0f7388ce6,ok,0,0,0,0,0,0,4.5512,7.6792,2.7258,2.0438,1.555,1,1,,8450,3.36
grid2:fineFlat,,,PR11_x1,holdout,3,1001,headon,vfield,66c4145aad,ok,1,0,1,0,0,0,2.5322,0.5849,2.7258,2.0438,1.555,1,1,11.28,8450,3.33
grid2:fineFlat,,,PR11_x1,holdout,3,1003,headon,vfield,66c4145aad,ok,0,0,0,0,0,0,5.6824,4.5353,2.7258,2.0438,1.555,1,1,,8450,3.32
grid2:fineFlat,,,PR11_x1,holdout,3,1005,headon,vfield,66c4145aad,ok,1,0,1,0,0,0,3.5598,0.5014,2.7258,2.0438,1.555,1,1,9.97,8450,3.29
grid2:fineFlat,,,PR11_x1,holdout,3,1007,headon,vfield,66c4145aad,ok,0,0,0,0,0,0,3.3777,7.2242,2.7258,2.0438,1.555,1,1,,8450,3.31
grid2:fineFlat,,,PR11_x1,holdout,3,1009,headon,vfield,66c4145aad,ok,0,0,0,0,0,0,3.6977,6.9557,2.7258,2.0438,1.555,1,1,,8450,3.28
grid2:fineFlat,,,PR11_x1,holdout,3,1011,headon,vfield,66c4145aad,ok,1,0,1,0,0,0,7.8599,0.1748,2.7258,2.0438,1.555,1,1,14.03,8450,3.27
grid2:fineFlat,,,PR11_x1,holdout,3,1013,headon,vfield,66c4145aad,ok,0,0,0,0,0,0,4.8992,9.4042,2.7258,2.0438,1.555,1,1,,8450,3.26
grid2:fineFlat,,,PR11_x1,holdout,3,1015,headon,vfield,66c4145aad,ok,0,0,0,0,0,0,2.6904,1.9152,2.7258,2.0438,1.555,1,1,,8450,3.28
grid2:fineFlat,,,PR11_x1,holdout,3,1017,headon,vfield,66c4145aad,ok,0,0,0,0,0,0,3.1699,4.1285,2.7258,2.0438,1.555,1,1,,8450,3.26
grid2:fineFlat,,,PR11_x1,holdout,3,1019,headon,vfield,66c4145aad,ok,1,0,1,0,0,0,6.4217,0.151,2.7258,2.0438,1.555,1,1,7.0,8450,3.28
grid2:fineFlat,,,PR11_x1,holdout,3,1021,headon,vfield,66c4145aad,ok,0,0,0,0,0,0,4.8769,8.6923,2.7258,2.0438,1.555,1,1,,8450,3.29
grid2:fineFlat,,,PR11_x1,holdout,3,1023,headon,vfield,66c4145aad,ok,0,0,0,0,0,0,8.8027,5.1415,2.7258,2.0438,1.555,1,1,,8450,3.29
grid2:fineFlat,,,PR11_x1,holdout,3,1025,headon,vfield,66c4145aad,ok,0,0,0,0,0,0,5.992,1.7591,2.7258,2.0438,1.555,1,1,,8450,3.38
grid2:fineFlat,,,PR11_x1,holdout,3,1027,headon,vfield,66c4145aad,ok,0,0,0,0,0,0,4.2228,1.9408,2.7258,2.0438,1.555,1,1,,8450,3.29
grid2:fineFlat,,,PR11_x1,holdout,3,1029,headon,vfield,66c4145aad,ok,0,0,0,0,0,0,4.159,4.8482,2.7258,2.0438,1.555,1,1,,8450,3.3
grid2:fineFlat,,,PR11_x1,holdout,3,1031,headon,vfield,66c4145aad,ok,0,0,0,0,0,0,1.8001,6.2944,2.7258,2.0438,1.555,1,1,,8450,3.28
grid2:fineFlat,,,PR11_x1,holdout,3,1033,headon,vfield,66c4145aad,ok,0,0,0,0,0,0,6.7649,5.7449,2.7258,2.0438,1.555,1,1,,8450,3.31
grid2:fineFlat,,,PR11_x1,holdout,3,1035,headon,vfield,66c4145aad,ok,0,0,0,0,0,0,3.8181,3.1942,2.7258,2.0438,1.555,1,1,,8450,3.34
grid2:fineFlat,,,PR11_x1,holdout,3,1037,headon,vfield,66c4145aad,ok,0,0,0,0,0,0,3.5989,8.4911,2.7258,2.0438,1.555,1,1,,8450,3.33
grid2:fineFlat,,,PR11_x1,holdout,3,1039,headon,vfield,66c4145aad,ok,0,0,0,0,0,0,4.6134,4.3079,2.7258,2.0438,1.555,1,1,,8450,3.31
grid2:fineFlat,,,PR11_x1,holdout,3,1041,headon,vfield,66c4145aad,ok,1,0,1,0,0,0,2.3671,0.3874,2.7258,2.0438,1.555,1,1,10.29,8450,3.28
grid2:fineFlat,,,PR11_x1,holdout,3,1043,headon,vfield,66c4145aad,ok,0,0,0,0,0,0,4.7401,3.8508,2.7258,2.0438,1.555,1,1,,8450,3.27
grid2:fineFlat,,,PR11_x1,holdout,3,1045,headon,vfield,66c4145aad,ok,0,0,0,0,0,0,4.6643,8.2409,2.7258,2.0438,1.555,1,1,,8450,3.29
grid2:fineFlat,,,PR11_x1,holdout,3,1047,headon,vfield,66c4145aad,ok,0,0,0,0,0,0,4.0156,4.7582,2.7258,2.0438,1.555,1,1,,8450,3.27
grid2:fineFlat,,,PR11_x1,holdout,3,1049,headon,vfield,66c4145aad,ok,0,0,0,0,0,0,1.697,5.5775,2.7258,2.0438,1.555,1,1,,8450,3.28
grid2:fineFlat,,,PR11_x1,holdout,3,1051,headon,vfield,66c4145aad,ok,0,0,0,0,0,0,6.0801,4.8993,2.7258,2.0438,1.555,1,1,,8450,3.26
grid2:fineFlat,,,PR11_x1,holdout,3,1053,headon,vfield,66c4145aad,ok,0,0,0,0,0,0,5.8841,6.6974,2.7258,2.0438,1.555,1,1,,8450,3.27
grid2:fineFlat,,,PR11_x1,holdout,3,1055,headon,vfield,66c4145aad,ok,0,0,0,0,0,0,3.4514,4.297,2.7258,2.0438,1.555,1,1,,8450,3.29
grid2:fineFlat,,,PR11_x1,holdout,3,1057,headon,vfield,66c4145aad,ok,0,0,0,0,0,0,3.0272,4.0018,2.7258,2.0438,1.555,1,1,,8450,3.32
grid2:fineFlat,,,PR11_x1,holdout,3,1059,headon,vfield,66c4145aad,ok,0,0,0,0,0,0,8.4153,2.5344,2.7258,2.0438,1.555,1,1,,8450,3.32
grid2:fineFlat,,,PR11_x1.25,holdout,3,1001,headon,vfield,96324d3911,ok,0,0,0,0,0,0,6.9901,9.0328,2.7258,2.0438,1.555,1,1,,8450,3.45
grid2:fineFlat,,,PR11_x1.25,holdout,3,1003,headon,vfield,96324d3911,ok,0,0,0,0,0,0,1.8312,8.8602,2.7258,2.0438,1.555,1,1,,8450,3.31
grid2:fineFlat,,,PR11_x1.25,holdout,3,1005,headon,vfield,96324d3911,ok,0,0,0,0,0,0,2.7589,5.6748,2.7258,2.0438,1.555,1,1,,8450,3.3
grid2:fineFlat,,,PR11_x1.25,holdout,3,1007,headon,vfield,96324d3911,ok,0,0,0,0,0,0,5.4447,7.2009,2.7258,2.0438,1.555,1,1,,8450,3.3
grid2:fineFlat,,,PR11_x1.25,holdout,3,1009,headon,vfield,96324d3911,ok,0,0,0,0,0,0,5.296,8.356,2.7258,2.0438,1.555,1,1,,8450,3.31
grid2:fineFlat,,,PR11_x1.25,holdout,3,1011,headon,vfield,96324d3911,ok,0,0,0,0,0,0,5.8205,8.9338,2.7258,2.0438,1.555,1,1,,8450,3.28
grid2:fineFlat,,,PR11_x1.25,holdout,3,1013,headon,vfield,96324d3911,ok,0,0,0,0,0,0,6.8099,7.13,2.7258,2.0438,1.555,1,1,,8450,3.32
grid2:fineFlat,,,PR11_x1.25,holdout,3,1015,headon,vfield,96324d3911,ok,0,0,0,0,0,0,5.7968,8.1672,2.7258,2.0438,1.555,1,1,,8450,3.34
grid2:fineFlat,,,PR11_x1.25,holdout,3,1017,headon,vfield,96324d3911,ok,0,0,0,0,0,0,1.7171,7.64,2.7258,2.0438,1.555,1,1,,8450,3.32
grid2:fineFlat,,,PR11_x1.25,holdout,3,1019,headon,vfield,96324d3911,ok,1,1,0,0,0,0,6.9999,0.0526,2.7258,2.0438,1.555,1,1,15.57,8450,3.35
grid2:fineFlat,,,PR11_x1.25,holdout,3,1021,headon,vfield,96324d3911,ok,0,0,0,0,0,0,1.8882,8.8361,2.7258,2.0438,1.555,1,1,,8450,3.35
grid2:fineFlat,,,PR11_x1.25,holdout,3,1023,headon,vfield,96324d3911,ok,0,0,0,0,0,0,6.2248,9.0035,2.7258,2.0438,1.555,1,1,,8450,3.31
grid2:fineFlat,,,PR11_x1.25,holdout,3,1025,headon,vfield,96324d3911,ok,0,0,0,0,0,0,3.4808,2.9957,2.7258,2.0438,1.555,1,1,,8450,3.26
grid2:fineFlat,,,PR11_x1.25,holdout,3,1027,headon,vfield,96324d3911,ok,0,0,0,0,0,0,4.4866,8.7215,2.7258,2.0438,1.555,1,1,,8450,3.27
grid2:fineFlat,,,PR11_x1.25,holdout,3,1029,headon,vfield,96324d3911,ok,0,0,0,0,0,0,7.3902,8.7076,2.7258,2.0438,1.555,1,1,,8450,3.35
grid2:fineFlat,,,PR11_x1.25,holdout,3,1031,headon,vfield,96324d3911,ok,0,0,0,0,0,0,2.8352,7.7407,2.7258,2.0438,1.555,1,1,,8450,3.33
grid2:fineFlat,,,PR11_x1.25,holdout,3,1033,headon,vfield,96324d3911,ok,0,0,0,0,0,0,2.3369,8.3855,2.7258,2.0438,1.555,1,1,,8450,3.29
grid2:fineFlat,,,PR11_x1.25,holdout,3,1035,headon,vfield,96324d3911,ok,0,0,0,0,0,0,7.1111,8.5024,2.7258,2.0438,1.555,1,1,,8450,3.27
grid2:fineFlat,,,PR11_x1.25,holdout,3,1037,headon,vfield,96324d3911,ok,0,0,0,0,0,0,7.6118,2.6635,2.7258,2.0438,1.555,1,1,,8450,3.29
grid2:fineFlat,,,PR11_x1.25,holdout,3,1039,headon,vfield,96324d3911,ok,0,0,0,0,0,0,6.0622,6.8282,2.7258,2.0438,1.555,1,1,,8450,3.32
grid2:fineFlat,,,PR11_x1.25,holdout,3,1041,headon,vfield,96324d3911,ok,0,0,0,0,0,0,3.8309,9.134,2.7258,2.0438,1.555,1,1,,8450,3.29
grid2:fineFlat,,,PR11_x1.25,holdout,3,1043,headon,vfield,96324d3911,ok,0,0,0,0,0,0,3.7214,8.9716,2.7258,2.0438,1.555,1,1,,8450,3.31
grid2:fineFlat,,,PR11_x1.25,holdout,3,1045,headon,vfield,96324d3911,ok,0,0,0,0,0,0,1.9462,8.3723,2.7258,2.0438,1.555,1,1,,8450,3.29
grid2:fineFlat,,,PR11_x1.25,holdout,3,1047,headon,vfield,96324d3911,ok,0,0,0,0,0,0,3.7364,8.9862,2.7258,2.0438,1.555,1,1,,8450,3.3
grid2:fineFlat,,,PR11_x1.25,holdout,3,1049,headon,vfield,96324d3911,ok,0,0,0,0,0,0,5.7921,7.5737,2.7258,2.0438,1.555,1,1,,8450,3.29
grid2:fineFlat,,,PR11_x1.25,holdout,3,1051,headon,vfield,96324d3911,ok,0,0,0,0,0,0,7.8534,2.8952,2.7258,2.0438,1.555,1,1,,8450,3.29
grid2:fineFlat,,,PR11_x1.25,holdout,3,1053,headon,vfield,96324d3911,ok,0,0,0,0,0,0,4.9544,8.5137,2.7258,2.0438,1.555,1,1,,8450,3.28
grid2:fineFlat,,,PR11_x1.25,holdout,3,1055,headon,vfield,96324d3911,ok,0,0,0,0,0,0,6.9593,9.2338,2.7258,2.0438,1.555,1,1,,8450,3.29
grid2:fineFlat,,,PR11_x1.25,holdout,3,1057,headon,vfield,96324d3911,ok,1,1,0,0,0,0,4.1934,0.4165,2.7258,2.0438,1.555,1,1,19.31,8450,3.27
grid2:fineFlat,,,PR11_x1.25,holdout,3,1059,headon,vfield,96324d3911,ok,0,0,0,0,0,0,3.926,6.9943,2.7258,2.0438,1.555,1,1,,8450,3.3
grid2:fineFlat,,,PR11_x1.5,holdout,3,1001,headon,vfield,647409aa8f,ok,0,0,0,0,0,0,8.6861,8.9477,2.7258,2.0438,1.555,1,1,,8450,3.37
grid2:fineFlat,,,PR11_x1.5,holdout,3,1003,headon,vfield,647409aa8f,ok,0,0,0,0,0,0,6.9431,7.4239,2.7258,2.0438,1.555,1,1,,8450,3.3
grid2:fineFlat,,,PR11_x1.5,holdout,3,1005,headon,vfield,647409aa8f,ok,0,0,0,0,0,0,5.3733,7.8478,2.7258,2.0438,1.555,1,1,,8450,3.28
grid2:fineFlat,,,PR11_x1.5,holdout,3,1007,headon,vfield,647409aa8f,ok,0,0,0,0,0,0,6.7379,8.7413,2.7258,2.0438,1.555,1,1,,8450,3.28
grid2:fineFlat,,,PR11_x1.5,holdout,3,1009,headon,vfield,647409aa8f,ok,0,0,0,0,0,0,6.4411,8.5073,2.7258,2.0438,1.555,1,1,,8450,3.38
grid2:fineFlat,,,PR11_x1.5,holdout,3,1011,headon,vfield,647409aa8f,ok,0,0,0,0,0,0,4.384,8.7553,2.7258,2.0438,1.555,1,1,,8450,3.29
grid2:fineFlat,,,PR11_x1.5,holdout,3,1013,headon,vfield,647409aa8f,ok,0,0,0,0,0,0,5.5143,3.475,2.7258,2.0438,1.555,1,1,,8450,3.29
grid2:fineFlat,,,PR11_x1.5,holdout,3,1015,headon,vfield,647409aa8f,ok,0,0,0,0,0,0,6.2952,5.8782,2.7258,2.0438,1.555,1,1,,8450,3.29
grid2:fineFlat,,,PR11_x1.5,holdout,3,1017,headon,vfield,647409aa8f,ok,0,0,0,0,0,0,5.2181,7.1379,2.7258,2.0438,1.555,1,1,,8450,3.29
grid2:fineFlat,,,PR11_x1.5,holdout,3,1019,headon,vfield,647409aa8f,ok,0,0,0,0,0,0,4.83,3.6651,2.7258,2.0438,1.555,1,1,,8450,3.28
grid2:fineFlat,,,PR11_x1.5,holdout,3,1021,headon,vfield,647409aa8f,ok,0,0,0,0,0,0,7.3366,9.1076,2.7258,2.0438,1.555,1,1,,8450,3.31
grid2:fineFlat,,,PR11_x1.5,holdout,3,1023,headon,vfield,647409aa8f,ok,0,0,0,0,0,0,8.1263,8.4792,2.7258,2.0438,1.555,1,1,,8450,3.33
grid2:fineFlat,,,PR11_x1.5,holdout,3,1025,headon,vfield,647409aa8f,ok,0,0,0,0,0,0,3.4149,4.9574,2.7258,2.0438,1.555,1,1,,8450,3.29
grid2:fineFlat,,,PR11_x1.5,holdout,3,1027,headon,vfield,647409aa8f,ok,0,0,0,0,0,0,8.1676,5.7806,2.7258,2.0438,1.555,1,1,,8450,3.3
grid2:fineFlat,,,PR11_x1.5,holdout,3,1029,headon,vfield,647409aa8f,ok,0,0,0,0,0,0,5.2942,5.2621,2.7258,2.0438,1.555,1,1,,8450,3.3
grid2:fineFlat,,,PR11_x1.5,holdout,3,1031,headon,vfield,647409aa8f,ok,0,0,0,0,0,0,2.9047,6.2263,2.7258,2.0438,1.555,1,1,,8450,3.28
grid2:fineFlat,,,PR11_x1.5,holdout,3,1033,headon,vfield,647409aa8f,ok,0,0,0,0,0,0,7.9857,8.1914,2.7258,2.0438,1.555,1,1,,8450,3.28
grid2:fineFlat,,,PR11_x1.5,holdout,3,1035,headon,vfield,647409aa8f,ok,0,0,0,0,0,0,4.8998,6.9889,2.7258,2.0438,1.555,1,1,,8450,3.36
grid2:fineFlat,,,PR11_x1.5,holdout,3,1037,headon,vfield,647409aa8f,ok,0,0,0,0,0,0,4.9517,7.1857,2.7258,2.0438,1.555,1,1,,8450,3.34
grid2:fineFlat,,,PR11_x1.5,holdout,3,1039,headon,vfield,647409aa8f,ok,0,0,0,0,0,0,7.277,8.4416,2.7258,2.0438,1.555,1,1,,8450,3.37
grid2:fineFlat,,,PR11_x1.5,holdout,3,1041,headon,vfield,647409aa8f,ok,0,0,0,0,0,0,6.9253,8.8032,2.7258,2.0438,1.555,1,1,,8450,3.35
grid2:fineFlat,,,PR11_x1.5,holdout,3,1043,headon,vfield,647409aa8f,ok,0,0,0,0,0,0,7.15,8.7059,2.7258,2.0438,1.555,1,1,,8450,3.38
grid2:fineFlat,,,PR11_x1.5,holdout,3,1045,headon,vfield,647409aa8f,ok,0,0,0,0,0,0,5.3526,8.5302,2.7258,2.0438,1.555,1,1,,8450,3.35
grid2:fineFlat,,,PR11_x1.5,holdout,3,1047,headon,vfield,647409aa8f,ok,0,0,0,0,0,0,6.2562,8.3647,2.7258,2.0438,1.555,1,1,,8450,3.3
grid2:fineFlat,,,PR11_x1.5,holdout,3,1049,headon,vfield,647409aa8f,ok,0,0,0,0,0,0,5.6136,7.0873,2.7258,2.0438,1.555,1,1,,8450,3.27
grid2:fineFlat,,,PR11_x1.5,holdout,3,1051,headon,vfield,647409aa8f,ok,0,0,0,0,0,0,5.6372,7.267,2.7258,2.0438,1.555,1,1,,8450,3.28
grid2:fineFlat,,,PR11_x1.5,holdout,3,1053,headon,vfield,647409aa8f,ok,0,0,0,0,0,0,7.4174,9.3756,2.7258,2.0438,1.555,1,1,,8450,3.3
grid2:fineFlat,,,PR11_x1.5,holdout,3,1055,headon,vfield,647409aa8f,ok,0,0,0,0,0,0,3.1935,6.473,2.7258,2.0438,1.555,1,1,,8450,3.3
grid2:fineFlat,,,PR11_x1.5,holdout,3,1057,headon,vfield,647409aa8f,ok,0,0,0,0,0,0,8.2424,4.9933,2.7258,2.0438,1.555,1,1,,8450,3.3
grid2:fineFlat,,,PR11_x1.5,holdout,3,1059,headon,vfield,647409aa8f,ok,0,0,0,0,0,0,6.3263,5.9519,2.7258,2.0438,1.555,1,1,,8450,3.33
grid2:fineFlat,,,PR11_x2,holdout,3,1001,headon,vfield,017d1c9f8a,ok,0,0,0,0,0,0,5.2217,1.912,2.7258,2.0438,1.555,1,1,,8450,3.28
grid2:fineFlat,,,PR11_x2,holdout,3,1003,headon,vfield,017d1c9f8a,ok,0,0,0,0,0,0,4.961,5.1465,2.7258,2.0438,1.555,1,1,,8450,3.31
grid2:fineFlat,,,PR11_x2,holdout,3,1005,headon,vfield,017d1c9f8a,ok,0,0,0,0,0,0,7.0576,4.5689,2.7258,2.0438,1.555,1,1,,8450,3.29
grid2:fineFlat,,,PR11_x2,holdout,3,1007,headon,vfield,017d1c9f8a,ok,0,0,0,0,0,0,5.4339,6.3467,2.7258,2.0438,1.555,1,1,,8450,3.33
grid2:fineFlat,,,PR11_x2,holdout,3,1009,headon,vfield,017d1c9f8a,ok,0,0,0,0,0,0,6.8974,6.2767,2.7258,2.0438,1.555,1,1,,8450,3.32
grid2:fineFlat,,,PR11_x2,holdout,3,1011,headon,vfield,017d1c9f8a,ok,0,0,0,0,0,0,5.8969,4.6917,2.7258,2.0438,1.555,1,1,,8450,3.35
grid2:fineFlat,,,PR11_x2,holdout,3,1013,headon,vfield,017d1c9f8a,ok,1,0,1,0,0,0,6.0963,0.3277,2.7258,2.0438,1.555,1,1,10.34,8450,3.29
grid2:fineFlat,,,PR11_x2,holdout,3,1015,headon,vfield,017d1c9f8a,ok,0,0,0,0,0,0,4.2219,4.4992,2.7258,2.0438,1.555,1,1,,8450,3.36
grid2:fineFlat,,,PR11_x2,holdout,3,1017,headon,vfield,017d1c9f8a,ok,0,0,0,0,0,0,9.2338,4.6513,2.7258,2.0438,1.555,1,1,,8450,3.35
grid2:fineFlat,,,PR11_x2,holdout,3,1019,headon,vfield,017d1c9f8a,ok,0,0,0,0,0,0,7.1524,3.5956,2.7258,2.0438,1.555,1,1,,8450,3.32
grid2:fineFlat,,,PR11_x2,holdout,3,1021,headon,vfield,017d1c9f8a,ok,0,0,0,0,0,0,9.715,6.8255,2.7258,2.0438,1.555,1,1,,8450,3.36
grid2:fineFlat,,,PR11_x2,holdout,3,1023,headon,vfield,017d1c9f8a,ok,0,0,0,0,0,0,6.3917,5.0235,2.7258,2.0438,1.555,1,1,,8450,3.26
grid2:fineFlat,,,PR11_x2,holdout,3,1025,headon,vfield,017d1c9f8a,ok,1,0,1,0,0,0,5.5769,0.0964,2.7258,2.0438,1.555,1,1,12.98,8450,3.32
grid2:fineFlat,,,PR11_x2,holdout,3,1027,headon,vfield,017d1c9f8a,ok,0,0,0,0,0,0,5.4552,4.2888,2.7258,2.0438,1.555,1,1,,8450,3.32
grid2:fineFlat,,,PR11_x2,holdout,3,1029,headon,vfield,017d1c9f8a,ok,0,0,0,0,0,0,8.5554,7.8374,2.7258,2.0438,1.555,1,1,,8450,3.25
grid2:fineFlat,,,PR11_x2,holdout,3,1031,headon,vfield,017d1c9f8a,ok,0,0,0,0,0,0,8.6521,8.2278,2.7258,2.0438,1.555,1,1,,8450,3.28
grid2:fineFlat,,,PR11_x2,holdout,3,1033,headon,vfield,017d1c9f8a,ok,1,0,1,0,0,0,5.4673,0.0475,2.7258,2.0438,1.555,1,1,26.09,8450,3.29
grid2:fineFlat,,,PR11_x2,holdout,3,1035,headon,vfield,017d1c9f8a,ok,0,0,0,0,0,0,8.2504,8.9791,2.7258,2.0438,1.555,1,1,,8450,3.29
grid2:fineFlat,,,PR11_x2,holdout,3,1037,headon,vfield,017d1c9f8a,ok,0,0,0,0,0,0,8.9635,6.9959,2.7258,2.0438,1.555,1,1,,8450,3.3
grid2:fineFlat,,,PR11_x2,holdout,3,1039,headon,vfield,017d1c9f8a,ok,0,0,0,0,0,0,8.2684,8.6674,2.7258,2.0438,1.555,1,1,,8450,3.3
grid2:fineFlat,,,PR11_x2,holdout,3,1041,headon,vfield,017d1c9f8a,ok,0,0,0,0,0,0,2.2692,8.0937,2.7258,2.0438,1.555,1,1,,8450,3.26
grid2:fineFlat,,,PR11_x2,holdout,3,1043,headon,vfield,017d1c9f8a,ok,0,0,0,0,0,0,7.8875,4.6932,2.7258,2.0438,1.555,1,1,,8450,3.26
grid2:fineFlat,,,PR11_x2,holdout,3,1045,headon,vfield,017d1c9f8a,ok,0,0,0,0,0,0,7.8603,5.735,2.7258,2.0438,1.555,1,1,,8450,3.36
grid2:fineFlat,,,PR11_x2,holdout,3,1047,headon,vfield,017d1c9f8a,ok,0,0,0,0,0,0,9.6257,8.6293,2.7258,2.0438,1.555,1,1,,8450,3.34
grid2:fineFlat,,,PR11_x2,holdout,3,1049,headon,vfield,017d1c9f8a,ok,0,0,0,0,0,0,4.7207,8.5571,2.7258,2.0438,1.555,1,1,,8450,3.27
grid2:fineFlat,,,PR11_x2,holdout,3,1051,headon,vfield,017d1c9f8a,ok,0,0,0,0,0,0,8.9509,8.7972,2.7258,2.0438,1.555,1,1,,8450,3.26
grid2:fineFlat,,,PR11_x2,holdout,3,1053,headon,vfield,017d1c9f8a,ok,0,0,0,0,0,0,5.1692,4.1438,2.7258,2.0438,1.555,1,1,,8450,3.29
grid2:fineFlat,,,PR11_x2,holdout,3,1055,headon,vfield,017d1c9f8a,ok,0,0,0,0,0,0,5.8202,9.0374,2.7258,2.0438,1.555,1,1,,8450,3.45
grid2:fineFlat,,,PR11_x2,holdout,3,1057,headon,vfield,017d1c9f8a,ok,0,0,0,0,0,0,7.1006,5.1008,2.7258,2.0438,1.555,1,1,,8450,3.27
grid2:fineFlat,,,PR11_x2,holdout,3,1059,headon,vfield,017d1c9f8a,ok,0,0,0,0,0,0,4.2577,3.327,2.7258,2.0438,1.555,1,1,,8450,3.26
grid2:fineFlat,,,PR12_x1,holdout,3,1001,headon,vfield,4c017628a9,ok,0,0,0,0,0,0,1.7022,1.9019,2.7258,2.0438,1.555,1,1,,8450,3.28
grid2:fineFlat,,,PR12_x1,holdout,3,1003,headon,vfield,4c017628a9,ok,0,0,0,0,0,0,7.2134,3.1609,2.7258,2.0438,1.555,1,1,,8450,3.4
grid2:fineFlat,,,PR12_x1,holdout,3,1005,headon,vfield,4c017628a9,ok,0,0,0,0,0,0,4.2575,6.8693,2.7258,2.0438,1.555,1,1,,8450,3.3
grid2:fineFlat,,,PR12_x1,holdout,3,1007,headon,vfield,4c017628a9,ok,0,0,0,0,0,0,4.7241,2.8555,2.7258,2.0438,1.555,1,1,,8450,3.27
grid2:fineFlat,,,PR12_x1,holdout,3,1009,headon,vfield,4c017628a9,ok,0,0,0,0,0,0,6.2753,8.2729,2.7258,2.0438,1.555,1,1,,8450,3.27
grid2:fineFlat,,,PR12_x1,holdout,3,1011,headon,vfield,4c017628a9,ok,0,0,0,0,0,0,6.3409,6.239,2.7258,2.0438,1.555,1,1,,8450,3.26
grid2:fineFlat,,,PR12_x1,holdout,3,1013,headon,vfield,4c017628a9,ok,0,0,0,0,0,0,2.1023,9.6477,2.7258,2.0438,1.555,1,1,,8450,3.28
grid2:fineFlat,,,PR12_x1,holdout,3,1015,headon,vfield,4c017628a9,ok,0,0,0,0,0,0,9.1691,8.7904,2.7258,2.0438,1.555,1,1,,8450,3.27
grid2:fineFlat,,,PR12_x1,holdout,3,1017,headon,vfield,4c017628a9,ok,0,0,0,0,0,0,2.5643,6.692,2.7258,2.0438,1.555,1,1,,8450,3.27
grid2:fineFlat,,,PR12_x1,holdout,3,1019,headon,vfield,4c017628a9,ok,0,0,0,0,0,0,7.3242,4.5474,2.7258,2.0438,1.555,1,1,,8450,3.28
grid2:fineFlat,,,PR12_x1,holdout,3,1021,headon,vfield,4c017628a9,ok,0,0,0,0,0,0,3.6753,6.5519,2.7258,2.0438,1.555,1,1,,8450,3.28
grid2:fineFlat,,,PR12_x1,holdout,3,1023,headon,vfield,4c017628a9,ok,0,0,0,0,0,0,4.5462,9.1473,2.7258,2.0438,1.555,1,1,,8450,3.26
grid2:fineFlat,,,PR12_x1,holdout,3,1025,headon,vfield,4c017628a9,ok,0,0,0,0,0,0,4.7779,1.4135,2.7258,2.0438,1.555,1,1,,8450,3.28
grid2:fineFlat,,,PR12_x1,holdout,3,1027,headon,vfield,4c017628a9,ok,0,0,0,0,0,0,4.3959,9.7388,2.7258,2.0438,1.555,1,1,,8450,3.26
grid2:fineFlat,,,PR12_x1,holdout,3,1029,headon,vfield,4c017628a9,ok,0,0,0,0,0,0,5.5799,4.3726,2.7258,2.0438,1.555,1,1,,8450,3.27
grid2:fineFlat,,,PR12_x1,holdout,3,1031,headon,vfield,4c017628a9,ok,0,0,0,0,0,0,4.1732,8.0697,2.7258,2.0438,1.555,1,1,,8450,3.28
grid2:fineFlat,,,PR12_x1,holdout,3,1033,headon,vfield,4c017628a9,ok,0,0,0,0,0,0,3.8544,7.6665,2.7258,2.0438,1.555,1,1,,8450,3.32
grid2:fineFlat,,,PR12_x1,holdout,3,1035,headon,vfield,4c017628a9,ok,0,0,0,0,0,0,3.8246,2.6633,2.7258,2.0438,1.555,1,1,,8450,3.27
grid2:fineFlat,,,PR12_x1,holdout,3,1037,headon,vfield,4c017628a9,ok,0,0,0,0,0,0,5.3588,9.7603,2.7258,2.0438,1.555,1,1,,8450,3.26
grid2:fineFlat,,,PR12_x1,holdout,3,1039,headon,vfield,4c017628a9,ok,0,0,0,0,0,0,2.9558,8.237,2.7258,2.0438,1.555,1,1,,8450,3.29
grid2:fineFlat,,,PR12_x1,holdout,3,1041,headon,vfield,4c017628a9,ok,0,0,0,0,0,0,3.4486,1.8893,2.7258,2.0438,1.555,1,1,,8450,3.3
grid2:fineFlat,,,PR12_x1,holdout,3,1043,headon,vfield,4c017628a9,ok,0,0,0,0,0,0,4.7739,7.506,2.7258,2.0438,1.555,1,1,,8450,3.27
grid2:fineFlat,,,PR12_x1,holdout,3,1045,headon,vfield,4c017628a9,ok,0,0,0,0,0,0,4.7167,8.2855,2.7258,2.0438,1.555,1,1,,8450,3.28
grid2:fineFlat,,,PR12_x1,holdout,3,1047,headon,vfield,4c017628a9,ok,0,0,0,0,0,0,2.7939,2.0151,2.7258,2.0438,1.555,1,1,,8450,3.28
grid2:fineFlat,,,PR12_x1,holdout,3,1049,headon,vfield,4c017628a9,ok,1,0,0,0,1,0,0.9067,6.5933,2.7258,2.0438,1.555,1,1,32.5,8450,3.28
grid2:fineFlat,,,PR12_x1,holdout,3,1051,headon,vfield,4c017628a9,ok,0,0,0,0,0,0,2.7708,2.3572,2.7258,2.0438,1.555,1,1,,8450,3.27
grid2:fineFlat,,,PR12_x1,holdout,3,1053,headon,vfield,4c017628a9,ok,0,0,0,0,0,0,5.0254,4.233,2.7258,2.0438,1.555,1,1,,8450,3.29
grid2:fineFlat,,,PR12_x1,holdout,3,1055,headon,vfield,4c017628a9,ok,0,0,0,0,0,0,5.0657,8.0027,2.7258,2.0438,1.555,1,1,,8450,3.27
grid2:fineFlat,,,PR12_x1,holdout,3,1057,headon,vfield,4c017628a9,ok,0,0,0,0,0,0,6.7784,1.5658,2.7258,2.0438,1.555,1,1,,8450,3.3
grid2:fineFlat,,,PR12_x1,holdout,3,1059,headon,vfield,4c017628a9,ok,0,0,0,0,0,0,5.4756,8.5842,2.7258,2.0438,1.555,1,1,,8450,3.28
grid2:fineFlat,,,PR12_x1.25,holdout,3,1001,headon,vfield,0196be143f,ok,0,0,0,0,0,0,4.7288,5.555,2.7258,2.0438,1.555,1,1,,8450,3.27
grid2:fineFlat,,,PR12_x1.25,holdout,3,1003,headon,vfield,0196be143f,ok,0,0,0,0,0,0,6.1224,7.0264,2.7258,2.0438,1.555,1,1,,8450,3.27
grid2:fineFlat,,,PR12_x1.25,holdout,3,1005,headon,vfield,0196be143f,ok,0,0,0,0,0,0,3.1873,9.5863,2.7258,2.0438,1.555,1,1,,8450,3.28
grid2:fineFlat,,,PR12_x1.25,holdout,3,1007,headon,vfield,0196be143f,ok,0,0,0,0,0,0,7.5792,7.6359,2.7258,2.0438,1.555,1,1,,8450,3.27
grid2:fineFlat,,,PR12_x1.25,holdout,3,1009,headon,vfield,0196be143f,ok,0,0,0,0,0,0,6.4883,8.4217,2.7258,2.0438,1.555,1,1,,8450,3.28
grid2:fineFlat,,,PR12_x1.25,holdout,3,1011,headon,vfield,0196be143f,ok,0,0,0,0,0,0,7.3297,9.4792,2.7258,2.0438,1.555,1,1,,8450,3.37
grid2:fineFlat,,,PR12_x1.25,holdout,3,1013,headon,vfield,0196be143f,ok,0,0,0,0,0,0,7.7351,2.1511,2.7258,2.0438,1.555,1,1,,8450,3.26
grid2:fineFlat,,,PR12_x1.25,holdout,3,1015,headon,vfield,0196be143f,ok,0,0,0,0,0,0,10.0502,10.2972,2.7258,2.0438,1.555,1,1,,8450,3.31
grid2:fineFlat,,,PR12_x1.25,holdout,3,1017,headon,vfield,0196be143f,ok,0,0,0,0,0,0,4.3293,7.9862,2.7258,2.0438,1.555,1,1,,8450,3.28
grid2:fineFlat,,,PR12_x1.25,holdout,3,1019,headon,vfield,0196be143f,ok,0,0,0,0,0,0,3.2698,2.9956,2.7258,2.0438,1.555,1,1,,8450,3.28
grid2:fineFlat,,,PR12_x1.25,holdout,3,1021,headon,vfield,0196be143f,ok,0,0,0,0,0,0,5.5942,6.7397,2.7258,2.0438,1.555,1,1,,8450,3.26
grid2:fineFlat,,,PR12_x1.25,holdout,3,1023,headon,vfield,0196be143f,ok,0,0,0,0,0,0,2.1348,9.6708,2.7258,2.0438,1.555,1,1,,8450,3.28
grid2:fineFlat,,,PR12_x1.25,holdout,3,1025,headon,vfield,0196be143f,ok,0,0,0,0,0,0,3.2173,3.4909,2.7258,2.0438,1.555,1,1,,8450,3.28
grid2:fineFlat,,,PR12_x1.25,holdout,3,1027,headon,vfield,0196be143f,ok,0,0,0,0,0,0,1.0182,9.128,2.7258,2.0438,1.555,1,1,,8450,3.26
grid2:fineFlat,,,PR12_x1.25,holdout,3,1029,headon,vfield,0196be143f,ok,0,0,0,0,0,0,4.7162,6.0754,2.7258,2.0438,1.555,1,1,,8450,3.27
grid2:fineFlat,,,PR12_x1.25,holdout,3,1031,headon,vfield,0196be143f,ok,1,0,0,0,1,0,0.1976,8.1076,2.7258,2.0438,1.555,1,1,34.75,8450,3.28
grid2:fineFlat,,,PR12_x1.25,holdout,3,1033,headon,vfield,0196be143f,ok,0,0,0,0,0,0,5.3722,6.7507,2.7258,2.0438,1.555,1,1,,8450,3.27
grid2:fineFlat,,,PR12_x1.25,holdout,3,1035,headon,vfield,0196be143f,ok,0,0,0,0,0,0,5.5907,6.3141,2.7258,2.0438,1.555,1,1,,8450,3.5
grid2:fineFlat,,,PR12_x1.25,holdout,3,1037,headon,vfield,0196be143f,ok,0,0,0,0,0,0,8.5198,4.9244,2.7258,2.0438,1.555,1,1,,8450,3.29
grid2:fineFlat,,,PR12_x1.25,holdout,3,1039,headon,vfield,0196be143f,ok,0,0,0,0,0,0,7.66,5.2238,2.7258,2.0438,1.555,1,1,,8450,3.29
grid2:fineFlat,,,PR12_x1.25,holdout,3,1041,headon,vfield,0196be143f,ok,0,0,0,0,0,0,6.099,10.0167,2.7258,2.0438,1.555,1,1,,8450,3.26
grid2:fineFlat,,,PR12_x1.25,holdout,3,1043,headon,vfield,0196be143f,ok,0,0,0,0,0,0,7.5114,5.6635,2.7258,2.0438,1.555,1,1,,8450,3.28
grid2:fineFlat,,,PR12_x1.25,holdout,3,1045,headon,vfield,0196be143f,ok,0,0,0,0,0,0,7.8648,4.0923,2.7258,2.0438,1.555,1,1,,8450,3.28
grid2:fineFlat,,,PR12_x1.25,holdout,3,1047,headon,vfield,0196be143f,ok,0,0,0,0,0,0,3.2825,7.7729,2.7258,2.0438,1.555,1,1,,8450,3.27
grid2:fineFlat,,,PR12_x1.25,holdout,3,1049,headon,vfield,0196be143f,ok,0,0,0,0,0,0,6.8606,9.0747,2.7258,2.0438,1.555,1,1,,8450,3.31
grid2:fineFlat,,,PR12_x1.25,holdout,3,1051,headon,vfield,0196be143f,ok,1,0,1,0,0,0,6.9185,0.9188,2.7258,2.0438,1.555,1,1,6.38,8450,3.28
grid2:fineFlat,,,PR12_x1.25,holdout,3,1053,headon,vfield,0196be143f,ok,0,0,0,0,0,0,3.9239,10.4045,2.7258,2.0438,1.555,1,1,,8450,3.27
grid2:fineFlat,,,PR12_x1.25,holdout,3,1055,headon,vfield,0196be143f,ok,0,0,0,0,0,0,7.0376,10.0473,2.7258,2.0438,1.555,1,1,,8450,3.29
grid2:fineFlat,,,PR12_x1.25,holdout,3,1057,headon,vfield,0196be143f,ok,0,0,0,0,0,0,2.8507,1.8446,2.7258,2.0438,1.555,1,1,,8450,3.42
grid2:fineFlat,,,PR12_x1.25,holdout,3,1059,headon,vfield,0196be143f,ok,0,0,0,0,0,0,1.3424,7.5059,2.7258,2.0438,1.555,1,1,,8450,3.28
grid2:fineFlat,,,PR12_x1.5,holdout,3,1001,headon,vfield,d5ab7d3543,ok,0,0,0,0,0,0,6.018,10.0026,2.7258,2.0438,1.555,1,1,,8450,3.26
grid2:fineFlat,,,PR12_x1.5,holdout,3,1003,headon,vfield,d5ab7d3543,ok,0,0,0,0,0,0,7.8894,9.2333,2.7258,2.0438,1.555,1,1,,8450,3.27
grid2:fineFlat,,,PR12_x1.5,holdout,3,1005,headon,vfield,d5ab7d3543,ok,0,0,0,0,0,0,6.3378,9.1668,2.7258,2.0438,1.555,1,1,,8450,3.29
grid2:fineFlat,,,PR12_x1.5,holdout,3,1007,headon,vfield,d5ab7d3543,ok,0,0,0,0,0,0,5.4582,6.4479,2.7258,2.0438,1.555,1,1,,8450,3.28
grid2:fineFlat,,,PR12_x1.5,holdout,3,1009,headon,vfield,d5ab7d3543,ok,0,0,0,0,0,0,8.5056,8.1424,2.7258,2.0438,1.555,1,1,,8450,3.26
grid2:fineFlat,,,PR12_x1.5,holdout,3,1011,headon,vfield,d5ab7d3543,ok,0,0,0,0,0,0,8.6198,9.4202,2.7258,2.0438,1.555,1,1,,8450,3.27
grid2:fineFlat,,,PR12_x1.5,holdout,3,1013,headon,vfield,d5ab7d3543,ok,0,0,0,0,0,0,7.3772,4.7294,2.7258,2.0438,1.555,1,1,,8450,3.25
grid2:fineFlat,,,PR12_x1.5,holdout,3,1015,headon,vfield,d5ab7d3543,ok,0,0,0,0,0,0,9.3795,4.7824,2.7258,2.0438,1.555,1,1,,8450,3.28
grid2:fineFlat,,,PR12_x1.5,holdout,3,1017,headon,vfield,d5ab7d3543,ok,0,0,0,0,0,0,8.5559,9.6556,2.7258,2.0438,1.555,1,1,,8450,3.27
grid2:fineFlat,,,PR12_x1.5,holdout,3,1019,headon,vfield,d5ab7d3543,ok,0,0,0,0,0,0,5.5754,4.8399,2.7258,2.0438,1.555,1,1,,8450,3.28
grid2:fineFlat,,,PR12_x1.5,holdout,3,1021,headon,vfield,d5ab7d3543,ok,0,0,0,0,0,0,6.0127,9.9556,2.7258,2.0438,1.555,1,1,,8450,3.25
grid2:fineFlat,,,PR12_x1.5,holdout,3,1023,headon,vfield,d5ab7d3543,ok,0,0,0,0,0,0,5.3238,9.5062,2.7258,2.0438,1.555,1,1,,8450,3.26
grid2:fineFlat,,,PR12_x1.5,holdout,3,1025,headon,vfield,d5ab7d3543,ok,0,0,0,0,0,0,4.3614,5.4957,2.7258,2.0438,1.555,1,1,,8450,3.26
grid2:fineFlat,,,PR12_x1.5,holdout,3,1027,headon,vfield,d5ab7d3543,ok,0,0,0,0,0,0,8.6717,5.7567,2.7258,2.0438,1.555,1,1,,8450,3.26
grid2:fineFlat,,,PR12_x1.5,holdout,3,1029,headon,vfield,d5ab7d3543,ok,0,0,0,0,0,0,8.8927,4.4409,2.7258,2.0438,1.555,1,1,,8450,3.27
grid2:fineFlat,,,PR12_x1.5,holdout,3,1031,headon,vfield,d5ab7d3543,ok,0,0,0,0,0,0,4.7933,6.8794,2.7258,2.0438,1.555,1,1,,8450,3.27
grid2:fineFlat,,,PR12_x1.5,holdout,3,1033,headon,vfield,d5ab7d3543,ok,0,0,0,0,0,0,9.0718,6.9885,2.7258,2.0438,1.555,1,1,,8450,3.29
grid2:fineFlat,,,PR12_x1.5,holdout,3,1035,headon,vfield,d5ab7d3543,ok,0,0,0,0,0,0,4.3172,7.5703,2.7258,2.0438,1.555,1,1,,8450,3.26
grid2:fineFlat,,,PR12_x1.5,holdout,3,1037,headon,vfield,d5ab7d3543,ok,0,0,0,0,0,0,6.9586,9.6507,2.7258,2.0438,1.555,1,1,,8450,3.26
grid2:fineFlat,,,PR12_x1.5,holdout,3,1039,headon,vfield,d5ab7d3543,ok,0,0,0,0,0,0,5.9802,8.5227,2.7258,2.0438,1.555,1,1,,8450,3.26
grid2:fineFlat,,,PR12_x1.5,holdout,3,1041,headon,vfield,d5ab7d3543,ok,0,0,0,0,0,0,9.226,9.3898,2.7258,2.0438,1.555,1,1,,8450,3.28
grid2:fineFlat,,,PR12_x1.5,holdout,3,1043,headon,vfield,d5ab7d3543,ok,0,0,0,0,0,0,7.0714,10.1623,2.7258,2.0438,1.555,1,1,,8450,3.3
grid2:fineFlat,,,PR12_x1.5,holdout,3,1045,headon,vfield,d5ab7d3543,ok,0,0,0,0,0,0,5.7698,8.627,2.7258,2.0438,1.555,1,1,,8450,3.27
grid2:fineFlat,,,PR12_x1.5,holdout,3,1047,headon,vfield,d5ab7d3543,ok,0,0,0,0,0,0,6.1922,10.0947,2.7258,2.0438,1.555,1,1,,8450,3.28
grid2:fineFlat,,,PR12_x1.5,holdout,3,1049,headon,vfield,d5ab7d3543,ok,0,0,0,0,0,0,7.015,8.7943,2.7258,2.0438,1.555,1,1,,8450,3.3
grid2:fineFlat,,,PR12_x1.5,holdout,3,1051,headon,vfield,d5ab7d3543,ok,0,0,0,0,0,0,7.8456,9.7047,2.7258,2.0438,1.555,1,1,,8450,3.28
grid2:fineFlat,,,PR12_x1.5,holdout,3,1053,headon,vfield,d5ab7d3543,ok,0,0,0,0,0,0,8.9445,8.6364,2.7258,2.0438,1.555,1,1,,8450,3.28
grid2:fineFlat,,,PR12_x1.5,holdout,3,1055,headon,vfield,d5ab7d3543,ok,0,0,0,0,0,0,4.1169,8.8976,2.7258,2.0438,1.555,1,1,,8450,3.29
grid2:fineFlat,,,PR12_x1.5,holdout,3,1057,headon,vfield,d5ab7d3543,ok,1,0,1,0,0,0,8.0694,0.504,2.7258,2.0438,1.555,1,1,14.88,8450,3.27
grid2:fineFlat,,,PR12_x1.5,holdout,3,1059,headon,vfield,d5ab7d3543,ok,0,0,0,0,0,0,5.5692,6.3957,2.7258,2.0438,1.555,1,1,,8450,3.28
grid2:fineFlat,,,PR12_x2,holdout,3,1001,headon,vfield,af0419cb3b,ok,0,0,0,0,0,0,6.7758,5.2172,2.7258,2.0438,1.555,1,1,,8450,3.28
grid2:fineFlat,,,PR12_x2,holdout,3,1003,headon,vfield,af0419cb3b,ok,0,0,0,0,0,0,7.3585,5.4913,2.7258,2.0438,1.555,1,1,,8450,3.28
grid2:fineFlat,,,PR12_x2,holdout,3,1005,headon,vfield,af0419cb3b,ok,0,0,0,0,0,0,7.6268,8.6952,2.7258,2.0438,1.555,1,1,,8450,3.34
grid2:fineFlat,,,PR12_x2,holdout,3,1007,headon,vfield,af0419cb3b,ok,0,0,0,0,0,0,6.9991,3.984,2.7258,2.0438,1.555,1,1,,8450,3.25
grid2:fineFlat,,,PR12_x2,holdout,3,1009,headon,vfield,af0419cb3b,ok,0,0,0,0,0,0,4.7824,6.7758,2.7258,2.0438,1.555,1,1,,8450,3.25
grid2:fineFlat,,,PR12_x2,holdout,3,1011,headon,vfield,af0419cb3b,ok,0,0,0,0,0,0,5.1055,5.2038,2.7258,2.0438,1.555,1,1,,8450,3.26
grid2:fineFlat,,,PR12_x2,holdout,3,1013,headon,vfield,af0419cb3b,ok,0,0,0,0,0,0,6.9036,7.6977,2.7258,2.0438,1.555,1,1,,8450,3.26
grid2:fineFlat,,,PR12_x2,holdout,3,1015,headon,vfield,af0419cb3b,ok,0,0,0,0,0,0,3.875,4.7975,2.7258,2.0438,1.555,1,1,,8450,3.26
grid2:fineFlat,,,PR12_x2,holdout,3,1017,headon,vfield,af0419cb3b,ok,0,0,0,0,0,0,6.636,5.9998,2.7258,2.0438,1.555,1,1,,8450,3.27
grid2:fineFlat,,,PR12_x2,holdout,3,1019,headon,vfield,af0419cb3b,ok,1,0,1,0,0,0,3.1395,0.2097,2.7258,2.0438,1.555,1,1,15.02,8450,3.28
grid2:fineFlat,,,PR12_x2,holdout,3,1021,headon,vfield,af0419cb3b,ok,0,0,0,0,0,0,9.6951,7.8803,2.7258,2.0438,1.555,1,1,,8450,3.35
grid2:fineFlat,,,PR12_x2,holdout,3,1023,headon,vfield,af0419cb3b,ok,0,0,0,0,0,0,4.6221,5.8406,2.7258,2.0438,1.555,1,1,,8450,3.26
grid2:fineFlat,,,PR12_x2,holdout,3,1025,headon,vfield,af0419cb3b,ok,0,0,0,0,0,0,6.7857,2.3172,2.7258,2.0438,1.555,1,1,,8450,3.29
grid2:fineFlat,,,PR12_x2,holdout,3,1027,headon,vfield,af0419cb3b,ok,1,0,1,0,0,0,7.1883,0.3214,2.7258,2.0438,1.555,1,1,15.09,8450,3.26
grid2:fineFlat,,,PR12_x2,holdout,3,1029,headon,vfield,af0419cb3b,ok,0,0,0,0,0,0,6.0668,8.5487,2.7258,2.0438,1.555,1,1,,8450,3.3
grid2:fineFlat,,,PR12_x2,holdout,3,1031,headon,vfield,af0419cb3b,ok,0,0,0,0,0,0,9.1381,7.4874,2.7258,2.0438,1.555,1,1,,8450,3.27
grid2:fineFlat,,,PR12_x2,holdout,3,1033,headon,vfield,af0419cb3b,ok,1,0,1,0,0,0,7.9018,0.9651,2.7258,2.0438,1.555,1,1,28.36,8450,3.26
grid2:fineFlat,,,PR12_x2,holdout,3,1035,headon,vfield,af0419cb3b,ok,0,0,0,0,0,0,5.1288,9.7702,2.7258,2.0438,1.555,1,1,,8450,3.3
grid2:fineFlat,,,PR12_x2,holdout,3,1037,headon,vfield,af0419cb3b,ok,0,0,0,0,0,0,8.3203,3.5612,2.7258,2.0438,1.555,1,1,,8450,3.29
grid2:fineFlat,,,PR12_x2,holdout,3,1039,headon,vfield,af0419cb3b,ok,1,0,1,0,0,0,8.4614,0.6437,2.7258,2.0438,1.555,1,1,11.93,8450,3.27
grid2:fineFlat,,,PR12_x2,holdout,3,1041,headon,vfield,af0419cb3b,ok,0,0,0,0,0,0,7.6478,8.6512,2.7258,2.0438,1.555,1,1,,8450,3.3
grid2:fineFlat,,,PR12_x2,holdout,3,1043,headon,vfield,af0419cb3b,ok,0,0,0,0,0,0,9.5402,8.8336,2.7258,2.0438,1.555,1,1,,8450,3.27
grid2:fineFlat,,,PR12_x2,holdout,3,1045,headon,vfield,af0419cb3b,ok,0,0,0,0,0,0,8.9919,3.3946,2.7258,2.0438,1.555,1,1,,8450,3.28
grid2:fineFlat,,,PR12_x2,holdout,3,1047,headon,vfield,af0419cb3b,ok,0,0,0,0,0,0,10.9919,8.1231,2.7258,2.0438,1.555,1,1,,8450,3.26
grid2:fineFlat,,,PR12_x2,holdout,3,1049,headon,vfield,af0419cb3b,ok,0,0,0,0,0,0,7.7656,7.9726,2.7258,2.0438,1.555,1,1,,8450,3.29
grid2:fineFlat,,,PR12_x2,holdout,3,1051,headon,vfield,af0419cb3b,ok,0,0,0,0,0,0,9.4605,8.4645,2.7258,2.0438,1.555,1,1,,8450,3.29
grid2:fineFlat,,,PR12_x2,holdout,3,1053,headon,vfield,af0419cb3b,ok,0,0,0,0,0,0,5.1917,4.191,2.7258,2.0438,1.555,1,1,,8450,3.27
grid2:fineFlat,,,PR12_x2,holdout,3,1055,headon,vfield,af0419cb3b,ok,0,0,0,0,0,0,6.93,8.7143,2.7258,2.0438,1.555,1,1,,8450,3.28
grid2:fineFlat,,,PR12_x2,holdout,3,1057,headon,vfield,af0419cb3b,ok,0,0,0,0,0,0,3.936,5.4721,2.7258,2.0438,1.555,1,1,,8450,3.28
grid2:fineFlat,,,PR12_x2,holdout,3,1059,headon,vfield,af0419cb3b,ok,0,0,0,0,0,0,4.1766,6.5182,2.7258,2.0438,1.555,1,1,,8450,3.29
grid2:fineFlat,,,PR13_x1,holdout,3,1001,headon,vfield,0e20c7b2e4,ok,1,0,1,0,0,0,2.8519,0.7079,2.7258,2.0438,1.555,1,1,10.33,8450,3.28
grid2:fineFlat,,,PR13_x1,holdout,3,1003,headon,vfield,0e20c7b2e4,ok,0,0,0,0,0,0,10.4865,6.4213,2.7258,2.0438,1.555,1,1,,8450,3.27
grid2:fineFlat,,,PR13_x1,holdout,3,1005,headon,vfield,0e20c7b2e4,ok,0,0,0,0,0,0,5.1196,8.2363,2.7258,2.0438,1.555,1,1,,8450,3.28
grid2:fineFlat,,,PR13_x1,holdout,3,1007,headon,vfield,0e20c7b2e4,ok,0,0,0,0,0,0,5.2301,8.4685,2.7258,2.0438,1.555,1,1,,8450,3.26
grid2:fineFlat,,,PR13_x1,holdout,3,1009,headon,vfield,0e20c7b2e4,ok,0,0,0,0,0,0,6.1445,8.3191,2.7258,2.0438,1.555,1,1,,8450,3.27
grid2:fineFlat,,,PR13_x1,holdout,3,1011,headon,vfield,0e20c7b2e4,ok,0,0,0,0,0,0,7.4401,7.2727,2.7258,2.0438,1.555,1,1,,8450,3.29
grid2:fineFlat,,,PR13_x1,holdout,3,1013,headon,vfield,0e20c7b2e4,ok,0,0,0,0,0,0,6.0807,9.8359,2.7258,2.0438,1.555,1,1,,8450,3.28
grid2:fineFlat,,,PR13_x1,holdout,3,1015,headon,vfield,0e20c7b2e4,ok,0,0,0,0,0,0,6.121,8.8198,2.7258,2.0438,1.555,1,1,,8450,3.29
grid2:fineFlat,,,PR13_x1,holdout,3,1017,headon,vfield,0e20c7b2e4,ok,0,0,0,0,0,0,3.6187,6.8238,2.7258,2.0438,1.555,1,1,,8450,3.27
grid2:fineFlat,,,PR13_x1,holdout,3,1019,headon,vfield,0e20c7b2e4,ok,0,0,0,0,0,0,8.2698,3.8629,2.7258,2.0438,1.555,1,1,,8450,3.28
grid2:fineFlat,,,PR13_x1,holdout,3,1021,headon,vfield,0e20c7b2e4,ok,0,0,0,0,0,0,6.3873,9.9411,2.7258,2.0438,1.555,1,1,,8450,3.28
grid2:fineFlat,,,PR13_x1,holdout,3,1023,headon,vfield,0e20c7b2e4,ok,0,0,0,0,0,0,6.0719,9.7852,2.7258,2.0438,1.555,1,1,,8450,3.28
grid2:fineFlat,,,PR13_x1,holdout,3,1025,headon,vfield,0e20c7b2e4,ok,0,0,0,0,0,0,6.9877,1.7523,2.7258,2.0438,1.555,1,1,,8450,3.29
grid2:fineFlat,,,PR13_x1,holdout,3,1027,headon,vfield,0e20c7b2e4,ok,0,0,0,0,0,0,5.8938,5.8032,2.7258,2.0438,1.555,1,1,,8450,3.29
grid2:fineFlat,,,PR13_x1,holdout,3,1029,headon,vfield,0e20c7b2e4,ok,1,0,1,0,0,0,7.0102,0.7,2.7258,2.0438,1.555,1,1,6.29,8450,3.29
grid2:fineFlat,,,PR13_x1,holdout,3,1031,headon,vfield,0e20c7b2e4,ok,0,0,0,0,0,0,7.5198,5.1654,2.7258,2.0438,1.555,1,1,,8450,3.28
grid2:fineFlat,,,PR13_x1,holdout,3,1033,headon,vfield,0e20c7b2e4,ok,0,0,0,0,0,0,8.7345,9.2155,2.7258,2.0438,1.555,1,1,,8450,3.29
grid2:fineFlat,,,PR13_x1,holdout,3,1035,headon,vfield,0e20c7b2e4,ok,0,0,0,0,0,0,4.3189,8.7214,2.7258,2.0438,1.555,1,1,,8450,3.28
grid2:fineFlat,,,PR13_x1,holdout,3,1037,headon,vfield,0e20c7b2e4,ok,0,0,0,0,0,0,5.7565,9.9009,2.7258,2.0438,1.555,1,1,,8450,3.27
grid2:fineFlat,,,PR13_x1,holdout,3,1039,headon,vfield,0e20c7b2e4,ok,0,0,0,0,0,0,2.6723,8.2773,2.7258,2.0438,1.555,1,1,,8450,3.29
grid2:fineFlat,,,PR13_x1,holdout,3,1041,headon,vfield,0e20c7b2e4,ok,0,0,0,0,0,0,7.0562,6.6623,2.7258,2.0438,1.555,1,1,,8450,3.26
grid2:fineFlat,,,PR13_x1,holdout,3,1043,headon,vfield,0e20c7b2e4,ok,0,0,0,0,0,0,5.783,9.2711,2.7258,2.0438,1.555,1,1,,8450,3.26
grid2:fineFlat,,,PR13_x1,holdout,3,1045,headon,vfield,0e20c7b2e4,ok,0,0,0,0,0,0,5.0669,6.8933,2.7258,2.0438,1.555,1,1,,8450,3.28
grid2:fineFlat,,,PR13_x1,holdout,3,1047,headon,vfield,0e20c7b2e4,ok,0,0,0,0,0,0,6.156,6.6588,2.7258,2.0438,1.555,1,1,,8450,3.27
grid2:fineFlat,,,PR13_x1,holdout,3,1049,headon,vfield,0e20c7b2e4,ok,0,0,0,0,0,0,1.9841,4.8123,2.7258,2.0438,1.555,1,1,,8450,3.28
grid2:fineFlat,,,PR13_x1,holdout,3,1051,headon,vfield,0e20c7b2e4,ok,0,0,0,0,0,0,3.3612,4.1899,2.7258,2.0438,1.555,1,1,,8450,3.3
grid2:fineFlat,,,PR13_x1,holdout,3,1053,headon,vfield,0e20c7b2e4,ok,0,0,0,0,0,0,10.2024,4.9432,2.7258,2.0438,1.555,1,1,,8450,3.26
grid2:fineFlat,,,PR13_x1,holdout,3,1055,headon,vfield,0e20c7b2e4,ok,0,0,0,0,0,0,7.1583,6.6055,2.7258,2.0438,1.555,1,1,,8450,3.28
grid2:fineFlat,,,PR13_x1,holdout,3,1057,headon,vfield,0e20c7b2e4,ok,0,0,0,0,0,0,7.7787,3.0806,2.7258,2.0438,1.555,1,1,,8450,3.33
grid2:fineFlat,,,PR13_x1,holdout,3,1059,headon,vfield,0e20c7b2e4,ok,0,0,0,0,0,0,7.4204,1.0629,2.7258,2.0438,1.555,1,1,,8450,3.3
grid2:fineFlat,,,PR13_x1.25,holdout,3,1001,headon,vfield,38a180779e,ok,0,0,0,0,0,0,8.3948,10.2594,2.7258,2.0438,1.555,1,1,,8450,3.26
grid2:fineFlat,,,PR13_x1.25,holdout,3,1003,headon,vfield,38a180779e,ok,0,0,0,0,0,0,7.0506,7.4045,2.7258,2.0438,1.555,1,1,,8450,3.27
grid2:fineFlat,,,PR13_x1.25,holdout,3,1005,headon,vfield,38a180779e,ok,0,0,0,0,0,0,4.7511,10.6818,2.7258,2.0438,1.555,1,1,,8450,3.27
grid2:fineFlat,,,PR13_x1.25,holdout,3,1007,headon,vfield,38a180779e,ok,0,0,0,0,0,0,3.1498,6.8234,2.7258,2.0438,1.555,1,1,,8450,3.26
grid2:fineFlat,,,PR13_x1.25,holdout,3,1009,headon,vfield,38a180779e,ok,0,0,0,0,0,0,6.0971,8.4925,2.7258,2.0438,1.555,1,1,,8450,3.27
grid2:fineFlat,,,PR13_x1.25,holdout,3,1011,headon,vfield,38a180779e,ok,0,0,0,0,0,0,7.8277,10.9995,2.7258,2.0438,1.555,1,1,,8450,3.32
grid2:fineFlat,,,PR13_x1.25,holdout,3,1013,headon,vfield,38a180779e,ok,0,0,0,0,0,0,6.3323,1.604,2.7258,2.0438,1.555,1,1,,8450,3.3
grid2:fineFlat,,,PR13_x1.25,holdout,3,1015,headon,vfield,38a180779e,ok,0,0,0,0,0,0,7.0948,6.2037,2.7258,2.0438,1.555,1,1,,8450,3.29
grid2:fineFlat,,,PR13_x1.25,holdout,3,1017,headon,vfield,38a180779e,ok,0,0,0,0,0,0,3.2963,9.0022,2.7258,2.0438,1.555,1,1,,8450,3.24
grid2:fineFlat,,,PR13_x1.25,holdout,3,1019,headon,vfield,38a180779e,ok,0,0,0,0,0,0,7.6291,3.9487,2.7258,2.0438,1.555,1,1,,8450,3.27
grid2:fineFlat,,,PR13_x1.25,holdout,3,1021,headon,vfield,38a180779e,ok,0,0,0,0,0,0,8.0316,10.4475,2.7258,2.0438,1.555,1,1,,8450,3.28
grid2:fineFlat,,,PR13_x1.25,holdout,3,1023,headon,vfield,38a180779e,ok,0,0,0,0,0,0,5.2178,8.901,2.7258,2.0438,1.555,1,1,,8450,3.28
grid2:fineFlat,,,PR13_x1.25,holdout,3,1025,headon,vfield,38a180779e,ok,0,0,0,0,0,0,6.1702,3.9441,2.7258,2.0438,1.555,1,1,,8450,3.26
grid2:fineFlat,,,PR13_x1.25,holdout,3,1027,headon,vfield,38a180779e,ok,0,0,0,0,0,0,7.6367,7.2371,2.7258,2.0438,1.555,1,1,,8450,3.26
grid2:fineFlat,,,PR13_x1.25,holdout,3,1029,headon,vfield,38a180779e,ok,0,0,0,0,0,0,1.9541,10.5517,2.7258,2.0438,1.555,1,1,,8450,3.26
grid2:fineFlat,,,PR13_x1.25,holdout,3,1031,headon,vfield,38a180779e,ok,0,0,0,0,0,0,3.2183,8.1258,2.7258,2.0438,1.555,1,1,,8450,3.31
grid2:fineFlat,,,PR13_x1.25,holdout,3,1033,headon,vfield,38a180779e,ok,0,0,0,0,0,0,8.5255,8.7719,2.7258,2.0438,1.555,1,1,,8450,3.25
grid2:fineFlat,,,PR13_x1.25,holdout,3,1035,headon,vfield,38a180779e,ok,0,0,0,0,0,0,7.4786,9.4295,2.7258,2.0438,1.555,1,1,,8450,3.28
grid2:fineFlat,,,PR13_x1.25,holdout,3,1037,headon,vfield,38a180779e,ok,0,0,0,0,0,0,7.6914,10.6156,2.7258,2.0438,1.555,1,1,,8450,3.29
grid2:fineFlat,,,PR13_x1.25,holdout,3,1039,headon,vfield,38a180779e,ok,0,0,0,0,0,0,9.3123,8.4287,2.7258,2.0438,1.555,1,1,,8450,3.28
grid2:fineFlat,,,PR13_x1.25,holdout,3,1041,headon,vfield,38a180779e,ok,0,0,0,0,0,0,7.134,10.3265,2.7258,2.0438,1.555,1,1,,8450,3.29
grid2:fineFlat,,,PR13_x1.25,holdout,3,1043,headon,vfield,38a180779e,ok,1,1,0,0,0,0,4.5137,0.3967,2.7258,2.0438,1.555,1,1,35.71,8450,3.27
grid2:fineFlat,,,PR13_x1.25,holdout,3,1045,headon,vfield,38a180779e,ok,0,0,0,0,0,0,8.8307,5.3023,2.7258,2.0438,1.555,1,1,,8450,3.28
grid2:fineFlat,,,PR13_x1.25,holdout,3,1047,headon,vfield,38a180779e,ok,0,0,0,0,0,0,8.7652,5.4385,2.7258,2.0438,1.555,1,1,,8450,3.28
grid2:fineFlat,,,PR13_x1.25,holdout,3,1049,headon,vfield,38a180779e,ok,0,0,0,0,0,0,7.8085,5.7425,2.7258,2.0438,1.555,1,1,,8450,3.27
grid2:fineFlat,,,PR13_x1.25,holdout,3,1051,headon,vfield,38a180779e,ok,0,0,0,0,0,0,7.056,3.4341,2.7258,2.0438,1.555,1,1,,8450,3.3
grid2:fineFlat,,,PR13_x1.25,holdout,3,1053,headon,vfield,38a180779e,ok,0,0,0,0,0,0,5.1424,9.8973,2.7258,2.0438,1.555,1,1,,8450,3.28
grid2:fineFlat,,,PR13_x1.25,holdout,3,1055,headon,vfield,38a180779e,ok,0,0,0,0,0,0,5.6767,3.3076,2.7258,2.0438,1.555,1,1,,8450,3.29
grid2:fineFlat,,,PR13_x1.25,holdout,3,1057,headon,vfield,38a180779e,ok,0,0,0,0,0,0,1.8976,1.6682,2.7258,2.0438,1.555,1,1,,8450,3.26
grid2:fineFlat,,,PR13_x1.25,holdout,3,1059,headon,vfield,38a180779e,ok,0,0,0,0,0,0,5.281,5.178,2.7258,2.0438,1.555,1,1,,8450,3.31
grid2:fineFlat,,,PR13_x1.5,holdout,3,1001,headon,vfield,255936c422,ok,0,0,0,0,0,0,5.8451,8.6311,2.7258,2.0438,1.555,1,1,,8450,3.27
grid2:fineFlat,,,PR13_x1.5,holdout,3,1003,headon,vfield,255936c422,ok,0,0,0,0,0,0,7.7139,8.7714,2.7258,2.0438,1.555,1,1,,8450,3.31
grid2:fineFlat,,,PR13_x1.5,holdout,3,1005,headon,vfield,255936c422,ok,0,0,0,0,0,0,7.3498,11.3886,2.7258,2.0438,1.555,1,1,,8450,3.3
grid2:fineFlat,,,PR13_x1.5,holdout,3,1007,headon,vfield,255936c422,ok,0,0,0,0,0,0,3.7113,7.3024,2.7258,2.0438,1.555,1,1,,8450,3.28
grid2:fineFlat,,,PR13_x1.5,holdout,3,1009,headon,vfield,255936c422,ok,0,0,0,0,0,0,9.6707,4.2098,2.7258,2.0438,1.555,1,1,,8450,3.5
grid2:fineFlat,,,PR13_x1.5,holdout,3,1011,headon,vfield,255936c422,ok,0,0,0,0,0,0,8.407,9.6043,2.7258,2.0438,1.555,1,1,,8450,3.59
grid2:fineFlat,,,PR13_x1.5,holdout,3,1013,headon,vfield,255936c422,ok,0,0,0,0,0,0,9.3075,5.1348,2.7258,2.0438,1.555,1,1,,8450,3.34
grid2:fineFlat,,,PR13_x1.5,holdout,3,1015,headon,vfield,255936c422,ok,0,0,0,0,0,0,10.6302,7.6884,2.7258,2.0438,1.555,1,1,,8450,3.29
grid2:fineFlat,,,PR13_x1.5,holdout,3,1017,headon,vfield,255936c422,ok,0,0,0,0,0,0,5.6578,9.9121,2.7258,2.0438,1.555,1,1,,8450,3.28
grid2:fineFlat,,,PR13_x1.5,holdout,3,1019,headon,vfield,255936c422,ok,0,0,0,0,0,0,5.9012,3.6043,2.7258,2.0438,1.555,1,1,,8450,3.3
grid2:fineFlat,,,PR13_x1.5,holdout,3,1021,headon,vfield,255936c422,ok,0,0,0,0,0,0,6.637,10.6222,2.7258,2.0438,1.555,1,1,,8450,3.27
grid2:fineFlat,,,PR13_x1.5,holdout,3,1023,headon,vfield,255936c422,ok,0,0,0,0,0,0,7.8266,8.5351,2.7258,2.0438,1.555,1,1,,8450,3.32
grid2:fineFlat,,,PR13_x1.5,holdout,3,1025,headon,vfield,255936c422,ok,0,0,0,0,0,0,5.6218,2.5283,2.7258,2.0438,1.555,1,1,,8450,3.3
grid2:fineFlat,,,PR13_x1.5,holdout,3,1027,headon,vfield,255936c422,ok,0,0,0,0,0,0,7.7913,7.0006,2.7258,2.0438,1.555,1,1,,8450,3.29
grid2:fineFlat,,,PR13_x1.5,holdout,3,1029,headon,vfield,255936c422,ok,0,0,0,0,0,0,10.0542,4.8619,2.7258,2.0438,1.555,1,1,,8450,3.3
grid2:fineFlat,,,PR13_x1.5,holdout,3,1031,headon,vfield,255936c422,ok,0,0,0,0,0,0,5.9718,8.1798,2.7258,2.0438,1.555,1,1,,8450,3.32
grid2:fineFlat,,,PR13_x1.5,holdout,3,1033,headon,vfield,255936c422,ok,0,0,0,0,0,0,9.8192,8.7732,2.7258,2.0438,1.555,1,1,,8450,3.27
grid2:fineFlat,,,PR13_x1.5,holdout,3,1035,headon,vfield,255936c422,ok,0,0,0,0,0,0,5.191,9.9933,2.7258,2.0438,1.555,1,1,,8450,3.29
grid2:fineFlat,,,PR13_x1.5,holdout,3,1037,headon,vfield,255936c422,ok,0,0,0,0,0,0,4.7899,11.2693,2.7258,2.0438,1.555,1,1,,8450,3.28
grid2:fineFlat,,,PR13_x1.5,holdout,3,1039,headon,vfield,255936c422,ok,0,0,0,0,0,0,7.5917,8.6101,2.7258,2.0438,1.555,1,1,,8450,3.27
grid2:fineFlat,,,PR13_x1.5,holdout,3,1041,headon,vfield,255936c422,ok,0,0,0,0,0,0,8.9312,11.1012,2.7258,2.0438,1.555,1,1,,8450,3.29
grid2:fineFlat,,,PR13_x1.5,holdout,3,1043,headon,vfield,255936c422,ok,0,0,0,0,0,0,6.8619,11.1176,2.7258,2.0438,1.555,1,1,,8450,3.28
grid2:fineFlat,,,PR13_x1.5,holdout,3,1045,headon,vfield,255936c422,ok,0,0,0,0,0,0,8.0588,8.7309,2.7258,2.0438,1.555,1,1,,8450,3.31
grid2:fineFlat,,,PR13_x1.5,holdout,3,1047,headon,vfield,255936c422,ok,0,0,0,0,0,0,7.4947,7.8944,2.7258,2.0438,1.555,1,1,,8450,3.4
grid2:fineFlat,,,PR13_x1.5,holdout,3,1049,headon,vfield,255936c422,ok,0,0,0,0,0,0,5.9501,11.3208,2.7258,2.0438,1.555,1,1,,8450,3.29
grid2:fineFlat,,,PR13_x1.5,holdout,3,1051,headon,vfield,255936c422,ok,0,0,0,0,0,0,9.0032,9.3022,2.7258,2.0438,1.555,1,1,,8450,3.41
grid2:fineFlat,,,PR13_x1.5,holdout,3,1053,headon,vfield,255936c422,ok,0,0,0,0,0,0,9.5818,8.0142,2.7258,2.0438,1.555,1,1,,8450,3.29
grid2:fineFlat,,,PR13_x1.5,holdout,3,1055,headon,vfield,255936c422,ok,0,0,0,0,0,0,5.2118,10.946,2.7258,2.0438,1.555,1,1,,8450,3.31
grid2:fineFlat,,,PR13_x1.5,holdout,3,1057,headon,vfield,255936c422,ok,0,0,0,0,0,0,7.6376,3.7337,2.7258,2.0438,1.555,1,1,,8450,3.29
grid2:fineFlat,,,PR13_x1.5,holdout,3,1059,headon,vfield,255936c422,ok,0,0,0,0,0,0,6.8468,10.2085,2.7258,2.0438,1.555,1,1,,8450,3.29
grid2:fineFlat,,,PR13_x2,holdout,3,1001,headon,vfield,b63194d9fa,ok,0,0,0,0,0,0,7.734,1.415,2.7258,2.0438,1.555,1,1,,8450,3.28
grid2:fineFlat,,,PR13_x2,holdout,3,1003,headon,vfield,b63194d9fa,ok,0,0,0,0,0,0,9.7689,5.8036,2.7258,2.0438,1.555,1,1,,8450,3.28
grid2:fineFlat,,,PR13_x2,holdout,3,1005,headon,vfield,b63194d9fa,ok,0,0,0,0,0,0,3.9006,6.6901,2.7258,2.0438,1.555,1,1,,8450,3.28
grid2:fineFlat,,,PR13_x2,holdout,3,1007,headon,vfield,b63194d9fa,ok,0,0,0,0,0,0,6.4481,8.0438,2.7258,2.0438,1.555,1,1,,8450,3.34
grid2:fineFlat,,,PR13_x2,holdout,3,1009,headon,vfield,b63194d9fa,ok,0,0,0,0,0,0,5.1738,3.6914,2.7258,2.0438,1.555,1,1,,8450,3.3
grid2:fineFlat,,,PR13_x2,holdout,3,1011,headon,vfield,b63194d9fa,ok,0,0,0,0,0,0,9.7467,6.5008,2.7258,2.0438,1.555,1,1,,8450,3.3
grid2:fineFlat,,,PR13_x2,holdout,3,1013,headon,vfield,b63194d9fa,ok,0,0,0,0,0,0,7.7168,7.6881,2.7258,2.0438,1.555,1,1,,8450,3.27
grid2:fineFlat,,,PR13_x2,holdout,3,1015,headon,vfield,b63194d9fa,ok,0,0,0,0,0,0,8.3858,4.8691,2.7258,2.0438,1.555,1,1,,8450,3.29
grid2:fineFlat,,,PR13_x2,holdout,3,1017,headon,vfield,b63194d9fa,ok,0,0,0,0,0,0,9.5344,4.2844,2.7258,2.0438,1.555,1,1,,8450,3.3
grid2:fineFlat,,,PR13_x2,holdout,3,1019,headon,vfield,b63194d9fa,ok,1,0,1,0,0,0,7.1036,0.808,2.7258,2.0438,1.555,1,1,19.3,8450,3.29
grid2:fineFlat,,,PR13_x2,holdout,3,1021,headon,vfield,b63194d9fa,ok,0,0,0,0,0,0,6.5143,4.1224,2.7258,2.0438,1.555,1,1,,8450,3.28
grid2:fineFlat,,,PR13_x2,holdout,3,1023,headon,vfield,b63194d9fa,ok,0,0,0,0,0,0,6.6106,7.3754,2.7258,2.0438,1.555,1,1,,8450,3.3
grid2:fineFlat,,,PR13_x2,holdout,3,1025,headon,vfield,b63194d9fa,ok,0,0,0,0,0,0,8.0266,4.9325,2.7258,2.0438,1.555,1,1,,8450,3.26
grid2:fineFlat,,,PR13_x2,holdout,3,1027,headon,vfield,b63194d9fa,ok,1,0,1,0,0,0,10.4841,0.535,2.7258,2.0438,1.555,1,1,18.42,8450,3.3
grid2:fineFlat,,,PR13_x2,holdout,3,1029,headon,vfield,b63194d9fa,ok,0,0,0,0,0,0,8.1691,5.4242,2.7258,2.0438,1.555,1,1,,8450,3.26
grid2:fineFlat,,,PR13_x2,holdout,3,1031,headon,vfield,b63194d9fa,ok,0,0,0,0,0,0,10.5078,4.1242,2.7258,2.0438,1.555,1,1,,8450,3.29
grid2:fineFlat,,,PR13_x2,holdout,3,1033,headon,vfield,b63194d9fa,ok,0,0,0,0,0,0,3.5086,8.0485,2.7258,2.0438,1.555,1,1,,8450,3.3
grid2:fineFlat,,,PR13_x2,holdout,3,1035,headon,vfield,b63194d9fa,ok,0,0,0,0,0,0,11.2411,11.2457,2.7258,2.0438,1.555,1,1,,8450,3.27
grid2:fineFlat,,,PR13_x2,holdout,3,1037,headon,vfield,b63194d9fa,ok,0,0,0,0,0,0,10.7605,3.1143,2.7258,2.0438,1.555,1,1,,8450,3.28
grid2:fineFlat,,,PR13_x2,holdout,3,1039,headon,vfield,b63194d9fa,ok,0,0,0,0,0,0,10.7827,8.1814,2.7258,2.0438,1.555,1,1,,8450,3.29
grid2:fineFlat,,,PR13_x2,holdout,3,1041,headon,vfield,b63194d9fa,ok,0,0,0,0,0,0,8.6295,9.7601,2.7258,2.0438,1.555,1,1,,8450,3.62
grid2:fineFlat,,,PR13_x2,holdout,3,1043,headon,vfield,b63194d9fa,ok,0,0,0,0,0,0,8.0224,4.9443,2.7258,2.0438,1.555,1,1,,8450,3.45
grid2:fineFlat,,,PR13_x2,holdout,3,1045,headon,vfield,b63194d9fa,ok,0,0,0,0,0,0,7.8692,3.0408,2.7258,2.0438,1.555,1,1,,8450,3.33
grid2:fineFlat,,,PR13_x2,holdout,3,1047,headon,vfield,b63194d9fa,ok,0,0,0,0,0,0,11.5538,4.9114,2.7258,2.0438,1.555,1,1,,8450,3.28
grid2:fineFlat,,,PR13_x2,holdout,3,1049,headon,vfield,b63194d9fa,ok,0,0,0,0,0,0,8.3159,5.8645,2.7258,2.0438,1.555,1,1,,8450,3.29
grid2:fineFlat,,,PR13_x2,holdout,3,1051,headon,vfield,b63194d9fa,ok,0,0,0,0,0,0,9.1761,3.4017,2.7258,2.0438,1.555,1,1,,8450,3.3
grid2:fineFlat,,,PR13_x2,holdout,3,1053,headon,vfield,b63194d9fa,ok,0,0,0,0,0,0,4.6857,4.7492,2.7258,2.0438,1.555,1,1,,8450,3.34
grid2:fineFlat,,,PR13_x2,holdout,3,1055,headon,vfield,b63194d9fa,ok,0,0,0,0,0,0,8.038,8.1259,2.7258,2.0438,1.555,1,1,,8450,3.32
grid2:fineFlat,,,PR13_x2,holdout,3,1057,headon,vfield,b63194d9fa,ok,0,0,0,0,0,0,6.7676,5.5834,2.7258,2.0438,1.555,1,1,,8450,3.29
grid2:fineFlat,,,PR13_x2,holdout,3,1059,headon,vfield,b63194d9fa,ok,0,0,0,0,0,0,5.2037,7.5187,2.7258,2.0438,1.555,1,1,,8450,3.28
grid2:fineFlat,,,PR8_x1,holdout,4,1001,headon,vfield,e12e91e418,ok,3,0,1,1,1,0,0.0563,0.9254,2.7258,2.0438,1.555,1,1,9.14,8450,3.26
grid2:fineFlat,,,PR8_x1,holdout,4,1003,headon,vfield,e12e91e418,ok,0,0,0,0,0,0,2.8544,2.0499,2.7258,2.0438,1.555,1,1,,8450,3.24
grid2:fineFlat,,,PR8_x1,holdout,4,1005,headon,vfield,e12e91e418,ok,2,0,1,0,1,0,0.4151,0.4348,2.7258,2.0438,1.555,1,1,3.92,8450,3.28
grid2:fineFlat,,,PR8_x1,holdout,4,1007,headon,vfield,e12e91e418,ok,1,0,1,0,0,0,2.8159,0.8574,2.7258,2.0438,1.555,1,1,12.48,8450,3.3
grid2:fineFlat,,,PR8_x1,holdout,4,1009,headon,vfield,e12e91e418,ok,0,0,0,0,0,0,2.73,5.4945,2.7258,2.0438,1.555,1,1,,8450,3.3
grid2:fineFlat,,,PR8_x1,holdout,4,1011,headon,vfield,e12e91e418,ok,0,0,0,0,0,0,2.0311,3.8564,2.7258,2.0438,1.555,1,1,,8450,3.3
grid2:fineFlat,,,PR8_x1,holdout,4,1013,headon,vfield,e12e91e418,ok,2,0,2,0,0,0,1.8684,0.5458,2.7258,2.0438,1.555,1,1,4.69,8450,3.27
grid2:fineFlat,,,PR8_x1,holdout,4,1015,headon,vfield,e12e91e418,ok,0,0,0,0,0,0,4.3178,3.0768,2.7258,2.0438,1.555,1,1,,8450,3.29
grid2:fineFlat,,,PR8_x1,holdout,4,1017,headon,vfield,e12e91e418,ok,0,0,0,0,0,0,4.9662,2.4539,2.7258,2.0438,1.555,1,1,,8450,3.28
grid2:fineFlat,,,PR8_x1,holdout,4,1019,headon,vfield,e12e91e418,ok,0,0,0,0,0,0,1.1432,1.7493,2.7258,2.0438,1.555,1,1,,8450,3.25
grid2:fineFlat,,,PR8_x1,holdout,4,1021,headon,vfield,e12e91e418,ok,1,0,0,0,1,0,0.9677,2.5391,2.7258,2.0438,1.555,1,1,10.6,8450,3.26
grid2:fineFlat,,,PR8_x1,holdout,4,1023,headon,vfield,e12e91e418,ok,0,0,0,0,0,0,3.8337,1.5559,2.7258,2.0438,1.555,1,1,,8450,3.26
grid2:fineFlat,,,PR8_x1,holdout,4,1025,headon,vfield,e12e91e418,ok,0,0,0,0,0,0,3.5855,1.4652,2.7258,2.0438,1.555,1,1,,8450,3.25
grid2:fineFlat,,,PR8_x1,holdout,4,1027,headon,vfield,e12e91e418,ok,0,0,0,0,0,0,1.9999,5.0175,2.7258,2.0438,1.555,1,1,,8450,3.26
grid2:fineFlat,,,PR8_x1,holdout,4,1029,headon,vfield,e12e91e418,ok,0,0,0,0,0,0,3.5426,4.3971,2.7258,2.0438,1.555,1,1,,8450,3.25
grid2:fineFlat,,,PR8_x1,holdout,4,1031,headon,vfield,e12e91e418,ok,0,0,0,0,0,0,1.2431,2.857,2.7258,2.0438,1.555,1,1,,8450,3.26
grid2:fineFlat,,,PR8_x1,holdout,4,1033,headon,vfield,e12e91e418,ok,3,0,2,0,1,0,0.0038,0.515,2.7258,2.0438,1.555,1,1,3.54,8450,3.29
grid2:fineFlat,,,PR8_x1,holdout,4,1035,headon,vfield,e12e91e418,ok,1,0,0,0,1,0,0.9724,3.2217,2.7258,2.0438,1.555,1,1,1.43,8450,3.26
grid2:fineFlat,,,PR8_x1,holdout,4,1037,headon,vfield,e12e91e418,ok,3,0,1,0,2,0,0.0945,0.2112,2.7258,2.0438,1.555,1,1,5.05,8450,3.32
grid2:fineFlat,,,PR8_x1,holdout,4,1039,headon,vfield,e12e91e418,ok,1,0,1,0,0,0,2.8718,0.0862,2.7258,2.0438,1.555,1,1,7.16,8450,3.28
grid2:fineFlat,,,PR8_x1,holdout,4,1041,headon,vfield,e12e91e418,ok,1,0,1,0,0,0,1.5285,0.6947,2.7258,2.0438,1.555,1,1,10.01,8450,3.27
grid2:fineFlat,,,PR8_x1,holdout,4,1043,headon,vfield,e12e91e418,ok,0,0,0,0,0,0,3.725,5.6204,2.7258,2.0438,1.555,1,1,,8450,3.28
grid2:fineFlat,,,PR8_x1,holdout,4,1045,headon,vfield,e12e91e418,ok,0,0,0,0,0,0,3.0415,2.9919,2.7258,2.0438,1.555,1,1,,8450,3.27
grid2:fineFlat,,,PR8_x1,holdout,4,1047,headon,vfield,e12e91e418,ok,1,0,0,0,1,0,0.1879,4.4814,2.7258,2.0438,1.555,1,1,10.37,8450,3.27
grid2:fineFlat,,,PR8_x1,holdout,4,1049,headon,vfield,e12e91e418,ok,0,0,0,0,0,0,3.0733,3.3661,2.7258,2.0438,1.555,1,1,,8450,3.26
grid2:fineFlat,,,PR8_x1,holdout,4,1051,headon,vfield,e12e91e418,ok,1,0,1,0,0,0,1.667,0.1667,2.7258,2.0438,1.555,1,1,4.55,8450,3.27
grid2:fineFlat,,,PR8_x1,holdout,4,1053,headon,vfield,e12e91e418,ok,1,0,1,0,0,0,2.5143,0.7532,2.7258,2.0438,1.555,1,1,4.08,8450,3.27
grid2:fineFlat,,,PR8_x1,holdout,4,1055,headon,vfield,e12e91e418,ok,2,0,1,1,0,0,0.719,0.4188,2.7258,2.0438,1.555,1,1,-27.05,8450,3.3
grid2:fineFlat,,,PR8_x1,holdout,4,1057,headon,vfield,e12e91e418,ok,2,1,0,0,1,0,0.3712,0.5879,2.7258,2.0438,1.555,1,1,5.96,8450,3.31
grid2:fineFlat,,,PR8_x1,holdout,4,1059,headon,vfield,e12e91e418,ok,2,0,1,0,1,0,0.2885,0.9911,2.7258,2.0438,1.555,1,1,18.19,8450,3.26
grid2:fineFlat,,,PR8_x1.25,holdout,4,1001,headon,vfield,c46769dc19,ok,2,0,1,0,1,0,0.2546,0.1748,2.7258,2.0438,1.555,1,1,13.85,8450,3.27
grid2:fineFlat,,,PR8_x1.25,holdout,4,1003,headon,vfield,c46769dc19,ok,1,0,0,0,1,0,0.4249,5.7383,2.7258,2.0438,1.555,1,1,19.48,8450,3.26
grid2:fineFlat,,,PR8_x1.25,holdout,4,1005,headon,vfield,c46769dc19,ok,0,0,0,0,0,0,2.4782,5.0265,2.7258,2.0438,1.555,1,1,,8450,3.28
grid2:fineFlat,,,PR8_x1.25,holdout,4,1007,headon,vfield,c46769dc19,ok,0,0,0,0,0,0,3.9963,5.1859,2.7258,2.0438,1.555,1,1,,8450,3.26
grid2:fineFlat,,,PR8_x1.25,holdout,4,1009,headon,vfield,c46769dc19,ok,0,0,0,0,0,0,1.2005,5.8726,2.7258,2.0438,1.555,1,1,,8450,3.27
grid2:fineFlat,,,PR8_x1.25,holdout,4,1011,headon,vfield,c46769dc19,ok,0,0,0,0,0,0,2.8108,5.6715,2.7258,2.0438,1.555,1,1,,8450,3.4
grid2:fineFlat,,,PR8_x1.25,holdout,4,1013,headon,vfield,c46769dc19,ok,0,0,0,0,0,0,3.5074,3.7471,2.7258,2.0438,1.555,1,1,,8450,3.25
grid2:fineFlat,,,PR8_x1.25,holdout,4,1015,headon,vfield,c46769dc19,ok,0,0,0,0,0,0,2.238,2.5389,2.7258,2.0438,1.555,1,1,,8450,3.29
grid2:fineFlat,,,PR8_x1.25,holdout,4,1017,headon,vfield,c46769dc19,ok,0,0,0,0,0,0,1.0091,4.3922,2.7258,2.0438,1.555,1,1,,8450,3.33
grid2:fineFlat,,,PR8_x1.25,holdout,4,1019,headon,vfield,c46769dc19,ok,1,0,0,0,1,0,0.4979,1.6092,2.7258,2.0438,1.555,1,1,36.34,8450,3.27
grid2:fineFlat,,,PR8_x1.25,holdout,4,1021,headon,vfield,c46769dc19,ok,0,0,0,0,0,0,1.0787,3.385,2.7258,2.0438,1.555,1,1,,8450,3.25
grid2:fineFlat,,,PR8_x1.25,holdout,4,1023,headon,vfield,c46769dc19,ok,0,0,0,0,0,0,2.2528,4.9586,2.7258,2.0438,1.555,1,1,,8450,3.26
grid2:fineFlat,,,PR8_x1.25,holdout,4,1025,headon,vfield,c46769dc19,ok,0,0,0,0,0,0,3.2409,3.0192,2.7258,2.0438,1.555,1,1,,8450,3.25
grid2:fineFlat,,,PR8_x1.25,holdout,4,1027,headon,vfield,c46769dc19,ok,1,0,1,0,0,0,1.3077,0.5535,2.7258,2.0438,1.555,1,1,7.04,8450,3.25
grid2:fineFlat,,,PR8_x1.25,holdout,4,1029,headon,vfield,c46769dc19,ok,0,0,0,0,0,0,2.6109,5.3715,2.7258,2.0438,1.555,1,1,,8450,3.25
grid2:fineFlat,,,PR8_x1.25,holdout,4,1031,headon,vfield,c46769dc19,ok,0,0,0,0,0,0,4.3828,3.9272,2.7258,2.0438,1.555,1,1,,8450,3.26
grid2:fineFlat,,,PR8_x1.25,holdout,4,1033,headon,vfield,c46769dc19,ok,0,0,0,0,0,0,3.0721,1.3134,2.7258,2.0438,1.555,1,1,,8450,3.29
grid2:fineFlat,,,PR8_x1.25,holdout,4,1035,headon,vfield,c46769dc19,ok,0,0,0,0,0,0,4.1973,4.8272,2.7258,2.0438,1.555,1,1,,8450,3.26
grid2:fineFlat,,,PR8_x1.25,holdout,4,1037,headon,vfield,c46769dc19,ok,1,0,0,0,1,0,0.8152,3.2386,2.7258,2.0438,1.555,1,1,40.2,8450,3.26
grid2:fineFlat,,,PR8_x1.25,holdout,4,1039,headon,vfield,c46769dc19,ok,0,0,0,0,0,0,1.0722,1.6987,2.7258,2.0438,1.555,1,1,,8450,3.27
grid2:fineFlat,,,PR8_x1.25,holdout,4,1041,headon,vfield,c46769dc19,ok,0,0,0,0,0,0,4.0546,4.9734,2.7258,2.0438,1.555,1,1,,8450,3.29
grid2:fineFlat,,,PR8_x1.25,holdout,4,1043,headon,vfield,c46769dc19,ok,0,0,0,0,0,0,1.2432,5.0328,2.7258,2.0438,1.555,1,1,,8450,3.26
grid2:fineFlat,,,PR8_x1.25,holdout,4,1045,headon,vfield,c46769dc19,ok,0,0,0,0,0,0,3.4556,2.7844,2.7258,2.0438,1.555,1,1,,8450,3.26
grid2:fineFlat,,,PR8_x1.25,holdout,4,1047,headon,vfield,c46769dc19,ok,0,0,0,0,0,0,3.9665,4.149,2.7258,2.0438,1.555,1,1,,8450,3.27
grid2:fineFlat,,,PR8_x1.25,holdout,4,1049,headon,vfield,c46769dc19,ok,2,0,0,0,2,0,0.0569,4.5531,2.7258,2.0438,1.555,1,1,14.84,8450,3.27
grid2:fineFlat,,,PR8_x1.25,holdout,4,1051,headon,vfield,c46769dc19,ok,0,0,0,0,0,0,4.638,5.36,2.7258,2.0438,1.555,1,1,,8450,3.25
grid2:fineFlat,,,PR8_x1.25,holdout,4,1053,headon,vfield,c46769dc19,ok,1,0,1,0,0,0,3.3317,0.9538,2.7258,2.0438,1.555,1,1,11.1,8450,3.24
grid2:fineFlat,,,PR8_x1.25,holdout,4,1055,headon,vfield,c46769dc19,ok,0,0,0,0,0,0,1.1067,3.3398,2.7258,2.0438,1.555,1,1,,8450,3.25
grid2:fineFlat,,,PR8_x1.25,holdout,4,1057,headon,vfield,c46769dc19,ok,0,0,0,0,0,0,1.5411,2.1268,2.7258,2.0438,1.555,1,1,,8450,3.25
grid2:fineFlat,,,PR8_x1.25,holdout,4,1059,headon,vfield,c46769dc19,ok,0,0,0,0,0,0,4.8969,1.3609,2.7258,2.0438,1.555,1,1,,8450,3.27
grid2:fineFlat,,,PR8_x1.5,holdout,4,1001,headon,vfield,c898cdca45,ok,0,0,0,0,0,0,2.9495,6.0233,2.7258,2.0438,1.555,1,1,,8450,3.25
grid2:fineFlat,,,PR8_x1.5,holdout,4,1003,headon,vfield,c898cdca45,ok,0,0,0,0,0,0,5.3978,6.6215,2.7258,2.0438,1.555,1,1,,8450,3.29
grid2:fineFlat,,,PR8_x1.5,holdout,4,1005,headon,vfield,c898cdca45,ok,1,0,1,0,0,0,2.2905,0.9041,2.7258,2.0438,1.555,1,1,6.69,8450,3.26
grid2:fineFlat,,,PR8_x1.5,holdout,4,1007,headon,vfield,c898cdca45,ok,1,0,0,1,0,0,0.8066,1.1043,2.7258,2.0438,1.555,1,1,-29.21,8450,3.25
grid2:fineFlat,,,PR8_x1.5,holdout,4,1009,headon,vfield,c898cdca45,ok,0,0,0,0,0,0,2.0405,6.0251,2.7258,2.0438,1.555,1,1,,8450,3.27
grid2:fineFlat,,,PR8_x1.5,holdout,4,1011,headon,vfield,c898cdca45,ok,0,0,0,0,0,0,1.5299,2.3062,2.7258,2.0438,1.555,1,1,,8450,3.26
grid2:fineFlat,,,PR8_x1.5,holdout,4,1013,headon,vfield,c898cdca45,ok,0,0,0,0,0,0,1.2605,5.9699,2.7258,2.0438,1.555,1,1,,8450,3.26
grid2:fineFlat,,,PR8_x1.5,holdout,4,1015,headon,vfield,c898cdca45,ok,1,0,0,1,0,0,0.6678,5.8581,2.7258,2.0438,1.555,1,1,27.24,8450,3.28
grid2:fineFlat,,,PR8_x1.5,holdout,4,1017,headon,vfield,c898cdca45,ok,0,0,0,0,0,0,3.2269,6.2405,2.7258,2.0438,1.555,1,1,,8450,3.25
grid2:fineFlat,,,PR8_x1.5,holdout,4,1019,headon,vfield,c898cdca45,ok,1,0,0,0,1,0,0.4158,2.5682,2.7258,2.0438,1.555,1,1,34.38,8450,3.25
grid2:fineFlat,,,PR8_x1.5,holdout,4,1021,headon,vfield,c898cdca45,ok,0,0,0,0,0,0,2.8513,5.8858,2.7258,2.0438,1.555,1,1,,8450,3.26
grid2:fineFlat,,,PR8_x1.5,holdout,4,1023,headon,vfield,c898cdca45,ok,0,0,0,0,0,0,1.954,6.7362,2.7258,2.0438,1.555,1,1,,8450,3.27
grid2:fineFlat,,,PR8_x1.5,holdout,4,1025,headon,vfield,c898cdca45,ok,0,0,0,0,0,0,4.6759,5.9159,2.7258,2.0438,1.555,1,1,,8450,3.27
grid2:fineFlat,,,PR8_x1.5,holdout,4,1027,headon,vfield,c898cdca45,ok,0,0,0,0,0,0,3.0034,5.7426,2.7258,2.0438,1.555,1,1,,8450,3.27
grid2:fineFlat,,,PR8_x1.5,holdout,4,1029,headon,vfield,c898cdca45,ok,0,0,0,0,0,0,2.1409,5.9917,2.7258,2.0438,1.555,1,1,,8450,3.26
grid2:fineFlat,,,PR8_x1.5,holdout,4,1031,headon,vfield,c898cdca45,ok,0,0,0,0,0,0,1.4269,6.1525,2.7258,2.0438,1.555,1,1,,8450,3.28
grid2:fineFlat,,,PR8_x1.5,holdout,4,1033,headon,vfield,c898cdca45,ok,1,0,1,0,0,0,2.1368,0.204,2.7258,2.0438,1.555,1,1,5.57,8450,3.27
grid2:fineFlat,,,PR8_x1.5,holdout,4,1035,headon,vfield,c898cdca45,ok,0,0,0,0,0,0,3.0178,5.3194,2.7258,2.0438,1.555,1,1,,8450,3.27
grid2:fineFlat,,,PR8_x1.5,holdout,4,1037,headon,vfield,c898cdca45,ok,0,0,0,0,0,0,3.4853,5.6791,2.7258,2.0438,1.555,1,1,,8450,3.26
grid2:fineFlat,,,PR8_x1.5,holdout,4,1039,headon,vfield,c898cdca45,ok,2,0,0,2,0,0,0.3859,5.8024,2.7258,2.0438,1.555,1,1,-27.37,8450,3.27
grid2:fineFlat,,,PR8_x1.5,holdout,4,1041,headon,vfield,c898cdca45,ok,0,0,0,0,0,0,4.0083,5.5263,2.7258,2.0438,1.555,1,1,,8450,3.25
grid2:fineFlat,,,PR8_x1.5,holdout,4,1043,headon,vfield,c898cdca45,ok,0,0,0,0,0,0,3.5354,5.6244,2.7258,2.0438,1.555,1,1,,8450,3.27
grid2:fineFlat,,,PR8_x1.5,holdout,4,1045,headon,vfield,c898cdca45,ok,0,0,0,0,0,0,3.7389,5.7427,2.7258,2.0438,1.555,1,1,,8450,3.26
grid2:fineFlat,,,PR8_x1.5,holdout,4,1047,headon,vfield,c898cdca45,ok,0,0,0,0,0,0,4.0807,5.7331,2.7258,2.0438,1.555,1,1,,8450,3.26
grid2:fineFlat,,,PR8_x1.5,holdout,4,1049,headon,vfield,c898cdca45,ok,1,0,0,1,0,0,0.9952,5.4517,2.7258,2.0438,1.555,1,1,29.69,8450,3.27
grid2:fineFlat,,,PR8_x1.5,holdout,4,1051,headon,vfield,c898cdca45,ok,0,0,0,0,0,0,3.3898,6.3671,2.7258,2.0438,1.555,1,1,,8450,3.3
grid2:fineFlat,,,PR8_x1.5,holdout,4,1053,headon,vfield,c898cdca45,ok,0,0,0,0,0,0,2.737,2.0539,2.7258,2.0438,1.555,1,1,,8450,3.28
grid2:fineFlat,,,PR8_x1.5,holdout,4,1055,headon,vfield,c898cdca45,ok,0,0,0,0,0,0,1.2208,5.7311,2.7258,2.0438,1.555,1,1,,8450,3.26
grid2:fineFlat,,,PR8_x1.5,holdout,4,1057,headon,vfield,c898cdca45,ok,0,0,0,0,0,0,3.7013,5.7675,2.7258,2.0438,1.555,1,1,,8450,3.28
grid2:fineFlat,,,PR8_x1.5,holdout,4,1059,headon,vfield,c898cdca45,ok,0,0,0,0,0,0,3.0267,5.4945,2.7258,2.0438,1.555,1,1,,8450,3.29
grid2:fineFlat,,,PR8_x2,holdout,4,1001,headon,vfield,a401084669,ok,0,0,0,0,0,0,2.594,6.1558,2.7258,2.0438,1.555,1,1,,8450,3.25
grid2:fineFlat,,,PR8_x2,holdout,4,1003,headon,vfield,a401084669,ok,0,0,0,0,0,0,3.7513,6.5627,2.7258,2.0438,1.555,1,1,,8450,3.26
grid2:fineFlat,,,PR8_x2,holdout,4,1005,headon,vfield,a401084669,ok,0,0,0,0,0,0,2.199,1.4639,2.7258,2.0438,1.555,1,1,,8450,3.3
grid2:fineFlat,,,PR8_x2,holdout,4,1007,headon,vfield,a401084669,ok,2,0,1,0,1,0,0.0789,0.5269,2.7258,2.0438,1.555,1,1,5.25,8450,3.29
grid2:fineFlat,,,PR8_x2,holdout,4,1009,headon,vfield,a401084669,ok,0,0,0,0,0,0,3.7829,1.6924,2.7258,2.0438,1.555,1,1,,8450,3.27
grid2:fineFlat,,,PR8_x2,holdout,4,1011,headon,vfield,a401084669,ok,0,0,0,0,0,0,1.6152,1.0056,2.7258,2.0438,1.555,1,1,,8450,3.27
grid2:fineFlat,,,PR8_x2,holdout,4,1013,headon,vfield,a401084669,ok,0,0,0,0,0,0,2.2252,6.1029,2.7258,2.0438,1.555,1,1,,8450,3.25
grid2:fineFlat,,,PR8_x2,holdout,4,1015,headon,vfield,a401084669,ok,1,0,1,0,0,0,1.2706,0.8192,2.7258,2.0438,1.555,1,1,8.79,8450,3.28
grid2:fineFlat,,,PR8_x2,holdout,4,1017,headon,vfield,a401084669,ok,0,0,0,0,0,0,1.713,2.0299,2.7258,2.0438,1.555,1,1,,8450,3.25
grid2:fineFlat,,,PR8_x2,holdout,4,1019,headon,vfield,a401084669,ok,1,0,1,0,0,0,4.2072,0.5931,2.7258,2.0438,1.555,1,1,5.63,8450,3.26
grid2:fineFlat,,,PR8_x2,holdout,4,1021,headon,vfield,a401084669,ok,0,0,0,0,0,0,4.679,5.7808,2.7258,2.0438,1.555,1,1,,8450,3.25
grid2:fineFlat,,,PR8_x2,holdout,4,1023,headon,vfield,a401084669,ok,0,0,0,0,0,0,1.2539,1.9339,2.7258,2.0438,1.555,1,1,,8450,3.25
grid2:fineFlat,,,PR8_x2,holdout,4,1025,headon,vfield,a401084669,ok,0,0,0,0,0,0,1.7324,5.9242,2.7258,2.0438,1.555,1,1,,8450,3.27
grid2:fineFlat,,,PR8_x2,holdout,4,1027,headon,vfield,a401084669,ok,0,0,0,0,0,0,3.7607,6.1087,2.7258,2.0438,1.555,1,1,,8450,3.27
grid2:fineFlat,,,PR8_x2,holdout,4,1029,headon,vfield,a401084669,ok,0,0,0,0,0,0,3.916,5.745,2.7258,2.0438,1.555,1,1,,8450,3.28
grid2:fineFlat,,,PR8_x2,holdout,4,1031,headon,vfield,a401084669,ok,0,0,0,0,0,0,3.0928,6.3905,2.7258,2.0438,1.555,1,1,,8450,3.28
grid2:fineFlat,,,PR8_x2,holdout,4,1033,headon,vfield,a401084669,ok,0,0,0,0,0,0,3.8918,5.1134,2.7258,2.0438,1.555,1,1,,8450,3.26
grid2:fineFlat,,,PR8_x2,holdout,4,1035,headon,vfield,a401084669,ok,0,0,0,0,0,0,2.9297,5.9443,2.7258,2.0438,1.555,1,1,,8450,3.26
grid2:fineFlat,,,PR8_x2,holdout,4,1037,headon,vfield,a401084669,ok,1,0,1,0,0,0,2.8664,0.661,2.7258,2.0438,1.555,1,1,10.18,8450,3.29
grid2:fineFlat,,,PR8_x2,holdout,4,1039,headon,vfield,a401084669,ok,0,0,0,0,0,0,3.1779,2.4636,2.7258,2.0438,1.555,1,1,,8450,3.28
grid2:fineFlat,,,PR8_x2,holdout,4,1041,headon,vfield,a401084669,ok,0,0,0,0,0,0,2.5598,6.1809,2.7258,2.0438,1.555,1,1,,8450,3.33
grid2:fineFlat,,,PR8_x2,holdout,4,1043,headon,vfield,a401084669,ok,0,0,0,0,0,0,1.3755,5.5999,2.7258,2.0438,1.555,1,1,,8450,3.28
grid2:fineFlat,,,PR8_x2,holdout,4,1045,headon,vfield,a401084669,ok,0,0,0,0,0,0,3.1167,5.9366,2.7258,2.0438,1.555,1,1,,8450,3.26
grid2:fineFlat,,,PR8_x2,holdout,4,1047,headon,vfield,a401084669,ok,0,0,0,0,0,0,4.0449,1.0062,2.7258,2.0438,1.555,1,1,,8450,3.27
grid2:fineFlat,,,PR8_x2,holdout,4,1049,headon,vfield,a401084669,ok,1,0,0,0,1,0,0.3538,1.5714,2.7258,2.0438,1.555,1,1,39.17,8450,3.27
grid2:fineFlat,,,PR8_x2,holdout,4,1051,headon,vfield,a401084669,ok,0,0,0,0,0,0,2.2201,5.9053,2.7258,2.0438,1.555,1,1,,8450,3.28
grid2:fineFlat,,,PR8_x2,holdout,4,1053,headon,vfield,a401084669,ok,0,0,0,0,0,0,4.1307,1.6244,2.7258,2.0438,1.555,1,1,,8450,3.25
grid2:fineFlat,,,PR8_x2,holdout,4,1055,headon,vfield,a401084669,ok,1,0,1,0,0,0,4.3251,0.2309,2.7258,2.0438,1.555,1,1,8.62,8450,3.5
grid2:fineFlat,,,PR8_x2,holdout,4,1057,headon,vfield,a401084669,ok,1,0,1,0,0,0,3.7954,0.3432,2.7258,2.0438,1.555,1,1,8.63,8450,3.27
grid2:fineFlat,,,PR8_x2,holdout,4,1059,headon,vfield,a401084669,ok,1,0,0,0,1,0,0.8927,6.171,2.7258,2.0438,1.555,1,1,32.82,8450,3.28
grid2:fineFlat,,,PR9_x1,holdout,4,1001,headon,vfield,d379b502cd,ok,0,0,0,0,0,0,1.4784,4.9545,2.7258,2.0438,1.555,1,1,,8450,3.27
grid2:fineFlat,,,PR9_x1,holdout,4,1003,headon,vfield,d379b502cd,ok,0,0,0,0,0,0,1.6521,2.1023,2.7258,2.0438,1.555,1,1,,8450,3.27
grid2:fineFlat,,,PR9_x1,holdout,4,1005,headon,vfield,d379b502cd,ok,1,0,1,0,0,0,1.4036,0.8336,2.7258,2.0438,1.555,1,1,6.07,8450,3.26
grid2:fineFlat,,,PR9_x1,holdout,4,1007,headon,vfield,d379b502cd,ok,2,0,1,0,1,0,0.9874,0.9558,2.7258,2.0438,1.555,1,1,8.97,8450,3.28
grid2:fineFlat,,,PR9_x1,holdout,4,1009,headon,vfield,d379b502cd,ok,0,0,0,0,0,0,1.993,6.1492,2.7258,2.0438,1.555,1,1,,8450,3.26
grid2:fineFlat,,,PR9_x1,holdout,4,1011,headon,vfield,d379b502cd,ok,0,0,0,0,0,0,2.052,5.4218,2.7258,2.0438,1.555,1,1,,8450,3.25
grid2:fineFlat,,,PR9_x1,holdout,4,1013,headon,vfield,d379b502cd,ok,0,0,0,0,0,0,1.9703,6.558,2.7258,2.0438,1.555,1,1,,8450,3.25
grid2:fineFlat,,,PR9_x1,holdout,4,1015,headon,vfield,d379b502cd,ok,1,0,1,0,0,0,2.6548,0.991,2.7258,2.0438,1.555,1,1,19.66,8450,3.31
grid2:fineFlat,,,PR9_x1,holdout,4,1017,headon,vfield,d379b502cd,ok,0,0,0,0,0,0,3.1015,1.5843,2.7258,2.0438,1.555,1,1,,8450,3.24
grid2:fineFlat,,,PR9_x1,holdout,4,1019,headon,vfield,d379b502cd,ok,1,0,1,0,0,0,1.8408,0.8759,2.7258,2.0438,1.555,1,1,5.29,8450,3.27
grid2:fineFlat,,,PR9_x1,holdout,4,1021,headon,vfield,d379b502cd,ok,0,0,0,0,0,0,1.1846,1.5532,2.7258,2.0438,1.555,1,1,,8450,3.27
grid2:fineFlat,,,PR9_x1,holdout,4,1023,headon,vfield,d379b502cd,ok,1,0,1,0,0,0,3.4021,0.305,2.7258,2.0438,1.555,1,1,20.55,8450,3.25
grid2:fineFlat,,,PR9_x1,holdout,4,1025,headon,vfield,d379b502cd,ok,0,0,0,0,0,0,3.3599,1.5353,2.7258,2.0438,1.555,1,1,,8450,3.26
grid2:fineFlat,,,PR9_x1,holdout,4,1027,headon,vfield,d379b502cd,ok,0,0,0,0,0,0,5.0616,4.6099,2.7258,2.0438,1.555,1,1,,8450,3.27
grid2:fineFlat,,,PR9_x1,holdout,4,1029,headon,vfield,d379b502cd,ok,0,0,0,0,0,0,1.9917,1.0276,2.7258,2.0438,1.555,1,1,,8450,3.28
grid2:fineFlat,,,PR9_x1,holdout,4,1031,headon,vfield,d379b502cd,ok,1,0,0,0,1,0,0.9336,3.5556,2.7258,2.0438,1.555,1,1,0.13,8450,3.26
grid2:fineFlat,,,PR9_x1,holdout,4,1033,headon,vfield,d379b502cd,ok,0,0,0,0,0,0,1.829,3.1256,2.7258,2.0438,1.555,1,1,,8450,3.3
grid2:fineFlat,,,PR9_x1,holdout,4,1035,headon,vfield,d379b502cd,ok,1,0,0,0,1,0,0.3199,1.2097,2.7258,2.0438,1.555,1,1,0.67,8450,3.27
grid2:fineFlat,,,PR9_x1,holdout,4,1037,headon,vfield,d379b502cd,ok,1,0,0,0,1,0,0.4718,1.6001,2.7258,2.0438,1.555,1,1,3.07,8450,3.28
grid2:fineFlat,,,PR9_x1,holdout,4,1039,headon,vfield,d379b502cd,ok,3,0,2,0,1,0,0.4307,0.1499,2.7258,2.0438,1.555,1,1,1.26,8450,3.3
grid2:fineFlat,,,PR9_x1,holdout,4,1041,headon,vfield,d379b502cd,ok,1,0,0,1,0,0,0.863,3.2526,2.7258,2.0438,1.555,1,1,17.03,8450,3.27
grid2:fineFlat,,,PR9_x1,holdout,4,1043,headon,vfield,d379b502cd,ok,1,0,0,0,1,0,0.8091,6.7968,2.7258,2.0438,1.555,1,1,35.21,8450,3.25
grid2:fineFlat,,,PR9_x1,holdout,4,1045,headon,vfield,d379b502cd,ok,1,0,1,0,0,0,2.086,0.2222,2.7258,2.0438,1.555,1,1,4.66,8450,3.26
grid2:fineFlat,,,PR9_x1,holdout,4,1047,headon,vfield,d379b502cd,ok,0,0,0,0,0,0,2.2632,5.1281,2.7258,2.0438,1.555,1,1,,8450,3.28
grid2:fineFlat,,,PR9_x1,holdout,4,1049,headon,vfield,d379b502cd,ok,0,0,0,0,0,0,4.7265,2.7608,2.7258,2.0438,1.555,1,1,,8450,3.26
grid2:fineFlat,,,PR9_x1,holdout,4,1051,headon,vfield,d379b502cd,ok,1,0,0,0,1,0,0.7293,2.2381,2.7258,2.0438,1.555,1,1,24.05,8450,3.26
grid2:fineFlat,,,PR9_x1,holdout,4,1053,headon,vfield,d379b502cd,ok,1,0,1,0,0,0,3.8978,0.0016,2.7258,2.0438,1.555,1,1,10.69,8450,3.25
grid2:fineFlat,,,PR9_x1,holdout,4,1055,headon,vfield,d379b502cd,ok,0,0,0,0,0,0,2.2354,4.1243,2.7258,2.0438,1.555,1,1,,8450,3.28
grid2:fineFlat,,,PR9_x1,holdout,4,1057,headon,vfield,d379b502cd,ok,0,0,0,0,0,0,1.6225,4.9245,2.7258,2.0438,1.555,1,1,,8450,3.29
grid2:fineFlat,,,PR9_x1,holdout,4,1059,headon,vfield,d379b502cd,ok,0,0,0,0,0,0,5.5574,1.6917,2.7258,2.0438,1.555,1,1,,8450,3.36
grid2:fineFlat,,,PR9_x1.25,holdout,4,1001,headon,vfield,46b2d6dac8,ok,0,0,0,0,0,0,2.4045,1.9513,2.7258,2.0438,1.555,1,1,,8450,3.29
grid2:fineFlat,,,PR9_x1.25,holdout,4,1003,headon,vfield,46b2d6dac8,ok,0,0,0,0,0,0,3.5222,6.0863,2.7258,2.0438,1.555,1,1,,8450,3.3
grid2:fineFlat,,,PR9_x1.25,holdout,4,1005,headon,vfield,46b2d6dac8,ok,1,0,1,0,0,0,2.5112,0.2919,2.7258,2.0438,1.555,1,1,8.36,8450,3.29
grid2:fineFlat,,,PR9_x1.25,holdout,4,1007,headon,vfield,46b2d6dac8,ok,0,0,0,0,0,0,3.1853,5.7807,2.7258,2.0438,1.555,1,1,,8450,3.28
grid2:fineFlat,,,PR9_x1.25,holdout,4,1009,headon,vfield,46b2d6dac8,ok,0,0,0,0,0,0,7.2039,5.5552,2.7258,2.0438,1.555,1,1,,8450,3.28
grid2:fineFlat,,,PR9_x1.25,holdout,4,1011,headon,vfield,46b2d6dac8,ok,0,0,0,0,0,0,1.8902,2.9471,2.7258,2.0438,1.555,1,1,,8450,3.28
grid2:fineFlat,,,PR9_x1.25,holdout,4,1013,headon,vfield,46b2d6dac8,ok,0,0,0,0,0,0,4.537,2.675,2.7258,2.0438,1.555,1,1,,8450,3.26
grid2:fineFlat,,,PR9_x1.25,holdout,4,1015,headon,vfield,46b2d6dac8,ok,0,0,0,0,0,0,4.7989,6.3695,2.7258,2.0438,1.555,1,1,,8450,3.26
grid2:fineFlat,,,PR9_x1.25,holdout,4,1017,headon,vfield,46b2d6dac8,ok,0,0,0,0,0,0,3.5544,5.4882,2.7258,2.0438,1.555,1,1,,8450,3.27
grid2:fineFlat,,,PR9_x1.25,holdout,4,1019,headon,vfield,46b2d6dac8,ok,1,1,0,0,0,0,1.7187,0.2449,2.7258,2.0438,1.555,1,1,21.15,8450,3.26
grid2:fineFlat,,,PR9_x1.25,holdout,4,1021,headon,vfield,46b2d6dac8,ok,0,0,0,0,0,0,4.7119,1.3922,2.7258,2.0438,1.555,1,1,,8450,3.27
grid2:fineFlat,,,PR9_x1.25,holdout,4,1023,headon,vfield,46b2d6dac8,ok,0,0,0,0,0,0,6.4007,5.8695,2.7258,2.0438,1.555,1,1,,8450,3.27
grid2:fineFlat,,,PR9_x1.25,holdout,4,1025,headon,vfield,46b2d6dac8,ok,0,0,0,0,0,0,3.8046,6.618,2.7258,2.0438,1.555,1,1,,8450,3.34
grid2:fineFlat,,,PR9_x1.25,holdout,4,1027,headon,vfield,46b2d6dac8,ok,1,0,0,0,1,0,0.2375,6.4086,2.7258,2.0438,1.555,1,1,40.32,8450,3.29
grid2:fineFlat,,,PR9_x1.25,holdout,4,1029,headon,vfield,46b2d6dac8,ok,2,0,1,0,1,0,0.6757,0.6406,2.7258,2.0438,1.555,1,1,12.71,8450,3.33
grid2:fineFlat,,,PR9_x1.25,holdout,4,1031,headon,vfield,46b2d6dac8,ok,0,0,0,0,0,0,2.523,5.1153,2.7258,2.0438,1.555,1,1,,8450,3.3
grid2:fineFlat,,,PR9_x1.25,holdout,4,1033,headon,vfield,46b2d6dac8,ok,0,0,0,0,0,0,1.2825,1.9039,2.7258,2.0438,1.555,1,1,,8450,3.3
grid2:fineFlat,,,PR9_x1.25,holdout,4,1035,headon,vfield,46b2d6dac8,ok,0,0,0,0,0,0,3.8218,2.1406,2.7258,2.0438,1.555,1,1,,8450,3.28
grid2:fineFlat,,,PR9_x1.25,holdout,4,1037,headon,vfield,46b2d6dac8,ok,0,0,0,0,0,0,1.8083,5.5808,2.7258,2.0438,1.555,1,1,,8450,3.28
grid2:fineFlat,,,PR9_x1.25,holdout,4,1039,headon,vfield,46b2d6dac8,ok,0,0,0,0,0,0,4.5672,1.9364,2.7258,2.0438,1.555,1,1,,8450,3.28
grid2:fineFlat,,,PR9_x1.25,holdout,4,1041,headon,vfield,46b2d6dac8,ok,0,0,0,0,0,0,1.4746,5.9593,2.7258,2.0438,1.555,1,1,,8450,3.28
grid2:fineFlat,,,PR9_x1.25,holdout,4,1043,headon,vfield,46b2d6dac8,ok,0,0,0,0,0,0,2.6135,2.1103,2.7258,2.0438,1.555,1,1,,8450,3.26
grid2:fineFlat,,,PR9_x1.25,holdout,4,1045,headon,vfield,46b2d6dac8,ok,0,0,0,0,0,0,3.8793,6.7857,2.7258,2.0438,1.555,1,1,,8450,3.48
grid2:fineFlat,,,PR9_x1.25,holdout,4,1047,headon,vfield,46b2d6dac8,ok,0,0,0,0,0,0,2.2789,1.4794,2.7258,2.0438,1.555,1,1,,8450,3.31
grid2:fineFlat,,,PR9_x1.25,holdout,4,1049,headon,vfield,46b2d6dac8,ok,0,0,0,0,0,0,1.3384,5.6433,2.7258,2.0438,1.555,1,1,,8450,3.4
grid2:fineFlat,,,PR9_x1.25,holdout,4,1051,headon,vfield,46b2d6dac8,ok,0,0,0,0,0,0,6.0878,6.2595,2.7258,2.0438,1.555,1,1,,8450,3.28
grid2:fineFlat,,,PR9_x1.25,holdout,4,1053,headon,vfield,46b2d6dac8,ok,1,0,0,0,1,0,0.0632,5.9901,2.7258,2.0438,1.555,1,1,1.09,8450,3.3
grid2:fineFlat,,,PR9_x1.25,holdout,4,1055,headon,vfield,46b2d6dac8,ok,0,0,0,0,0,0,2.8093,6.2482,2.7258,2.0438,1.555,1,1,,8450,3.33
grid2:fineFlat,,,PR9_x1.25,holdout,4,1057,headon,vfield,46b2d6dac8,ok,0,0,0,0,0,0,3.6413,3.0034,2.7258,2.0438,1.555,1,1,,8450,3.32
grid2:fineFlat,,,PR9_x1.25,holdout,4,1059,headon,vfield,46b2d6dac8,ok,0,0,0,0,0,0,3.0291,7.1804,2.7258,2.0438,1.555,1,1,,8450,3.34
grid2:fineFlat,,,PR9_x1.5,holdout,4,1001,headon,vfield,bca2ee89a5,ok,0,0,0,0,0,0,4.6926,6.9361,2.7258,2.0438,1.555,1,1,,8450,3.34
grid2:fineFlat,,,PR9_x1.5,holdout,4,1003,headon,vfield,bca2ee89a5,ok,0,0,0,0,0,0,3.9346,6.8897,2.7258,2.0438,1.555,1,1,,8450,3.31
grid2:fineFlat,,,PR9_x1.5,holdout,4,1005,headon,vfield,bca2ee89a5,ok,0,0,0,0,0,0,2.1617,5.9983,2.7258,2.0438,1.555,1,1,,8450,3.3
grid2:fineFlat,,,PR9_x1.5,holdout,4,1007,headon,vfield,bca2ee89a5,ok,0,0,0,0,0,0,1.3198,1.6834,2.7258,2.0438,1.555,1,1,,8450,3.31
grid2:fineFlat,,,PR9_x1.5,holdout,4,1009,headon,vfield,bca2ee89a5,ok,0,0,0,0,0,0,4.7798,6.8375,2.7258,2.0438,1.555,1,1,,8450,3.31
grid2:fineFlat,,,PR9_x1.5,holdout,4,1011,headon,vfield,bca2ee89a5,ok,0,0,0,0,0,0,2.7324,3.3047,2.7258,2.0438,1.555,1,1,,8450,3.3
grid2:fineFlat,,,PR9_x1.5,holdout,4,1013,headon,vfield,bca2ee89a5,ok,0,0,0,0,0,0,5.281,7.0466,2.7258,2.0438,1.555,1,1,,8450,3.29
grid2:fineFlat,,,PR9_x1.5,holdout,4,1015,headon,vfield,bca2ee89a5,ok,0,0,0,0,0,0,3.808,6.5312,2.7258,2.0438,1.555,1,1,,8450,3.27
grid2:fineFlat,,,PR9_x1.5,holdout,4,1017,headon,vfield,bca2ee89a5,ok,0,0,0,0,0,0,4.3484,6.8389,2.7258,2.0438,1.555,1,1,,8450,3.27
grid2:fineFlat,,,PR9_x1.5,holdout,4,1019,headon,vfield,bca2ee89a5,ok,0,0,0,0,0,0,1.9114,3.0045,2.7258,2.0438,1.555,1,1,,8450,3.28
grid2:fineFlat,,,PR9_x1.5,holdout,4,1021,headon,vfield,bca2ee89a5,ok,0,0,0,0,0,0,4.3387,6.546,2.7258,2.0438,1.555,1,1,,8450,3.28
grid2:fineFlat,,,PR9_x1.5,holdout,4,1023,headon,vfield,bca2ee89a5,ok,0,0,0,0,0,0,2.4437,6.6751,2.7258,2.0438,1.555,1,1,,8450,3.28
grid2:fineFlat,,,PR9_x1.5,holdout,4,1025,headon,vfield,bca2ee89a5,ok,0,0,0,0,0,0,6.0536,1.1354,2.7258,2.0438,1.555,1,1,,8450,3.29
grid2:fineFlat,,,PR9_x1.5,holdout,4,1027,headon,vfield,bca2ee89a5,ok,1,0,1,0,0,0,1.604,0.5801,2.7258,2.0438,1.555,1,1,11.6,8450,3.33
grid2:fineFlat,,,PR9_x1.5,holdout,4,1029,headon,vfield,bca2ee89a5,ok,0,0,0,0,0,0,5.1312,6.8673,2.7258,2.0438,1.555,1,1,,8450,3.27
grid2:fineFlat,,,PR9_x1.5,holdout,4,1031,headon,vfield,bca2ee89a5,ok,0,0,0,0,0,0,2.5437,7.532,2.7258,2.0438,1.555,1,1,,8450,3.27
grid2:fineFlat,,,PR9_x1.5,holdout,4,1033,headon,vfield,bca2ee89a5,ok,0,0,0,0,0,0,4.0394,1.4057,2.7258,2.0438,1.555,1,1,,8450,3.26
grid2:fineFlat,,,PR9_x1.5,holdout,4,1035,headon,vfield,bca2ee89a5,ok,0,0,0,0,0,0,3.7048,6.7188,2.7258,2.0438,1.555,1,1,,8450,3.25
grid2:fineFlat,,,PR9_x1.5,holdout,4,1037,headon,vfield,bca2ee89a5,ok,0,0,0,0,0,0,4.8641,7.2827,2.7258,2.0438,1.555,1,1,,8450,3.25
grid2:fineFlat,,,PR9_x1.5,holdout,4,1039,headon,vfield,bca2ee89a5,ok,0,0,0,0,0,0,2.4877,6.1423,2.7258,2.0438,1.555,1,1,,8450,3.28
grid2:fineFlat,,,PR9_x1.5,holdout,4,1041,headon,vfield,bca2ee89a5,ok,0,0,0,0,0,0,5.8919,7.3253,2.7258,2.0438,1.555,1,1,,8450,3.28
grid2:fineFlat,,,PR9_x1.5,holdout,4,1043,headon,vfield,bca2ee89a5,ok,1,0,0,1,0,0,0.6342,7.2301,2.7258,2.0438,1.555,1,1,24.81,8450,3.27
grid2:fineFlat,,,PR9_x1.5,holdout,4,1045,headon,vfield,bca2ee89a5,ok,0,0,0,0,0,0,5.0179,6.8072,2.7258,2.0438,1.555,1,1,,8450,3.26
grid2:fineFlat,,,PR9_x1.5,holdout,4,1047,headon,vfield,bca2ee89a5,ok,0,0,0,0,0,0,5.0529,6.6513,2.7258,2.0438,1.555,1,1,,8450,3.28
grid2:fineFlat,,,PR9_x1.5,holdout,4,1049,headon,vfield,bca2ee89a5,ok,0,0,0,0,0,0,3.4343,6.7591,2.7258,2.0438,1.555,1,1,,8450,3.27
grid2:fineFlat,,,PR9_x1.5,holdout,4,1051,headon,vfield,bca2ee89a5,ok,0,0,0,0,0,0,1.9002,6.7395,2.7258,2.0438,1.555,1,1,,8450,3.28
grid2:fineFlat,,,PR9_x1.5,holdout,4,1053,headon,vfield,bca2ee89a5,ok,0,0,0,0,0,0,3.2958,2.7235,2.7258,2.0438,1.555,1,1,,8450,3.31
grid2:fineFlat,,,PR9_x1.5,holdout,4,1055,headon,vfield,bca2ee89a5,ok,0,0,0,0,0,0,2.0502,5.9681,2.7258,2.0438,1.555,1,1,,8450,3.39
grid2:fineFlat,,,PR9_x1.5,holdout,4,1057,headon,vfield,bca2ee89a5,ok,0,0,0,0,0,0,5.0753,1.4484,2.7258,2.0438,1.555,1,1,,8450,3.33
grid2:fineFlat,,,PR9_x1.5,holdout,4,1059,headon,vfield,bca2ee89a5,ok,0,0,0,0,0,0,5.2965,7.2512,2.7258,2.0438,1.555,1,1,,8450,3.31
grid2:fineFlat,,,PR9_x2,holdout,4,1001,headon,vfield,2c0dfa52be,ok,0,0,0,0,0,0,2.0657,6.8758,2.7258,2.0438,1.555,1,1,,8450,3.29
grid2:fineFlat,,,PR9_x2,holdout,4,1003,headon,vfield,2c0dfa52be,ok,0,0,0,0,0,0,2.61,7.1374,2.7258,2.0438,1.555,1,1,,8450,3.29
grid2:fineFlat,,,PR9_x2,holdout,4,1005,headon,vfield,2c0dfa52be,ok,0,0,0,0,0,0,1.0494,2.0662,2.7258,2.0438,1.555,1,1,,8450,3.32
grid2:fineFlat,,,PR9_x2,holdout,4,1007,headon,vfield,2c0dfa52be,ok,0,0,0,0,0,0,3.5175,3.6802,2.7258,2.0438,1.555,1,1,,8450,3.28
grid2:fineFlat,,,PR9_x2,holdout,4,1009,headon,vfield,2c0dfa52be,ok,0,0,0,0,0,0,1.5015,6.2839,2.7258,2.0438,1.555,1,1,,8450,3.27
grid2:fineFlat,,,PR9_x2,holdout,4,1011,headon,vfield,2c0dfa52be,ok,2,0,0,0,2,0,0.3791,1.7158,2.7258,2.0438,1.555,1,1,28.97,8450,3.36
grid2:fineFlat,,,PR9_x2,holdout,4,1013,headon,vfield,2c0dfa52be,ok,0,0,0,0,0,0,1.7526,2.7651,2.7258,2.0438,1.555,1,1,,8450,3.3
grid2:fineFlat,,,PR9_x2,holdout,4,1015,headon,vfield,2c0dfa52be,ok,1,0,1,0,0,0,3.3725,0.8491,2.7258,2.0438,1.555,1,1,8.15,8450,3.29
grid2:fineFlat,,,PR9_x2,holdout,4,1017,headon,vfield,2c0dfa52be,ok,0,0,0,0,0,0,4.3477,2.7514,2.7258,2.0438,1.555,1,1,,8450,3.3
grid2:fineFlat,,,PR9_x2,holdout,4,1019,headon,vfield,2c0dfa52be,ok,0,0,0,0,0,0,4.4114,2.3894,2.7258,2.0438,1.555,1,1,,8450,3.38
grid2:fineFlat,,,PR9_x2,holdout,4,1021,headon,vfield,2c0dfa52be,ok,0,0,0,0,0,0,1.9102,2.7435,2.7258,2.0438,1.555,1,1,,8450,3.27
grid2:fineFlat,,,PR9_x2,holdout,4,1023,headon,vfield,2c0dfa52be,ok,1,0,1,0,0,0,3.3786,0.8175,2.7258,2.0438,1.555,1,1,8.64,8450,3.81
grid2:fineFlat,,,PR9_x2,holdout,4,1025,headon,vfield,2c0dfa52be,ok,0,0,0,0,0,0,4.4571,7.2871,2.7258,2.0438,1.555,1,1,,8450,3.4
grid2:fineFlat,,,PR9_x2,holdout,4,1027,headon,vfield,2c0dfa52be,ok,0,0,0,0,0,0,3.6197,7.1414,2.7258,2.0438,1.555,1,1,,8450,3.44
grid2:fineFlat,,,PR9_x2,holdout,4,1029,headon,vfield,2c0dfa52be,ok,0,0,0,0,0,0,2.7002,2.5968,2.7258,2.0438,1.555,1,1,,8450,3.35
grid2:fineFlat,,,PR9_x2,holdout,4,1031,headon,vfield,2c0dfa52be,ok,0,0,0,0,0,0,2.3718,7.1876,2.7258,2.0438,1.555,1,1,,8450,3.33
grid2:fineFlat,,,PR9_x2,holdout,4,1033,headon,vfield,2c0dfa52be,ok,1,0,0,0,1,0,0.9822,4.9973,2.7258,2.0438,1.555,1,1,18.21,8450,3.27
grid2:fineFlat,,,PR9_x2,holdout,4,1035,headon,vfield,2c0dfa52be,ok,0,0,0,0,0,0,3.1975,7.3137,2.7258,2.0438,1.555,1,1,,8450,3.31
grid2:fineFlat,,,PR9_x2,holdout,4,1037,headon,vfield,2c0dfa52be,ok,0,0,0,0,0,0,2.4676,6.9338,2.7258,2.0438,1.555,1,1,,8450,3.32
grid2:fineFlat,,,PR9_x2,holdout,4,1039,headon,vfield,2c0dfa52be,ok,0,0,0,0,0,0,5.0178,6.6632,2.7258,2.0438,1.555,1,1,,8450,3.3
grid2:fineFlat,,,PR9_x2,holdout,4,1041,headon,vfield,2c0dfa52be,ok,0,0,0,0,0,0,3.63,1.6993,2.7258,2.0438,1.555,1,1,,8450,3.31
grid2:fineFlat,,,PR9_x2,holdout,4,1043,headon,vfield,2c0dfa52be,ok,0,0,0,0,0,0,1.4777,6.9903,2.7258,2.0438,1.555,1,1,,8450,3.32
grid2:fineFlat,,,PR9_x2,holdout,4,1045,headon,vfield,2c0dfa52be,ok,0,0,0,0,0,0,3.6303,1.8361,2.7258,2.0438,1.555,1,1,,8450,3.3
grid2:fineFlat,,,PR9_x2,holdout,4,1047,headon,vfield,2c0dfa52be,ok,0,0,0,0,0,0,4.6573,6.9482,2.7258,2.0438,1.555,1,1,,8450,3.3
grid2:fineFlat,,,PR9_x2,holdout,4,1049,headon,vfield,2c0dfa52be,ok,0,0,0,0,0,0,5.007,5.1988,2.7258,2.0438,1.555,1,1,,8450,3.32
grid2:fineFlat,,,PR9_x2,holdout,4,1051,headon,vfield,2c0dfa52be,ok,0,0,0,0,0,0,2.3985,7.3928,2.7258,2.0438,1.555,1,1,,8450,3.31
grid2:fineFlat,,,PR9_x2,holdout,4,1053,headon,vfield,2c0dfa52be,ok,1,0,1,0,0,0,1.5437,0.9405,2.7258,2.0438,1.555,1,1,4.68,8450,3.32
grid2:fineFlat,,,PR9_x2,holdout,4,1055,headon,vfield,2c0dfa52be,ok,0,0,0,0,0,0,1.5553,6.2724,2.7258,2.0438,1.555,1,1,,8450,3.32
grid2:fineFlat,,,PR9_x2,holdout,4,1057,headon,vfield,2c0dfa52be,ok,0,0,0,0,0,0,1.368,7.0869,2.7258,2.0438,1.555,1,1,,8450,3.3
grid2:fineFlat,,,PR9_x2,holdout,4,1059,headon,vfield,2c0dfa52be,ok,0,0,0,0,0,0,1.4788,6.5309,2.7258,2.0438,1.555,1,1,,8450,3.33
grid2:fineFlat,,,PR10_x1,holdout,4,1001,headon,vfield,d8755f2fae,ok,0,0,0,0,0,0,2.0055,6.4532,2.7258,2.0438,1.555,1,1,,8450,3.55
grid2:fineFlat,,,PR10_x1,holdout,4,1003,headon,vfield,d8755f2fae,ok,0,0,0,0,0,0,4.587,4.421,2.7258,2.0438,1.555,1,1,,8450,3.38
grid2:fineFlat,,,PR10_x1,holdout,4,1005,headon,vfield,d8755f2fae,ok,0,0,0,0,0,0,1.3712,3.674,2.7258,2.0438,1.555,1,1,,8450,3.55
grid2:fineFlat,,,PR10_x1,holdout,4,1007,headon,vfield,d8755f2fae,ok,0,0,0,0,0,0,4.2022,4.2931,2.7258,2.0438,1.555,1,1,,8450,3.27
grid2:fineFlat,,,PR10_x1,holdout,4,1009,headon,vfield,d8755f2fae,ok,0,0,0,0,0,0,3.971,6.5275,2.7258,2.0438,1.555,1,1,,8450,3.35
grid2:fineFlat,,,PR10_x1,holdout,4,1011,headon,vfield,d8755f2fae,ok,0,0,0,0,0,0,2.5811,5.1319,2.7258,2.0438,1.555,1,1,,8450,3.43
grid2:fineFlat,,,PR10_x1,holdout,4,1013,headon,vfield,d8755f2fae,ok,2,1,1,0,0,0,2.1867,0.0736,2.7258,2.0438,1.555,1,1,9.28,8450,3.33
grid2:fineFlat,,,PR10_x1,holdout,4,1015,headon,vfield,d8755f2fae,ok,1,0,1,0,0,0,5.4826,0.6728,2.7258,2.0438,1.555,1,1,9.8,8450,3.33
grid2:fineFlat,,,PR10_x1,holdout,4,1017,headon,vfield,d8755f2fae,ok,0,0,0,0,0,0,1.8914,4.7577,2.7258,2.0438,1.555,1,1,,8450,3.32
grid2:fineFlat,,,PR10_x1,holdout,4,1019,headon,vfield,d8755f2fae,ok,0,0,0,0,0,0,2.9941,4.0721,2.7258,2.0438,1.555,1,1,,8450,3.3
grid2:fineFlat,,,PR10_x1,holdout,4,1021,headon,vfield,d8755f2fae,ok,0,0,0,0,0,0,2.3069,5.0117,2.7258,2.0438,1.555,1,1,,8450,3.36
grid2:fineFlat,,,PR10_x1,holdout,4,1023,headon,vfield,d8755f2fae,ok,0,0,0,0,0,0,4.3503,2.6073,2.7258,2.0438,1.555,1,1,,8450,3.3
grid2:fineFlat,,,PR10_x1,holdout,4,1025,headon,vfield,d8755f2fae,ok,1,0,1,0,0,0,5.3689,0.7782,2.7258,2.0438,1.555,1,1,21.86,8450,3.3
grid2:fineFlat,,,PR10_x1,holdout,4,1027,headon,vfield,d8755f2fae,ok,0,0,0,0,0,0,3.4442,4.123,2.7258,2.0438,1.555,1,1,,8450,3.29
grid2:fineFlat,,,PR10_x1,holdout,4,1029,headon,vfield,d8755f2fae,ok,0,0,0,0,0,0,4.6996,5.9496,2.7258,2.0438,1.555,1,1,,8450,3.31
grid2:fineFlat,,,PR10_x1,holdout,4,1031,headon,vfield,d8755f2fae,ok,0,0,0,0,0,0,2.516,5.0014,2.7258,2.0438,1.555,1,1,,8450,3.29
grid2:fineFlat,,,PR10_x1,holdout,4,1033,headon,vfield,d8755f2fae,ok,0,0,0,0,0,0,2.4082,3.4958,2.7258,2.0438,1.555,1,1,,8450,3.27
grid2:fineFlat,,,PR10_x1,holdout,4,1035,headon,vfield,d8755f2fae,ok,0,0,0,0,0,0,3.8643,3.041,2.7258,2.0438,1.555,1,1,,8450,3.31
grid2:fineFlat,,,PR10_x1,holdout,4,1037,headon,vfield,d8755f2fae,ok,0,0,0,0,0,0,3.9446,2.3849,2.7258,2.0438,1.555,1,1,,8450,3.34
grid2:fineFlat,,,PR10_x1,holdout,4,1039,headon,vfield,d8755f2fae,ok,3,0,2,0,1,0,0.2296,0.3447,2.7258,2.0438,1.555,1,1,3.54,8450,3.31
grid2:fineFlat,,,PR10_x1,holdout,4,1041,headon,vfield,d8755f2fae,ok,1,1,0,0,0,0,3.8802,0.736,2.7258,2.0438,1.555,1,1,4.64,8450,3.3
grid2:fineFlat,,,PR10_x1,holdout,4,1043,headon,vfield,d8755f2fae,ok,0,0,0,0,0,0,3.6571,6.1908,2.7258,2.0438,1.555,1,1,,8450,3.29
grid2:fineFlat,,,PR10_x1,holdout,4,1045,headon,vfield,d8755f2fae,ok,1,0,1,0,0,0,5.7866,0.6039,2.7258,2.0438,1.555,1,1,8.34,8450,3.29
grid2:fineFlat,,,PR10_x1,holdout,4,1047,headon,vfield,d8755f2fae,ok,0,0,0,0,0,0,4.1485,2.8969,2.7258,2.0438,1.555,1,1,,8450,3.3
grid2:fineFlat,,,PR10_x1,holdout,4,1049,headon,vfield,d8755f2fae,ok,0,0,0,0,0,0,3.433,6.5723,2.7258,2.0438,1.555,1,1,,8450,3.29
grid2:fineFlat,,,PR10_x1,holdout,4,1051,headon,vfield,d8755f2fae,ok,0,0,0,0,0,0,4.8978,2.7297,2.7258,2.0438,1.555,1,1,,8450,3.29
grid2:fineFlat,,,PR10_x1,holdout,4,1053,headon,vfield,d8755f2fae,ok,1,0,0,0,1,0,0.667,2.2202,2.7258,2.0438,1.555,1,1,-1.67,8450,3.27
grid2:fineFlat,,,PR10_x1,holdout,4,1055,headon,vfield,d8755f2fae,ok,0,0,0,0,0,0,2.0721,7.0633,2.7258,2.0438,1.555,1,1,,8450,3.26
grid2:fineFlat,,,PR10_x1,holdout,4,1057,headon,vfield,d8755f2fae,ok,0,0,0,0,0,0,4.0393,4.376,2.7258,2.0438,1.555,1,1,,8450,3.28
grid2:fineFlat,,,PR10_x1,holdout,4,1059,headon,vfield,d8755f2fae,ok,0,0,0,0,0,0,6.3169,2.1462,2.7258,2.0438,1.555,1,1,,8450,3.27
grid2:fineFlat,,,PR10_x1.25,holdout,4,1001,headon,vfield,5992e7b9ba,ok,0,0,0,0,0,0,2.5263,8.2946,2.7258,2.0438,1.555,1,1,,8450,3.27
grid2:fineFlat,,,PR10_x1.25,holdout,4,1003,headon,vfield,5992e7b9ba,ok,0,0,0,0,0,0,4.7966,6.5374,2.7258,2.0438,1.555,1,1,,8450,3.29
grid2:fineFlat,,,PR10_x1.25,holdout,4,1005,headon,vfield,5992e7b9ba,ok,1,0,1,0,0,0,3.9619,0.8063,2.7258,2.0438,1.555,1,1,34.57,8450,3.3
grid2:fineFlat,,,PR10_x1.25,holdout,4,1007,headon,vfield,5992e7b9ba,ok,0,0,0,0,0,0,3.6246,7.2864,2.7258,2.0438,1.555,1,1,,8450,3.28
grid2:fineFlat,,,PR10_x1.25,holdout,4,1009,headon,vfield,5992e7b9ba,ok,0,0,0,0,0,0,6.8236,6.8299,2.7258,2.0438,1.555,1,1,,8450,3.3
grid2:fineFlat,,,PR10_x1.25,holdout,4,1011,headon,vfield,5992e7b9ba,ok,0,0,0,0,0,0,3.3383,2.2778,2.7258,2.0438,1.555,1,1,,8450,3.29
grid2:fineFlat,,,PR10_x1.25,holdout,4,1013,headon,vfield,5992e7b9ba,ok,1,0,1,0,0,0,2.867,0.2148,2.7258,2.0438,1.555,1,1,9.83,8450,3.3
grid2:fineFlat,,,PR10_x1.25,holdout,4,1015,headon,vfield,5992e7b9ba,ok,0,0,0,0,0,0,4.1048,7.5798,2.7258,2.0438,1.555,1,1,,8450,3.3
grid2:fineFlat,,,PR10_x1.25,holdout,4,1017,headon,vfield,5992e7b9ba,ok,0,0,0,0,0,0,6.8308,7.3919,2.7258,2.0438,1.555,1,1,,8450,3.29
grid2:fineFlat,,,PR10_x1.25,holdout,4,1019,headon,vfield,5992e7b9ba,ok,0,0,0,0,0,0,3.8951,1.1386,2.7258,2.0438,1.555,1,1,,8450,3.27
grid2:fineFlat,,,PR10_x1.25,holdout,4,1021,headon,vfield,5992e7b9ba,ok,0,0,0,0,0,0,2.5628,3.5388,2.7258,2.0438,1.555,1,1,,8450,3.27
grid2:fineFlat,,,PR10_x1.25,holdout,4,1023,headon,vfield,5992e7b9ba,ok,0,0,0,0,0,0,3.5091,6.6152,2.7258,2.0438,1.555,1,1,,8450,3.28
grid2:fineFlat,,,PR10_x1.25,holdout,4,1025,headon,vfield,5992e7b9ba,ok,0,0,0,0,0,0,2.099,4.5372,2.7258,2.0438,1.555,1,1,,8450,3.32
grid2:fineFlat,,,PR10_x1.25,holdout,4,1027,headon,vfield,5992e7b9ba,ok,0,0,0,0,0,0,2.2318,6.839,2.7258,2.0438,1.555,1,1,,8450,3.33
grid2:fineFlat,,,PR10_x1.25,holdout,4,1029,headon,vfield,5992e7b9ba,ok,0,0,0,0,0,0,3.5431,1.2533,2.7258,2.0438,1.555,1,1,,8450,3.38
grid2:fineFlat,,,PR10_x1.25,holdout,4,1031,headon,vfield,5992e7b9ba,ok,0,0,0,0,0,0,2.2887,7.8061,2.7258,2.0438,1.555,1,1,,8450,3.34
grid2:fineFlat,,,PR10_x1.25,holdout,4,1033,headon,vfield,5992e7b9ba,ok,0,0,0,0,0,0,1.6767,3.2559,2.7258,2.0438,1.555,1,1,,8450,3.37
grid2:fineFlat,,,PR10_x1.25,holdout,4,1035,headon,vfield,5992e7b9ba,ok,0,0,0,0,0,0,5.4782,2.782,2.7258,2.0438,1.555,1,1,,8450,3.31
grid2:fineFlat,,,PR10_x1.25,holdout,4,1037,headon,vfield,5992e7b9ba,ok,0,0,0,0,0,0,6.5234,6.3677,2.7258,2.0438,1.555,1,1,,8450,3.53
grid2:fineFlat,,,PR10_x1.25,holdout,4,1039,headon,vfield,5992e7b9ba,ok,0,0,0,0,0,0,3.6675,3.581,2.7258,2.0438,1.555,1,1,,8450,3.42
grid2:fineFlat,,,PR10_x1.25,holdout,4,1041,headon,vfield,5992e7b9ba,ok,1,0,1,0,0,0,4.0981,0.029,2.7258,2.0438,1.555,1,1,11.31,8450,3.29
grid2:fineFlat,,,PR10_x1.25,holdout,4,1043,headon,vfield,5992e7b9ba,ok,1,0,0,0,1,0,0.5567,4.7355,2.7258,2.0438,1.555,1,1,34.52,8450,3.26
grid2:fineFlat,,,PR10_x1.25,holdout,4,1045,headon,vfield,5992e7b9ba,ok,1,0,1,0,0,0,2.183,0.9483,2.7258,2.0438,1.555,1,1,5.05,8450,3.25
grid2:fineFlat,,,PR10_x1.25,holdout,4,1047,headon,vfield,5992e7b9ba,ok,0,0,0,0,0,0,2.981,6.148,2.7258,2.0438,1.555,1,1,,8450,3.25
grid2:fineFlat,,,PR10_x1.25,holdout,4,1049,headon,vfield,5992e7b9ba,ok,0,0,0,0,0,0,1.5396,6.463,2.7258,2.0438,1.555,1,1,,8450,3.25
grid2:fineFlat,,,PR10_x1.25,holdout,4,1051,headon,vfield,5992e7b9ba,ok,0,0,0,0,0,0,6.2624,7.0478,2.7258,2.0438,1.555,1,1,,8450,3.24
grid2:fineFlat,,,PR10_x1.25,holdout,4,1053,headon,vfield,5992e7b9ba,ok,0,0,0,0,0,0,3.7827,6.1285,2.7258,2.0438,1.555,1,1,,8450,3.25
grid2:fineFlat,,,PR10_x1.25,holdout,4,1055,headon,vfield,5992e7b9ba,ok,0,0,0,0,0,0,4.2089,7.4185,2.7258,2.0438,1.555,1,1,,8450,3.26
grid2:fineFlat,,,PR10_x1.25,holdout,4,1057,headon,vfield,5992e7b9ba,ok,1,0,1,0,0,0,3.7464,0.8586,2.7258,2.0438,1.555,1,1,9.68,8450,3.26
grid2:fineFlat,,,PR10_x1.25,holdout,4,1059,headon,vfield,5992e7b9ba,ok,0,0,0,0,0,0,3.8125,7.6718,2.7258,2.0438,1.555,1,1,,8450,3.25
grid2:fineFlat,,,PR10_x1.5,holdout,4,1001,headon,vfield,fd13d1bdc2,ok,0,0,0,0,0,0,2.839,5.6424,2.7258,2.0438,1.555,1,1,,8450,3.25
grid2:fineFlat,,,PR10_x1.5,holdout,4,1003,headon,vfield,fd13d1bdc2,ok,0,0,0,0,0,0,2.7363,7.6909,2.7258,2.0438,1.555,1,1,,8450,3.26
grid2:fineFlat,,,PR10_x1.5,holdout,4,1005,headon,vfield,fd13d1bdc2,ok,0,0,0,0,0,0,4.9112,8.3076,2.7258,2.0438,1.555,1,1,,8450,3.26
grid2:fineFlat,,,PR10_x1.5,holdout,4,1007,headon,vfield,fd13d1bdc2,ok,0,0,0,0,0,0,1.1625,3.5913,2.7258,2.0438,1.555,1,1,,8450,3.24
grid2:fineFlat,,,PR10_x1.5,holdout,4,1009,headon,vfield,fd13d1bdc2,ok,0,0,0,0,0,0,3.6516,8.4025,2.7258,2.0438,1.555,1,1,,8450,3.3
grid2:fineFlat,,,PR10_x1.5,holdout,4,1011,headon,vfield,fd13d1bdc2,ok,1,0,1,0,0,0,2.6665,0.0075,2.7258,2.0438,1.555,1,1,10.01,8450,3.31
grid2:fineFlat,,,PR10_x1.5,holdout,4,1013,headon,vfield,fd13d1bdc2,ok,0,0,0,0,0,0,1.404,6.9716,2.7258,2.0438,1.555,1,1,,8450,3.26
grid2:fineFlat,,,PR10_x1.5,holdout,4,1015,headon,vfield,fd13d1bdc2,ok,0,0,0,0,0,0,4.3872,4.2963,2.7258,2.0438,1.555,1,1,,8450,3.23
grid2:fineFlat,,,PR10_x1.5,holdout,4,1017,headon,vfield,fd13d1bdc2,ok,1,0,1,0,0,0,5.6511,0.8072,2.7258,2.0438,1.555,1,1,11.01,8450,3.25
grid2:fineFlat,,,PR10_x1.5,holdout,4,1019,headon,vfield,fd13d1bdc2,ok,1,1,0,0,0,0,3.3663,0.3344,2.7258,2.0438,1.555,1,1,17.98,8450,3.3
grid2:fineFlat,,,PR10_x1.5,holdout,4,1021,headon,vfield,fd13d1bdc2,ok,0,0,0,0,0,0,7.3556,8.1789,2.7258,2.0438,1.555,1,1,,8450,3.4
grid2:fineFlat,,,PR10_x1.5,holdout,4,1023,headon,vfield,fd13d1bdc2,ok,0,0,0,0,0,0,5.5964,3.6928,2.7258,2.0438,1.555,1,1,,8450,3.24
grid2:fineFlat,,,PR10_x1.5,holdout,4,1025,headon,vfield,fd13d1bdc2,ok,0,0,0,0,0,0,4.7282,3.7772,2.7258,2.0438,1.555,1,1,,8450,3.24
grid2:fineFlat,,,PR10_x1.5,holdout,4,1027,headon,vfield,fd13d1bdc2,ok,0,0,0,0,0,0,3.616,5.7788,2.7258,2.0438,1.555,1,1,,8450,3.23
grid2:fineFlat,,,PR10_x1.5,holdout,4,1029,headon,vfield,fd13d1bdc2,ok,0,0,0,0,0,0,6.0846,6.7358,2.7258,2.0438,1.555,1,1,,8450,3.26
grid2:fineFlat,,,PR10_x1.5,holdout,4,1031,headon,vfield,fd13d1bdc2,ok,1,0,1,0,0,0,1.446,0.1486,2.7258,2.0438,1.555,1,1,28.87,8450,3.23
grid2:fineFlat,,,PR10_x1.5,holdout,4,1033,headon,vfield,fd13d1bdc2,ok,0,0,0,0,0,0,3.3047,4.5661,2.7258,2.0438,1.555,1,1,,8450,3.24
grid2:fineFlat,,,PR10_x1.5,holdout,4,1035,headon,vfield,fd13d1bdc2,ok,0,0,0,0,0,0,5.0428,7.7655,2.7258,2.0438,1.555,1,1,,8450,3.25
grid2:fineFlat,,,PR10_x1.5,holdout,4,1037,headon,vfield,fd13d1bdc2,ok,0,0,0,0,0,0,3.2084,7.9201,2.7258,2.0438,1.555,1,1,,8450,3.25
grid2:fineFlat,,,PR10_x1.5,holdout,4,1039,headon,vfield,fd13d1bdc2,ok,0,0,0,0,0,0,4.7943,5.9429,2.7258,2.0438,1.555,1,1,,8450,3.26
grid2:fineFlat,,,PR10_x1.5,holdout,4,1041,headon,vfield,fd13d1bdc2,ok,0,0,0,0,0,0,4.7408,2.3155,2.7258,2.0438,1.555,1,1,,8450,3.25
grid2:fineFlat,,,PR10_x1.5,holdout,4,1043,headon,vfield,fd13d1bdc2,ok,1,0,0,0,1,0,0.5773,7.2346,2.7258,2.0438,1.555,1,1,23.92,8450,3.24
grid2:fineFlat,,,PR10_x1.5,holdout,4,1045,headon,vfield,fd13d1bdc2,ok,0,0,0,0,0,0,6.0356,7.8149,2.7258,2.0438,1.555,1,1,,8450,3.25
grid2:fineFlat,,,PR10_x1.5,holdout,4,1047,headon,vfield,fd13d1bdc2,ok,0,0,0,0,0,0,6.2711,4.9327,2.7258,2.0438,1.555,1,1,,8450,3.26
grid2:fineFlat,,,PR10_x1.5,holdout,4,1049,headon,vfield,fd13d1bdc2,ok,0,0,0,0,0,0,4.9232,6.2787,2.7258,2.0438,1.555,1,1,,8450,3.23
grid2:fineFlat,,,PR10_x1.5,holdout,4,1051,headon,vfield,fd13d1bdc2,ok,0,0,0,0,0,0,2.6608,7.8409,2.7258,2.0438,1.555,1,1,,8450,3.26
grid2:fineFlat,,,PR10_x1.5,holdout,4,1053,headon,vfield,fd13d1bdc2,ok,0,0,0,0,0,0,5.6781,4.8079,2.7258,2.0438,1.555,1,1,,8450,3.25
grid2:fineFlat,,,PR10_x1.5,holdout,4,1055,headon,vfield,fd13d1bdc2,ok,0,0,0,0,0,0,3.6659,2.0819,2.7258,2.0438,1.555,1,1,,8450,3.25
grid2:fineFlat,,,PR10_x1.5,holdout,4,1057,headon,vfield,fd13d1bdc2,ok,0,0,0,0,0,0,5.5395,2.2888,2.7258,2.0438,1.555,1,1,,8450,3.25
grid2:fineFlat,,,PR10_x1.5,holdout,4,1059,headon,vfield,fd13d1bdc2,ok,0,0,0,0,0,0,3.0438,3.8524,2.7258,2.0438,1.555,1,1,,8450,3.25
grid2:fineFlat,,,PR10_x2,holdout,4,1001,headon,vfield,e0f7388ce6,ok,0,0,0,0,0,0,3.5878,7.7349,2.7258,2.0438,1.555,1,1,,8450,3.25
grid2:fineFlat,,,PR10_x2,holdout,4,1003,headon,vfield,e0f7388ce6,ok,0,0,0,0,0,0,4.3487,3.7639,2.7258,2.0438,1.555,1,1,,8450,3.24
grid2:fineFlat,,,PR10_x2,holdout,4,1005,headon,vfield,e0f7388ce6,ok,0,0,0,0,0,0,1.8792,5.6494,2.7258,2.0438,1.555,1,1,,8450,3.24
grid2:fineFlat,,,PR10_x2,holdout,4,1007,headon,vfield,e0f7388ce6,ok,0,0,0,0,0,0,1.6008,2.6771,2.7258,2.0438,1.555,1,1,,8450,3.25
grid2:fineFlat,,,PR10_x2,holdout,4,1009,headon,vfield,e0f7388ce6,ok,0,0,0,0,0,0,1.8777,3.9258,2.7258,2.0438,1.555,1,1,,8450,3.24
grid2:fineFlat,,,PR10_x2,holdout,4,1011,headon,vfield,e0f7388ce6,ok,0,0,0,0,0,0,4.9209,2.9817,2.7258,2.0438,1.555,1,1,,8450,3.23
grid2:fineFlat,,,PR10_x2,holdout,4,1013,headon,vfield,e0f7388ce6,ok,0,0,0,0,0,0,5.08,4.9661,2.7258,2.0438,1.555,1,1,,8450,3.25
grid2:fineFlat,,,PR10_x2,holdout,4,1015,headon,vfield,e0f7388ce6,ok,0,0,0,0,0,0,2.3959,2.9908,2.7258,2.0438,1.555,1,1,,8450,3.25
grid2:fineFlat,,,PR10_x2,holdout,4,1017,headon,vfield,e0f7388ce6,ok,0,0,0,0,0,0,4.3053,4.2237,2.7258,2.0438,1.555,1,1,,8450,3.27
grid2:fineFlat,,,PR10_x2,holdout,4,1019,headon,vfield,e0f7388ce6,ok,0,0,0,0,0,0,3.0767,4.8398,2.7258,2.0438,1.555,1,1,,8450,3.25
grid2:fineFlat,,,PR10_x2,holdout,4,1021,headon,vfield,e0f7388ce6,ok,0,0,0,0,0,0,1.7463,4.4948,2.7258,2.0438,1.555,1,1,,8450,3.26
grid2:fineFlat,,,PR10_x2,holdout,4,1023,headon,vfield,e0f7388ce6,ok,1,0,1,0,0,0,4.7488,0.2038,2.7258,2.0438,1.555,1,1,12.61,8450,3.25
grid2:fineFlat,,,PR10_x2,holdout,4,1025,headon,vfield,e0f7388ce6,ok,0,0,0,0,0,0,4.1342,4.8804,2.7258,2.0438,1.555,1,1,,8450,3.29
grid2:fineFlat,,,PR10_x2,holdout,4,1027,headon,vfield,e0f7388ce6,ok,0,0,0,0,0,0,1.5815,1.6105,2.7258,2.0438,1.555,1,1,,8450,3.25
grid2:fineFlat,,,PR10_x2,holdout,4,1029,headon,vfield,e0f7388ce6,ok,0,0,0,0,0,0,1.5316,3.459,2.7258,2.0438,1.555,1,1,,8450,3.32
grid2:fineFlat,,,PR10_x2,holdout,4,1031,headon,vfield,e0f7388ce6,ok,0,0,0,0,0,0,2.2371,6.5669,2.7258,2.0438,1.555,1,1,,8450,3.26
grid2:fineFlat,,,PR10_x2,holdout,4,1033,headon,vfield,e0f7388ce6,ok,0,0,0,0,0,0,2.0368,4.3667,2.7258,2.0438,1.555,1,1,,8450,3.27
grid2:fineFlat,,,PR10_x2,holdout,4,1035,headon,vfield,e0f7388ce6,ok,0,0,0,0,0,0,1.3127,2.2977,2.7258,2.0438,1.555,1,1,,8450,3.24
grid2:fineFlat,,,PR10_x2,holdout,4,1037,headon,vfield,e0f7388ce6,ok,0,0,0,0,0,0,5.1555,3.3282,2.7258,2.0438,1.555,1,1,,8450,3.24
grid2:fineFlat,,,PR10_x2,holdout,4,1039,headon,vfield,e0f7388ce6,ok,0,0,0,0,0,0,1.7569,8.3051,2.7258,2.0438,1.555,1,1,,8450,3.24
grid2:fineFlat,,,PR10_x2,holdout,4,1041,headon,vfield,e0f7388ce6,ok,0,0,0,0,0,0,2.2255,8.3504,2.7258,2.0438,1.555,1,1,,8450,3.24
grid2:fineFlat,,,PR10_x2,holdout,4,1043,headon,vfield,e0f7388ce6,ok,0,0,0,0,0,0,5.1283,3.5503,2.7258,2.0438,1.555,1,1,,8450,3.26
grid2:fineFlat,,,PR10_x2,holdout,4,1045,headon,vfield,e0f7388ce6,ok,0,0,0,0,0,0,5.0097,3.9299,2.7258,2.0438,1.555,1,1,,8450,3.29
grid2:fineFlat,,,PR10_x2,holdout,4,1047,headon,vfield,e0f7388ce6,ok,0,0,0,0,0,0,4.9794,4.4561,2.7258,2.0438,1.555,1,1,,8450,3.24
grid2:fineFlat,,,PR10_x2,holdout,4,1049,headon,vfield,e0f7388ce6,ok,0,0,0,0,0,0,6.7897,3.558,2.7258,2.0438,1.555,1,1,,8450,3.59
grid2:fineFlat,,,PR10_x2,holdout,4,1051,headon,vfield,e0f7388ce6,ok,0,0,0,0,0,0,1.7266,7.8466,2.7258,2.0438,1.555,1,1,,8450,3.27
grid2:fineFlat,,,PR10_x2,holdout,4,1053,headon,vfield,e0f7388ce6,ok,0,0,0,0,0,0,5.8502,4.1449,2.7258,2.0438,1.555,1,1,,8450,3.4
grid2:fineFlat,,,PR10_x2,holdout,4,1055,headon,vfield,e0f7388ce6,ok,0,0,0,0,0,0,1.6094,8.253,2.7258,2.0438,1.555,1,1,,8450,3.26
grid2:fineFlat,,,PR10_x2,holdout,4,1057,headon,vfield,e0f7388ce6,ok,0,0,0,0,0,0,1.6933,8.092,2.7258,2.0438,1.555,1,1,,8450,3.24
grid2:fineFlat,,,PR10_x2,holdout,4,1059,headon,vfield,e0f7388ce6,ok,0,0,0,0,0,0,1.7929,3.2837,2.7258,2.0438,1.555,1,1,,8450,3.26
grid2:fineFlat,,,PR11_x1,holdout,4,1001,headon,vfield,66c4145aad,ok,0,0,0,0,0,0,6.0961,6.9446,2.7258,2.0438,1.555,1,1,,8450,3.3
grid2:fineFlat,,,PR11_x1,holdout,4,1003,headon,vfield,66c4145aad,ok,0,0,0,0,0,0,3.8268,3.1463,2.7258,2.0438,1.555,1,1,,8450,3.58
grid2:fineFlat,,,PR11_x1,holdout,4,1005,headon,vfield,66c4145aad,ok,0,0,0,0,0,0,2.367,8.8642,2.7258,2.0438,1.555,1,1,,8450,3.7
grid2:fineFlat,,,PR11_x1,holdout,4,1007,headon,vfield,66c4145aad,ok,0,0,0,0,0,0,5.5056,1.0208,2.7258,2.0438,1.555,1,1,,8450,3.35
grid2:fineFlat,,,PR11_x1,holdout,4,1009,headon,vfield,66c4145aad,ok,0,0,0,0,0,0,5.6741,7.3432,2.7258,2.0438,1.555,1,1,,8450,3.5
grid2:fineFlat,,,PR11_x1,holdout,4,1011,headon,vfield,66c4145aad,ok,0,0,0,0,0,0,3.9866,5.4775,2.7258,2.0438,1.555,1,1,,8450,4.13
grid2:fineFlat,,,PR11_x1,holdout,4,1013,headon,vfield,66c4145aad,ok,0,0,0,0,0,0,4.2746,4.138,2.7258,2.0438,1.555,1,1,,8450,3.77
grid2:fineFlat,,,PR11_x1,holdout,4,1015,headon,vfield,66c4145aad,ok,0,0,0,0,0,0,4.4225,4.3924,2.7258,2.0438,1.555,1,1,,8450,3.5
grid2:fineFlat,,,PR11_x1,holdout,4,1017,headon,vfield,66c4145aad,ok,0,0,0,0,0,0,5.9137,6.8855,2.7258,2.0438,1.555,1,1,,8450,3.36
grid2:fineFlat,,,PR11_x1,holdout,4,1019,headon,vfield,66c4145aad,ok,0,0,0,0,0,0,4.6989,3.8714,2.7258,2.0438,1.555,1,1,,8450,3.39
grid2:fineFlat,,,PR11_x1,holdout,4,1021,headon,vfield,66c4145aad,ok,0,0,0,0,0,0,6.3819,6.3754,2.7258,2.0438,1.555,1,1,,8450,3.37
grid2:fineFlat,,,PR11_x1,holdout,4,1023,headon,vfield,66c4145aad,ok,0,0,0,0,0,0,4.1577,1.5619,2.7258,2.0438,1.555,1,1,,8450,3.29
grid2:fineFlat,,,PR11_x1,holdout,4,1025,headon,vfield,66c4145aad,ok,0,0,0,0,0,0,5.7489,3.8709,2.7258,2.0438,1.555,1,1,,8450,3.27
grid2:fineFlat,,,PR11_x1,holdout,4,1027,headon,vfield,66c4145aad,ok,1,0,1,0,0,0,5.3794,0.8522,2.7258,2.0438,1.555,1,1,9.57,8450,3.29
grid2:fineFlat,,,PR11_x1,holdout,4,1029,headon,vfield,66c4145aad,ok,0,0,0,0,0,0,5.0202,4.3515,2.7258,2.0438,1.555,1,1,,8450,3.25
grid2:fineFlat,,,PR11_x1,holdout,4,1031,headon,vfield,66c4145aad,ok,0,0,0,0,0,0,1.5533,4.2454,2.7258,2.0438,1.555,1,1,,8450,3.29
grid2:fineFlat,,,PR11_x1,holdout,4,1033,headon,vfield,66c4145aad,ok,1,0,1,0,0,0,6.1641,0.4524,2.7258,2.0438,1.555,1,1,15.26,8450,3.26
grid2:fineFlat,,,PR11_x1,holdout,4,1035,headon,vfield,66c4145aad,ok,1,0,1,0,0,0,5.0052,0.1487,2.7258,2.0438,1.555,1,1,10.39,8450,3.28
grid2:fineFlat,,,PR11_x1,holdout,4,1037,headon,vfield,66c4145aad,ok,1,0,1,0,0,0,2.8693,0.5307,2.7258,2.0438,1.555,1,1,15.7,8450,3.32
grid2:fineFlat,,,PR11_x1,holdout,4,1039,headon,vfield,66c4145aad,ok,1,0,0,0,1,0,0.8681,6.578,2.7258,2.0438,1.555,1,1,3.12,8450,3.32
grid2:fineFlat,,,PR11_x1,holdout,4,1041,headon,vfield,66c4145aad,ok,0,0,0,0,0,0,3.2583,6.8264,2.7258,2.0438,1.555,1,1,,8450,3.29
grid2:fineFlat,,,PR11_x1,holdout,4,1043,headon,vfield,66c4145aad,ok,0,0,0,0,0,0,3.7099,2.3198,2.7258,2.0438,1.555,1,1,,8450,3.37
grid2:fineFlat,,,PR11_x1,holdout,4,1045,headon,vfield,66c4145aad,ok,1,1,0,0,0,0,7.1232,0.5658,2.7258,2.0438,1.555,1,1,18.08,8450,3.31
grid2:fineFlat,,,PR11_x1,holdout,4,1047,headon,vfield,66c4145aad,ok,1,0,1,0,0,0,4.8469,0.5995,2.7258,2.0438,1.555,1,1,11.83,8450,3.28
grid2:fineFlat,,,PR11_x1,holdout,4,1049,headon,vfield,66c4145aad,ok,1,0,1,0,0,0,4.9419,0.4225,2.7258,2.0438,1.555,1,1,8.47,8450,3.29
grid2:fineFlat,,,PR11_x1,holdout,4,1051,headon,vfield,66c4145aad,ok,0,0,0,0,0,0,3.2478,3.6357,2.7258,2.0438,1.555,1,1,,8450,3.29
grid2:fineFlat,,,PR11_x1,holdout,4,1053,headon,vfield,66c4145aad,ok,1,0,0,0,1,0,0.0998,2.9657,2.7258,2.0438,1.555,1,1,-1.15,8450,3.29
grid2:fineFlat,,,PR11_x1,holdout,4,1055,headon,vfield,66c4145aad,ok,0,0,0,0,0,0,5.0233,6.3669,2.7258,2.0438,1.555,1,1,,8450,3.26
grid2:fineFlat,,,PR11_x1,holdout,4,1057,headon,vfield,66c4145aad,ok,0,0,0,0,0,0,3.0271,6.7858,2.7258,2.0438,1.555,1,1,,8450,3.29
grid2:fineFlat,,,PR11_x1,holdout,4,1059,headon,vfield,66c4145aad,ok,1,0,0,0,1,0,0.4195,2.5394,2.7258,2.0438,1.555,1,1,3.24,8450,3.37
grid2:fineFlat,,,PR11_x1.25,holdout,4,1001,headon,vfield,96324d3911,ok,0,0,0,0,0,0,5.9637,4.132,2.7258,2.0438,1.555,1,1,,8450,3.29
grid2:fineFlat,,,PR11_x1.25,holdout,4,1003,headon,vfield,96324d3911,ok,0,0,0,0,0,0,1.5064,8.8017,2.7258,2.0438,1.555,1,1,,8450,3.27
grid2:fineFlat,,,PR11_x1.25,holdout,4,1005,headon,vfield,96324d3911,ok,0,0,0,0,0,0,4.9135,3.4942,2.7258,2.0438,1.555,1,1,,8450,3.26
grid2:fineFlat,,,PR11_x1.25,holdout,4,1007,headon,vfield,96324d3911,ok,0,0,0,0,0,0,4.0597,4.5197,2.7258,2.0438,1.555,1,1,,8450,3.26
grid2:fineFlat,,,PR11_x1.25,holdout,4,1009,headon,vfield,96324d3911,ok,0,0,0,0,0,0,5.6693,4.2683,2.7258,2.0438,1.555,1,1,,8450,3.28
grid2:fineFlat,,,PR11_x1.25,holdout,4,1011,headon,vfield,96324d3911,ok,0,0,0,0,0,0,3.5,8.0048,2.7258,2.0438,1.555,1,1,,8450,3.26
grid2:fineFlat,,,PR11_x1.25,holdout,4,1013,headon,vfield,96324d3911,ok,0,0,0,0,0,0,2.8537,4.4512,2.7258,2.0438,1.555,1,1,,8450,3.29
grid2:fineFlat,,,PR11_x1.25,holdout,4,1015,headon,vfield,96324d3911,ok,0,0,0,0,0,0,6.9501,8.9335,2.7258,2.0438,1.555,1,1,,8450,3.28
grid2:fineFlat,,,PR11_x1.25,holdout,4,1017,headon,vfield,96324d3911,ok,0,0,0,0,0,0,6.1842,8.5865,2.7258,2.0438,1.555,1,1,,8450,3.27
grid2:fineFlat,,,PR11_x1.25,holdout,4,1019,headon,vfield,96324d3911,ok,0,0,0,0,0,0,4.7019,2.1331,2.7258,2.0438,1.555,1,1,,8450,3.33
grid2:fineFlat,,,PR11_x1.25,holdout,4,1021,headon,vfield,96324d3911,ok,0,0,0,0,0,0,2.2854,5.1668,2.7258,2.0438,1.555,1,1,,8450,3.36
grid2:fineFlat,,,PR11_x1.25,holdout,4,1023,headon,vfield,96324d3911,ok,0,0,0,0,0,0,6.5941,5.5719,2.7258,2.0438,1.555,1,1,,8450,3.44
grid2:fineFlat,,,PR11_x1.25,holdout,4,1025,headon,vfield,96324d3911,ok,0,0,0,0,0,0,6.1912,2.0823,2.7258,2.0438,1.555,1,1,,8450,3.27
grid2:fineFlat,,,PR11_x1.25,holdout,4,1027,headon,vfield,96324d3911,ok,0,0,0,0,0,0,4.4717,2.5657,2.7258,2.0438,1.555,1,1,,8450,3.25
grid2:fineFlat,,,PR11_x1.25,holdout,4,1029,headon,vfield,96324d3911,ok,1,0,1,0,0,0,3.1313,0.7125,2.7258,2.0438,1.555,1,1,11.33,8450,3.25
grid2:fineFlat,,,PR11_x1.25,holdout,4,1031,headon,vfield,96324d3911,ok,1,0,0,1,0,0,0.4198,6.6701,2.7258,2.0438,1.555,1,1,39.72,8450,3.26
grid2:fineFlat,,,PR11_x1.25,holdout,4,1033,headon,vfield,96324d3911,ok,0,0,0,0,0,0,2.354,3.8404,2.7258,2.0438,1.555,1,1,,8450,3.27
grid2:fineFlat,,,PR11_x1.25,holdout,4,1035,headon,vfield,96324d3911,ok,0,0,0,0,0,0,2.8378,4.8611,2.7258,2.0438,1.555,1,1,,8450,3.26
grid2:fineFlat,,,PR11_x1.25,holdout,4,1037,headon,vfield,96324d3911,ok,0,0,0,0,0,0,2.6094,8.1593,2.7258,2.0438,1.555,1,1,,8450,3.29
grid2:fineFlat,,,PR11_x1.25,holdout,4,1039,headon,vfield,96324d3911,ok,0,0,0,0,0,0,3.344,7.5362,2.7258,2.0438,1.555,1,1,,8450,3.28
grid2:fineFlat,,,PR11_x1.25,holdout,4,1041,headon,vfield,96324d3911,ok,0,0,0,0,0,0,5.5907,1.7729,2.7258,2.0438,1.555,1,1,,8450,3.3
grid2:fineFlat,,,PR11_x1.25,holdout,4,1043,headon,vfield,96324d3911,ok,0,0,0,0,0,0,6.4947,3.8625,2.7258,2.0438,1.555,1,1,,8450,3.25
grid2:fineFlat,,,PR11_x1.25,holdout,4,1045,headon,vfield,96324d3911,ok,0,0,0,0,0,0,1.3311,5.5716,2.7258,2.0438,1.555,1,1,,8450,3.26
grid2:fineFlat,,,PR11_x1.25,holdout,4,1047,headon,vfield,96324d3911,ok,0,0,0,0,0,0,2.4162,6.4346,2.7258,2.0438,1.555,1,1,,8450,3.26
grid2:fineFlat,,,PR11_x1.25,holdout,4,1049,headon,vfield,96324d3911,ok,0,0,0,0,0,0,6.3461,7.8089,2.7258,2.0438,1.555,1,1,,8450,3.33
grid2:fineFlat,,,PR11_x1.25,holdout,4,1051,headon,vfield,96324d3911,ok,0,0,0,0,0,0,7.2208,7.5807,2.7258,2.0438,1.555,1,1,,8450,3.3
grid2:fineFlat,,,PR11_x1.25,holdout,4,1053,headon,vfield,96324d3911,ok,0,0,0,0,0,0,4.0364,6.0525,2.7258,2.0438,1.555,1,1,,8450,3.28
grid2:fineFlat,,,PR11_x1.25,holdout,4,1055,headon,vfield,96324d3911,ok,0,0,0,0,0,0,5.403,8.7052,2.7258,2.0438,1.555,1,1,,8450,3.28
grid2:fineFlat,,,PR11_x1.25,holdout,4,1057,headon,vfield,96324d3911,ok,0,0,0,0,0,0,4.5278,2.5608,2.7258,2.0438,1.555,1,1,,8450,3.29
grid2:fineFlat,,,PR11_x1.25,holdout,4,1059,headon,vfield,96324d3911,ok,0,0,0,0,0,0,3.9175,8.7474,2.7258,2.0438,1.555,1,1,,8450,3.28
grid2:fineFlat,,,PR11_x1.5,holdout,4,1001,headon,vfield,647409aa8f,ok,0,0,0,0,0,0,6.1589,8.9137,2.7258,2.0438,1.555,1,1,,8450,3.26
grid2:fineFlat,,,PR11_x1.5,holdout,4,1003,headon,vfield,647409aa8f,ok,0,0,0,0,0,0,2.8345,8.915,2.7258,2.0438,1.555,1,1,,8450,3.27
grid2:fineFlat,,,PR11_x1.5,holdout,4,1005,headon,vfield,647409aa8f,ok,0,0,0,0,0,0,5.881,9.3344,2.7258,2.0438,1.555,1,1,,8450,3.25
grid2:fineFlat,,,PR11_x1.5,holdout,4,1007,headon,vfield,647409aa8f,ok,0,0,0,0,0,0,4.4123,5.5616,2.7258,2.0438,1.555,1,1,,8450,3.27
grid2:fineFlat,,,PR11_x1.5,holdout,4,1009,headon,vfield,647409aa8f,ok,0,0,0,0,0,0,3.6902,3.545,2.7258,2.0438,1.555,1,1,,8450,3.26
grid2:fineFlat,,,PR11_x1.5,holdout,4,1011,headon,vfield,647409aa8f,ok,0,0,0,0,0,0,4.8726,4.3084,2.7258,2.0438,1.555,1,1,,8450,3.27
grid2:fineFlat,,,PR11_x1.5,holdout,4,1013,headon,vfield,647409aa8f,ok,0,0,0,0,0,0,2.5579,5.2701,2.7258,2.0438,1.555,1,1,,8450,3.27
grid2:fineFlat,,,PR11_x1.5,holdout,4,1015,headon,vfield,647409aa8f,ok,0,0,0,0,0,0,3.8701,2.1053,2.7258,2.0438,1.555,1,1,,8450,3.25
grid2:fineFlat,,,PR11_x1.5,holdout,4,1017,headon,vfield,647409aa8f,ok,0,0,0,0,0,0,6.2238,8.7053,2.7258,2.0438,1.555,1,1,,8450,3.43
grid2:fineFlat,,,PR11_x1.5,holdout,4,1019,headon,vfield,647409aa8f,ok,0,0,0,0,0,0,1.7033,1.6886,2.7258,2.0438,1.555,1,1,,8450,3.28
grid2:fineFlat,,,PR11_x1.5,holdout,4,1021,headon,vfield,647409aa8f,ok,0,0,0,0,0,0,5.6851,4.1684,2.7258,2.0438,1.555,1,1,,8450,3.26
grid2:fineFlat,,,PR11_x1.5,holdout,4,1023,headon,vfield,647409aa8f,ok,0,0,0,0,0,0,3.4556,5.2863,2.7258,2.0438,1.555,1,1,,8450,3.27
grid2:fineFlat,,,PR11_x1.5,holdout,4,1025,headon,vfield,647409aa8f,ok,1,0,0,1,0,0,0.1832,7.1317,2.7258,2.0438,1.555,1,1,22.3,8450,3.28
grid2:fineFlat,,,PR11_x1.5,holdout,4,1027,headon,vfield,647409aa8f,ok,0,0,0,0,0,0,7.5076,8.6051,2.7258,2.0438,1.555,1,1,,8450,3.26
grid2:fineFlat,,,PR11_x1.5,holdout,4,1029,headon,vfield,647409aa8f,ok,0,0,0,0,0,0,4.5557,7.8034,2.7258,2.0438,1.555,1,1,,8450,3.29
grid2:fineFlat,,,PR11_x1.5,holdout,4,1031,headon,vfield,647409aa8f,ok,1,0,0,1,0,0,0.009,5.168,2.7258,2.0438,1.555,1,1,19.39,8450,3.3
grid2:fineFlat,,,PR11_x1.5,holdout,4,1033,headon,vfield,647409aa8f,ok,0,0,0,0,0,0,3.4206,4.858,2.7258,2.0438,1.555,1,1,,8450,3.28
grid2:fineFlat,,,PR11_x1.5,holdout,4,1035,headon,vfield,647409aa8f,ok,0,0,0,0,0,0,2.271,9.3622,2.7258,2.0438,1.555,1,1,,8450,3.29
grid2:fineFlat,,,PR11_x1.5,holdout,4,1037,headon,vfield,647409aa8f,ok,0,0,0,0,0,0,2.8874,2.0368,2.7258,2.0438,1.555,1,1,,8450,3.29
grid2:fineFlat,,,PR11_x1.5,holdout,4,1039,headon,vfield,647409aa8f,ok,0,0,0,0,0,0,2.5366,8.5829,2.7258,2.0438,1.555,1,1,,8450,3.28
grid2:fineFlat,,,PR11_x1.5,holdout,4,1041,headon,vfield,647409aa8f,ok,0,0,0,0,0,0,3.8895,2.6118,2.7258,2.0438,1.555,1,1,,8450,3.28
grid2:fineFlat,,,PR11_x1.5,holdout,4,1043,headon,vfield,647409aa8f,ok,0,0,0,0,0,0,5.0731,7.0189,2.7258,2.0438,1.555,1,1,,8450,3.27
grid2:fineFlat,,,PR11_x1.5,holdout,4,1045,headon,vfield,647409aa8f,ok,0,0,0,0,0,0,4.1544,8.4231,2.7258,2.0438,1.555,1,1,,8450,3.29
grid2:fineFlat,,,PR11_x1.5,holdout,4,1047,headon,vfield,647409aa8f,ok,0,0,0,0,0,0,2.2277,1.5937,2.7258,2.0438,1.555,1,1,,8450,3.31
grid2:fineFlat,,,PR11_x1.5,holdout,4,1049,headon,vfield,647409aa8f,ok,0,0,0,0,0,0,2.3251,9.1848,2.7258,2.0438,1.555,1,1,,8450,3.27
grid2:fineFlat,,,PR11_x1.5,holdout,4,1051,headon,vfield,647409aa8f,ok,0,0,0,0,0,0,3.8687,8.9445,2.7258,2.0438,1.555,1,1,,8450,3.28
grid2:fineFlat,,,PR11_x1.5,holdout,4,1053,headon,vfield,647409aa8f,ok,0,0,0,0,0,0,3.0489,2.344,2.7258,2.0438,1.555,1,1,,8450,3.25
grid2:fineFlat,,,PR11_x1.5,holdout,4,1055,headon,vfield,647409aa8f,ok,0,0,0,0,0,0,6.0928,6.3834,2.7258,2.0438,1.555,1,1,,8450,3.31
grid2:fineFlat,,,PR11_x1.5,holdout,4,1057,headon,vfield,647409aa8f,ok,0,0,0,0,0,0,2.0743,6.7955,2.7258,2.0438,1.555,1,1,,8450,3.25
grid2:fineFlat,,,PR11_x1.5,holdout,4,1059,headon,vfield,647409aa8f,ok,0,0,0,0,0,0,2.6683,8.8013,2.7258,2.0438,1.555,1,1,,8450,3.28
grid2:fineFlat,,,PR11_x2,holdout,4,1001,headon,vfield,017d1c9f8a,ok,0,0,0,0,0,0,5.1546,8.634,2.7258,2.0438,1.555,1,1,,8450,3.45
grid2:fineFlat,,,PR11_x2,holdout,4,1003,headon,vfield,017d1c9f8a,ok,0,0,0,0,0,0,5.1375,5.2871,2.7258,2.0438,1.555,1,1,,8450,3.3
grid2:fineFlat,,,PR11_x2,holdout,4,1005,headon,vfield,017d1c9f8a,ok,1,0,1,0,0,0,4.4291,0.1734,2.7258,2.0438,1.555,1,1,11.28,8450,3.29
grid2:fineFlat,,,PR11_x2,holdout,4,1007,headon,vfield,017d1c9f8a,ok,0,0,0,0,0,0,5.9446,4.0112,2.7258,2.0438,1.555,1,1,,8450,3.29
grid2:fineFlat,,,PR11_x2,holdout,4,1009,headon,vfield,017d1c9f8a,ok,0,0,0,0,0,0,5.4714,4.8958,2.7258,2.0438,1.555,1,1,,8450,3.26
grid2:fineFlat,,,PR11_x2,holdout,4,1011,headon,vfield,017d1c9f8a,ok,1,0,1,0,0,0,7.0764,0.476,2.7258,2.0438,1.555,1,1,10.85,8450,3.28
grid2:fineFlat,,,PR11_x2,holdout,4,1013,headon,vfield,017d1c9f8a,ok,0,0,0,0,0,0,5.5834,5.2786,2.7258,2.0438,1.555,1,1,,8450,3.26
grid2:fineFlat,,,PR11_x2,holdout,4,1015,headon,vfield,017d1c9f8a,ok,0,0,0,0,0,0,5.7633,1.9841,2.7258,2.0438,1.555,1,1,,8450,3.28
grid2:fineFlat,,,PR11_x2,holdout,4,1017,headon,vfield,017d1c9f8a,ok,0,0,0,0,0,0,7.5297,5.5818,2.7258,2.0438,1.555,1,1,,8450,3.35
grid2:fineFlat,,,PR11_x2,holdout,4,1019,headon,vfield,017d1c9f8a,ok,0,0,0,0,0,0,1.1866,4.0067,2.7258,2.0438,1.555,1,1,,8450,3.28
grid2:fineFlat,,,PR11_x2,holdout,4,1021,headon,vfield,017d1c9f8a,ok,0,0,0,0,0,0,6.1731,6.0746,2.7258,2.0438,1.555,1,1,,8450,3.29
grid2:fineFlat,,,PR11_x2,holdout,4,1023,headon,vfield,017d1c9f8a,ok,0,0,0,0,0,0,6.1166,1.3744,2.7258,2.0438,1.555,1,1,,8450,3.27
grid2:fineFlat,,,PR11_x2,holdout,4,1025,headon,vfield,017d1c9f8a,ok,0,0,0,0,0,0,5.5553,5.9439,2.7258,2.0438,1.555,1,1,,8450,3.28
grid2:fineFlat,,,PR11_x2,holdout,4,1027,headon,vfield,017d1c9f8a,ok,0,0,0,0,0,0,5.4379,5.5667,2.7258,2.0438,1.555,1,1,,8450,3.26
grid2:fineFlat,,,PR11_x2,holdout,4,1029,headon,vfield,017d1c9f8a,ok,1,0,0,0,1,0,0.0311,3.4284,2.7258,2.0438,1.555,1,1,37.79,8450,3.3
grid2:fineFlat,,,PR11_x2,holdout,4,1031,headon,vfield,017d1c9f8a,ok,0,0,0,0,0,0,2.681,3.2904,2.7258,2.0438,1.555,1,1,,8450,3.33
grid2:fineFlat,,,PR11_x2,holdout,4,1033,headon,vfield,017d1c9f8a,ok,0,0,0,0,0,0,4.2852,5.9816,2.7258,2.0438,1.555,1,1,,8450,3.3
grid2:fineFlat,,,PR11_x2,holdout,4,1035,headon,vfield,017d1c9f8a,ok,0,0,0,0,0,0,5.8422,5.0151,2.7258,2.0438,1.555,1,1,,8450,3.3
grid2:fineFlat,,,PR11_x2,holdout,4,1037,headon,vfield,017d1c9f8a,ok,0,0,0,0,0,0,3.2509,5.182,2.7258,2.0438,1.555,1,1,,8450,3.31
grid2:fineFlat,,,PR11_x2,holdout,4,1039,headon,vfield,017d1c9f8a,ok,0,0,0,0,0,0,4.8971,6.2026,2.7258,2.0438,1.555,1,1,,8450,3.27
grid2:fineFlat,,,PR11_x2,holdout,4,1041,headon,vfield,017d1c9f8a,ok,0,0,0,0,0,0,6.6053,8.8667,2.7258,2.0438,1.555,1,1,,8450,3.29
grid2:fineFlat,,,PR11_x2,holdout,4,1043,headon,vfield,017d1c9f8a,ok,0,0,0,0,0,0,6.6051,5.3567,2.7258,2.0438,1.555,1,1,,8450,3.27
grid2:fineFlat,,,PR11_x2,holdout,4,1045,headon,vfield,017d1c9f8a,ok,0,0,0,0,0,0,4.4548,3.9207,2.7258,2.0438,1.555,1,1,,8450,3.29
grid2:fineFlat,,,PR11_x2,holdout,4,1047,headon,vfield,017d1c9f8a,ok,0,0,0,0,0,0,6.5217,5.7092,2.7258,2.0438,1.555,1,1,,8450,3.26
grid2:fineFlat,,,PR11_x2,holdout,4,1049,headon,vfield,017d1c9f8a,ok,0,0,0,0,0,0,1.6636,5.8187,2.7258,2.0438,1.555,1,1,,8450,3.29
grid2:fineFlat,,,PR11_x2,holdout,4,1051,headon,vfield,017d1c9f8a,ok,0,0,0,0,0,0,4.4861,5.925,2.7258,2.0438,1.555,1,1,,8450,3.29
grid2:fineFlat,,,PR11_x2,holdout,4,1053,headon,vfield,017d1c9f8a,ok,0,0,0,0,0,0,4.2233,2.9746,2.7258,2.0438,1.555,1,1,,8450,3.33
grid2:fineFlat,,,PR11_x2,holdout,4,1055,headon,vfield,017d1c9f8a,ok,0,0,0,0,0,0,5.9373,4.616,2.7258,2.0438,1.555,1,1,,8450,3.31
grid2:fineFlat,,,PR11_x2,holdout,4,1057,headon,vfield,017d1c9f8a,ok,0,0,0,0,0,0,5.1458,9.1568,2.7258,2.0438,1.555,1,1,,8450,3.33
grid2:fineFlat,,,PR11_x2,holdout,4,1059,headon,vfield,017d1c9f8a,ok,1,0,1,0,0,0,1.916,0.6582,2.7258,2.0438,1.555,1,1,11.41,8450,3.29
grid2:fineFlat,,,PR12_x1,holdout,4,1001,headon,vfield,4c017628a9,ok,0,0,0,0,0,0,6.2134,2.783,2.7258,2.0438,1.555,1,1,,8450,3.32
grid2:fineFlat,,,PR12_x1,holdout,4,1003,headon,vfield,4c017628a9,ok,0,0,0,0,0,0,5.1439,4.3894,2.7258,2.0438,1.555,1,1,,8450,3.33
grid2:fineFlat,,,PR12_x1,holdout,4,1005,headon,vfield,4c017628a9,ok,0,0,0,0,0,0,2.7832,2.1605,2.7258,2.0438,1.555,1,1,,8450,3.27
grid2:fineFlat,,,PR12_x1,holdout,4,1007,headon,vfield,4c017628a9,ok,0,0,0,0,0,0,1.789,7.0579,2.7258,2.0438,1.555,1,1,,8450,3.31
grid2:fineFlat,,,PR12_x1,holdout,4,1009,headon,vfield,4c017628a9,ok,0,0,0,0,0,0,7.4449,5.6198,2.7258,2.0438,1.555,1,1,,8450,3.34
grid2:fineFlat,,,PR12_x1,holdout,4,1011,headon,vfield,4c017628a9,ok,0,0,0,0,0,0,2.0883,7.0121,2.7258,2.0438,1.555,1,1,,8450,3.26
grid2:fineFlat,,,PR12_x1,holdout,4,1013,headon,vfield,4c017628a9,ok,0,0,0,0,0,0,7.1227,1.8501,2.7258,2.0438,1.555,1,1,,8450,3.29
grid2:fineFlat,,,PR12_x1,holdout,4,1015,headon,vfield,4c017628a9,ok,0,0,0,0,0,0,3.4536,4.8033,2.7258,2.0438,1.555,1,1,,8450,3.36
grid2:fineFlat,,,PR12_x1,holdout,4,1017,headon,vfield,4c017628a9,ok,0,0,0,0,0,0,7.0958,3.5844,2.7258,2.0438,1.555,1,1,,8450,3.26
grid2:fineFlat,,,PR12_x1,holdout,4,1019,headon,vfield,4c017628a9,ok,0,0,0,0,0,0,1.4799,8.5041,2.7258,2.0438,1.555,1,1,,8450,3.3
grid2:fineFlat,,,PR12_x1,holdout,4,1021,headon,vfield,4c017628a9,ok,0,0,0,0,0,0,4.5512,6.7111,2.7258,2.0438,1.555,1,1,,8450,3.29
grid2:fineFlat,,,PR12_x1,holdout,4,1023,headon,vfield,4c017628a9,ok,0,0,0,0,0,0,7.8122,6.1553,2.7258,2.0438,1.555,1,1,,8450,3.35
grid2:fineFlat,,,PR12_x1,holdout,4,1025,headon,vfield,4c017628a9,ok,0,0,0,0,0,0,6.1433,4.48,2.7258,2.0438,1.555,1,1,,8450,3.38
grid2:fineFlat,,,PR12_x1,holdout,4,1027,headon,vfield,4c017628a9,ok,0,0,0,0,0,0,1.7316,1.9597,2.7258,2.0438,1.555,1,1,,8450,3.34
grid2:fineFlat,,,PR12_x1,holdout,4,1029,headon,vfield,4c017628a9,ok,0,0,0,0,0,0,3.7912,1.3791,2.7258,2.0438,1.555,1,1,,8450,3.3
grid2:fineFlat,,,PR12_x1,holdout,4,1031,headon,vfield,4c017628a9,ok,0,0,0,0,0,0,2.3091,7.0096,2.7258,2.0438,1.555,1,1,,8450,3.3
grid2:fineFlat,,,PR12_x1,holdout,4,1033,headon,vfield,4c017628a9,ok,0,0,0,0,0,0,8.0013,3.6648,2.7258,2.0438,1.555,1,1,,8450,3.37
grid2:fineFlat,,,PR12_x1,holdout,4,1035,headon,vfield,4c017628a9,ok,0,0,0,0,0,0,4.9768,5.5193,2.7258,2.0438,1.555,1,1,,8450,3.34
grid2:fineFlat,,,PR12_x1,holdout,4,1037,headon,vfield,4c017628a9,ok,0,0,0,0,0,0,5.5722,6.8314,2.7258,2.0438,1.555,1,1,,8450,3.3
grid2:fineFlat,,,PR12_x1,holdout,4,1039,headon,vfield,4c017628a9,ok,0,0,0,0,0,0,5.2165,6.8863,2.7258,2.0438,1.555,1,1,,8450,3.33
grid2:fineFlat,,,PR12_x1,holdout,4,1041,headon,vfield,4c017628a9,ok,0,0,0,0,0,0,1.39,4.9426,2.7258,2.0438,1.555,1,1,,8450,3.29
grid2:fineFlat,,,PR12_x1,holdout,4,1043,headon,vfield,4c017628a9,ok,0,0,0,0,0,0,3.9687,6.7149,2.7258,2.0438,1.555,1,1,,8450,3.3
grid2:fineFlat,,,PR12_x1,holdout,4,1045,headon,vfield,4c017628a9,ok,0,0,0,0,0,0,3.1852,8.3779,2.7258,2.0438,1.555,1,1,,8450,3.26
grid2:fineFlat,,,PR12_x1,holdout,4,1047,headon,vfield,4c017628a9,ok,0,0,0,0,0,0,6.2395,3.6374,2.7258,2.0438,1.555,1,1,,8450,3.26
grid2:fineFlat,,,PR12_x1,holdout,4,1049,headon,vfield,4c017628a9,ok,0,0,0,0,0,0,4.4817,1.1545,2.7258,2.0438,1.555,1,1,,8450,3.28
grid2:fineFlat,,,PR12_x1,holdout,4,1051,headon,vfield,4c017628a9,ok,1,1,0,0,0,0,4.463,0.8463,2.7258,2.0438,1.555,1,1,28.8,8450,3.29
grid2:fineFlat,,,PR12_x1,holdout,4,1053,headon,vfield,4c017628a9,ok,1,0,0,0,1,0,0.3539,4.818,2.7258,2.0438,1.555,1,1,0.69,8450,3.28
grid2:fineFlat,,,PR12_x1,holdout,4,1055,headon,vfield,4c017628a9,ok,0,0,0,0,0,0,6.2076,4.795,2.7258,2.0438,1.555,1,1,,8450,3.28
grid2:fineFlat,,,PR12_x1,holdout,4,1057,headon,vfield,4c017628a9,ok,0,0,0,0,0,0,3.153,8.2026,2.7258,2.0438,1.555,1,1,,8450,3.27
grid2:fineFlat,,,PR12_x1,holdout,4,1059,headon,vfield,4c017628a9,ok,0,0,0,0,0,0,2.5292,2.3242,2.7258,2.0438,1.555,1,1,,8450,3.27
grid2:fineFlat,,,PR12_x1.25,holdout,4,1001,headon,vfield,0196be143f,ok,0,0,0,0,0,0,1.7848,8.677,2.7258,2.0438,1.555,1,1,,8450,3.26
grid2:fineFlat,,,PR12_x1.25,holdout,4,1003,headon,vfield,0196be143f,ok,0,0,0,0,0,0,5.1116,8.8873,2.7258,2.0438,1.555,1,1,,8450,3.28
grid2:fineFlat,,,PR12_x1.25,holdout,4,1005,headon,vfield,0196be143f,ok,0,0,0,0,0,0,4.3946,10.115,2.7258,2.0438,1.555,1,1,,8450,3.25
grid2:fineFlat,,,PR12_x1.25,holdout,4,1007,headon,vfield,0196be143f,ok,0,0,0,0,0,0,4.71,6.155,2.7258,2.0438,1.555,1,1,,8450,3.32
grid2:fineFlat,,,PR12_x1.25,holdout,4,1009,headon,vfield,0196be143f,ok,0,0,0,0,0,0,2.2942,5.6766,2.7258,2.0438,1.555,1,1,,8450,3.3
grid2:fineFlat,,,PR12_x1.25,holdout,4,1011,headon,vfield,0196be143f,ok,0,0,0,0,0,0,4.5788,2.4655,2.7258,2.0438,1.555,1,1,,8450,3.28
grid2:fineFlat,,,PR12_x1.25,holdout,4,1013,headon,vfield,0196be143f,ok,0,0,0,0,0,0,6.6458,2.8757,2.7258,2.0438,1.555,1,1,,8450,3.27
grid2:fineFlat,,,PR12_x1.25,holdout,4,1015,headon,vfield,0196be143f,ok,0,0,0,0,0,0,5.4698,6.6129,2.7258,2.0438,1.555,1,1,,8450,3.27
grid2:fineFlat,,,PR12_x1.25,holdout,4,1017,headon,vfield,0196be143f,ok,0,0,0,0,0,0,3.7934,7.056,2.7258,2.0438,1.555,1,1,,8450,3.25
grid2:fineFlat,,,PR12_x1.25,holdout,4,1019,headon,vfield,0196be143f,ok,1,0,1,0,0,0,4.9091,0.0516,2.7258,2.0438,1.555,1,1,13.87,8450,3.32
grid2:fineFlat,,,PR12_x1.25,holdout,4,1021,headon,vfield,0196be143f,ok,0,0,0,0,0,0,5.6195,8.5314,2.7258,2.0438,1.555,1,1,,8450,3.32
grid2:fineFlat,,,PR12_x1.25,holdout,4,1023,headon,vfield,0196be143f,ok,0,0,0,0,0,0,1.6299,5.8448,2.7258,2.0438,1.555,1,1,,8450,3.27
grid2:fineFlat,,,PR12_x1.25,holdout,4,1025,headon,vfield,0196be143f,ok,0,0,0,0,0,0,1.7817,7.1109,2.7258,2.0438,1.555,1,1,,8450,3.27
grid2:fineFlat,,,PR12_x1.25,holdout,4,1027,headon,vfield,0196be143f,ok,0,0,0,0,0,0,3.4621,6.5408,2.7258,2.0438,1.555,1,1,,8450,3.28
grid2:fineFlat,,,PR12_x1.25,holdout,4,1029,headon,vfield,0196be143f,ok,0,0,0,0,0,0,2.7791,9.5112,2.7258,2.0438,1.555,1,1,,8450,3.27
grid2:fineFlat,,,PR12_x1.25,holdout,4,1031,headon,vfield,0196be143f,ok,0,0,0,0,0,0,1.9514,6.6049,2.7258,2.0438,1.555,1,1,,8450,3.26
grid2:fineFlat,,,PR12_x1.25,holdout,4,1033,headon,vfield,0196be143f,ok,0,0,0,0,0,0,7.4574,3.6906,2.7258,2.0438,1.555,1,1,,8450,3.26
grid2:fineFlat,,,PR12_x1.25,holdout,4,1035,headon,vfield,0196be143f,ok,0,0,0,0,0,0,3.2765,5.616,2.7258,2.0438,1.555,1,1,,8450,3.28
grid2:fineFlat,,,PR12_x1.25,holdout,4,1037,headon,vfield,0196be143f,ok,0,0,0,0,0,0,4.51,7.2776,2.7258,2.0438,1.555,1,1,,8450,3.32
grid2:fineFlat,,,PR12_x1.25,holdout,4,1039,headon,vfield,0196be143f,ok,0,0,0,0,0,0,5.7899,8.4847,2.7258,2.0438,1.555,1,1,,8450,3.31
grid2:fineFlat,,,PR12_x1.25,holdout,4,1041,headon,vfield,0196be143f,ok,0,0,0,0,0,0,4.9653,6.2829,2.7258,2.0438,1.555,1,1,,8450,3.3
grid2:fineFlat,,,PR12_x1.25,holdout,4,1043,headon,vfield,0196be143f,ok,0,0,0,0,0,0,5.4617,8.2329,2.7258,2.0438,1.555,1,1,,8450,3.41
grid2:fineFlat,,,PR12_x1.25,holdout,4,1045,headon,vfield,0196be143f,ok,0,0,0,0,0,0,6.9503,7.0387,2.7258,2.0438,1.555,1,1,,8450,3.37
grid2:fineFlat,,,PR12_x1.25,holdout,4,1047,headon,vfield,0196be143f,ok,0,0,0,0,0,0,5.4233,3.2237,2.7258,2.0438,1.555,1,1,,8450,3.5
grid2:fineFlat,,,PR12_x1.25,holdout,4,1049,headon,vfield,0196be143f,ok,0,0,0,0,0,0,6.1074,3.5381,2.7258,2.0438,1.555,1,1,,8450,3.32
grid2:fineFlat,,,PR12_x1.25,holdout,4,1051,headon,vfield,0196be143f,ok,0,0,0,0,0,0,3.3681,9.0309,2.7258,2.0438,1.555,1,1,,8450,3.56
grid2:fineFlat,,,PR12_x1.25,holdout,4,1053,headon,vfield,0196be143f,ok,0,0,0,0,0,0,2.8263,5.3902,2.7258,2.0438,1.555,1,1,,8450,3.41
grid2:fineFlat,,,PR12_x1.25,holdout,4,1055,headon,vfield,0196be143f,ok,0,0,0,0,0,0,5.5794,5.2182,2.7258,2.0438,1.555,1,1,,8450,3.61
grid2:fineFlat,,,PR12_x1.25,holdout,4,1057,headon,vfield,0196be143f,ok,1,0,0,0,1,0,0.7165,8.3771,2.7258,2.0438,1.555,1,1,35.76,8450,3.4
grid2:fineFlat,,,PR12_x1.25,holdout,4,1059,headon,vfield,0196be143f,ok,0,0,0,0,0,0,4.5103,8.0063,2.7258,2.0438,1.555,1,1,,8450,3.27
grid2:fineFlat,,,PR12_x1.5,holdout,4,1001,headon,vfield,d5ab7d3543,ok,0,0,0,0,0,0,3.3519,10.1368,2.7258,2.0438,1.555,1,1,,8450,3.27
grid2:fineFlat,,,PR12_x1.5,holdout,4,1003,headon,vfield,d5ab7d3543,ok,0,0,0,0,0,0,2.3354,9.9861,2.7258,2.0438,1.555,1,1,,8450,3.3
grid2:fineFlat,,,PR12_x1.5,holdout,4,1005,headon,vfield,d5ab7d3543,ok,0,0,0,0,0,0,6.8995,9.2426,2.7258,2.0438,1.555,1,1,,8450,3.29
grid2:fineFlat,,,PR12_x1.5,holdout,4,1007,headon,vfield,d5ab7d3543,ok,0,0,0,0,0,0,3.5818,6.083,2.7258,2.0438,1.555,1,1,,8450,3.3
grid2:fineFlat,,,PR12_x1.5,holdout,4,1009,headon,vfield,d5ab7d3543,ok,0,0,0,0,0,0,5.3122,8.267,2.7258,2.0438,1.555,1,1,,8450,3.28
grid2:fineFlat,,,PR12_x1.5,holdout,4,1011,headon,vfield,d5ab7d3543,ok,0,0,0,0,0,0,5.9697,7.8911,2.7258,2.0438,1.555,1,1,,8450,3.29
grid2:fineFlat,,,PR12_x1.5,holdout,4,1013,headon,vfield,d5ab7d3543,ok,0,0,0,0,0,0,1.0066,4.2039,2.7258,2.0438,1.555,1,1,,8450,3.29
grid2:fineFlat,,,PR12_x1.5,holdout,4,1015,headon,vfield,d5ab7d3543,ok,0,0,0,0,0,0,3.1782,5.6585,2.7258,2.0438,1.555,1,1,,8450,3.3
grid2:fineFlat,,,PR12_x1.5,holdout,4,1017,headon,vfield,d5ab7d3543,ok,0,0,0,0,0,0,4.6196,9.5287,2.7258,2.0438,1.555,1,1,,8450,3.32
grid2:fineFlat,,,PR12_x1.5,holdout,4,1019,headon,vfield,d5ab7d3543,ok,1,0,1,0,0,0,5.8039,0.1238,2.7258,2.0438,1.555,1,1,14.63,8450,3.31
grid2:fineFlat,,,PR12_x1.5,holdout,4,1021,headon,vfield,d5ab7d3543,ok,0,0,0,0,0,0,4.166,7.2426,2.7258,2.0438,1.555,1,1,,8450,3.31
grid2:fineFlat,,,PR12_x1.5,holdout,4,1023,headon,vfield,d5ab7d3543,ok,0,0,0,0,0,0,1.7675,6.029,2.7258,2.0438,1.555,1,1,,8450,3.31
grid2:fineFlat,,,PR12_x1.5,holdout,4,1025,headon,vfield,d5ab7d3543,ok,0,0,0,0,0,0,6.4402,6.6832,2.7258,2.0438,1.555,1,1,,8450,3.3
grid2:fineFlat,,,PR12_x1.5,holdout,4,1027,headon,vfield,d5ab7d3543,ok,0,0,0,0,0,0,8.6089,9.1815,2.7258,2.0438,1.555,1,1,,8450,3.4
grid2:fineFlat,,,PR12_x1.5,holdout,4,1029,headon,vfield,d5ab7d3543,ok,0,0,0,0,0,0,4.3282,1.4054,2.7258,2.0438,1.555,1,1,,8450,3.3
grid2:fineFlat,,,PR12_x1.5,holdout,4,1031,headon,vfield,d5ab7d3543,ok,0,0,0,0,0,0,6.4143,6.9299,2.7258,2.0438,1.555,1,1,,8450,3.38
grid2:fineFlat,,,PR12_x1.5,holdout,4,1033,headon,vfield,d5ab7d3543,ok,0,0,0,0,0,0,5.1457,5.3777,2.7258,2.0438,1.555,1,1,,8450,3.3
grid2:fineFlat,,,PR12_x1.5,holdout,4,1035,headon,vfield,d5ab7d3543,ok,0,0,0,0,0,0,3.0058,10.1938,2.7258,2.0438,1.555,1,1,,8450,3.3
grid2:fineFlat,,,PR12_x1.5,holdout,4,1037,headon,vfield,d5ab7d3543,ok,0,0,0,0,0,0,1.4996,9.6147,2.7258,2.0438,1.555,1,1,,8450,3.43
grid2:fineFlat,,,PR12_x1.5,holdout,4,1039,headon,vfield,d5ab7d3543,ok,0,0,0,0,0,0,3.6038,8.6891,2.7258,2.0438,1.555,1,1,,8450,3.32
grid2:fineFlat,,,PR12_x1.5,holdout,4,1041,headon,vfield,d5ab7d3543,ok,0,0,0,0,0,0,4.0934,9.4466,2.7258,2.0438,1.555,1,1,,8450,3.33
grid2:fineFlat,,,PR12_x1.5,holdout,4,1043,headon,vfield,d5ab7d3543,ok,0,0,0,0,0,0,3.9268,9.8284,2.7258,2.0438,1.555,1,1,,8450,3.3
grid2:fineFlat,,,PR12_x1.5,holdout,4,1045,headon,vfield,d5ab7d3543,ok,0,0,0,0,0,0,5.1889,3.7954,2.7258,2.0438,1.555,1,1,,8450,3.41
grid2:fineFlat,,,PR12_x1.5,holdout,4,1047,headon,vfield,d5ab7d3543,ok,0,0,0,0,0,0,4.3472,10.0047,2.7258,2.0438,1.555,1,1,,8450,3.32
grid2:fineFlat,,,PR12_x1.5,holdout,4,1049,headon,vfield,d5ab7d3543,ok,1,0,0,0,1,0,0.1043,4.0246,2.7258,2.0438,1.555,1,1,33.35,8450,3.28
grid2:fineFlat,,,PR12_x1.5,holdout,4,1051,headon,vfield,d5ab7d3543,ok,0,0,0,0,0,0,6.9954,9.6242,2.7258,2.0438,1.555,1,1,,8450,3.38
grid2:fineFlat,,,PR12_x1.5,holdout,4,1053,headon,vfield,d5ab7d3543,ok,0,0,0,0,0,0,3.5609,7.3847,2.7258,2.0438,1.555,1,1,,8450,3.25
grid2:fineFlat,,,PR12_x1.5,holdout,4,1055,headon,vfield,d5ab7d3543,ok,0,0,0,0,0,0,4.1193,1.5734,2.7258,2.0438,1.555,1,1,,8450,3.39
grid2:fineFlat,,,PR12_x1.5,holdout,4,1057,headon,vfield,d5ab7d3543,ok,0,0,0,0,0,0,3.2586,10.1973,2.7258,2.0438,1.555,1,1,,8450,3.59
grid2:fineFlat,,,PR12_x1.5,holdout,4,1059,headon,vfield,d5ab7d3543,ok,0,0,0,0,0,0,3.8742,9.5746,2.7258,2.0438,1.555,1,1,,8450,3.35
grid2:fineFlat,,,PR12_x2,holdout,4,1001,headon,vfield,af0419cb3b,ok,0,0,0,0,0,0,7.1035,9.5233,2.7258,2.0438,1.555,1,1,,8450,3.29
grid2:fineFlat,,,PR12_x2,holdout,4,1003,headon,vfield,af0419cb3b,ok,0,0,0,0,0,0,5.6758,5.6846,2.7258,2.0438,1.555,1,1,,8450,3.38
grid2:fineFlat,,,PR12_x2,holdout,4,1005,headon,vfield,af0419cb3b,ok,0,0,0,0,0,0,5.879,10.1881,2.7258,2.0438,1.555,1,1,,8450,3.26
grid2:fineFlat,,,PR12_x2,holdout,4,1007,headon,vfield,af0419cb3b,ok,0,0,0,0,0,0,6.863,2.5064,2.7258,2.0438,1.555,1,1,,8450,3.3
grid2:fineFlat,,,PR12_x2,holdout,4,1009,headon,vfield,af0419cb3b,ok,0,0,0,0,0,0,7.5313,3.2383,2.7258,2.0438,1.555,1,1,,8450,3.28
grid2:fineFlat,,,PR12_x2,holdout,4,1011,headon,vfield,af0419cb3b,ok,0,0,0,0,0,0,5.5279,8.726,2.7258,2.0438,1.555,1,1,,8450,3.26
grid2:fineFlat,,,PR12_x2,holdout,4,1013,headon,vfield,af0419cb3b,ok,0,0,0,0,0,0,5.4688,4.1511,2.7258,2.0438,1.555,1,1,,8450,3.26
grid2:fineFlat,,,PR12_x2,holdout,4,1015,headon,vfield,af0419cb3b,ok,0,0,0,0,0,0,6.5018,2.7377,2.7258,2.0438,1.555,1,1,,8450,3.26
grid2:fineFlat,,,PR12_x2,holdout,4,1017,headon,vfield,af0419cb3b,ok,0,0,0,0,0,0,8.9313,1.1716,2.7258,2.0438,1.555,1,1,,8450,3.27
grid2:fineFlat,,,PR12_x2,holdout,4,1019,headon,vfield,af0419cb3b,ok,1,0,1,0,0,0,6.3862,0.3378,2.7258,2.0438,1.555,1,1,16.66,8450,3.27
grid2:fineFlat,,,PR12_x2,holdout,4,1021,headon,vfield,af0419cb3b,ok,0,0,0,0,0,0,6.8587,6.7088,2.7258,2.0438,1.555,1,1,,8450,3.26
grid2:fineFlat,,,PR12_x2,holdout,4,1023,headon,vfield,af0419cb3b,ok,1,0,1,0,0,0,2.3223,0.2325,2.7258,2.0438,1.555,1,1,19.48,8450,3.25
grid2:fineFlat,,,PR12_x2,holdout,4,1025,headon,vfield,af0419cb3b,ok,0,0,0,0,0,0,5.9443,5.7663,2.7258,2.0438,1.555,1,1,,8450,3.29
grid2:fineFlat,,,PR12_x2,holdout,4,1027,headon,vfield,af0419cb3b,ok,0,0,0,0,0,0,4.4977,2.2542,2.7258,2.0438,1.555,1,1,,8450,3.86
grid2:fineFlat,,,PR12_x2,holdout,4,1029,headon,vfield,af0419cb3b,ok,0,0,0,0,0,0,5.5233,7.9321,2.7258,2.0438,1.555,1,1,,8450,3.84
grid2:fineFlat,,,PR12_x2,holdout,4,1031,headon,vfield,af0419cb3b,ok,0,0,0,0,0,0,1.5742,7.9304,2.7258,2.0438,1.555,1,1,,8450,3.76
grid2:fineFlat,,,PR12_x2,holdout,4,1033,headon,vfield,af0419cb3b,ok,1,0,1,0,0,0,6.2232,0.8419,2.7258,2.0438,1.555,1,1,29.48,8450,3.64
grid2:fineFlat,,,PR12_x2,holdout,4,1035,headon,vfield,af0419cb3b,ok,0,0,0,0,0,0,3.6011,2.8356,2.7258,2.0438,1.555,1,1,,8450,3.29
grid2:fineFlat,,,PR12_x2,holdout,4,1037,headon,vfield,af0419cb3b,ok,1,0,0,1,0,0,0.0474,5.6048,2.7258,2.0438,1.555,1,1,18.08,8450,3.35
grid2:fineFlat,,,PR12_x2,holdout,4,1039,headon,vfield,af0419cb3b,ok,0,0,0,0,0,0,6.1368,2.4496,2.7258,2.0438,1.555,1,1,,8450,3.42
grid2:fineFlat,,,PR12_x2,holdout,4,1041,headon,vfield,af0419cb3b,ok,0,0,0,0,0,0,2.5159,1.2898,2.7258,2.0438,1.555,1,1,,8450,3.3
grid2:fineFlat,,,PR12_x2,holdout,4,1043,headon,vfield,af0419cb3b,ok,0,0,0,0,0,0,8.1113,5.6753,2.7258,2.0438,1.555,1,1,,8450,3.39
grid2:fineFlat,,,PR12_x2,holdout,4,1045,headon,vfield,af0419cb3b,ok,0,0,0,0,0,0,6.0609,1.9422,2.7258,2.0438,1.555,1,1,,8450,3.28
grid2:fineFlat,,,PR12_x2,holdout,4,1047,headon,vfield,af0419cb3b,ok,0,0,0,0,0,0,6.9556,6.7672,2.7258,2.0438,1.555,1,1,,8450,3.29
grid2:fineFlat,,,PR12_x2,holdout,4,1049,headon,vfield,af0419cb3b,ok,0,0,0,0,0,0,2.6204,6.4273,2.7258,2.0438,1.555,1,1,,8450,3.3
grid2:fineFlat,,,PR12_x2,holdout,4,1051,headon,vfield,af0419cb3b,ok,0,0,0,0,0,0,7.2921,3.2373,2.7258,2.0438,1.555,1,1,,8450,3.33
grid2:fineFlat,,,PR12_x2,holdout,4,1053,headon,vfield,af0419cb3b,ok,0,0,0,0,0,0,6.6066,5.4628,2.7258,2.0438,1.555,1,1,,8450,3.3
grid2:fineFlat,,,PR12_x2,holdout,4,1055,headon,vfield,af0419cb3b,ok,1,0,1,0,0,0,2.5897,0.0921,2.7258,2.0438,1.555,1,1,25.81,8450,3.26
grid2:fineFlat,,,PR12_x2,holdout,4,1057,headon,vfield,af0419cb3b,ok,0,0,0,0,0,0,1.7754,6.1381,2.7258,2.0438,1.555,1,1,,8450,3.26
grid2:fineFlat,,,PR12_x2,holdout,4,1059,headon,vfield,af0419cb3b,ok,0,0,0,0,0,0,5.4946,9.3727,2.7258,2.0438,1.555,1,1,,8450,3.28
grid2:fineFlat,,,PR13_x1,holdout,4,1001,headon,vfield,0e20c7b2e4,ok,0,0,0,0,0,0,6.0629,2.8134,2.7258,2.0438,1.555,1,1,,8450,3.25
grid2:fineFlat,,,PR13_x1,holdout,4,1003,headon,vfield,0e20c7b2e4,ok,0,0,0,0,0,0,6.8787,5.6258,2.7258,2.0438,1.555,1,1,,8450,3.25
grid2:fineFlat,,,PR13_x1,holdout,4,1005,headon,vfield,0e20c7b2e4,ok,0,0,0,0,0,0,4.1614,7.7969,2.7258,2.0438,1.555,1,1,,8450,3.25
grid2:fineFlat,,,PR13_x1,holdout,4,1007,headon,vfield,0e20c7b2e4,ok,0,0,0,0,0,0,6.1863,8.0995,2.7258,2.0438,1.555,1,1,,8450,3.25
grid2:fineFlat,,,PR13_x1,holdout,4,1009,headon,vfield,0e20c7b2e4,ok,0,0,0,0,0,0,8.2451,7.5164,2.7258,2.0438,1.555,1,1,,8450,3.25
grid2:fineFlat,,,PR13_x1,holdout,4,1011,headon,vfield,0e20c7b2e4,ok,0,0,0,0,0,0,1.9078,9.1364,2.7258,2.0438,1.555,1,1,,8450,3.25
grid2:fineFlat,,,PR13_x1,holdout,4,1013,headon,vfield,0e20c7b2e4,ok,1,0,1,0,0,0,2.5243,0.6048,2.7258,2.0438,1.555,1,1,11.57,8450,3.31
grid2:fineFlat,,,PR13_x1,holdout,4,1015,headon,vfield,0e20c7b2e4,ok,0,0,0,0,0,0,3.6702,1.5354,2.7258,2.0438,1.555,1,1,,8450,3.3
grid2:fineFlat,,,PR13_x1,holdout,4,1017,headon,vfield,0e20c7b2e4,ok,0,0,0,0,0,0,6.2418,6.3053,2.7258,2.0438,1.555,1,1,,8450,3.38
grid2:fineFlat,,,PR13_x1,holdout,4,1019,headon,vfield,0e20c7b2e4,ok,0,0,0,0,0,0,7.0456,5.0619,2.7258,2.0438,1.555,1,1,,8450,3.31
grid2:fineFlat,,,PR13_x1,holdout,4,1021,headon,vfield,0e20c7b2e4,ok,0,0,0,0,0,0,2.4621,4.2605,2.7258,2.0438,1.555,1,1,,8450,3.36
grid2:fineFlat,,,PR13_x1,holdout,4,1023,headon,vfield,0e20c7b2e4,ok,0,0,0,0,0,0,7.5389,8.2533,2.7258,2.0438,1.555,1,1,,8450,3.32
grid2:fineFlat,,,PR13_x1,holdout,4,1025,headon,vfield,0e20c7b2e4,ok,0,0,0,0,0,0,2.1351,6.0559,2.7258,2.0438,1.555,1,1,,8450,3.26
grid2:fineFlat,,,PR13_x1,holdout,4,1027,headon,vfield,0e20c7b2e4,ok,1,0,1,0,0,0,2.3807,0.254,2.7258,2.0438,1.555,1,1,11.84,8450,3.3
grid2:fineFlat,,,PR13_x1,holdout,4,1029,headon,vfield,0e20c7b2e4,ok,0,0,0,0,0,0,3.164,4.6275,2.7258,2.0438,1.555,1,1,,8450,3.27
grid2:fineFlat,,,PR13_x1,holdout,4,1031,headon,vfield,0e20c7b2e4,ok,0,0,0,0,0,0,4.6519,3.3539,2.7258,2.0438,1.555,1,1,,8450,3.29
grid2:fineFlat,,,PR13_x1,holdout,4,1033,headon,vfield,0e20c7b2e4,ok,0,0,0,0,0,0,5.5771,2.8388,2.7258,2.0438,1.555,1,1,,8450,3.29
grid2:fineFlat,,,PR13_x1,holdout,4,1035,headon,vfield,0e20c7b2e4,ok,0,0,0,0,0,0,6.2486,7.8855,2.7258,2.0438,1.555,1,1,,8450,3.26
grid2:fineFlat,,,PR13_x1,holdout,4,1037,headon,vfield,0e20c7b2e4,ok,0,0,0,0,0,0,5.582,4.9146,2.7258,2.0438,1.555,1,1,,8450,3.29
grid2:fineFlat,,,PR13_x1,holdout,4,1039,headon,vfield,0e20c7b2e4,ok,0,0,0,0,0,0,4.7032,8.348,2.7258,2.0438,1.555,1,1,,8450,3.27
grid2:fineFlat,,,PR13_x1,holdout,4,1041,headon,vfield,0e20c7b2e4,ok,0,0,0,0,0,0,1.1196,8.2335,2.7258,2.0438,1.555,1,1,,8450,3.29
grid2:fineFlat,,,PR13_x1,holdout,4,1043,headon,vfield,0e20c7b2e4,ok,0,0,0,0,0,0,5.637,1.9275,2.7258,2.0438,1.555,1,1,,8450,3.26
grid2:fineFlat,,,PR13_x1,holdout,4,1045,headon,vfield,0e20c7b2e4,ok,0,0,0,0,0,0,6.5115,4.9971,2.7258,2.0438,1.555,1,1,,8450,3.26
grid2:fineFlat,,,PR13_x1,holdout,4,1047,headon,vfield,0e20c7b2e4,ok,1,0,1,0,0,0,2.1891,0.4113,2.7258,2.0438,1.555,1,1,14.45,8450,3.27
grid2:fineFlat,,,PR13_x1,holdout,4,1049,headon,vfield,0e20c7b2e4,ok,0,0,0,0,0,0,8.6682,2.7795,2.7258,2.0438,1.555,1,1,,8450,3.27
grid2:fineFlat,,,PR13_x1,holdout,4,1051,headon,vfield,0e20c7b2e4,ok,0,0,0,0,0,0,3.3485,2.4139,2.7258,2.0438,1.555,1,1,,8450,3.27
grid2:fineFlat,,,PR13_x1,holdout,4,1053,headon,vfield,0e20c7b2e4,ok,0,0,0,0,0,0,2.9265,1.7352,2.7258,2.0438,1.555,1,1,,8450,3.29
grid2:fineFlat,,,PR13_x1,holdout,4,1055,headon,vfield,0e20c7b2e4,ok,0,0,0,0,0,0,6.6371,4.8501,2.7258,2.0438,1.555,1,1,,8450,3.34
grid2:fineFlat,,,PR13_x1,holdout,4,1057,headon,vfield,0e20c7b2e4,ok,0,0,0,0,0,0,5.3647,8.267,2.7258,2.0438,1.555,1,1,,8450,3.32
grid2:fineFlat,,,PR13_x1,holdout,4,1059,headon,vfield,0e20c7b2e4,ok,0,0,0,0,0,0,5.378,2.4191,2.7258,2.0438,1.555,1,1,,8450,3.3
grid2:fineFlat,,,PR13_x1.25,holdout,4,1001,headon,vfield,38a180779e,ok,0,0,0,0,0,0,8.02,10.8501,2.7258,2.0438,1.555,1,1,,8450,3.33
grid2:fineFlat,,,PR13_x1.25,holdout,4,1003,headon,vfield,38a180779e,ok,0,0,0,0,0,0,8.5852,10.2375,2.7258,2.0438,1.555,1,1,,8450,3.25
grid2:fineFlat,,,PR13_x1.25,holdout,4,1005,headon,vfield,38a180779e,ok,0,0,0,0,0,0,1.0646,9.9449,2.7258,2.0438,1.555,1,1,,8450,3.26
grid2:fineFlat,,,PR13_x1.25,holdout,4,1007,headon,vfield,38a180779e,ok,0,0,0,0,0,0,5.4374,6.7416,2.7258,2.0438,1.555,1,1,,8450,3.31
grid2:fineFlat,,,PR13_x1.25,holdout,4,1009,headon,vfield,38a180779e,ok,0,0,0,0,0,0,8.0176,7.1244,2.7258,2.0438,1.555,1,1,,8450,3.29
grid2:fineFlat,,,PR13_x1.25,holdout,4,1011,headon,vfield,38a180779e,ok,0,0,0,0,0,0,5.6234,2.4923,2.7258,2.0438,1.555,1,1,,8450,3.28
grid2:fineFlat,,,PR13_x1.25,holdout,4,1013,headon,vfield,38a180779e,ok,0,0,0,0,0,0,2.9682,4.9915,2.7258,2.0438,1.555,1,1,,8450,3.29
grid2:fineFlat,,,PR13_x1.25,holdout,4,1015,headon,vfield,38a180779e,ok,1,0,0,1,0,0,0.6394,3.5513,2.7258,2.0438,1.555,1,1,36.62,8450,3.27
grid2:fineFlat,,,PR13_x1.25,holdout,4,1017,headon,vfield,38a180779e,ok,0,0,0,0,0,0,1.4799,10.6467,2.7258,2.0438,1.555,1,1,,8450,3.27
grid2:fineFlat,,,PR13_x1.25,holdout,4,1019,headon,vfield,38a180779e,ok,0,0,0,0,0,0,6.5311,1.153,2.7258,2.0438,1.555,1,1,,8450,3.26
grid2:fineFlat,,,PR13_x1.25,holdout,4,1021,headon,vfield,38a180779e,ok,0,0,0,0,0,0,7.3224,11.2412,2.7258,2.0438,1.555,1,1,,8450,3.27
grid2:fineFlat,,,PR13_x1.25,holdout,4,1023,headon,vfield,38a180779e,ok,0,0,0,0,0,0,7.2123,4.4557,2.7258,2.0438,1.555,1,1,,8450,3.26
grid2:fineFlat,,,PR13_x1.25,holdout,4,1025,headon,vfield,38a180779e,ok,0,0,0,0,0,0,7.8757,7.3322,2.7258,2.0438,1.555,1,1,,8450,3.28
grid2:fineFlat,,,PR13_x1.25,holdout,4,1027,headon,vfield,38a180779e,ok,0,0,0,0,0,0,4.6514,8.7814,2.7258,2.0438,1.555,1,1,,8450,3.29
grid2:fineFlat,,,PR13_x1.25,holdout,4,1029,headon,vfield,38a180779e,ok,0,0,0,0,0,0,7.4687,2.8143,2.7258,2.0438,1.555,1,1,,8450,3.27
grid2:fineFlat,,,PR13_x1.25,holdout,4,1031,headon,vfield,38a180779e,ok,0,0,0,0,0,0,5.4336,8.1668,2.7258,2.0438,1.555,1,1,,8450,3.27
grid2:fineFlat,,,PR13_x1.25,holdout,4,1033,headon,vfield,38a180779e,ok,0,0,0,0,0,0,7.5433,2.2312,2.7258,2.0438,1.555,1,1,,8450,3.27
grid2:fineFlat,,,PR13_x1.25,holdout,4,1035,headon,vfield,38a180779e,ok,0,0,0,0,0,0,3.031,7.4593,2.7258,2.0438,1.555,1,1,,8450,3.27
grid2:fineFlat,,,PR13_x1.25,holdout,4,1037,headon,vfield,38a180779e,ok,0,0,0,0,0,0,6.6079,3.2636,2.7258,2.0438,1.555,1,1,,8450,3.27
grid2:fineFlat,,,PR13_x1.25,holdout,4,1039,headon,vfield,38a180779e,ok,0,0,0,0,0,0,3.282,8.5659,2.7258,2.0438,1.555,1,1,,8450,3.24
grid2:fineFlat,,,PR13_x1.25,holdout,4,1041,headon,vfield,38a180779e,ok,0,0,0,0,0,0,3.8803,8.929,2.7258,2.0438,1.555,1,1,,8450,3.26
grid2:fineFlat,,,PR13_x1.25,holdout,4,1043,headon,vfield,38a180779e,ok,0,0,0,0,0,0,6.2213,9.9229,2.7258,2.0438,1.555,1,1,,8450,3.24
grid2:fineFlat,,,PR13_x1.25,holdout,4,1045,headon,vfield,38a180779e,ok,0,0,0,0,0,0,7.4934,6.2762,2.7258,2.0438,1.555,1,1,,8450,3.27
grid2:fineFlat,,,PR13_x1.25,holdout,4,1047,headon,vfield,38a180779e,ok,0,0,0,0,0,0,6.4108,8.5024,2.7258,2.0438,1.555,1,1,,8450,3.27
grid2:fineFlat,,,PR13_x1.25,holdout,4,1049,headon,vfield,38a180779e,ok,0,0,0,0,0,0,8.8861,11.1087,2.7258,2.0438,1.555,1,1,,8450,3.27
grid2:fineFlat,,,PR13_x1.25,holdout,4,1051,headon,vfield,38a180779e,ok,0,0,0,0,0,0,8.1848,9.65,2.7258,2.0438,1.555,1,1,,8450,3.27
grid2:fineFlat,,,PR13_x1.25,holdout,4,1053,headon,vfield,38a180779e,ok,0,0,0,0,0,0,5.3126,8.0307,2.7258,2.0438,1.555,1,1,,8450,3.29
grid2:fineFlat,,,PR13_x1.25,holdout,4,1055,headon,vfield,38a180779e,ok,0,0,0,0,0,0,7.8579,10.1001,2.7258,2.0438,1.555,1,1,,8450,3.26
grid2:fineFlat,,,PR13_x1.25,holdout,4,1057,headon,vfield,38a180779e,ok,0,0,0,0,0,0,1.1709,1.4062,2.7258,2.0438,1.555,1,1,,8450,3.28
grid2:fineFlat,,,PR13_x1.25,holdout,4,1059,headon,vfield,38a180779e,ok,0,0,0,0,0,0,9.876,9.3683,2.7258,2.0438,1.555,1,1,,8450,3.27
grid2:fineFlat,,,PR13_x1.5,holdout,4,1001,headon,vfield,255936c422,ok,0,0,0,0,0,0,4.2091,10.6058,2.7258,2.0438,1.555,1,1,,8450,3.29
grid2:fineFlat,,,PR13_x1.5,holdout,4,1003,headon,vfield,255936c422,ok,0,0,0,0,0,0,4.2805,9.7843,2.7258,2.0438,1.555,1,1,,8450,3.29
grid2:fineFlat,,,PR13_x1.5,holdout,4,1005,headon,vfield,255936c422,ok,0,0,0,0,0,0,3.8523,5.3486,2.7258,2.0438,1.555,1,1,,8450,3.28
grid2:fineFlat,,,PR13_x1.5,holdout,4,1007,headon,vfield,255936c422,ok,0,0,0,0,0,0,5.7871,5.8811,2.7258,2.0438,1.555,1,1,,8450,3.27
grid2:fineFlat,,,PR13_x1.5,holdout,4,1009,headon,vfield,255936c422,ok,0,0,0,0,0,0,5.345,8.7546,2.7258,2.0438,1.555,1,1,,8450,3.29
grid2:fineFlat,,,PR13_x1.5,holdout,4,1011,headon,vfield,255936c422,ok,0,0,0,0,0,0,6.3724,5.7629,2.7258,2.0438,1.555,1,1,,8450,3.27
grid2:fineFlat,,,PR13_x1.5,holdout,4,1013,headon,vfield,255936c422,ok,0,0,0,0,0,0,4.2623,8.7063,2.7258,2.0438,1.555,1,1,,8450,3.28
grid2:fineFlat,,,PR13_x1.5,holdout,4,1015,headon,vfield,255936c422,ok,0,0,0,0,0,0,6.4094,5.7698,2.7258,2.0438,1.555,1,1,,8450,3.26
grid2:fineFlat,,,PR13_x1.5,holdout,4,1017,headon,vfield,255936c422,ok,0,0,0,0,0,0,4.2992,11.3068,2.7258,2.0438,1.555,1,1,,8450,3.28
grid2:fineFlat,,,PR13_x1.5,holdout,4,1019,headon,vfield,255936c422,ok,1,0,1,0,0,0,6.4925,0.059,2.7258,2.0438,1.555,1,1,17.0,8450,3.29
grid2:fineFlat,,,PR13_x1.5,holdout,4,1021,headon,vfield,255936c422,ok,0,0,0,0,0,0,5.297,9.0079,2.7258,2.0438,1.555,1,1,,8450,3.27
grid2:fineFlat,,,PR13_x1.5,holdout,4,1023,headon,vfield,255936c422,ok,0,0,0,0,0,0,6.7381,7.262,2.7258,2.0438,1.555,1,1,,8450,3.28
grid2:fineFlat,,,PR13_x1.5,holdout,4,1025,headon,vfield,255936c422,ok,0,0,0,0,0,0,8.4477,9.215,2.7258,2.0438,1.555,1,1,,8450,3.28
grid2:fineFlat,,,PR13_x1.5,holdout,4,1027,headon,vfield,255936c422,ok,0,0,0,0,0,0,4.1993,10.6841,2.7258,2.0438,1.555,1,1,,8450,3.28
grid2:fineFlat,,,PR13_x1.5,holdout,4,1029,headon,vfield,255936c422,ok,0,0,0,0,0,0,5.5223,9.4212,2.7258,2.0438,1.555,1,1,,8450,3.35
grid2:fineFlat,,,PR13_x1.5,holdout,4,1031,headon,vfield,255936c422,ok,0,0,0,0,0,0,7.3432,7.2451,2.7258,2.0438,1.555,1,1,,8450,3.26
grid2:fineFlat,,,PR13_x1.5,holdout,4,1033,headon,vfield,255936c422,ok,0,0,0,0,0,0,8.3776,5.4055,2.7258,2.0438,1.555,1,1,,8450,3.27
grid2:fineFlat,,,PR13_x1.5,holdout,4,1035,headon,vfield,255936c422,ok,0,0,0,0,0,0,1.6913,2.4222,2.7258,2.0438,1.555,1,1,,8450,3.3
grid2:fineFlat,,,PR13_x1.5,holdout,4,1037,headon,vfield,255936c422,ok,0,0,0,0,0,0,4.2729,9.2602,2.7258,2.0438,1.555,1,1,,8450,3.26
grid2:fineFlat,,,PR13_x1.5,holdout,4,1039,headon,vfield,255936c422,ok,0,0,0,0,0,0,8.3483,8.8031,2.7258,2.0438,1.555,1,1,,8450,3.37
grid2:fineFlat,,,PR13_x1.5,holdout,4,1041,headon,vfield,255936c422,ok,0,0,0,0,0,0,5.6325,10.9169,2.7258,2.0438,1.555,1,1,,8450,3.29
grid2:fineFlat,,,PR13_x1.5,holdout,4,1043,headon,vfield,255936c422,ok,0,0,0,0,0,0,6.6009,9.2444,2.7258,2.0438,1.555,1,1,,8450,3.26
grid2:fineFlat,,,PR13_x1.5,holdout,4,1045,headon,vfield,255936c422,ok,0,0,0,0,0,0,6.2288,7.6278,2.7258,2.0438,1.555,1,1,,8450,3.29
grid2:fineFlat,,,PR13_x1.5,holdout,4,1047,headon,vfield,255936c422,ok,0,0,0,0,0,0,4.3044,7.9059,2.7258,2.0438,1.555,1,1,,8450,3.27
grid2:fineFlat,,,PR13_x1.5,holdout,4,1049,headon,vfield,255936c422,ok,0,0,0,0,0,0,6.8287,10.0012,2.7258,2.0438,1.555,1,1,,8450,3.33
grid2:fineFlat,,,PR13_x1.5,holdout,4,1051,headon,vfield,255936c422,ok,0,0,0,0,0,0,7.3403,10.1219,2.7258,2.0438,1.555,1,1,,8450,3.27
grid2:fineFlat,,,PR13_x1.5,holdout,4,1053,headon,vfield,255936c422,ok,1,0,1,0,0,0,3.1536,0.6436,2.7258,2.0438,1.555,1,1,17.03,8450,3.3
grid2:fineFlat,,,PR13_x1.5,holdout,4,1055,headon,vfield,255936c422,ok,0,0,0,0,0,0,8.3141,9.2755,2.7258,2.0438,1.555,1,1,,8450,3.29
grid2:fineFlat,,,PR13_x1.5,holdout,4,1057,headon,vfield,255936c422,ok,0,0,0,0,0,0,3.9604,4.6592,2.7258,2.0438,1.555,1,1,,8450,3.28
grid2:fineFlat,,,PR13_x1.5,holdout,4,1059,headon,vfield,255936c422,ok,0,0,0,0,0,0,3.8184,11.0517,2.7258,2.0438,1.555,1,1,,8450,3.27
grid2:fineFlat,,,PR13_x2,holdout,4,1001,headon,vfield,b63194d9fa,ok,0,0,0,0,0,0,9.471,2.9039,2.7258,2.0438,1.555,1,1,,8450,3.26
grid2:fineFlat,,,PR13_x2,holdout,4,1003,headon,vfield,b63194d9fa,ok,0,0,0,0,0,0,2.4919,4.5145,2.7258,2.0438,1.555,1,1,,8450,3.3
grid2:fineFlat,,,PR13_x2,holdout,4,1005,headon,vfield,b63194d9fa,ok,0,0,0,0,0,0,4.4305,10.3492,2.7258,2.0438,1.555,1,1,,8450,3.27
grid2:fineFlat,,,PR13_x2,holdout,4,1007,headon,vfield,b63194d9fa,ok,0,0,0,0,0,0,8.0033,2.97,2.7258,2.0438,1.555,1,1,,8450,3.3
grid2:fineFlat,,,PR13_x2,holdout,4,1009,headon,vfield,b63194d9fa,ok,0,0,0,0,0,0,5.0324,5.8628,2.7258,2.0438,1.555,1,1,,8450,3.26
grid2:fineFlat,,,PR13_x2,holdout,4,1011,headon,vfield,b63194d9fa,ok,0,0,0,0,0,0,4.8419,6.9617,2.7258,2.0438,1.555,1,1,,8450,3.26
grid2:fineFlat,,,PR13_x2,holdout,4,1013,headon,vfield,b63194d9fa,ok,0,0,0,0,0,0,4.3184,7.1051,2.7258,2.0438,1.555,1,1,,8450,3.3
grid2:fineFlat,,,PR13_x2,holdout,4,1015,headon,vfield,b63194d9fa,ok,0,0,0,0,0,0,3.7644,4.5881,2.7258,2.0438,1.555,1,1,,8450,3.33
grid2:fineFlat,,,PR13_x2,holdout,4,1017,headon,vfield,b63194d9fa,ok,0,0,0,0,0,0,6.7108,6.1611,2.7258,2.0438,1.555,1,1,,8450,3.28
grid2:fineFlat,,,PR13_x2,holdout,4,1019,headon,vfield,b63194d9fa,ok,0,0,0,0,0,0,6.5677,1.9114,2.7258,2.0438,1.555,1,1,,8450,3.28
grid2:fineFlat,,,PR13_x2,holdout,4,1021,headon,vfield,b63194d9fa,ok,0,0,0,0,0,0,6.833,5.0206,2.7258,2.0438,1.555,1,1,,8450,3.28
grid2:fineFlat,,,PR13_x2,holdout,4,1023,headon,vfield,b63194d9fa,ok,0,0,0,0,0,0,3.4754,3.3815,2.7258,2.0438,1.555,1,1,,8450,3.83
grid2:fineFlat,,,PR13_x2,holdout,4,1025,headon,vfield,b63194d9fa,ok,0,0,0,0,0,0,4.3441,6.9929,2.7258,2.0438,1.555,1,1,,8450,3.31
grid2:fineFlat,,,PR13_x2,holdout,4,1027,headon,vfield,b63194d9fa,ok,0,0,0,0,0,0,6.6089,2.8942,2.7258,2.0438,1.555,1,1,,8450,3.27
grid2:fineFlat,,,PR13_x2,holdout,4,1029,headon,vfield,b63194d9fa,ok,0,0,0,0,0,0,6.0799,3.0139,2.7258,2.0438,1.555,1,1,,8450,3.29
grid2:fineFlat,,,PR13_x2,holdout,4,1031,headon,vfield,b63194d9fa,ok,0,0,0,0,0,0,4.9092,3.9733,2.7258,2.0438,1.555,1,1,,8450,3.28
grid2:fineFlat,,,PR13_x2,holdout,4,1033,headon,vfield,b63194d9fa,ok,0,0,0,0,0,0,4.3183,6.1504,2.7258,2.0438,1.555,1,1,,8450,3.3
grid2:fineFlat,,,PR13_x2,holdout,4,1035,headon,vfield,b63194d9fa,ok,0,0,0,0,0,0,4.0618,2.2901,2.7258,2.0438,1.555,1,1,,8450,3.27
grid2:fineFlat,,,PR13_x2,holdout,4,1037,headon,vfield,b63194d9fa,ok,0,0,0,0,0,0,1.5079,2.6194,2.7258,2.0438,1.555,1,1,,8450,3.26
grid2:fineFlat,,,PR13_x2,holdout,4,1039,headon,vfield,b63194d9fa,ok,0,0,0,0,0,0,5.5616,7.6931,2.7258,2.0438,1.555,1,1,,8450,3.27
grid2:fineFlat,,,PR13_x2,holdout,4,1041,headon,vfield,b63194d9fa,ok,0,0,0,0,0,0,5.3483,8.7468,2.7258,2.0438,1.555,1,1,,8450,3.26
grid2:fineFlat,,,PR13_x2,holdout,4,1043,headon,vfield,b63194d9fa,ok,0,0,0,0,0,0,6.8697,5.8188,2.7258,2.0438,1.555,1,1,,8450,3.26
grid2:fineFlat,,,PR13_x2,holdout,4,1045,headon,vfield,b63194d9fa,ok,1,0,1,0,0,0,4.8671,0.4365,2.7258,2.0438,1.555,1,1,18.46,8450,3.26
grid2:fineFlat,,,PR13_x2,holdout,4,1047,headon,vfield,b63194d9fa,ok,0,0,0,0,0,0,6.5787,8.1524,2.7258,2.0438,1.555,1,1,,8450,3.44
grid2:fineFlat,,,PR13_x2,holdout,4,1049,headon,vfield,b63194d9fa,ok,0,0,0,0,0,0,7.2262,4.5665,2.7258,2.0438,1.555,1,1,,8450,3.44
grid2:fineFlat,,,PR13_x2,holdout,4,1051,headon,vfield,b63194d9fa,ok,0,0,0,0,0,0,5.0221,5.2408,2.7258,2.0438,1.555,1,1,,8450,3.42
grid2:fineFlat,,,PR13_x2,holdout,4,1053,headon,vfield,b63194d9fa,ok,0,0,0,0,0,0,5.5079,6.1823,2.7258,2.0438,1.555,1,1,,8450,3.63
grid2:fineFlat,,,PR13_x2,holdout,4,1055,headon,vfield,b63194d9fa,ok,0,0,0,0,0,0,2.9223,8.7651,2.7258,2.0438,1.555,1,1,,8450,3.29
grid2:fineFlat,,,PR13_x2,holdout,4,1057,headon,vfield,b63194d9fa,ok,0,0,0,0,0,0,7.2656,7.916,2.7258,2.0438,1.555,1,1,,8450,3.45
grid2:fineFlat,,,PR13_x2,holdout,4,1059,headon,vfield,b63194d9fa,ok,0,0,0,0,0,0,3.2317,9.1669,2.7258,2.0438,1.555,1,1,,8450,3.29
