mode,param,value,label,split,nFan,seed,geometry,guidance,configHash,status,totalCollisions,fanOwnCap,fanForeignCap,fanFanSame,fanFanCross,leaderLeader,minFanFanGap,minFanCapGap,minLeaderGap,redRMS,goldRMS,firstCollisionRelCPA,steps,runtimeSec
grid,,,PR8_x1,holdout,3,1001,headon,vfield,d2f987c9b6,ok,0,0,0,0,0,0,4.8728,1.5694,2.7258,2.0438,1.555,,8450,3.62
grid,,,PR8_x1,holdout,3,1003,headon,vfield,d2f987c9b6,ok,0,0,0,0,0,0,4.0775,3.4577,2.7258,2.0438,1.555,,8450,3.52
grid,,,PR8_x1,holdout,3,1005,headon,vfield,d2f987c9b6,ok,0,0,0,0,0,0,6.6095,3.5199,2.7258,2.0438,1.555,,8450,3.53
grid,,,PR8_x1,holdout,3,1007,headon,vfield,d2f987c9b6,ok,0,0,0,0,0,0,5.9272,4.4762,2.7258,2.0438,1.555,,8450,3.59
grid,,,PR8_x1,holdout,3,1009,headon,vfield,d2f987c9b6,ok,0,0,0,0,0,0,7.3781,2.6829,2.7258,2.0438,1.555,,8450,3.53
grid,,,PR8_x1,holdout,3,1011,headon,vfield,d2f987c9b6,ok,0,0,0,0,0,0,9.1508,6.6315,2.7258,2.0438,1.555,,8450,3.48
grid,,,PR8_x1,holdout,3,1013,headon,vfield,d2f987c9b6,ok,0,0,0,0,0,0,11.0604,8.7712,2.7258,2.0438,1.555,,8450,3.58
grid,,,PR8_x1,holdout,3,1015,headon,vfield,d2f987c9b6,ok,1,0,0,0,1,0,0.9498,10.2818,2.7258,2.0438,1.555,23.92,8450,3.5
grid,,,PR8_x1,holdout,3,1017,headon,vfield,d2f987c9b6,ok,0,0,0,0,0,0,7.977,8.5603,2.7258,2.0438,1.555,,8450,3.48
grid,,,PR8_x1,holdout,3,1019,headon,vfield,d2f987c9b6,ok,0,0,0,0,0,0,2.2879,3.1735,2.7258,2.0438,1.555,,8450,3.52
grid,,,PR8_x1,holdout,3,1021,headon,vfield,d2f987c9b6,ok,0,0,0,0,0,0,5.2474,7.1235,2.7258,2.0438,1.555,,8450,3.5
grid,,,PR8_x1,holdout,3,1023,headon,vfield,d2f987c9b6,ok,1,0,1,0,0,0,3.5966,0.3679,2.7258,2.0438,1.555,19.42,8450,3.49
grid,,,PR8_x1,holdout,3,1025,headon,vfield,d2f987c9b6,ok,0,0,0,0,0,0,2.8003,6.6016,2.7258,2.0438,1.555,,8450,3.5
grid,,,PR8_x1,holdout,3,1027,headon,vfield,d2f987c9b6,ok,0,0,0,0,0,0,8.1747,2.3114,2.7258,2.0438,1.555,,8450,3.48
grid,,,PR8_x1,holdout,3,1029,headon,vfield,d2f987c9b6,ok,1,0,1,0,0,0,8.1293,0.1308,2.7258,2.0438,1.555,16.78,8450,3.49
grid,,,PR8_x1,holdout,3,1031,headon,vfield,d2f987c9b6,ok,0,0,0,0,0,0,4.4236,8.032,2.7258,2.0438,1.555,,8450,3.52
grid,,,PR8_x1,holdout,3,1033,headon,vfield,d2f987c9b6,ok,0,0,0,0,0,0,2.919,2.1963,2.7258,2.0438,1.555,,8450,3.49
grid,,,PR8_x1,holdout,3,1035,headon,vfield,d2f987c9b6,ok,2,0,2,0,0,0,3.3578,0.1057,2.7258,2.0438,1.555,6.91,8450,3.48
grid,,,PR8_x1,holdout,3,1037,headon,vfield,d2f987c9b6,ok,0,0,0,0,0,0,4.9819,2.8421,2.7258,2.0438,1.555,,8450,3.48
grid,,,PR8_x1,holdout,3,1039,headon,vfield,d2f987c9b6,ok,0,0,0,0,0,0,5.3704,5.4522,2.7258,2.0438,1.555,,8450,3.49
grid,,,PR8_x1,holdout,3,1041,headon,vfield,d2f987c9b6,ok,0,0,0,0,0,0,5.8519,3.5566,2.7258,2.0438,1.555,,8450,3.52
grid,,,PR8_x1,holdout,3,1043,headon,vfield,d2f987c9b6,ok,0,0,0,0,0,0,8.9716,5.5321,2.7258,2.0438,1.555,,8450,3.66
grid,,,PR8_x1,holdout,3,1045,headon,vfield,d2f987c9b6,ok,0,0,0,0,0,0,9.0268,3.9512,2.7258,2.0438,1.555,,8450,3.75
grid,,,PR8_x1,holdout,3,1047,headon,vfield,d2f987c9b6,ok,0,0,0,0,0,0,6.7563,7.6066,2.7258,2.0438,1.555,,8450,3.6
grid,,,PR8_x1,holdout,3,1049,headon,vfield,d2f987c9b6,ok,0,0,0,0,0,0,7.5549,4.0359,2.7258,2.0438,1.555,,8450,3.53
grid,,,PR8_x1,holdout,3,1051,headon,vfield,d2f987c9b6,ok,0,0,0,0,0,0,6.8604,5.1295,2.7258,2.0438,1.555,,8450,3.62
grid,,,PR8_x1,holdout,3,1053,headon,vfield,d2f987c9b6,ok,0,0,0,0,0,0,8.4473,8.6263,2.7258,2.0438,1.555,,8450,3.62
grid,,,PR8_x1,holdout,3,1055,headon,vfield,d2f987c9b6,ok,0,0,0,0,0,0,9.6579,3.2088,2.7258,2.0438,1.555,,8450,3.6
grid,,,PR8_x1,holdout,3,1057,headon,vfield,d2f987c9b6,ok,1,0,1,0,0,0,8.1913,0.1585,2.7258,2.0438,1.555,7.43,8450,3.75
grid,,,PR8_x1,holdout,3,1059,headon,vfield,d2f987c9b6,ok,0,0,0,0,0,0,4.5054,7.857,2.7258,2.0438,1.555,,8450,3.68
grid,,,PR8_x1.25,holdout,3,1001,headon,vfield,47e9ffd77b,ok,0,0,0,0,0,0,3.4733,10.6654,2.7258,2.0438,1.555,,8450,3.55
grid,,,PR8_x1.25,holdout,3,1003,headon,vfield,47e9ffd77b,ok,0,0,0,0,0,0,4.4995,5.2005,2.7258,2.0438,1.555,,8450,3.57
grid,,,PR8_x1.25,holdout,3,1005,headon,vfield,47e9ffd77b,ok,0,0,0,0,0,0,3.2424,8.4312,2.7258,2.0438,1.555,,8450,3.53
grid,,,PR8_x1.25,holdout,3,1007,headon,vfield,47e9ffd77b,ok,0,0,0,0,0,0,6.1254,3.5375,2.7258,2.0438,1.555,,8450,3.62
grid,,,PR8_x1.25,holdout,3,1009,headon,vfield,47e9ffd77b,ok,0,0,0,0,0,0,6.1302,2.8196,2.7258,2.0438,1.555,,8450,3.69
grid,,,PR8_x1.25,holdout,3,1011,headon,vfield,47e9ffd77b,ok,0,0,0,0,0,0,6.9358,1.7637,2.7258,2.0438,1.555,,8450,3.68
grid,,,PR8_x1.25,holdout,3,1013,headon,vfield,47e9ffd77b,ok,0,0,0,0,0,0,3.7291,4.1397,2.7258,2.0438,1.555,,8450,3.65
grid,,,PR8_x1.25,holdout,3,1015,headon,vfield,47e9ffd77b,ok,0,0,0,0,0,0,8.2218,4.066,2.7258,2.0438,1.555,,8450,3.72
grid,,,PR8_x1.25,holdout,3,1017,headon,vfield,47e9ffd77b,ok,1,0,0,1,0,0,0.096,2.3865,2.7258,2.0438,1.555,40.12,8450,3.5
grid,,,PR8_x1.25,holdout,3,1019,headon,vfield,47e9ffd77b,ok,0,0,0,0,0,0,8.8021,2.6042,2.7258,2.0438,1.555,,8450,3.49
grid,,,PR8_x1.25,holdout,3,1021,headon,vfield,47e9ffd77b,ok,0,0,0,0,0,0,6.3004,1.9165,2.7258,2.0438,1.555,,8450,3.49
grid,,,PR8_x1.25,holdout,3,1023,headon,vfield,47e9ffd77b,ok,0,0,0,0,0,0,1.4244,6.8624,2.7258,2.0438,1.555,,8450,3.49
grid,,,PR8_x1.25,holdout,3,1025,headon,vfield,47e9ffd77b,ok,0,0,0,0,0,0,3.0315,1.7547,2.7258,2.0438,1.555,,8450,3.49
grid,,,PR8_x1.25,holdout,3,1027,headon,vfield,47e9ffd77b,ok,0,0,0,0,0,0,8.4639,2.1485,2.7258,2.0438,1.555,,8450,3.47
grid,,,PR8_x1.25,holdout,3,1029,headon,vfield,47e9ffd77b,ok,0,0,0,0,0,0,7.4825,7.1225,2.7258,2.0438,1.555,,8450,3.46
grid,,,PR8_x1.25,holdout,3,1031,headon,vfield,47e9ffd77b,ok,0,0,0,0,0,0,2.5461,6.2507,2.7258,2.0438,1.555,,8450,3.47
grid,,,PR8_x1.25,holdout,3,1033,headon,vfield,47e9ffd77b,ok,0,0,0,0,0,0,2.7384,4.5388,2.7258,2.0438,1.555,,8450,3.47
grid,,,PR8_x1.25,holdout,3,1035,headon,vfield,47e9ffd77b,ok,1,0,0,1,0,0,0.5159,1.5754,2.7258,2.0438,1.555,25.77,8450,3.47
grid,,,PR8_x1.25,holdout,3,1037,headon,vfield,47e9ffd77b,ok,0,0,0,0,0,0,6.6236,5.0379,2.7258,2.0438,1.555,,8450,3.5
grid,,,PR8_x1.25,holdout,3,1039,headon,vfield,47e9ffd77b,ok,0,0,0,0,0,0,5.4073,1.1228,2.7258,2.0438,1.555,,8450,3.5
grid,,,PR8_x1.25,holdout,3,1041,headon,vfield,47e9ffd77b,ok,0,0,0,0,0,0,8.1645,4.4858,2.7258,2.0438,1.555,,8450,3.49
grid,,,PR8_x1.25,holdout,3,1043,headon,vfield,47e9ffd77b,ok,0,0,0,0,0,0,1.5411,3.1936,2.7258,2.0438,1.555,,8450,3.47
grid,,,PR8_x1.25,holdout,3,1045,headon,vfield,47e9ffd77b,ok,0,0,0,0,0,0,6.4859,2.611,2.7258,2.0438,1.555,,8450,3.47
grid,,,PR8_x1.25,holdout,3,1047,headon,vfield,47e9ffd77b,ok,1,0,1,0,0,0,1.4187,0.8886,2.7258,2.0438,1.555,17.92,8450,3.47
grid,,,PR8_x1.25,holdout,3,1049,headon,vfield,47e9ffd77b,ok,0,0,0,0,0,0,6.2988,9.1488,2.7258,2.0438,1.555,,8450,3.47
grid,,,PR8_x1.25,holdout,3,1051,headon,vfield,47e9ffd77b,ok,0,0,0,0,0,0,1.0494,4.9271,2.7258,2.0438,1.555,,8450,3.48
grid,,,PR8_x1.25,holdout,3,1053,headon,vfield,47e9ffd77b,ok,0,0,0,0,0,0,8.8304,9.4534,2.7258,2.0438,1.555,,8450,3.47
grid,,,PR8_x1.25,holdout,3,1055,headon,vfield,47e9ffd77b,ok,0,0,0,0,0,0,3.2372,4.7081,2.7258,2.0438,1.555,,8450,3.48
grid,,,PR8_x1.25,holdout,3,1057,headon,vfield,47e9ffd77b,ok,1,0,1,0,0,0,1.6526,0.2902,2.7258,2.0438,1.555,6.87,8450,3.47
grid,,,PR8_x1.25,holdout,3,1059,headon,vfield,47e9ffd77b,ok,0,0,0,0,0,0,10.2104,3.9039,2.7258,2.0438,1.555,,8450,3.5
grid,,,PR8_x1.5,holdout,3,1001,headon,vfield,97f9bc16d5,ok,0,0,0,0,0,0,11.3778,5.5685,2.7258,2.0438,1.555,,8450,3.48
grid,,,PR8_x1.5,holdout,3,1003,headon,vfield,97f9bc16d5,ok,2,0,2,0,0,0,4.9987,0.2421,2.7258,2.0438,1.555,7.47,8450,3.47
grid,,,PR8_x1.5,holdout,3,1005,headon,vfield,97f9bc16d5,ok,0,0,0,0,0,0,7.4636,7.0519,2.7258,2.0438,1.555,,8450,3.48
grid,,,PR8_x1.5,holdout,3,1007,headon,vfield,97f9bc16d5,ok,0,0,0,0,0,0,3.845,4.6657,2.7258,2.0438,1.555,,8450,3.48
grid,,,PR8_x1.5,holdout,3,1009,headon,vfield,97f9bc16d5,ok,0,0,0,0,0,0,5.8438,5.1523,2.7258,2.0438,1.555,,8450,3.46
grid,,,PR8_x1.5,holdout,3,1011,headon,vfield,97f9bc16d5,ok,0,0,0,0,0,0,3.9759,7.7165,2.7258,2.0438,1.555,,8450,3.47
grid,,,PR8_x1.5,holdout,3,1013,headon,vfield,97f9bc16d5,ok,0,0,0,0,0,0,5.3543,4.4881,2.7258,2.0438,1.555,,8450,3.48
grid,,,PR8_x1.5,holdout,3,1015,headon,vfield,97f9bc16d5,ok,0,0,0,0,0,0,9.39,6.7769,2.7258,2.0438,1.555,,8450,3.48
grid,,,PR8_x1.5,holdout,3,1017,headon,vfield,97f9bc16d5,ok,0,0,0,0,0,0,7.7234,5.6154,2.7258,2.0438,1.555,,8450,3.51
grid,,,PR8_x1.5,holdout,3,1019,headon,vfield,97f9bc16d5,ok,0,0,0,0,0,0,8.2411,7.9604,2.7258,2.0438,1.555,,8450,3.53
grid,,,PR8_x1.5,holdout,3,1021,headon,vfield,97f9bc16d5,ok,0,0,0,0,0,0,4.9978,5.173,2.7258,2.0438,1.555,,8450,3.47
grid,,,PR8_x1.5,holdout,3,1023,headon,vfield,97f9bc16d5,ok,1,0,0,1,0,0,0.9109,5.4956,2.7258,2.0438,1.555,36.05,8450,3.47
grid,,,PR8_x1.5,holdout,3,1025,headon,vfield,97f9bc16d5,ok,0,0,0,0,0,0,7.229,8.5857,2.7258,2.0438,1.555,,8450,3.47
grid,,,PR8_x1.5,holdout,3,1027,headon,vfield,97f9bc16d5,ok,0,0,0,0,0,0,1.5433,6.9111,2.7258,2.0438,1.555,,8450,3.48
grid,,,PR8_x1.5,holdout,3,1029,headon,vfield,97f9bc16d5,ok,0,0,0,0,0,0,5.7766,3.6128,2.7258,2.0438,1.555,,8450,3.46
grid,,,PR8_x1.5,holdout,3,1031,headon,vfield,97f9bc16d5,ok,0,0,0,0,0,0,11.6349,4.4568,2.7258,2.0438,1.555,,8450,3.47
grid,,,PR8_x1.5,holdout,3,1033,headon,vfield,97f9bc16d5,ok,0,0,0,0,0,0,5.8295,3.2871,2.7258,2.0438,1.555,,8450,3.45
grid,,,PR8_x1.5,holdout,3,1035,headon,vfield,97f9bc16d5,ok,0,0,0,0,0,0,5.2537,1.3928,2.7258,2.0438,1.555,,8450,3.47
grid,,,PR8_x1.5,holdout,3,1037,headon,vfield,97f9bc16d5,ok,0,0,0,0,0,0,11.9527,2.6171,2.7258,2.0438,1.555,,8450,3.5
grid,,,PR8_x1.5,holdout,3,1039,headon,vfield,97f9bc16d5,ok,0,0,0,0,0,0,5.6617,2.1127,2.7258,2.0438,1.555,,8450,3.47
grid,,,PR8_x1.5,holdout,3,1041,headon,vfield,97f9bc16d5,ok,0,0,0,0,0,0,3.8987,2.9287,2.7258,2.0438,1.555,,8450,3.48
grid,,,PR8_x1.5,holdout,3,1043,headon,vfield,97f9bc16d5,ok,1,0,1,0,0,0,3.9837,0.9999,2.7258,2.0438,1.555,-1.4,8450,3.48
grid,,,PR8_x1.5,holdout,3,1045,headon,vfield,97f9bc16d5,ok,0,0,0,0,0,0,7.8035,4.1992,2.7258,2.0438,1.555,,8450,3.59
grid,,,PR8_x1.5,holdout,3,1047,headon,vfield,97f9bc16d5,ok,0,0,0,0,0,0,4.5415,3.6371,2.7258,2.0438,1.555,,8450,3.59
grid,,,PR8_x1.5,holdout,3,1049,headon,vfield,97f9bc16d5,ok,0,0,0,0,0,0,1.9996,1.8678,2.7258,2.0438,1.555,,8450,3.61
grid,,,PR8_x1.5,holdout,3,1051,headon,vfield,97f9bc16d5,ok,0,0,0,0,0,0,7.1592,6.1332,2.7258,2.0438,1.555,,8450,3.59
grid,,,PR8_x1.5,holdout,3,1053,headon,vfield,97f9bc16d5,ok,0,0,0,0,0,0,5.9858,8.1907,2.7258,2.0438,1.555,,8450,3.59
grid,,,PR8_x1.5,holdout,3,1055,headon,vfield,97f9bc16d5,ok,0,0,0,0,0,0,6.7615,8.8061,2.7258,2.0438,1.555,,8450,3.52
grid,,,PR8_x1.5,holdout,3,1057,headon,vfield,97f9bc16d5,ok,0,0,0,0,0,0,1.1001,2.1618,2.7258,2.0438,1.555,,8450,3.51
grid,,,PR8_x1.5,holdout,3,1059,headon,vfield,97f9bc16d5,ok,0,0,0,0,0,0,2.8755,6.7555,2.7258,2.0438,1.555,,8450,3.53
grid,,,PR8_x2,holdout,3,1001,headon,vfield,91de01d9f3,ok,1,0,1,0,0,0,7.0313,0.5486,2.7258,2.0438,1.555,6.87,8450,3.56
grid,,,PR8_x2,holdout,3,1003,headon,vfield,91de01d9f3,ok,0,0,0,0,0,0,4.5906,1.295,2.7258,2.0438,1.555,,8450,3.53
grid,,,PR8_x2,holdout,3,1005,headon,vfield,91de01d9f3,ok,0,0,0,0,0,0,3.4731,11.5207,2.7258,2.0438,1.555,,8450,3.61
grid,,,PR8_x2,holdout,3,1007,headon,vfield,91de01d9f3,ok,0,0,0,0,0,0,3.1577,6.9075,2.7258,2.0438,1.555,,8450,3.56
grid,,,PR8_x2,holdout,3,1009,headon,vfield,91de01d9f3,ok,1,0,1,0,0,0,10.3457,0.4186,2.7258,2.0438,1.555,5.92,8450,3.56
grid,,,PR8_x2,holdout,3,1011,headon,vfield,91de01d9f3,ok,0,0,0,0,0,0,3.9028,7.697,2.7258,2.0438,1.555,,8450,3.47
grid,,,PR8_x2,holdout,3,1013,headon,vfield,91de01d9f3,ok,0,0,0,0,0,0,3.4808,5.6935,2.7258,2.0438,1.555,,8450,3.57
grid,,,PR8_x2,holdout,3,1015,headon,vfield,91de01d9f3,ok,0,0,0,0,0,0,8.7761,7.5668,2.7258,2.0438,1.555,,8450,3.52
grid,,,PR8_x2,holdout,3,1017,headon,vfield,91de01d9f3,ok,0,0,0,0,0,0,1.1551,7.7685,2.7258,2.0438,1.555,,8450,3.56
grid,,,PR8_x2,holdout,3,1019,headon,vfield,91de01d9f3,ok,0,0,0,0,0,0,7.5325,5.8728,2.7258,2.0438,1.555,,8450,3.52
grid,,,PR8_x2,holdout,3,1021,headon,vfield,91de01d9f3,ok,0,0,0,0,0,0,6.2972,1.4445,2.7258,2.0438,1.555,,8450,3.56
grid,,,PR8_x2,holdout,3,1023,headon,vfield,91de01d9f3,ok,0,0,0,0,0,0,6.1159,7.3082,2.7258,2.0438,1.555,,8450,3.57
grid,,,PR8_x2,holdout,3,1025,headon,vfield,91de01d9f3,ok,0,0,0,0,0,0,3.4201,4.1351,2.7258,2.0438,1.555,,8450,3.56
grid,,,PR8_x2,holdout,3,1027,headon,vfield,91de01d9f3,ok,0,0,0,0,0,0,4.3838,6.9121,2.7258,2.0438,1.555,,8450,3.5
grid,,,PR8_x2,holdout,3,1029,headon,vfield,91de01d9f3,ok,0,0,0,0,0,0,6.3242,1.7126,2.7258,2.0438,1.555,,8450,3.61
grid,,,PR8_x2,holdout,3,1031,headon,vfield,91de01d9f3,ok,1,0,0,0,1,0,0.3678,3.4431,2.7258,2.0438,1.555,29.69,8450,3.55
grid,,,PR8_x2,holdout,3,1033,headon,vfield,91de01d9f3,ok,0,0,0,0,0,0,4.9535,7.6979,2.7258,2.0438,1.555,,8450,3.68
grid,,,PR8_x2,holdout,3,1035,headon,vfield,91de01d9f3,ok,0,0,0,0,0,0,9.7599,4.4232,2.7258,2.0438,1.555,,8450,3.49
grid,,,PR8_x2,holdout,3,1037,headon,vfield,91de01d9f3,ok,0,0,0,0,0,0,11.6335,1.0512,2.7258,2.0438,1.555,,8450,3.56
grid,,,PR8_x2,holdout,3,1039,headon,vfield,91de01d9f3,ok,0,0,0,0,0,0,1.7978,6.9595,2.7258,2.0438,1.555,,8450,3.6
grid,,,PR8_x2,holdout,3,1041,headon,vfield,91de01d9f3,ok,0,0,0,0,0,0,6.8634,2.3609,2.7258,2.0438,1.555,,8450,3.51
grid,,,PR8_x2,holdout,3,1043,headon,vfield,91de01d9f3,ok,0,0,0,0,0,0,3.0877,8.5932,2.7258,2.0438,1.555,,8450,3.56
grid,,,PR8_x2,holdout,3,1045,headon,vfield,91de01d9f3,ok,0,0,0,0,0,0,6.6255,7.534,2.7258,2.0438,1.555,,8450,3.52
grid,,,PR8_x2,holdout,3,1047,headon,vfield,91de01d9f3,ok,0,0,0,0,0,0,7.1284,1.055,2.7258,2.0438,1.555,,8450,3.58
grid,,,PR8_x2,holdout,3,1049,headon,vfield,91de01d9f3,ok,0,0,0,0,0,0,6.8638,4.2419,2.7258,2.0438,1.555,,8450,3.58
grid,,,PR8_x2,holdout,3,1051,headon,vfield,91de01d9f3,ok,1,0,0,0,1,0,0.1648,2.6677,2.7258,2.0438,1.555,41.74,8450,3.55
grid,,,PR8_x2,holdout,3,1053,headon,vfield,91de01d9f3,ok,0,0,0,0,0,0,9.6698,6.6429,2.7258,2.0438,1.555,,8450,3.55
grid,,,PR8_x2,holdout,3,1055,headon,vfield,91de01d9f3,ok,0,0,0,0,0,0,9.1516,10.29,2.7258,2.0438,1.555,,8450,3.55
grid,,,PR8_x2,holdout,3,1057,headon,vfield,91de01d9f3,ok,0,0,0,0,0,0,9.0925,4.0277,2.7258,2.0438,1.555,,8450,3.53
grid,,,PR8_x2,holdout,3,1059,headon,vfield,91de01d9f3,ok,1,0,1,0,0,0,6.772,0.6949,2.7258,2.0438,1.555,6.76,8450,3.61
grid,,,PR10_x1,holdout,3,1001,headon,vfield,ba706b4c0e,ok,0,0,0,0,0,0,5.2314,10.1546,2.7258,2.0438,1.555,,8450,3.51
grid,,,PR10_x1,holdout,3,1003,headon,vfield,ba706b4c0e,ok,0,0,0,0,0,0,10.2219,2.7049,2.7258,2.0438,1.555,,8450,3.56
grid,,,PR10_x1,holdout,3,1005,headon,vfield,ba706b4c0e,ok,0,0,0,0,0,0,7.2006,9.2001,2.7258,2.0438,1.555,,8450,3.49
grid,,,PR10_x1,holdout,3,1007,headon,vfield,ba706b4c0e,ok,0,0,0,0,0,0,5.5096,3.9587,2.7258,2.0438,1.555,,8450,3.48
grid,,,PR10_x1,holdout,3,1009,headon,vfield,ba706b4c0e,ok,0,0,0,0,0,0,4.8976,6.8893,2.7258,2.0438,1.555,,8450,3.56
grid,,,PR10_x1,holdout,3,1011,headon,vfield,ba706b4c0e,ok,0,0,0,0,0,0,7.6499,4.28,2.7258,2.0438,1.555,,8450,3.49
grid,,,PR10_x1,holdout,3,1013,headon,vfield,ba706b4c0e,ok,1,0,1,0,0,0,7.6789,0.021,2.7258,2.0438,1.555,17.04,8450,3.57
grid,,,PR10_x1,holdout,3,1015,headon,vfield,ba706b4c0e,ok,0,0,0,0,0,0,7.3161,3.4921,2.7258,2.0438,1.555,,8450,3.5
grid,,,PR10_x1,holdout,3,1017,headon,vfield,ba706b4c0e,ok,0,0,0,0,0,0,6.2099,4.6448,2.7258,2.0438,1.555,,8450,3.52
grid,,,PR10_x1,holdout,3,1019,headon,vfield,ba706b4c0e,ok,0,0,0,0,0,0,1.8677,3.735,2.7258,2.0438,1.555,,8450,3.49
grid,,,PR10_x1,holdout,3,1021,headon,vfield,ba706b4c0e,ok,0,0,0,0,0,0,6.2223,2.7986,2.7258,2.0438,1.555,,8450,3.51
grid,,,PR10_x1,holdout,3,1023,headon,vfield,ba706b4c0e,ok,0,0,0,0,0,0,10.3854,4.205,2.7258,2.0438,1.555,,8450,3.57
grid,,,PR10_x1,holdout,3,1025,headon,vfield,ba706b4c0e,ok,0,0,0,0,0,0,4.4235,1.5018,2.7258,2.0438,1.555,,8450,3.5
grid,,,PR10_x1,holdout,3,1027,headon,vfield,ba706b4c0e,ok,0,0,0,0,0,0,2.6982,10.023,2.7258,2.0438,1.555,,8450,3.53
grid,,,PR10_x1,holdout,3,1029,headon,vfield,ba706b4c0e,ok,0,0,0,0,0,0,4.2028,2.7661,2.7258,2.0438,1.555,,8450,3.6
grid,,,PR10_x1,holdout,3,1031,headon,vfield,ba706b4c0e,ok,0,0,0,0,0,0,9.8957,6.3471,2.7258,2.0438,1.555,,8450,3.58
grid,,,PR10_x1,holdout,3,1033,headon,vfield,ba706b4c0e,ok,0,0,0,0,0,0,5.1788,2.3447,2.7258,2.0438,1.555,,8450,3.54
grid,,,PR10_x1,holdout,3,1035,headon,vfield,ba706b4c0e,ok,0,0,0,0,0,0,1.7494,5.4691,2.7258,2.0438,1.555,,8450,3.6
grid,,,PR10_x1,holdout,3,1037,headon,vfield,ba706b4c0e,ok,0,0,0,0,0,0,5.7551,7.3209,2.7258,2.0438,1.555,,8450,3.47
grid,,,PR10_x1,holdout,3,1039,headon,vfield,ba706b4c0e,ok,0,0,0,0,0,0,5.6497,1.9874,2.7258,2.0438,1.555,,8450,3.55
grid,,,PR10_x1,holdout,3,1041,headon,vfield,ba706b4c0e,ok,0,0,0,0,0,0,5.8107,5.9995,2.7258,2.0438,1.555,,8450,3.46
grid,,,PR10_x1,holdout,3,1043,headon,vfield,ba706b4c0e,ok,1,0,0,1,0,0,0.2333,2.32,2.7258,2.0438,1.555,2.84,8450,3.58
grid,,,PR10_x1,holdout,3,1045,headon,vfield,ba706b4c0e,ok,0,0,0,0,0,0,8.8099,3.4436,2.7258,2.0438,1.555,,8450,3.54
grid,,,PR10_x1,holdout,3,1047,headon,vfield,ba706b4c0e,ok,0,0,0,0,0,0,6.1658,1.5131,2.7258,2.0438,1.555,,8450,3.52
grid,,,PR10_x1,holdout,3,1049,headon,vfield,ba706b4c0e,ok,0,0,0,0,0,0,11.0397,7.7841,2.7258,2.0438,1.555,,8450,3.56
grid,,,PR10_x1,holdout,3,1051,headon,vfield,ba706b4c0e,ok,1,0,0,1,0,0,0.5791,5.8079,2.7258,2.0438,1.555,40.8,8450,3.59
grid,,,PR10_x1,holdout,3,1053,headon,vfield,ba706b4c0e,ok,0,0,0,0,0,0,3.5018,3.5653,2.7258,2.0438,1.555,,8450,3.52
grid,,,PR10_x1,holdout,3,1055,headon,vfield,ba706b4c0e,ok,0,0,0,0,0,0,4.4225,4.0636,2.7258,2.0438,1.555,,8450,3.52
grid,,,PR10_x1,holdout,3,1057,headon,vfield,ba706b4c0e,ok,0,0,0,0,0,0,4.4842,7.2923,2.7258,2.0438,1.555,,8450,3.53
grid,,,PR10_x1,holdout,3,1059,headon,vfield,ba706b4c0e,ok,0,0,0,0,0,0,3.7195,6.9709,2.7258,2.0438,1.555,,8450,3.57
grid,,,PR10_x1.25,holdout,3,1001,headon,vfield,153c8fc164,ok,0,0,0,0,0,0,9.784,10.7333,2.7258,2.0438,1.555,,8450,3.53
grid,,,PR10_x1.25,holdout,3,1003,headon,vfield,153c8fc164,ok,0,0,0,0,0,0,6.6452,4.1912,2.7258,2.0438,1.555,,8450,3.56
grid,,,PR10_x1.25,holdout,3,1005,headon,vfield,153c8fc164,ok,0,0,0,0,0,0,8.3946,6.5985,2.7258,2.0438,1.555,,8450,3.63
grid,,,PR10_x1.25,holdout,3,1007,headon,vfield,153c8fc164,ok,0,0,0,0,0,0,1.1577,2.1968,2.7258,2.0438,1.555,,8450,3.54
grid,,,PR10_x1.25,holdout,3,1009,headon,vfield,153c8fc164,ok,0,0,0,0,0,0,2.4484,4.7745,2.7258,2.0438,1.555,,8450,3.62
grid,,,PR10_x1.25,holdout,3,1011,headon,vfield,153c8fc164,ok,0,0,0,0,0,0,9.628,6.5878,2.7258,2.0438,1.555,,8450,3.54
grid,,,PR10_x1.25,holdout,3,1013,headon,vfield,153c8fc164,ok,0,0,0,0,0,0,7.6848,4.7641,2.7258,2.0438,1.555,,8450,3.55
grid,,,PR10_x1.25,holdout,3,1015,headon,vfield,153c8fc164,ok,0,0,0,0,0,0,8.8957,4.8297,2.7258,2.0438,1.555,,8450,3.51
grid,,,PR10_x1.25,holdout,3,1017,headon,vfield,153c8fc164,ok,0,0,0,0,0,0,5.8726,5.9156,2.7258,2.0438,1.555,,8450,3.55
grid,,,PR10_x1.25,holdout,3,1019,headon,vfield,153c8fc164,ok,0,0,0,0,0,0,9.7615,6.0378,2.7258,2.0438,1.555,,8450,3.57
grid,,,PR10_x1.25,holdout,3,1021,headon,vfield,153c8fc164,ok,0,0,0,0,0,0,4.3027,6.9017,2.7258,2.0438,1.555,,8450,3.58
grid,,,PR10_x1.25,holdout,3,1023,headon,vfield,153c8fc164,ok,0,0,0,0,0,0,9.3904,4.2475,2.7258,2.0438,1.555,,8450,3.55
grid,,,PR10_x1.25,holdout,3,1025,headon,vfield,153c8fc164,ok,0,0,0,0,0,0,2.7011,3.4914,2.7258,2.0438,1.555,,8450,3.52
grid,,,PR10_x1.25,holdout,3,1027,headon,vfield,153c8fc164,ok,0,0,0,0,0,0,9.2151,1.0302,2.7258,2.0438,1.555,,8450,3.61
grid,,,PR10_x1.25,holdout,3,1029,headon,vfield,153c8fc164,ok,0,0,0,0,0,0,2.486,6.2405,2.7258,2.0438,1.555,,8450,3.57
grid,,,PR10_x1.25,holdout,3,1031,headon,vfield,153c8fc164,ok,0,0,0,0,0,0,8.0679,3.2457,2.7258,2.0438,1.555,,8450,3.7
grid,,,PR10_x1.25,holdout,3,1033,headon,vfield,153c8fc164,ok,1,0,1,0,0,0,6.337,0.2579,2.7258,2.0438,1.555,9.98,8450,3.52
grid,,,PR10_x1.25,holdout,3,1035,headon,vfield,153c8fc164,ok,0,0,0,0,0,0,6.6708,3.4232,2.7258,2.0438,1.555,,8450,3.53
grid,,,PR10_x1.25,holdout,3,1037,headon,vfield,153c8fc164,ok,0,0,0,0,0,0,7.6444,2.7753,2.7258,2.0438,1.555,,8450,3.55
grid,,,PR10_x1.25,holdout,3,1039,headon,vfield,153c8fc164,ok,0,0,0,0,0,0,3.0627,3.8133,2.7258,2.0438,1.555,,8450,3.59
grid,,,PR10_x1.25,holdout,3,1041,headon,vfield,153c8fc164,ok,0,0,0,0,0,0,5.5008,1.0688,2.7258,2.0438,1.555,,8450,3.56
grid,,,PR10_x1.25,holdout,3,1043,headon,vfield,153c8fc164,ok,0,0,0,0,0,0,2.5212,1.8014,2.7258,2.0438,1.555,,8450,3.54
grid,,,PR10_x1.25,holdout,3,1045,headon,vfield,153c8fc164,ok,0,0,0,0,0,0,9.8227,1.282,2.7258,2.0438,1.555,,8450,3.52
grid,,,PR10_x1.25,holdout,3,1047,headon,vfield,153c8fc164,ok,0,0,0,0,0,0,8.0492,4.0937,2.7258,2.0438,1.555,,8450,3.48
grid,,,PR10_x1.25,holdout,3,1049,headon,vfield,153c8fc164,ok,0,0,0,0,0,0,9.2634,8.62,2.7258,2.0438,1.555,,8450,3.54
grid,,,PR10_x1.25,holdout,3,1051,headon,vfield,153c8fc164,ok,0,0,0,0,0,0,5.8573,6.5178,2.7258,2.0438,1.555,,8450,3.51
grid,,,PR10_x1.25,holdout,3,1053,headon,vfield,153c8fc164,ok,0,0,0,0,0,0,7.9828,2.0725,2.7258,2.0438,1.555,,8450,3.6
grid,,,PR10_x1.25,holdout,3,1055,headon,vfield,153c8fc164,ok,0,0,0,0,0,0,6.4872,6.0155,2.7258,2.0438,1.555,,8450,3.54
grid,,,PR10_x1.25,holdout,3,1057,headon,vfield,153c8fc164,ok,1,0,1,0,0,0,9.0755,0.1004,2.7258,2.0438,1.555,14.63,8450,3.48
grid,,,PR10_x1.25,holdout,3,1059,headon,vfield,153c8fc164,ok,0,0,0,0,0,0,10.8545,7.5009,2.7258,2.0438,1.555,,8450,3.61
grid,,,PR10_x1.5,holdout,3,1001,headon,vfield,efa785b250,ok,0,0,0,0,0,0,8.6509,4.2399,2.7258,2.0438,1.555,,8450,3.56
grid,,,PR10_x1.5,holdout,3,1003,headon,vfield,efa785b250,ok,0,0,0,0,0,0,6.1012,3.5837,2.7258,2.0438,1.555,,8450,3.49
grid,,,PR10_x1.5,holdout,3,1005,headon,vfield,efa785b250,ok,0,0,0,0,0,0,7.2717,5.9298,2.7258,2.0438,1.555,,8450,3.5
grid,,,PR10_x1.5,holdout,3,1007,headon,vfield,efa785b250,ok,0,0,0,0,0,0,7.4713,1.8008,2.7258,2.0438,1.555,,8450,3.48
grid,,,PR10_x1.5,holdout,3,1009,headon,vfield,efa785b250,ok,0,0,0,0,0,0,4.0815,3.9847,2.7258,2.0438,1.555,,8450,3.72
grid,,,PR10_x1.5,holdout,3,1011,headon,vfield,efa785b250,ok,0,0,0,0,0,0,6.6694,9.2146,2.7258,2.0438,1.555,,8450,3.51
grid,,,PR10_x1.5,holdout,3,1013,headon,vfield,efa785b250,ok,0,0,0,0,0,0,1.8979,10.2834,2.7258,2.0438,1.555,,8450,3.53
grid,,,PR10_x1.5,holdout,3,1015,headon,vfield,efa785b250,ok,0,0,0,0,0,0,3.078,3.0512,2.7258,2.0438,1.555,,8450,3.47
grid,,,PR10_x1.5,holdout,3,1017,headon,vfield,efa785b250,ok,0,0,0,0,0,0,7.7924,1.9586,2.7258,2.0438,1.555,,8450,3.5
grid,,,PR10_x1.5,holdout,3,1019,headon,vfield,efa785b250,ok,0,0,0,0,0,0,5.3913,4.3589,2.7258,2.0438,1.555,,8450,3.62
grid,,,PR10_x1.5,holdout,3,1021,headon,vfield,efa785b250,ok,1,0,1,0,0,0,5.9466,0.6282,2.7258,2.0438,1.555,7.17,8450,3.54
grid,,,PR10_x1.5,holdout,3,1023,headon,vfield,efa785b250,ok,1,0,0,0,1,0,0.879,4.902,2.7258,2.0438,1.555,45.04,8450,3.57
grid,,,PR10_x1.5,holdout,3,1025,headon,vfield,efa785b250,ok,0,0,0,0,0,0,6.4692,3.4278,2.7258,2.0438,1.555,,8450,3.62
grid,,,PR10_x1.5,holdout,3,1027,headon,vfield,efa785b250,ok,0,0,0,0,0,0,7.1319,5.2004,2.7258,2.0438,1.555,,8450,3.59
grid,,,PR10_x1.5,holdout,3,1029,headon,vfield,efa785b250,ok,0,0,0,0,0,0,3.4781,5.4998,2.7258,2.0438,1.555,,8450,3.63
grid,,,PR10_x1.5,holdout,3,1031,headon,vfield,efa785b250,ok,0,0,0,0,0,0,11.269,8.1076,2.7258,2.0438,1.555,,8450,3.61
grid,,,PR10_x1.5,holdout,3,1033,headon,vfield,efa785b250,ok,0,0,0,0,0,0,10.6162,5.0507,2.7258,2.0438,1.555,,8450,3.61
grid,,,PR10_x1.5,holdout,3,1035,headon,vfield,efa785b250,ok,0,0,0,0,0,0,10.1053,8.4106,2.7258,2.0438,1.555,,8450,3.52
grid,,,PR10_x1.5,holdout,3,1037,headon,vfield,efa785b250,ok,1,0,1,0,0,0,7.9427,0.2213,2.7258,2.0438,1.555,6.76,8450,3.58
grid,,,PR10_x1.5,holdout,3,1039,headon,vfield,efa785b250,ok,1,0,0,1,0,0,0.4129,3.9201,2.7258,2.0438,1.555,-17.16,8450,3.62
grid,,,PR10_x1.5,holdout,3,1041,headon,vfield,efa785b250,ok,0,0,0,0,0,0,8.7033,7.8289,2.7258,2.0438,1.555,,8450,3.53
grid,,,PR10_x1.5,holdout,3,1043,headon,vfield,efa785b250,ok,0,0,0,0,0,0,4.5921,4.4915,2.7258,2.0438,1.555,,8450,3.52
grid,,,PR10_x1.5,holdout,3,1045,headon,vfield,efa785b250,ok,1,0,1,0,0,0,6.3058,0.1477,2.7258,2.0438,1.555,6.54,8450,3.58
grid,,,PR10_x1.5,holdout,3,1047,headon,vfield,efa785b250,ok,0,0,0,0,0,0,8.9656,3.994,2.7258,2.0438,1.555,,8450,3.61
grid,,,PR10_x1.5,holdout,3,1049,headon,vfield,efa785b250,ok,0,0,0,0,0,0,7.1666,3.4123,2.7258,2.0438,1.555,,8450,3.55
grid,,,PR10_x1.5,holdout,3,1051,headon,vfield,efa785b250,ok,0,0,0,0,0,0,4.033,6.5421,2.7258,2.0438,1.555,,8450,3.51
grid,,,PR10_x1.5,holdout,3,1053,headon,vfield,efa785b250,ok,0,0,0,0,0,0,5.8836,5.9564,2.7258,2.0438,1.555,,8450,3.5
grid,,,PR10_x1.5,holdout,3,1055,headon,vfield,efa785b250,ok,0,0,0,0,0,0,4.6365,2.555,2.7258,2.0438,1.555,,8450,3.5
grid,,,PR10_x1.5,holdout,3,1057,headon,vfield,efa785b250,ok,0,0,0,0,0,0,3.4747,3.537,2.7258,2.0438,1.555,,8450,3.54
grid,,,PR10_x1.5,holdout,3,1059,headon,vfield,efa785b250,ok,0,0,0,0,0,0,6.7457,1.7846,2.7258,2.0438,1.555,,8450,3.47
grid,,,PR10_x2,holdout,3,1001,headon,vfield,12afb316f7,ok,0,0,0,0,0,0,7.0086,7.2767,2.7258,2.0438,1.555,,8450,3.53
grid,,,PR10_x2,holdout,3,1003,headon,vfield,12afb316f7,ok,0,0,0,0,0,0,4.8625,7.2181,2.7258,2.0438,1.555,,8450,3.53
grid,,,PR10_x2,holdout,3,1005,headon,vfield,12afb316f7,ok,0,0,0,0,0,0,4.9368,10.181,2.7258,2.0438,1.555,,8450,3.52
grid,,,PR10_x2,holdout,3,1007,headon,vfield,12afb316f7,ok,0,0,0,0,0,0,7.3794,6.9475,2.7258,2.0438,1.555,,8450,3.62
grid,,,PR10_x2,holdout,3,1009,headon,vfield,12afb316f7,ok,0,0,0,0,0,0,9.3141,6.2491,2.7258,2.0438,1.555,,8450,3.54
grid,,,PR10_x2,holdout,3,1011,headon,vfield,12afb316f7,ok,0,0,0,0,0,0,10.3646,7.3191,2.7258,2.0438,1.555,,8450,3.49
grid,,,PR10_x2,holdout,3,1013,headon,vfield,12afb316f7,ok,0,0,0,0,0,0,5.5685,6.2244,2.7258,2.0438,1.555,,8450,3.58
grid,,,PR10_x2,holdout,3,1015,headon,vfield,12afb316f7,ok,0,0,0,0,0,0,9.0052,11.0777,2.7258,2.0438,1.555,,8450,3.56
grid,,,PR10_x2,holdout,3,1017,headon,vfield,12afb316f7,ok,1,0,1,0,0,0,7.1527,0.8548,2.7258,2.0438,1.555,6.99,8450,3.51
grid,,,PR10_x2,holdout,3,1019,headon,vfield,12afb316f7,ok,1,0,1,0,0,0,7.4212,0.932,2.7258,2.0438,1.555,7.08,8450,3.56
grid,,,PR10_x2,holdout,3,1021,headon,vfield,12afb316f7,ok,1,0,1,0,0,0,11.4534,0.8009,2.7258,2.0438,1.555,8.87,8450,3.55
grid,,,PR10_x2,holdout,3,1023,headon,vfield,12afb316f7,ok,0,0,0,0,0,0,9.7182,6.5892,2.7258,2.0438,1.555,,8450,3.52
grid,,,PR10_x2,holdout,3,1025,headon,vfield,12afb316f7,ok,0,0,0,0,0,0,9.6433,8.9181,2.7258,2.0438,1.555,,8450,3.53
grid,,,PR10_x2,holdout,3,1027,headon,vfield,12afb316f7,ok,0,0,0,0,0,0,11.6913,6.8677,2.7258,2.0438,1.555,,8450,3.55
grid,,,PR10_x2,holdout,3,1029,headon,vfield,12afb316f7,ok,0,0,0,0,0,0,7.5953,9.8114,2.7258,2.0438,1.555,,8450,3.47
grid,,,PR10_x2,holdout,3,1031,headon,vfield,12afb316f7,ok,0,0,0,0,0,0,6.5101,6.4336,2.7258,2.0438,1.555,,8450,3.5
grid,,,PR10_x2,holdout,3,1033,headon,vfield,12afb316f7,ok,0,0,0,0,0,0,5.9905,7.0537,2.7258,2.0438,1.555,,8450,3.53
grid,,,PR10_x2,holdout,3,1035,headon,vfield,12afb316f7,ok,0,0,0,0,0,0,7.5302,10.086,2.7258,2.0438,1.555,,8450,3.57
grid,,,PR10_x2,holdout,3,1037,headon,vfield,12afb316f7,ok,0,0,0,0,0,0,10.7436,5.3559,2.7258,2.0438,1.555,,8450,3.54
grid,,,PR10_x2,holdout,3,1039,headon,vfield,12afb316f7,ok,0,0,0,0,0,0,4.9023,2.5033,2.7258,2.0438,1.555,,8450,3.48
grid,,,PR10_x2,holdout,3,1041,headon,vfield,12afb316f7,ok,0,0,0,0,0,0,8.2134,4.5201,2.7258,2.0438,1.555,,8450,3.56
grid,,,PR10_x2,holdout,3,1043,headon,vfield,12afb316f7,ok,0,0,0,0,0,0,4.9814,4.2793,2.7258,2.0438,1.555,,8450,3.54
grid,,,PR10_x2,holdout,3,1045,headon,vfield,12afb316f7,ok,0,0,0,0,0,0,11.1423,5.5744,2.7258,2.0438,1.555,,8450,3.5
grid,,,PR10_x2,holdout,3,1047,headon,vfield,12afb316f7,ok,0,0,0,0,0,0,8.1643,5.1949,2.7258,2.0438,1.555,,8450,3.57
grid,,,PR10_x2,holdout,3,1049,headon,vfield,12afb316f7,ok,0,0,0,0,0,0,4.6303,5.4249,2.7258,2.0438,1.555,,8450,3.51
grid,,,PR10_x2,holdout,3,1051,headon,vfield,12afb316f7,ok,0,0,0,0,0,0,5.6966,8.2053,2.7258,2.0438,1.555,,8450,3.53
grid,,,PR10_x2,holdout,3,1053,headon,vfield,12afb316f7,ok,0,0,0,0,0,0,6.5948,7.6926,2.7258,2.0438,1.555,,8450,3.56
grid,,,PR10_x2,holdout,3,1055,headon,vfield,12afb316f7,ok,0,0,0,0,0,0,9.7232,1.1049,2.7258,2.0438,1.555,,8450,3.55
grid,,,PR10_x2,holdout,3,1057,headon,vfield,12afb316f7,ok,0,0,0,0,0,0,5.2443,4.157,2.7258,2.0438,1.555,,8450,3.56
grid,,,PR10_x2,holdout,3,1059,headon,vfield,12afb316f7,ok,0,0,0,0,0,0,6.7169,9.5433,2.7258,2.0438,1.555,,8450,3.56
grid,,,PR13_x1,holdout,3,1001,headon,vfield,549615d51f,ok,0,0,0,0,0,0,4.4971,2.2689,2.7258,2.0438,1.555,,8450,3.5
grid,,,PR13_x1,holdout,3,1003,headon,vfield,549615d51f,ok,1,0,1,0,0,0,5.4783,0.2664,2.7258,2.0438,1.555,7.67,8450,3.53
grid,,,PR13_x1,holdout,3,1005,headon,vfield,549615d51f,ok,0,0,0,0,0,0,3.5053,8.3685,2.7258,2.0438,1.555,,8450,3.52
grid,,,PR13_x1,holdout,3,1007,headon,vfield,549615d51f,ok,0,0,0,0,0,0,11.2906,3.4948,2.7258,2.0438,1.555,,8450,3.6
grid,,,PR13_x1,holdout,3,1009,headon,vfield,549615d51f,ok,0,0,0,0,0,0,8.262,2.2021,2.7258,2.0438,1.555,,8450,3.54
grid,,,PR13_x1,holdout,3,1011,headon,vfield,549615d51f,ok,0,0,0,0,0,0,2.0147,3.2184,2.7258,2.0438,1.555,,8450,3.5
grid,,,PR13_x1,holdout,3,1013,headon,vfield,549615d51f,ok,0,0,0,0,0,0,10.0629,4.8723,2.7258,2.0438,1.555,,8450,3.54
grid,,,PR13_x1,holdout,3,1015,headon,vfield,549615d51f,ok,0,0,0,0,0,0,7.1574,1.5397,2.7258,2.0438,1.555,,8450,3.49
grid,,,PR13_x1,holdout,3,1017,headon,vfield,549615d51f,ok,1,0,0,0,1,0,0.2598,4.3553,2.7258,2.0438,1.555,17.12,8450,3.55
grid,,,PR13_x1,holdout,3,1019,headon,vfield,549615d51f,ok,0,0,0,0,0,0,12.2376,2.7751,2.7258,2.0438,1.555,,8450,3.56
grid,,,PR13_x1,holdout,3,1021,headon,vfield,549615d51f,ok,1,0,1,0,0,0,7.6878,0.0901,2.7258,2.0438,1.555,6.01,8450,3.49
grid,,,PR13_x1,holdout,3,1023,headon,vfield,549615d51f,ok,0,0,0,0,0,0,6.2583,1.4376,2.7258,2.0438,1.555,,8450,3.59
grid,,,PR13_x1,holdout,3,1025,headon,vfield,549615d51f,ok,0,0,0,0,0,0,3.7979,6.9937,2.7258,2.0438,1.555,,8450,3.49
grid,,,PR13_x1,holdout,3,1027,headon,vfield,549615d51f,ok,0,0,0,0,0,0,10.0557,9.6607,2.7258,2.0438,1.555,,8450,3.53
grid,,,PR13_x1,holdout,3,1029,headon,vfield,549615d51f,ok,0,0,0,0,0,0,11.9728,7.0327,2.7258,2.0438,1.555,,8450,3.53
grid,,,PR13_x1,holdout,3,1031,headon,vfield,549615d51f,ok,1,0,1,0,0,0,7.8922,0.9812,2.7258,2.0438,1.555,6.9,8450,3.5
grid,,,PR13_x1,holdout,3,1033,headon,vfield,549615d51f,ok,0,0,0,0,0,0,8.9067,2.3301,2.7258,2.0438,1.555,,8450,3.51
grid,,,PR13_x1,holdout,3,1035,headon,vfield,549615d51f,ok,0,0,0,0,0,0,3.0377,7.2785,2.7258,2.0438,1.555,,8450,3.55
grid,,,PR13_x1,holdout,3,1037,headon,vfield,549615d51f,ok,0,0,0,0,0,0,4.9669,2.4613,2.7258,2.0438,1.555,,8450,3.56
grid,,,PR13_x1,holdout,3,1039,headon,vfield,549615d51f,ok,0,0,0,0,0,0,4.6529,1.2566,2.7258,2.0438,1.555,,8450,3.52
grid,,,PR13_x1,holdout,3,1041,headon,vfield,549615d51f,ok,0,0,0,0,0,0,8.4338,1.0481,2.7258,2.0438,1.555,,8450,3.47
grid,,,PR13_x1,holdout,3,1043,headon,vfield,549615d51f,ok,0,0,0,0,0,0,1.1915,6.0662,2.7258,2.0438,1.555,,8450,3.59
grid,,,PR13_x1,holdout,3,1045,headon,vfield,549615d51f,ok,0,0,0,0,0,0,3.7608,1.4433,2.7258,2.0438,1.555,,8450,3.63
grid,,,PR13_x1,holdout,3,1047,headon,vfield,549615d51f,ok,0,0,0,0,0,0,5.5471,8.8213,2.7258,2.0438,1.555,,8450,3.52
grid,,,PR13_x1,holdout,3,1049,headon,vfield,549615d51f,ok,0,0,0,0,0,0,8.5544,1.4256,2.7258,2.0438,1.555,,8450,3.51
grid,,,PR13_x1,holdout,3,1051,headon,vfield,549615d51f,ok,0,0,0,0,0,0,6.4991,10.7483,2.7258,2.0438,1.555,,8450,3.48
grid,,,PR13_x1,holdout,3,1053,headon,vfield,549615d51f,ok,0,0,0,0,0,0,4.0251,5.6777,2.7258,2.0438,1.555,,8450,3.52
grid,,,PR13_x1,holdout,3,1055,headon,vfield,549615d51f,ok,1,0,0,0,1,0,0.0864,1.4727,2.7258,2.0438,1.555,25.77,8450,3.61
grid,,,PR13_x1,holdout,3,1057,headon,vfield,549615d51f,ok,0,0,0,0,0,0,3.5655,9.6279,2.7258,2.0438,1.555,,8450,3.53
grid,,,PR13_x1,holdout,3,1059,headon,vfield,549615d51f,ok,1,0,1,0,0,0,1.9596,0.3274,2.7258,2.0438,1.555,8.25,8450,3.49
grid,,,PR13_x1.25,holdout,3,1001,headon,vfield,a63456e864,ok,0,0,0,0,0,0,4.1032,6.5687,2.7258,2.0438,1.555,,8450,3.58
grid,,,PR13_x1.25,holdout,3,1003,headon,vfield,a63456e864,ok,0,0,0,0,0,0,3.5163,2.3656,2.7258,2.0438,1.555,,8450,3.49
grid,,,PR13_x1.25,holdout,3,1005,headon,vfield,a63456e864,ok,0,0,0,0,0,0,8.5946,1.776,2.7258,2.0438,1.555,,8450,3.5
grid,,,PR13_x1.25,holdout,3,1007,headon,vfield,a63456e864,ok,0,0,0,0,0,0,5.4555,1.221,2.7258,2.0438,1.555,,8450,3.51
grid,,,PR13_x1.25,holdout,3,1009,headon,vfield,a63456e864,ok,1,0,1,0,0,0,13.168,0.3049,2.7258,2.0438,1.555,7.74,8450,3.51
grid,,,PR13_x1.25,holdout,3,1011,headon,vfield,a63456e864,ok,1,0,1,0,0,0,8.8328,0.4288,2.7258,2.0438,1.555,8.72,8450,3.6
grid,,,PR13_x1.25,holdout,3,1013,headon,vfield,a63456e864,ok,0,0,0,0,0,0,5.3089,7.3306,2.7258,2.0438,1.555,,8450,3.49
grid,,,PR13_x1.25,holdout,3,1015,headon,vfield,a63456e864,ok,0,0,0,0,0,0,8.5112,10.236,2.7258,2.0438,1.555,,8450,3.57
grid,,,PR13_x1.25,holdout,3,1017,headon,vfield,a63456e864,ok,1,0,1,0,0,0,3.9633,0.6927,2.7258,2.0438,1.555,30.28,8450,3.53
grid,,,PR13_x1.25,holdout,3,1019,headon,vfield,a63456e864,ok,0,0,0,0,0,0,9.3937,7.0057,2.7258,2.0438,1.555,,8450,3.53
grid,,,PR13_x1.25,holdout,3,1021,headon,vfield,a63456e864,ok,1,0,1,0,0,0,8.0002,0.7185,2.7258,2.0438,1.555,8.74,8450,3.55
grid,,,PR13_x1.25,holdout,3,1023,headon,vfield,a63456e864,ok,1,0,1,0,0,0,9.1368,0.373,2.7258,2.0438,1.555,8.57,8450,3.54
grid,,,PR13_x1.25,holdout,3,1025,headon,vfield,a63456e864,ok,0,0,0,0,0,0,8.5706,5.4465,2.7258,2.0438,1.555,,8450,3.63
grid,,,PR13_x1.25,holdout,3,1027,headon,vfield,a63456e864,ok,0,0,0,0,0,0,1.1862,2.5404,2.7258,2.0438,1.555,,8450,3.52
grid,,,PR13_x1.25,holdout,3,1029,headon,vfield,a63456e864,ok,0,0,0,0,0,0,6.6561,4.2292,2.7258,2.0438,1.555,,8450,3.47
grid,,,PR13_x1.25,holdout,3,1031,headon,vfield,a63456e864,ok,0,0,0,0,0,0,10.885,8.1258,2.7258,2.0438,1.555,,8450,3.44
grid,,,PR13_x1.25,holdout,3,1033,headon,vfield,a63456e864,ok,1,0,1,0,0,0,6.7151,0.7515,2.7258,2.0438,1.555,8.89,8450,3.58
grid,,,PR13_x1.25,holdout,3,1035,headon,vfield,a63456e864,ok,1,0,1,0,0,0,7.1705,0.6732,2.7258,2.0438,1.555,8.28,8450,3.5
grid,,,PR13_x1.25,holdout,3,1037,headon,vfield,a63456e864,ok,1,0,1,0,0,0,8.4334,0.3321,2.7258,2.0438,1.555,8.61,8450,3.52
grid,,,PR13_x1.25,holdout,3,1039,headon,vfield,a63456e864,ok,0,0,0,0,0,0,3.4621,1.0166,2.7258,2.0438,1.555,,8450,3.47
grid,,,PR13_x1.25,holdout,3,1041,headon,vfield,a63456e864,ok,1,0,1,0,0,0,5.2558,0.9649,2.7258,2.0438,1.555,8.13,8450,3.55
grid,,,PR13_x1.25,holdout,3,1043,headon,vfield,a63456e864,ok,1,0,1,0,0,0,4.3973,0.3781,2.7258,2.0438,1.555,12.5,8450,3.57
grid,,,PR13_x1.25,holdout,3,1045,headon,vfield,a63456e864,ok,1,0,1,0,0,0,6.7019,0.4599,2.7258,2.0438,1.555,8.5,8450,3.53
grid,,,PR13_x1.25,holdout,3,1047,headon,vfield,a63456e864,ok,0,0,0,0,0,0,6.1386,8.369,2.7258,2.0438,1.555,,8450,3.45
grid,,,PR13_x1.25,holdout,3,1049,headon,vfield,a63456e864,ok,0,0,0,0,0,0,5.2582,3.0199,2.7258,2.0438,1.555,,8450,3.54
grid,,,PR13_x1.25,holdout,3,1051,headon,vfield,a63456e864,ok,0,0,0,0,0,0,10.0746,2.3206,2.7258,2.0438,1.555,,8450,3.46
grid,,,PR13_x1.25,holdout,3,1053,headon,vfield,a63456e864,ok,0,0,0,0,0,0,8.7904,10.0362,2.7258,2.0438,1.555,,8450,3.58
grid,,,PR13_x1.25,holdout,3,1055,headon,vfield,a63456e864,ok,0,0,0,0,0,0,3.4439,8.2577,2.7258,2.0438,1.555,,8450,3.56
grid,,,PR13_x1.25,holdout,3,1057,headon,vfield,a63456e864,ok,0,0,0,0,0,0,9.362,4.859,2.7258,2.0438,1.555,,8450,3.44
grid,,,PR13_x1.25,holdout,3,1059,headon,vfield,a63456e864,ok,0,0,0,0,0,0,10.9558,1.5651,2.7258,2.0438,1.555,,8450,3.59
grid,,,PR13_x1.5,holdout,3,1001,headon,vfield,6f4cbdcdfc,ok,0,0,0,0,0,0,2.1957,2.6924,2.7258,2.0438,1.555,,8450,3.58
grid,,,PR13_x1.5,holdout,3,1003,headon,vfield,6f4cbdcdfc,ok,0,0,0,0,0,0,8.1516,2.4284,2.7258,2.0438,1.555,,8450,3.57
grid,,,PR13_x1.5,holdout,3,1005,headon,vfield,6f4cbdcdfc,ok,1,0,1,0,0,0,8.6525,0.8422,2.7258,2.0438,1.555,8.87,8450,3.5
grid,,,PR13_x1.5,holdout,3,1007,headon,vfield,6f4cbdcdfc,ok,0,0,0,0,0,0,6.6261,2.2516,2.7258,2.0438,1.555,,8450,3.51
grid,,,PR13_x1.5,holdout,3,1009,headon,vfield,6f4cbdcdfc,ok,0,0,0,0,0,0,8.9097,5.7798,2.7258,2.0438,1.555,,8450,3.52
grid,,,PR13_x1.5,holdout,3,1011,headon,vfield,6f4cbdcdfc,ok,2,0,1,0,1,0,0.6574,0.5877,2.7258,2.0438,1.555,8.58,8450,3.56
grid,,,PR13_x1.5,holdout,3,1013,headon,vfield,6f4cbdcdfc,ok,0,0,0,0,0,0,4.5611,5.9822,2.7258,2.0438,1.555,,8450,3.53
grid,,,PR13_x1.5,holdout,3,1015,headon,vfield,6f4cbdcdfc,ok,0,0,0,0,0,0,7.6897,3.2209,2.7258,2.0438,1.555,,8450,3.54
grid,,,PR13_x1.5,holdout,3,1017,headon,vfield,6f4cbdcdfc,ok,0,0,0,0,0,0,12.7249,4.5167,2.7258,2.0438,1.555,,8450,3.51
grid,,,PR13_x1.5,holdout,3,1019,headon,vfield,6f4cbdcdfc,ok,0,0,0,0,0,0,4.9124,8.9696,2.7258,2.0438,1.555,,8450,3.55
grid,,,PR13_x1.5,holdout,3,1021,headon,vfield,6f4cbdcdfc,ok,0,0,0,0,0,0,6.7078,1.4112,2.7258,2.0438,1.555,,8450,3.49
grid,,,PR13_x1.5,holdout,3,1023,headon,vfield,6f4cbdcdfc,ok,2,0,2,0,0,0,13.4673,0.1981,2.7258,2.0438,1.555,8.27,8450,3.5
grid,,,PR13_x1.5,holdout,3,1025,headon,vfield,6f4cbdcdfc,ok,0,0,0,0,0,0,9.014,1.1622,2.7258,2.0438,1.555,,8450,3.54
grid,,,PR13_x1.5,holdout,3,1027,headon,vfield,6f4cbdcdfc,ok,0,0,0,0,0,0,13.2183,1.4515,2.7258,2.0438,1.555,,8450,3.53
grid,,,PR13_x1.5,holdout,3,1029,headon,vfield,6f4cbdcdfc,ok,0,0,0,0,0,0,5.7477,3.0043,2.7258,2.0438,1.555,,8450,3.51
grid,,,PR13_x1.5,holdout,3,1031,headon,vfield,6f4cbdcdfc,ok,0,0,0,0,0,0,2.7637,6.2262,2.7258,2.0438,1.555,,8450,3.61
grid,,,PR13_x1.5,holdout,3,1033,headon,vfield,6f4cbdcdfc,ok,0,0,0,0,0,0,3.9597,1.8032,2.7258,2.0438,1.555,,8450,3.5
grid,,,PR13_x1.5,holdout,3,1035,headon,vfield,6f4cbdcdfc,ok,0,0,0,0,0,0,4.4295,1.4607,2.7258,2.0438,1.555,,8450,3.52
grid,,,PR13_x1.5,holdout,3,1037,headon,vfield,6f4cbdcdfc,ok,0,0,0,0,0,0,12.3565,1.4408,2.7258,2.0438,1.555,,8450,3.49
grid,,,PR13_x1.5,holdout,3,1039,headon,vfield,6f4cbdcdfc,ok,1,0,1,0,0,0,8.7241,0.9772,2.7258,2.0438,1.555,9.19,8450,3.51
grid,,,PR13_x1.5,holdout,3,1041,headon,vfield,6f4cbdcdfc,ok,0,0,0,0,0,0,7.4034,1.0874,2.7258,2.0438,1.555,,8450,3.65
grid,,,PR13_x1.5,holdout,3,1043,headon,vfield,6f4cbdcdfc,ok,0,0,0,0,0,0,6.6271,2.3334,2.7258,2.0438,1.555,,8450,3.49
grid,,,PR13_x1.5,holdout,3,1045,headon,vfield,6f4cbdcdfc,ok,2,0,2,0,0,0,13.8295,0.2361,2.7258,2.0438,1.555,8.26,8450,3.53
grid,,,PR13_x1.5,holdout,3,1047,headon,vfield,6f4cbdcdfc,ok,0,0,0,0,0,0,13.6785,6.7731,2.7258,2.0438,1.555,,8450,3.5
grid,,,PR13_x1.5,holdout,3,1049,headon,vfield,6f4cbdcdfc,ok,0,0,0,0,0,0,13.8068,1.6476,2.7258,2.0438,1.555,,8450,3.57
grid,,,PR13_x1.5,holdout,3,1051,headon,vfield,6f4cbdcdfc,ok,0,0,0,0,0,0,10.5843,2.3027,2.7258,2.0438,1.555,,8450,3.53
grid,,,PR13_x1.5,holdout,3,1053,headon,vfield,6f4cbdcdfc,ok,0,0,0,0,0,0,4.4903,5.0907,2.7258,2.0438,1.555,,8450,3.58
grid,,,PR13_x1.5,holdout,3,1055,headon,vfield,6f4cbdcdfc,ok,1,0,1,0,0,0,6.8632,0.8634,2.7258,2.0438,1.555,8.18,8450,3.48
grid,,,PR13_x1.5,holdout,3,1057,headon,vfield,6f4cbdcdfc,ok,1,0,1,0,0,0,7.6258,0.8665,2.7258,2.0438,1.555,18.44,8450,3.48
grid,,,PR13_x1.5,holdout,3,1059,headon,vfield,6f4cbdcdfc,ok,0,0,0,0,0,0,10.894,2.3608,2.7258,2.0438,1.555,,8450,3.57
grid,,,PR13_x2,holdout,3,1001,headon,vfield,104a75f7b8,ok,0,0,0,0,0,0,8.4912,1.7116,2.7258,2.0438,1.555,,8450,3.45
grid,,,PR13_x2,holdout,3,1003,headon,vfield,104a75f7b8,ok,0,0,0,0,0,0,6.6928,5.0973,2.7258,2.0438,1.555,,8450,3.63
grid,,,PR13_x2,holdout,3,1005,headon,vfield,104a75f7b8,ok,0,0,0,0,0,0,9.1721,4.5791,2.7258,2.0438,1.555,,8450,3.59
grid,,,PR13_x2,holdout,3,1007,headon,vfield,104a75f7b8,ok,0,0,0,0,0,0,5.8321,3.5056,2.7258,2.0438,1.555,,8450,3.42
grid,,,PR13_x2,holdout,3,1009,headon,vfield,104a75f7b8,ok,0,0,0,0,0,0,13.5718,1.2074,2.7258,2.0438,1.555,,8450,3.58
grid,,,PR13_x2,holdout,3,1011,headon,vfield,104a75f7b8,ok,0,0,0,0,0,0,4.7167,6.0835,2.7258,2.0438,1.555,,8450,3.48
grid,,,PR13_x2,holdout,3,1013,headon,vfield,104a75f7b8,ok,0,0,0,0,0,0,6.9249,9.0795,2.7258,2.0438,1.555,,8450,3.52
grid,,,PR13_x2,holdout,3,1015,headon,vfield,104a75f7b8,ok,0,0,0,0,0,0,12.9995,9.2974,2.7258,2.0438,1.555,,8450,3.5
grid,,,PR13_x2,holdout,3,1017,headon,vfield,104a75f7b8,ok,0,0,0,0,0,0,7.0485,6.0639,2.7258,2.0438,1.555,,8450,3.54
grid,,,PR13_x2,holdout,3,1019,headon,vfield,104a75f7b8,ok,0,0,0,0,0,0,2.976,3.807,2.7258,2.0438,1.555,,8450,3.51
grid,,,PR13_x2,holdout,3,1021,headon,vfield,104a75f7b8,ok,0,0,0,0,0,0,5.4016,5.789,2.7258,2.0438,1.555,,8450,3.58
grid,,,PR13_x2,holdout,3,1023,headon,vfield,104a75f7b8,ok,0,0,0,0,0,0,5.5025,2.7641,2.7258,2.0438,1.555,,8450,3.49
grid,,,PR13_x2,holdout,3,1025,headon,vfield,104a75f7b8,ok,0,0,0,0,0,0,8.368,3.2851,2.7258,2.0438,1.555,,8450,3.51
grid,,,PR13_x2,holdout,3,1027,headon,vfield,104a75f7b8,ok,0,0,0,0,0,0,11.9478,5.1024,2.7258,2.0438,1.555,,8450,3.52
grid,,,PR13_x2,holdout,3,1029,headon,vfield,104a75f7b8,ok,0,0,0,0,0,0,10.119,5.401,2.7258,2.0438,1.555,,8450,3.55
grid,,,PR13_x2,holdout,3,1031,headon,vfield,104a75f7b8,ok,0,0,0,0,0,0,5.4044,1.1527,2.7258,2.0438,1.555,,8450,3.41
grid,,,PR13_x2,holdout,3,1033,headon,vfield,104a75f7b8,ok,1,0,1,0,0,0,5.2568,0.9254,2.7258,2.0438,1.555,7.55,8450,3.52
grid,,,PR13_x2,holdout,3,1035,headon,vfield,104a75f7b8,ok,1,0,1,0,0,0,8.662,0.8835,2.7258,2.0438,1.555,7.55,8450,3.53
grid,,,PR13_x2,holdout,3,1037,headon,vfield,104a75f7b8,ok,0,0,0,0,0,0,5.4624,1.1393,2.7258,2.0438,1.555,,8450,3.51
grid,,,PR13_x2,holdout,3,1039,headon,vfield,104a75f7b8,ok,1,0,1,0,0,0,9.3783,0.1678,2.7258,2.0438,1.555,7.92,8450,3.5
grid,,,PR13_x2,holdout,3,1041,headon,vfield,104a75f7b8,ok,0,0,0,0,0,0,5.2804,2.379,2.7258,2.0438,1.555,,8450,3.48
grid,,,PR13_x2,holdout,3,1043,headon,vfield,104a75f7b8,ok,0,0,0,0,0,0,2.2917,2.3576,2.7258,2.0438,1.555,,8450,3.59
grid,,,PR13_x2,holdout,3,1045,headon,vfield,104a75f7b8,ok,0,0,0,0,0,0,2.5078,2.7193,2.7258,2.0438,1.555,,8450,3.49
grid,,,PR13_x2,holdout,3,1047,headon,vfield,104a75f7b8,ok,0,0,0,0,0,0,12.8066,1.3355,2.7258,2.0438,1.555,,8450,3.51
grid,,,PR13_x2,holdout,3,1049,headon,vfield,104a75f7b8,ok,0,0,0,0,0,0,12.6213,3.1656,2.7258,2.0438,1.555,,8450,3.51
grid,,,PR13_x2,holdout,3,1051,headon,vfield,104a75f7b8,ok,0,0,0,0,0,0,10.1764,4.8785,2.7258,2.0438,1.555,,8450,3.59
grid,,,PR13_x2,holdout,3,1053,headon,vfield,104a75f7b8,ok,0,0,0,0,0,0,13.9972,7.6184,2.7258,2.0438,1.555,,8450,3.53
grid,,,PR13_x2,holdout,3,1055,headon,vfield,104a75f7b8,ok,0,0,0,0,0,0,10.1122,2.1686,2.7258,2.0438,1.555,,8450,3.49
grid,,,PR13_x2,holdout,3,1057,headon,vfield,104a75f7b8,ok,0,0,0,0,0,0,11.1383,3.2403,2.7258,2.0438,1.555,,8450,3.56
grid,,,PR13_x2,holdout,3,1059,headon,vfield,104a75f7b8,ok,0,0,0,0,0,0,5.0088,5.6759,2.7258,2.0438,1.555,,8450,3.44
grid,,,PR16_x1,holdout,3,1001,headon,vfield,e7b9816af8,ok,0,0,0,0,0,0,11.5151,10.7708,2.7258,2.0438,1.555,,8450,3.58
grid,,,PR16_x1,holdout,3,1003,headon,vfield,e7b9816af8,ok,0,0,0,0,0,0,8.251,7.3303,2.7258,2.0438,1.555,,8450,3.53
grid,,,PR16_x1,holdout,3,1005,headon,vfield,e7b9816af8,ok,0,0,0,0,0,0,8.7374,9.2029,2.7258,2.0438,1.555,,8450,3.49
grid,,,PR16_x1,holdout,3,1007,headon,vfield,e7b9816af8,ok,1,0,1,0,0,0,7.978,0.1492,2.7258,2.0438,1.555,9.39,8450,3.61
grid,,,PR16_x1,holdout,3,1009,headon,vfield,e7b9816af8,ok,0,0,0,0,0,0,7.4573,8.4779,2.7258,2.0438,1.555,,8450,3.53
grid,,,PR16_x1,holdout,3,1011,headon,vfield,e7b9816af8,ok,0,0,0,0,0,0,13.0917,5.0377,2.7258,2.0438,1.555,,8450,3.49
grid,,,PR16_x1,holdout,3,1013,headon,vfield,e7b9816af8,ok,0,0,0,0,0,0,3.2659,9.0883,2.7258,2.0438,1.555,,8450,3.59
grid,,,PR16_x1,holdout,3,1015,headon,vfield,e7b9816af8,ok,0,0,0,0,0,0,13.1364,3.1937,2.7258,2.0438,1.555,,8450,3.5
grid,,,PR16_x1,holdout,3,1017,headon,vfield,e7b9816af8,ok,0,0,0,0,0,0,4.5433,10.1086,2.7258,2.0438,1.555,,8450,3.52
grid,,,PR16_x1,holdout,3,1019,headon,vfield,e7b9816af8,ok,0,0,0,0,0,0,6.0683,5.5916,2.7258,2.0438,1.555,,8450,3.68
grid,,,PR16_x1,holdout,3,1021,headon,vfield,e7b9816af8,ok,0,0,0,0,0,0,6.192,7.0308,2.7258,2.0438,1.555,,8450,3.5
grid,,,PR16_x1,holdout,3,1023,headon,vfield,e7b9816af8,ok,0,0,0,0,0,0,9.7855,2.1095,2.7258,2.0438,1.555,,8450,3.5
grid,,,PR16_x1,holdout,3,1025,headon,vfield,e7b9816af8,ok,1,0,1,0,0,0,3.2803,0.0782,2.7258,2.0438,1.555,10.28,8450,3.58
grid,,,PR16_x1,holdout,3,1027,headon,vfield,e7b9816af8,ok,0,0,0,0,0,0,3.7705,3.7154,2.7258,2.0438,1.555,,8450,3.46
grid,,,PR16_x1,holdout,3,1029,headon,vfield,e7b9816af8,ok,1,0,1,0,0,0,6.7986,0.9893,2.7258,2.0438,1.555,6.56,8450,3.54
grid,,,PR16_x1,holdout,3,1031,headon,vfield,e7b9816af8,ok,0,0,0,0,0,0,5.2393,2.7489,2.7258,2.0438,1.555,,8450,3.56
grid,,,PR16_x1,holdout,3,1033,headon,vfield,e7b9816af8,ok,0,0,0,0,0,0,3.9801,12.689,2.7258,2.0438,1.555,,8450,3.59
grid,,,PR16_x1,holdout,3,1035,headon,vfield,e7b9816af8,ok,0,0,0,0,0,0,4.548,9.3891,2.7258,2.0438,1.555,,8450,3.48
grid,,,PR16_x1,holdout,3,1037,headon,vfield,e7b9816af8,ok,0,0,0,0,0,0,10.4318,1.4871,2.7258,2.0438,1.555,,8450,3.53
grid,,,PR16_x1,holdout,3,1039,headon,vfield,e7b9816af8,ok,0,0,0,0,0,0,3.755,7.7328,2.7258,2.0438,1.555,,8450,3.7
grid,,,PR16_x1,holdout,3,1041,headon,vfield,e7b9816af8,ok,1,0,1,0,0,0,3.6334,0.265,2.7258,2.0438,1.555,13.17,8450,3.54
grid,,,PR16_x1,holdout,3,1043,headon,vfield,e7b9816af8,ok,0,0,0,0,0,0,3.7757,1.57,2.7258,2.0438,1.555,,8450,3.5
grid,,,PR16_x1,holdout,3,1045,headon,vfield,e7b9816af8,ok,0,0,0,0,0,0,8.1293,8.4996,2.7258,2.0438,1.555,,8450,3.56
grid,,,PR16_x1,holdout,3,1047,headon,vfield,e7b9816af8,ok,0,0,0,0,0,0,7.6027,1.4884,2.7258,2.0438,1.555,,8450,3.57
grid,,,PR16_x1,holdout,3,1049,headon,vfield,e7b9816af8,ok,0,0,0,0,0,0,4.3955,4.2408,2.7258,2.0438,1.555,,8450,3.53
grid,,,PR16_x1,holdout,3,1051,headon,vfield,e7b9816af8,ok,0,0,0,0,0,0,8.7642,8.3443,2.7258,2.0438,1.555,,8450,3.49
grid,,,PR16_x1,holdout,3,1053,headon,vfield,e7b9816af8,ok,1,0,1,0,0,0,2.0855,0.4728,2.7258,2.0438,1.555,6.43,8450,3.5
grid,,,PR16_x1,holdout,3,1055,headon,vfield,e7b9816af8,ok,0,0,0,0,0,0,6.8018,1.5963,2.7258,2.0438,1.555,,8450,3.53
grid,,,PR16_x1,holdout,3,1057,headon,vfield,e7b9816af8,ok,0,0,0,0,0,0,7.8095,6.374,2.7258,2.0438,1.555,,8450,3.51
grid,,,PR16_x1,holdout,3,1059,headon,vfield,e7b9816af8,ok,0,0,0,0,0,0,10.7115,2.1485,2.7258,2.0438,1.555,,8450,3.58
grid,,,PR16_x1.25,holdout,3,1001,headon,vfield,20088c5bcb,ok,0,0,0,0,0,0,4.9418,12.138,2.7258,2.0438,1.555,,8450,3.55
grid,,,PR16_x1.25,holdout,3,1003,headon,vfield,20088c5bcb,ok,0,0,0,0,0,0,5.8757,2.3185,2.7258,2.0438,1.555,,8450,3.55
grid,,,PR16_x1.25,holdout,3,1005,headon,vfield,20088c5bcb,ok,0,0,0,0,0,0,8.5506,9.2515,2.7258,2.0438,1.555,,8450,3.48
grid,,,PR16_x1.25,holdout,3,1007,headon,vfield,20088c5bcb,ok,0,0,0,0,0,0,5.6443,5.0964,2.7258,2.0438,1.555,,8450,3.52
grid,,,PR16_x1.25,holdout,3,1009,headon,vfield,20088c5bcb,ok,0,0,0,0,0,0,7.9059,8.7344,2.7258,2.0438,1.555,,8450,3.53
grid,,,PR16_x1.25,holdout,3,1011,headon,vfield,20088c5bcb,ok,1,0,1,0,0,0,8.6023,0.0551,2.7258,2.0438,1.555,10.17,8450,3.49
grid,,,PR16_x1.25,holdout,3,1013,headon,vfield,20088c5bcb,ok,0,0,0,0,0,0,1.8836,12.03,2.7258,2.0438,1.555,,8450,3.52
grid,,,PR16_x1.25,holdout,3,1015,headon,vfield,20088c5bcb,ok,1,0,1,0,0,0,11.726,0.1372,2.7258,2.0438,1.555,9.68,8450,3.55
grid,,,PR16_x1.25,holdout,3,1017,headon,vfield,20088c5bcb,ok,0,0,0,0,0,0,10.4175,12.0841,2.7258,2.0438,1.555,,8450,3.47
grid,,,PR16_x1.25,holdout,3,1019,headon,vfield,20088c5bcb,ok,1,0,1,0,0,0,7.4039,0.6305,2.7258,2.0438,1.555,11.6,8450,3.52
grid,,,PR16_x1.25,holdout,3,1021,headon,vfield,20088c5bcb,ok,0,0,0,0,0,0,4.5106,3.5716,2.7258,2.0438,1.555,,8450,3.52
grid,,,PR16_x1.25,holdout,3,1023,headon,vfield,20088c5bcb,ok,1,0,1,0,0,0,10.0829,0.6958,2.7258,2.0438,1.555,9.07,8450,3.52
grid,,,PR16_x1.25,holdout,3,1025,headon,vfield,20088c5bcb,ok,0,0,0,0,0,0,9.4765,6.3184,2.7258,2.0438,1.555,,8450,3.55
grid,,,PR16_x1.25,holdout,3,1027,headon,vfield,20088c5bcb,ok,0,0,0,0,0,0,10.059,3.0018,2.7258,2.0438,1.555,,8450,3.49
grid,,,PR16_x1.25,holdout,3,1029,headon,vfield,20088c5bcb,ok,0,0,0,0,0,0,8.1101,1.0464,2.7258,2.0438,1.555,,8450,3.52
grid,,,PR16_x1.25,holdout,3,1031,headon,vfield,20088c5bcb,ok,0,0,0,0,0,0,4.8654,7.8872,2.7258,2.0438,1.555,,8450,3.49
grid,,,PR16_x1.25,holdout,3,1033,headon,vfield,20088c5bcb,ok,0,0,0,0,0,0,1.8607,12.1217,2.7258,2.0438,1.555,,8450,3.57
grid,,,PR16_x1.25,holdout,3,1035,headon,vfield,20088c5bcb,ok,0,0,0,0,0,0,8.7859,9.7647,2.7258,2.0438,1.555,,8450,3.54
grid,,,PR16_x1.25,holdout,3,1037,headon,vfield,20088c5bcb,ok,0,0,0,0,0,0,8.2905,2.7868,2.7258,2.0438,1.555,,8450,3.51
grid,,,PR16_x1.25,holdout,3,1039,headon,vfield,20088c5bcb,ok,0,0,0,0,0,0,6.6133,8.6406,2.7258,2.0438,1.555,,8450,3.54
grid,,,PR16_x1.25,holdout,3,1041,headon,vfield,20088c5bcb,ok,0,0,0,0,0,0,6.5425,3.2301,2.7258,2.0438,1.555,,8450,3.52
grid,,,PR16_x1.25,holdout,3,1043,headon,vfield,20088c5bcb,ok,0,0,0,0,0,0,5.5741,5.148,2.7258,2.0438,1.555,,8450,3.56
grid,,,PR16_x1.25,holdout,3,1045,headon,vfield,20088c5bcb,ok,0,0,0,0,0,0,4.4686,4.1653,2.7258,2.0438,1.555,,8450,3.5
grid,,,PR16_x1.25,holdout,3,1047,headon,vfield,20088c5bcb,ok,0,0,0,0,0,0,9.4204,9.4326,2.7258,2.0438,1.555,,8450,3.54
grid,,,PR16_x1.25,holdout,3,1049,headon,vfield,20088c5bcb,ok,0,0,0,0,0,0,5.3303,10.0684,2.7258,2.0438,1.555,,8450,3.55
grid,,,PR16_x1.25,holdout,3,1051,headon,vfield,20088c5bcb,ok,0,0,0,0,0,0,7.639,3.0502,2.7258,2.0438,1.555,,8450,3.5
grid,,,PR16_x1.25,holdout,3,1053,headon,vfield,20088c5bcb,ok,0,0,0,0,0,0,10.8978,3.6266,2.7258,2.0438,1.555,,8450,3.53
grid,,,PR16_x1.25,holdout,3,1055,headon,vfield,20088c5bcb,ok,0,0,0,0,0,0,7.8329,2.2237,2.7258,2.0438,1.555,,8450,3.52
grid,,,PR16_x1.25,holdout,3,1057,headon,vfield,20088c5bcb,ok,0,0,0,0,0,0,3.5282,3.3896,2.7258,2.0438,1.555,,8450,3.63
grid,,,PR16_x1.25,holdout,3,1059,headon,vfield,20088c5bcb,ok,0,0,0,0,0,0,10.512,9.8022,2.7258,2.0438,1.555,,8450,3.5
grid,,,PR16_x1.5,holdout,3,1001,headon,vfield,ed99d7ad42,ok,0,0,0,0,0,0,7.9975,5.0577,2.7258,2.0438,1.555,,8450,3.51
grid,,,PR16_x1.5,holdout,3,1003,headon,vfield,ed99d7ad42,ok,0,0,0,0,0,0,5.6661,1.9586,2.7258,2.0438,1.555,,8450,3.6
grid,,,PR16_x1.5,holdout,3,1005,headon,vfield,ed99d7ad42,ok,1,0,1,0,0,0,6.6763,0.5051,2.7258,2.0438,1.555,11.49,8450,3.52
grid,,,PR16_x1.5,holdout,3,1007,headon,vfield,ed99d7ad42,ok,0,0,0,0,0,0,5.6625,1.2862,2.7258,2.0438,1.555,,8450,3.51
grid,,,PR16_x1.5,holdout,3,1009,headon,vfield,ed99d7ad42,ok,0,0,0,0,0,0,3.6153,2.28,2.7258,2.0438,1.555,,8450,3.54
grid,,,PR16_x1.5,holdout,3,1011,headon,vfield,ed99d7ad42,ok,0,0,0,0,0,0,3.351,2.2883,2.7258,2.0438,1.555,,8450,3.51
grid,,,PR16_x1.5,holdout,3,1013,headon,vfield,ed99d7ad42,ok,0,0,0,0,0,0,5.0945,1.5053,2.7258,2.0438,1.555,,8450,3.45
grid,,,PR16_x1.5,holdout,3,1015,headon,vfield,ed99d7ad42,ok,0,0,0,0,0,0,14.1027,4.6393,2.7258,2.0438,1.555,,8450,3.57
grid,,,PR16_x1.5,holdout,3,1017,headon,vfield,ed99d7ad42,ok,0,0,0,0,0,0,4.2981,4.2362,2.7258,2.0438,1.555,,8450,3.58
grid,,,PR16_x1.5,holdout,3,1019,headon,vfield,ed99d7ad42,ok,0,0,0,0,0,0,2.9803,9.4293,2.7258,2.0438,1.555,,8450,3.55
grid,,,PR16_x1.5,holdout,3,1021,headon,vfield,ed99d7ad42,ok,0,0,0,0,0,0,5.1607,2.4815,2.7258,2.0438,1.555,,8450,3.48
grid,,,PR16_x1.5,holdout,3,1023,headon,vfield,ed99d7ad42,ok,0,0,0,0,0,0,12.9555,4.7059,2.7258,2.0438,1.555,,8450,3.67
grid,,,PR16_x1.5,holdout,3,1025,headon,vfield,ed99d7ad42,ok,0,0,0,0,0,0,6.3041,9.6537,2.7258,2.0438,1.555,,8450,3.59
grid,,,PR16_x1.5,holdout,3,1027,headon,vfield,ed99d7ad42,ok,0,0,0,0,0,0,4.8676,3.1355,2.7258,2.0438,1.555,,8450,3.54
grid,,,PR16_x1.5,holdout,3,1029,headon,vfield,ed99d7ad42,ok,0,0,0,0,0,0,7.3377,5.0233,2.7258,2.0438,1.555,,8450,3.58
grid,,,PR16_x1.5,holdout,3,1031,headon,vfield,ed99d7ad42,ok,0,0,0,0,0,0,3.8562,8.27,2.7258,2.0438,1.555,,8450,3.47
grid,,,PR16_x1.5,holdout,3,1033,headon,vfield,ed99d7ad42,ok,0,0,0,0,0,0,6.8684,2.0407,2.7258,2.0438,1.555,,8450,3.52
grid,,,PR16_x1.5,holdout,3,1035,headon,vfield,ed99d7ad42,ok,0,0,0,0,0,0,5.9439,8.0011,2.7258,2.0438,1.555,,8450,3.56
grid,,,PR16_x1.5,holdout,3,1037,headon,vfield,ed99d7ad42,ok,1,0,1,0,0,0,1.4,0.8196,2.7258,2.0438,1.555,33.05,8450,3.62
grid,,,PR16_x1.5,holdout,3,1039,headon,vfield,ed99d7ad42,ok,0,0,0,0,0,0,2.6268,8.9074,2.7258,2.0438,1.555,,8450,3.46
grid,,,PR16_x1.5,holdout,3,1041,headon,vfield,ed99d7ad42,ok,0,0,0,0,0,0,1.3941,9.4205,2.7258,2.0438,1.555,,8450,3.5
grid,,,PR16_x1.5,holdout,3,1043,headon,vfield,ed99d7ad42,ok,0,0,0,0,0,0,7.7312,5.7255,2.7258,2.0438,1.555,,8450,3.52
grid,,,PR16_x1.5,holdout,3,1045,headon,vfield,ed99d7ad42,ok,1,0,1,0,0,0,12.3003,0.0148,2.7258,2.0438,1.555,18.3,8450,3.59
grid,,,PR16_x1.5,holdout,3,1047,headon,vfield,ed99d7ad42,ok,0,0,0,0,0,0,4.328,7.6654,2.7258,2.0438,1.555,,8450,3.47
grid,,,PR16_x1.5,holdout,3,1049,headon,vfield,ed99d7ad42,ok,0,0,0,0,0,0,7.3025,7.3031,2.7258,2.0438,1.555,,8450,3.52
grid,,,PR16_x1.5,holdout,3,1051,headon,vfield,ed99d7ad42,ok,0,0,0,0,0,0,6.235,2.2793,2.7258,2.0438,1.555,,8450,3.5
grid,,,PR16_x1.5,holdout,3,1053,headon,vfield,ed99d7ad42,ok,0,0,0,0,0,0,6.914,5.4543,2.7258,2.0438,1.555,,8450,3.54
grid,,,PR16_x1.5,holdout,3,1055,headon,vfield,ed99d7ad42,ok,0,0,0,0,0,0,10.7292,1.3018,2.7258,2.0438,1.555,,8450,3.54
grid,,,PR16_x1.5,holdout,3,1057,headon,vfield,ed99d7ad42,ok,0,0,0,0,0,0,10.5465,5.1657,2.7258,2.0438,1.555,,8450,3.56
grid,,,PR16_x1.5,holdout,3,1059,headon,vfield,ed99d7ad42,ok,0,0,0,0,0,0,5.3243,2.7764,2.7258,2.0438,1.555,,8450,3.52
grid,,,PR16_x2,holdout,3,1001,headon,vfield,95ef2ce3f6,ok,0,0,0,0,0,0,8.6686,4.0355,2.7258,2.0438,1.555,,8450,3.56
grid,,,PR16_x2,holdout,3,1003,headon,vfield,95ef2ce3f6,ok,0,0,0,0,0,0,6.6866,4.9405,2.7258,2.0438,1.555,,8450,3.59
grid,,,PR16_x2,holdout,3,1005,headon,vfield,95ef2ce3f6,ok,0,0,0,0,0,0,5.6383,6.374,2.7258,2.0438,1.555,,8450,3.47
grid,,,PR16_x2,holdout,3,1007,headon,vfield,95ef2ce3f6,ok,0,0,0,0,0,0,5.175,8.5082,2.7258,2.0438,1.555,,8450,3.51
grid,,,PR16_x2,holdout,3,1009,headon,vfield,95ef2ce3f6,ok,1,0,1,0,0,0,9.8219,0.2266,2.7258,2.0438,1.555,29.42,8450,3.55
grid,,,PR16_x2,holdout,3,1011,headon,vfield,95ef2ce3f6,ok,0,0,0,0,0,0,7.1069,2.1879,2.7258,2.0438,1.555,,8450,3.5
grid,,,PR16_x2,holdout,3,1013,headon,vfield,95ef2ce3f6,ok,0,0,0,0,0,0,9.3181,4.679,2.7258,2.0438,1.555,,8450,3.51
grid,,,PR16_x2,holdout,3,1015,headon,vfield,95ef2ce3f6,ok,0,0,0,0,0,0,12.9469,4.8536,2.7258,2.0438,1.555,,8450,3.65
grid,,,PR16_x2,holdout,3,1017,headon,vfield,95ef2ce3f6,ok,0,0,0,0,0,0,14.194,3.7819,2.7258,2.0438,1.555,,8450,3.55
grid,,,PR16_x2,holdout,3,1019,headon,vfield,95ef2ce3f6,ok,0,0,0,0,0,0,4.3358,1.3781,2.7258,2.0438,1.555,,8450,3.48
grid,,,PR16_x2,holdout,3,1021,headon,vfield,95ef2ce3f6,ok,1,0,1,0,0,0,10.303,0.0036,2.7258,2.0438,1.555,29.92,8450,3.53
grid,,,PR16_x2,holdout,3,1023,headon,vfield,95ef2ce3f6,ok,0,0,0,0,0,0,7.6646,3.219,2.7258,2.0438,1.555,,8450,3.42
grid,,,PR16_x2,holdout,3,1025,headon,vfield,95ef2ce3f6,ok,0,0,0,0,0,0,9.5877,2.4542,2.7258,2.0438,1.555,,8450,3.58
grid,,,PR16_x2,holdout,3,1027,headon,vfield,95ef2ce3f6,ok,0,0,0,0,0,0,8.5359,7.6784,2.7258,2.0438,1.555,,8450,3.48
grid,,,PR16_x2,holdout,3,1029,headon,vfield,95ef2ce3f6,ok,0,0,0,0,0,0,4.5252,3.9475,2.7258,2.0438,1.555,,8450,3.55
grid,,,PR16_x2,holdout,3,1031,headon,vfield,95ef2ce3f6,ok,0,0,0,0,0,0,6.1992,2.4032,2.7258,2.0438,1.555,,8450,3.58
grid,,,PR16_x2,holdout,3,1033,headon,vfield,95ef2ce3f6,ok,0,0,0,0,0,0,3.3749,2.0909,2.7258,2.0438,1.555,,8450,3.56
grid,,,PR16_x2,holdout,3,1035,headon,vfield,95ef2ce3f6,ok,0,0,0,0,0,0,7.2002,12.5939,2.7258,2.0438,1.555,,8450,3.53
grid,,,PR16_x2,holdout,3,1037,headon,vfield,95ef2ce3f6,ok,0,0,0,0,0,0,10.0061,3.0002,2.7258,2.0438,1.555,,8450,3.52
grid,,,PR16_x2,holdout,3,1039,headon,vfield,95ef2ce3f6,ok,0,0,0,0,0,0,13.2774,4.4254,2.7258,2.0438,1.555,,8450,3.62
grid,,,PR16_x2,holdout,3,1041,headon,vfield,95ef2ce3f6,ok,0,0,0,0,0,0,5.5156,1.6601,2.7258,2.0438,1.555,,8450,3.52
grid,,,PR16_x2,holdout,3,1043,headon,vfield,95ef2ce3f6,ok,0,0,0,0,0,0,5.9839,2.2103,2.7258,2.0438,1.555,,8450,3.5
grid,,,PR16_x2,holdout,3,1045,headon,vfield,95ef2ce3f6,ok,0,0,0,0,0,0,5.4357,7.2665,2.7258,2.0438,1.555,,8450,3.48
grid,,,PR16_x2,holdout,3,1047,headon,vfield,95ef2ce3f6,ok,0,0,0,0,0,0,10.5687,1.5585,2.7258,2.0438,1.555,,8450,3.55
grid,,,PR16_x2,holdout,3,1049,headon,vfield,95ef2ce3f6,ok,0,0,0,0,0,0,8.9196,8.8607,2.7258,2.0438,1.555,,8450,3.58
grid,,,PR16_x2,holdout,3,1051,headon,vfield,95ef2ce3f6,ok,0,0,0,0,0,0,3.051,4.3882,2.7258,2.0438,1.555,,8450,3.51
grid,,,PR16_x2,holdout,3,1053,headon,vfield,95ef2ce3f6,ok,0,0,0,0,0,0,12.1083,10.2223,2.7258,2.0438,1.555,,8450,3.48
grid,,,PR16_x2,holdout,3,1055,headon,vfield,95ef2ce3f6,ok,0,0,0,0,0,0,10.9269,1.5269,2.7258,2.0438,1.555,,8450,3.65
grid,,,PR16_x2,holdout,3,1057,headon,vfield,95ef2ce3f6,ok,0,0,0,0,0,0,12.8854,9.006,2.7258,2.0438,1.555,,8450,3.5
grid,,,PR16_x2,holdout,3,1059,headon,vfield,95ef2ce3f6,ok,0,0,0,0,0,0,6.273,5.9498,2.7258,2.0438,1.555,,8450,3.49
grid,,,PR20_x1,holdout,3,1001,headon,vfield,a0470b2a93,ok,0,0,0,0,0,0,7.1201,11.892,2.7258,2.0438,1.555,,8450,3.52
grid,,,PR20_x1,holdout,3,1003,headon,vfield,a0470b2a93,ok,0,0,0,0,0,0,4.3907,1.8847,2.7258,2.0438,1.555,,8450,3.48
grid,,,PR20_x1,holdout,3,1005,headon,vfield,a0470b2a93,ok,0,0,0,0,0,0,8.6827,6.1143,2.7258,2.0438,1.555,,8450,3.56
grid,,,PR20_x1,holdout,3,1007,headon,vfield,a0470b2a93,ok,0,0,0,0,0,0,1.4921,5.717,2.7258,2.0438,1.555,,8450,3.5
grid,,,PR20_x1,holdout,3,1009,headon,vfield,a0470b2a93,ok,0,0,0,0,0,0,7.3283,8.7344,2.7258,2.0438,1.555,,8450,3.56
grid,,,PR20_x1,holdout,3,1011,headon,vfield,a0470b2a93,ok,0,0,0,0,0,0,13.8051,13.3019,2.7258,2.0438,1.555,,8450,3.58
grid,,,PR20_x1,holdout,3,1013,headon,vfield,a0470b2a93,ok,1,0,0,1,0,0,0.078,11.5502,2.7258,2.0438,1.555,-24.28,8450,3.54
grid,,,PR20_x1,holdout,3,1015,headon,vfield,a0470b2a93,ok,0,0,0,0,0,0,11.7749,5.2915,2.7258,2.0438,1.555,,8450,3.53
grid,,,PR20_x1,holdout,3,1017,headon,vfield,a0470b2a93,ok,0,0,0,0,0,0,12.8049,9.6894,2.7258,2.0438,1.555,,8450,3.52
grid,,,PR20_x1,holdout,3,1019,headon,vfield,a0470b2a93,ok,0,0,0,0,0,0,4.4968,5.1274,2.7258,2.0438,1.555,,8450,3.54
grid,,,PR20_x1,holdout,3,1021,headon,vfield,a0470b2a93,ok,0,0,0,0,0,0,3.1498,10.1092,2.7258,2.0438,1.555,,8450,3.49
grid,,,PR20_x1,holdout,3,1023,headon,vfield,a0470b2a93,ok,0,0,0,0,0,0,10.7942,9.9228,2.7258,2.0438,1.555,,8450,3.54
grid,,,PR20_x1,holdout,3,1025,headon,vfield,a0470b2a93,ok,0,0,0,0,0,0,3.4143,4.0212,2.7258,2.0438,1.555,,8450,3.56
grid,,,PR20_x1,holdout,3,1027,headon,vfield,a0470b2a93,ok,0,0,0,0,0,0,4.1318,3.3842,2.7258,2.0438,1.555,,8450,3.49
grid,,,PR20_x1,holdout,3,1029,headon,vfield,a0470b2a93,ok,0,0,0,0,0,0,4.0591,7.9268,2.7258,2.0438,1.555,,8450,3.52
grid,,,PR20_x1,holdout,3,1031,headon,vfield,a0470b2a93,ok,0,0,0,0,0,0,4.0027,3.9596,2.7258,2.0438,1.555,,8450,3.53
grid,,,PR20_x1,holdout,3,1033,headon,vfield,a0470b2a93,ok,0,0,0,0,0,0,1.2942,9.5459,2.7258,2.0438,1.555,,8450,3.62
grid,,,PR20_x1,holdout,3,1035,headon,vfield,a0470b2a93,ok,0,0,0,0,0,0,1.4798,4.2108,2.7258,2.0438,1.555,,8450,3.51
grid,,,PR20_x1,holdout,3,1037,headon,vfield,a0470b2a93,ok,0,0,0,0,0,0,1.4943,13.5817,2.7258,2.0438,1.555,,8450,3.53
grid,,,PR20_x1,holdout,3,1039,headon,vfield,a0470b2a93,ok,0,0,0,0,0,0,3.7447,8.6406,2.7258,2.0438,1.555,,8450,3.51
grid,,,PR20_x1,holdout,3,1041,headon,vfield,a0470b2a93,ok,0,0,0,0,0,0,4.5947,11.3387,2.7258,2.0438,1.555,,8450,3.48
grid,,,PR20_x1,holdout,3,1043,headon,vfield,a0470b2a93,ok,0,0,0,0,0,0,4.3851,5.1144,2.7258,2.0438,1.555,,8450,3.52
grid,,,PR20_x1,holdout,3,1045,headon,vfield,a0470b2a93,ok,0,0,0,0,0,0,4.4053,3.7914,2.7258,2.0438,1.555,,8450,3.45
grid,,,PR20_x1,holdout,3,1047,headon,vfield,a0470b2a93,ok,0,0,0,0,0,0,10.8421,4.4801,2.7258,2.0438,1.555,,8450,3.58
grid,,,PR20_x1,holdout,3,1049,headon,vfield,a0470b2a93,ok,0,0,0,0,0,0,8.9129,9.3625,2.7258,2.0438,1.555,,8450,3.58
grid,,,PR20_x1,holdout,3,1051,headon,vfield,a0470b2a93,ok,1,0,1,0,0,0,1.6213,0.5799,2.7258,2.0438,1.555,18.61,8450,3.53
grid,,,PR20_x1,holdout,3,1053,headon,vfield,a0470b2a93,ok,0,0,0,0,0,0,4.2948,4.9151,2.7258,2.0438,1.555,,8450,3.53
grid,,,PR20_x1,holdout,3,1055,headon,vfield,a0470b2a93,ok,0,0,0,0,0,0,5.1447,12.5203,2.7258,2.0438,1.555,,8450,3.5
grid,,,PR20_x1,holdout,3,1057,headon,vfield,a0470b2a93,ok,0,0,0,0,0,0,1.7976,2.0204,2.7258,2.0438,1.555,,8450,3.51
grid,,,PR20_x1,holdout,3,1059,headon,vfield,a0470b2a93,ok,0,0,0,0,0,0,10.4476,9.1758,2.7258,2.0438,1.555,,8450,3.57
grid,,,PR20_x1.25,holdout,3,1001,headon,vfield,88e148f0b6,ok,0,0,0,0,0,0,4.3697,1.0513,2.7258,2.0438,1.555,,8450,3.56
grid,,,PR20_x1.25,holdout,3,1003,headon,vfield,88e148f0b6,ok,0,0,0,0,0,0,6.3099,2.0294,2.7258,2.0438,1.555,,8450,3.59
grid,,,PR20_x1.25,holdout,3,1005,headon,vfield,88e148f0b6,ok,0,0,0,0,0,0,3.4962,6.6533,2.7258,2.0438,1.555,,8450,3.51
grid,,,PR20_x1.25,holdout,3,1007,headon,vfield,88e148f0b6,ok,0,0,0,0,0,0,4.8228,6.2144,2.7258,2.0438,1.555,,8450,3.49
grid,,,PR20_x1.25,holdout,3,1009,headon,vfield,88e148f0b6,ok,0,0,0,0,0,0,6.1238,6.9442,2.7258,2.0438,1.555,,8450,3.55
grid,,,PR20_x1.25,holdout,3,1011,headon,vfield,88e148f0b6,ok,0,0,0,0,0,0,14.7121,4.4208,2.7258,2.0438,1.555,,8450,3.5
grid,,,PR20_x1.25,holdout,3,1013,headon,vfield,88e148f0b6,ok,0,0,0,0,0,0,8.1321,1.373,2.7258,2.0438,1.555,,8450,3.55
grid,,,PR20_x1.25,holdout,3,1015,headon,vfield,88e148f0b6,ok,0,0,0,0,0,0,12.3848,1.9478,2.7258,2.0438,1.555,,8450,3.45
grid,,,PR20_x1.25,holdout,3,1017,headon,vfield,88e148f0b6,ok,0,0,0,0,0,0,8.2699,4.1999,2.7258,2.0438,1.555,,8450,3.52
grid,,,PR20_x1.25,holdout,3,1019,headon,vfield,88e148f0b6,ok,0,0,0,0,0,0,6.9753,8.0475,2.7258,2.0438,1.555,,8450,3.57
grid,,,PR20_x1.25,holdout,3,1021,headon,vfield,88e148f0b6,ok,0,0,0,0,0,0,8.5227,13.0061,2.7258,2.0438,1.555,,8450,3.52
grid,,,PR20_x1.25,holdout,3,1023,headon,vfield,88e148f0b6,ok,0,0,0,0,0,0,9.163,3.8563,2.7258,2.0438,1.555,,8450,3.56
grid,,,PR20_x1.25,holdout,3,1025,headon,vfield,88e148f0b6,ok,0,0,0,0,0,0,8.0258,11.2525,2.7258,2.0438,1.555,,8450,3.48
grid,,,PR20_x1.25,holdout,3,1027,headon,vfield,88e148f0b6,ok,0,0,0,0,0,0,5.9099,7.4742,2.7258,2.0438,1.555,,8450,3.51
grid,,,PR20_x1.25,holdout,3,1029,headon,vfield,88e148f0b6,ok,0,0,0,0,0,0,3.8434,4.5513,2.7258,2.0438,1.555,,8450,3.5
grid,,,PR20_x1.25,holdout,3,1031,headon,vfield,88e148f0b6,ok,0,0,0,0,0,0,2.8076,7.6615,2.7258,2.0438,1.555,,8450,3.52
grid,,,PR20_x1.25,holdout,3,1033,headon,vfield,88e148f0b6,ok,0,0,0,0,0,0,6.2354,3.0884,2.7258,2.0438,1.555,,8450,3.52
grid,,,PR20_x1.25,holdout,3,1035,headon,vfield,88e148f0b6,ok,0,0,0,0,0,0,4.2935,9.8924,2.7258,2.0438,1.555,,8450,3.51
grid,,,PR20_x1.25,holdout,3,1037,headon,vfield,88e148f0b6,ok,0,0,0,0,0,0,6.461,13.0755,2.7258,2.0438,1.555,,8450,3.43
grid,,,PR20_x1.25,holdout,3,1039,headon,vfield,88e148f0b6,ok,0,0,0,0,0,0,13.4413,8.9803,2.7258,2.0438,1.555,,8450,3.51
grid,,,PR20_x1.25,holdout,3,1041,headon,vfield,88e148f0b6,ok,0,0,0,0,0,0,5.7048,7.6252,2.7258,2.0438,1.555,,8450,3.51
grid,,,PR20_x1.25,holdout,3,1043,headon,vfield,88e148f0b6,ok,0,0,0,0,0,0,1.3911,2.2028,2.7258,2.0438,1.555,,8450,3.51
grid,,,PR20_x1.25,holdout,3,1045,headon,vfield,88e148f0b6,ok,0,0,0,0,0,0,7.5253,8.2923,2.7258,2.0438,1.555,,8450,3.53
grid,,,PR20_x1.25,holdout,3,1047,headon,vfield,88e148f0b6,ok,0,0,0,0,0,0,14.0358,3.9032,2.7258,2.0438,1.555,,8450,3.48
grid,,,PR20_x1.25,holdout,3,1049,headon,vfield,88e148f0b6,ok,0,0,0,0,0,0,7.5095,13.5601,2.7258,2.0438,1.555,,8450,3.51
grid,,,PR20_x1.25,holdout,3,1051,headon,vfield,88e148f0b6,ok,0,0,0,0,0,0,7.2077,12.6523,2.7258,2.0438,1.555,,8450,3.51
grid,,,PR20_x1.25,holdout,3,1053,headon,vfield,88e148f0b6,ok,0,0,0,0,0,0,4.5018,12.2649,2.7258,2.0438,1.555,,8450,3.54
grid,,,PR20_x1.25,holdout,3,1055,headon,vfield,88e148f0b6,ok,0,0,0,0,0,0,4.6144,5.7604,2.7258,2.0438,1.555,,8450,3.53
grid,,,PR20_x1.25,holdout,3,1057,headon,vfield,88e148f0b6,ok,0,0,0,0,0,0,4.4106,1.3341,2.7258,2.0438,1.555,,8450,3.51
grid,,,PR20_x1.25,holdout,3,1059,headon,vfield,88e148f0b6,ok,0,0,0,0,0,0,5.0454,7.9931,2.7258,2.0438,1.555,,8450,3.56
grid,,,PR20_x1.5,holdout,3,1001,headon,vfield,9d8eb60c92,ok,0,0,0,0,0,0,7.9992,6.2658,2.7258,2.0438,1.555,,8450,3.48
grid,,,PR20_x1.5,holdout,3,1003,headon,vfield,9d8eb60c92,ok,1,0,1,0,0,0,6.0474,0.0142,2.7258,2.0438,1.555,13.22,8450,3.52
grid,,,PR20_x1.5,holdout,3,1005,headon,vfield,9d8eb60c92,ok,0,0,0,0,0,0,6.1236,1.1595,2.7258,2.0438,1.555,,8450,3.49
grid,,,PR20_x1.5,holdout,3,1007,headon,vfield,9d8eb60c92,ok,0,0,0,0,0,0,6.3777,5.1643,2.7258,2.0438,1.555,,8450,3.55
grid,,,PR20_x1.5,holdout,3,1009,headon,vfield,9d8eb60c92,ok,0,0,0,0,0,0,15.5677,2.3083,2.7258,2.0438,1.555,,8450,3.53
grid,,,PR20_x1.5,holdout,3,1011,headon,vfield,9d8eb60c92,ok,0,0,0,0,0,0,8.7718,11.0882,2.7258,2.0438,1.555,,8450,3.49
grid,,,PR20_x1.5,holdout,3,1013,headon,vfield,9d8eb60c92,ok,1,0,1,0,0,0,5.6567,0.9912,2.7258,2.0438,1.555,15.6,8450,3.6
grid,,,PR20_x1.5,holdout,3,1015,headon,vfield,9d8eb60c92,ok,0,0,0,0,0,0,14.2343,6.2037,2.7258,2.0438,1.555,,8450,3.52
grid,,,PR20_x1.5,holdout,3,1017,headon,vfield,9d8eb60c92,ok,0,0,0,0,0,0,5.951,3.9913,2.7258,2.0438,1.555,,8450,3.52
grid,,,PR20_x1.5,holdout,3,1019,headon,vfield,9d8eb60c92,ok,0,0,0,0,0,0,6.7899,3.7855,2.7258,2.0438,1.555,,8450,3.6
grid,,,PR20_x1.5,holdout,3,1021,headon,vfield,9d8eb60c92,ok,0,0,0,0,0,0,13.2912,3.7999,2.7258,2.0438,1.555,,8450,3.5
grid,,,PR20_x1.5,holdout,3,1023,headon,vfield,9d8eb60c92,ok,0,0,0,0,0,0,6.3582,2.3761,2.7258,2.0438,1.555,,8450,3.43
grid,,,PR20_x1.5,holdout,3,1025,headon,vfield,9d8eb60c92,ok,0,0,0,0,0,0,8.9063,8.4987,2.7258,2.0438,1.555,,8450,3.56
grid,,,PR20_x1.5,holdout,3,1027,headon,vfield,9d8eb60c92,ok,0,0,0,0,0,0,6.1288,11.2183,2.7258,2.0438,1.555,,8450,3.56
grid,,,PR20_x1.5,holdout,3,1029,headon,vfield,9d8eb60c92,ok,0,0,0,0,0,0,4.0834,8.753,2.7258,2.0438,1.555,,8450,3.58
grid,,,PR20_x1.5,holdout,3,1031,headon,vfield,9d8eb60c92,ok,0,0,0,0,0,0,6.7468,5.7514,2.7258,2.0438,1.555,,8450,3.53
grid,,,PR20_x1.5,holdout,3,1033,headon,vfield,9d8eb60c92,ok,0,0,0,0,0,0,13.8219,7.3323,2.7258,2.0438,1.555,,8450,3.49
grid,,,PR20_x1.5,holdout,3,1035,headon,vfield,9d8eb60c92,ok,0,0,0,0,0,0,14.2857,8.3943,2.7258,2.0438,1.555,,8450,3.49
grid,,,PR20_x1.5,holdout,3,1037,headon,vfield,9d8eb60c92,ok,0,0,0,0,0,0,4.9721,1.6125,2.7258,2.0438,1.555,,8450,3.44
grid,,,PR20_x1.5,holdout,3,1039,headon,vfield,9d8eb60c92,ok,0,0,0,0,0,0,5.8906,7.5338,2.7258,2.0438,1.555,,8450,3.56
grid,,,PR20_x1.5,holdout,3,1041,headon,vfield,9d8eb60c92,ok,0,0,0,0,0,0,11.3023,5.2218,2.7258,2.0438,1.555,,8450,3.49
grid,,,PR20_x1.5,holdout,3,1043,headon,vfield,9d8eb60c92,ok,0,0,0,0,0,0,8.175,6.1694,2.7258,2.0438,1.555,,8450,3.52
grid,,,PR20_x1.5,holdout,3,1045,headon,vfield,9d8eb60c92,ok,0,0,0,0,0,0,7.6652,5.9438,2.7258,2.0438,1.555,,8450,3.54
grid,,,PR20_x1.5,holdout,3,1047,headon,vfield,9d8eb60c92,ok,1,0,1,0,0,0,12.8967,0.3545,2.7258,2.0438,1.555,32.2,8450,3.46
grid,,,PR20_x1.5,holdout,3,1049,headon,vfield,9d8eb60c92,ok,0,0,0,0,0,0,14.2338,5.3778,2.7258,2.0438,1.555,,8450,3.52
grid,,,PR20_x1.5,holdout,3,1051,headon,vfield,9d8eb60c92,ok,0,0,0,0,0,0,14.8585,4.571,2.7258,2.0438,1.555,,8450,3.51
grid,,,PR20_x1.5,holdout,3,1053,headon,vfield,9d8eb60c92,ok,0,0,0,0,0,0,7.5058,1.3273,2.7258,2.0438,1.555,,8450,3.53
grid,,,PR20_x1.5,holdout,3,1055,headon,vfield,9d8eb60c92,ok,0,0,0,0,0,0,4.634,1.7219,2.7258,2.0438,1.555,,8450,3.55
grid,,,PR20_x1.5,holdout,3,1057,headon,vfield,9d8eb60c92,ok,0,0,0,0,0,0,5.9321,12.977,2.7258,2.0438,1.555,,8450,3.51
grid,,,PR20_x1.5,holdout,3,1059,headon,vfield,9d8eb60c92,ok,0,0,0,0,0,0,5.7906,3.7306,2.7258,2.0438,1.555,,8450,3.55
grid,,,PR20_x2,holdout,3,1001,headon,vfield,444ce413f1,ok,0,0,0,0,0,0,8.8539,4.553,2.7258,2.0438,1.555,,8450,3.46
grid,,,PR20_x2,holdout,3,1003,headon,vfield,444ce413f1,ok,0,0,0,0,0,0,9.3034,9.3333,2.7258,2.0438,1.555,,8450,3.56
grid,,,PR20_x2,holdout,3,1005,headon,vfield,444ce413f1,ok,0,0,0,0,0,0,10.3986,6.1158,2.7258,2.0438,1.555,,8450,3.52
grid,,,PR20_x2,holdout,3,1007,headon,vfield,444ce413f1,ok,0,0,0,0,0,0,4.9744,3.9654,2.7258,2.0438,1.555,,8450,3.48
grid,,,PR20_x2,holdout,3,1009,headon,vfield,444ce413f1,ok,0,0,0,0,0,0,11.3585,7.3142,2.7258,2.0438,1.555,,8450,3.53
grid,,,PR20_x2,holdout,3,1011,headon,vfield,444ce413f1,ok,0,0,0,0,0,0,14.3818,9.6922,2.7258,2.0438,1.555,,8450,3.55
grid,,,PR20_x2,holdout,3,1013,headon,vfield,444ce413f1,ok,1,0,1,0,0,0,10.3762,0.8818,2.7258,2.0438,1.555,20.28,8450,3.54
grid,,,PR20_x2,holdout,3,1015,headon,vfield,444ce413f1,ok,0,0,0,0,0,0,12.3833,5.8616,2.7258,2.0438,1.555,,8450,3.56
grid,,,PR20_x2,holdout,3,1017,headon,vfield,444ce413f1,ok,0,0,0,0,0,0,13.2476,13.3954,2.7258,2.0438,1.555,,8450,3.48
grid,,,PR20_x2,holdout,3,1019,headon,vfield,444ce413f1,ok,0,0,0,0,0,0,12.0682,5.8932,2.7258,2.0438,1.555,,8450,3.59
grid,,,PR20_x2,holdout,3,1021,headon,vfield,444ce413f1,ok,0,0,0,0,0,0,6.4183,10.446,2.7258,2.0438,1.555,,8450,3.47
grid,,,PR20_x2,holdout,3,1023,headon,vfield,444ce413f1,ok,0,0,0,0,0,0,13.227,2.8784,2.7258,2.0438,1.555,,8450,3.57
grid,,,PR20_x2,holdout,3,1025,headon,vfield,444ce413f1,ok,0,0,0,0,0,0,11.3213,8.5164,2.7258,2.0438,1.555,,8450,3.57
grid,,,PR20_x2,holdout,3,1027,headon,vfield,444ce413f1,ok,0,0,0,0,0,0,9.7797,4.5101,2.7258,2.0438,1.555,,8450,3.43
grid,,,PR20_x2,holdout,3,1029,headon,vfield,444ce413f1,ok,0,0,0,0,0,0,7.7795,8.9904,2.7258,2.0438,1.555,,8450,3.64
grid,,,PR20_x2,holdout,3,1031,headon,vfield,444ce413f1,ok,0,0,0,0,0,0,11.2782,6.9724,2.7258,2.0438,1.555,,8450,3.53
grid,,,PR20_x2,holdout,3,1033,headon,vfield,444ce413f1,ok,0,0,0,0,0,0,9.7114,5.7565,2.7258,2.0438,1.555,,8450,3.49
grid,,,PR20_x2,holdout,3,1035,headon,vfield,444ce413f1,ok,0,0,0,0,0,0,3.8033,13.3767,2.7258,2.0438,1.555,,8450,3.57
grid,,,PR20_x2,holdout,3,1037,headon,vfield,444ce413f1,ok,0,0,0,0,0,0,13.1827,5.0191,2.7258,2.0438,1.555,,8450,3.56
grid,,,PR20_x2,holdout,3,1039,headon,vfield,444ce413f1,ok,0,0,0,0,0,0,4.1929,8.3393,2.7258,2.0438,1.555,,8450,3.57
grid,,,PR20_x2,holdout,3,1041,headon,vfield,444ce413f1,ok,0,0,0,0,0,0,11.8577,9.5571,2.7258,2.0438,1.555,,8450,3.48
grid,,,PR20_x2,holdout,3,1043,headon,vfield,444ce413f1,ok,0,0,0,0,0,0,7.6535,7.9124,2.7258,2.0438,1.555,,8450,3.56
grid,,,PR20_x2,holdout,3,1045,headon,vfield,444ce413f1,ok,0,0,0,0,0,0,8.9637,3.3736,2.7258,2.0438,1.555,,8450,3.49
grid,,,PR20_x2,holdout,3,1047,headon,vfield,444ce413f1,ok,0,0,0,0,0,0,3.5828,8.3734,2.7258,2.0438,1.555,,8450,3.59
grid,,,PR20_x2,holdout,3,1049,headon,vfield,444ce413f1,ok,0,0,0,0,0,0,3.3904,8.4532,2.7258,2.0438,1.555,,8450,3.67
grid,,,PR20_x2,holdout,3,1051,headon,vfield,444ce413f1,ok,0,0,0,0,0,0,1.4111,6.6422,2.7258,2.0438,1.555,,8450,3.54
grid,,,PR20_x2,holdout,3,1053,headon,vfield,444ce413f1,ok,0,0,0,0,0,0,10.8755,7.4206,2.7258,2.0438,1.555,,8450,3.51
grid,,,PR20_x2,holdout,3,1055,headon,vfield,444ce413f1,ok,0,0,0,0,0,0,9.8736,1.256,2.7258,2.0438,1.555,,8450,3.52
grid,,,PR20_x2,holdout,3,1057,headon,vfield,444ce413f1,ok,0,0,0,0,0,0,11.8063,2.5052,2.7258,2.0438,1.555,,8450,3.55
grid,,,PR20_x2,holdout,3,1059,headon,vfield,444ce413f1,ok,0,0,0,0,0,0,5.4491,4.1922,2.7258,2.0438,1.555,,8450,3.55
grid,,,PR8_x1,holdout,4,1001,headon,vfield,d2f987c9b6,ok,0,0,0,0,0,0,6.0093,4.4247,2.7258,2.0438,1.555,,8450,3.57
grid,,,PR8_x1,holdout,4,1003,headon,vfield,d2f987c9b6,ok,0,0,0,0,0,0,8.4819,4.0576,2.7258,2.0438,1.555,,8450,3.59
grid,,,PR8_x1,holdout,4,1005,headon,vfield,d2f987c9b6,ok,0,0,0,0,0,0,3.7431,1.5357,2.7258,2.0438,1.555,,8450,3.55
grid,,,PR8_x1,holdout,4,1007,headon,vfield,d2f987c9b6,ok,0,0,0,0,0,0,1.4632,4.8504,2.7258,2.0438,1.555,,8450,3.5
grid,,,PR8_x1,holdout,4,1009,headon,vfield,d2f987c9b6,ok,0,0,0,0,0,0,2.3466,1.4212,2.7258,2.0438,1.555,,8450,3.59
grid,,,PR8_x1,holdout,4,1011,headon,vfield,d2f987c9b6,ok,1,0,1,0,0,0,4.5725,0.177,2.7258,2.0438,1.555,7.28,8450,3.5
grid,,,PR8_x1,holdout,4,1013,headon,vfield,d2f987c9b6,ok,2,0,2,0,0,0,1.8853,0.324,2.7258,2.0438,1.555,-1.96,8450,3.54
grid,,,PR8_x1,holdout,4,1015,headon,vfield,d2f987c9b6,ok,0,0,0,0,0,0,6.2832,10.0307,2.7258,2.0438,1.555,,8450,3.64
grid,,,PR8_x1,holdout,4,1017,headon,vfield,d2f987c9b6,ok,0,0,0,0,0,0,5.2024,5.7422,2.7258,2.0438,1.555,,8450,3.57
grid,,,PR8_x1,holdout,4,1019,headon,vfield,d2f987c9b6,ok,0,0,0,0,0,0,5.5256,5.8453,2.7258,2.0438,1.555,,8450,3.54
grid,,,PR8_x1,holdout,4,1021,headon,vfield,d2f987c9b6,ok,0,0,0,0,0,0,6.1321,5.5831,2.7258,2.0438,1.555,,8450,3.56
grid,,,PR8_x1,holdout,4,1023,headon,vfield,d2f987c9b6,ok,0,0,0,0,0,0,7.4741,5.6307,2.7258,2.0438,1.555,,8450,3.54
grid,,,PR8_x1,holdout,4,1025,headon,vfield,d2f987c9b6,ok,0,0,0,0,0,0,9.8408,9.3175,2.7258,2.0438,1.555,,8450,3.61
grid,,,PR8_x1,holdout,4,1027,headon,vfield,d2f987c9b6,ok,0,0,0,0,0,0,9.466,1.8841,2.7258,2.0438,1.555,,8450,3.52
grid,,,PR8_x1,holdout,4,1029,headon,vfield,d2f987c9b6,ok,1,0,1,0,0,0,4.5671,0.9378,2.7258,2.0438,1.555,5.7,8450,3.55
grid,,,PR8_x1,holdout,4,1031,headon,vfield,d2f987c9b6,ok,1,0,1,0,0,0,6.4347,0.8218,2.7258,2.0438,1.555,6.6,8450,3.53
grid,,,PR8_x1,holdout,4,1033,headon,vfield,d2f987c9b6,ok,0,0,0,0,0,0,5.4779,2.0905,2.7258,2.0438,1.555,,8450,3.54
grid,,,PR8_x1,holdout,4,1035,headon,vfield,d2f987c9b6,ok,1,1,0,0,0,0,1.9206,0.1552,2.7258,2.0438,1.555,-1.1,8450,3.53
grid,,,PR8_x1,holdout,4,1037,headon,vfield,d2f987c9b6,ok,0,0,0,0,0,0,8.8086,10.8604,2.7258,2.0438,1.555,,8450,3.54
grid,,,PR8_x1,holdout,4,1039,headon,vfield,d2f987c9b6,ok,0,0,0,0,0,0,3.287,4.665,2.7258,2.0438,1.555,,8450,3.51
grid,,,PR8_x1,holdout,4,1041,headon,vfield,d2f987c9b6,ok,0,0,0,0,0,0,2.3813,1.6112,2.7258,2.0438,1.555,,8450,3.56
grid,,,PR8_x1,holdout,4,1043,headon,vfield,d2f987c9b6,ok,1,0,0,0,1,0,0.2394,5.3651,2.7258,2.0438,1.555,43.66,8450,3.56
grid,,,PR8_x1,holdout,4,1045,headon,vfield,d2f987c9b6,ok,1,0,1,0,0,0,3.3444,0.7282,2.7258,2.0438,1.555,21.32,8450,3.56
grid,,,PR8_x1,holdout,4,1047,headon,vfield,d2f987c9b6,ok,0,0,0,0,0,0,1.6753,5.7218,2.7258,2.0438,1.555,,8450,3.46
grid,,,PR8_x1,holdout,4,1049,headon,vfield,d2f987c9b6,ok,0,0,0,0,0,0,2.558,1.8962,2.7258,2.0438,1.555,,8450,3.58
grid,,,PR8_x1,holdout,4,1051,headon,vfield,d2f987c9b6,ok,0,0,0,0,0,0,6.5532,6.9909,2.7258,2.0438,1.555,,8450,3.51
grid,,,PR8_x1,holdout,4,1053,headon,vfield,d2f987c9b6,ok,1,1,0,0,0,0,5.1476,0.3804,2.7258,2.0438,1.555,-3.5,8450,3.51
grid,,,PR8_x1,holdout,4,1055,headon,vfield,d2f987c9b6,ok,0,0,0,0,0,0,6.9721,3.2496,2.7258,2.0438,1.555,,8450,3.59
grid,,,PR8_x1,holdout,4,1057,headon,vfield,d2f987c9b6,ok,0,0,0,0,0,0,6.4689,5.7547,2.7258,2.0438,1.555,,8450,3.53
grid,,,PR8_x1,holdout,4,1059,headon,vfield,d2f987c9b6,ok,0,0,0,0,0,0,7.9706,2.6701,2.7258,2.0438,1.555,,8450,3.53
grid,,,PR8_x1.25,holdout,4,1001,headon,vfield,47e9ffd77b,ok,0,0,0,0,0,0,1.9429,1.8465,2.7258,2.0438,1.555,,8450,3.58
grid,,,PR8_x1.25,holdout,4,1003,headon,vfield,47e9ffd77b,ok,0,0,0,0,0,0,10.8649,1.4297,2.7258,2.0438,1.555,,8450,3.63
grid,,,PR8_x1.25,holdout,4,1005,headon,vfield,47e9ffd77b,ok,0,0,0,0,0,0,6.5032,5.4619,2.7258,2.0438,1.555,,8450,3.54
grid,,,PR8_x1.25,holdout,4,1007,headon,vfield,47e9ffd77b,ok,0,0,0,0,0,0,5.8059,3.3792,2.7258,2.0438,1.555,,8450,3.59
grid,,,PR8_x1.25,holdout,4,1009,headon,vfield,47e9ffd77b,ok,0,0,0,0,0,0,5.8478,5.7785,2.7258,2.0438,1.555,,8450,3.56
grid,,,PR8_x1.25,holdout,4,1011,headon,vfield,47e9ffd77b,ok,0,0,0,0,0,0,8.9034,2.5272,2.7258,2.0438,1.555,,8450,3.54
grid,,,PR8_x1.25,holdout,4,1013,headon,vfield,47e9ffd77b,ok,1,1,0,0,0,0,4.3821,0.4321,2.7258,2.0438,1.555,-1.15,8450,3.6
grid,,,PR8_x1.25,holdout,4,1015,headon,vfield,47e9ffd77b,ok,1,0,0,1,0,0,0.11,3.5925,2.7258,2.0438,1.555,43.57,8450,3.5
grid,,,PR8_x1.25,holdout,4,1017,headon,vfield,47e9ffd77b,ok,0,0,0,0,0,0,8.4478,2.7693,2.7258,2.0438,1.555,,8450,3.52
grid,,,PR8_x1.25,holdout,4,1019,headon,vfield,47e9ffd77b,ok,0,0,0,0,0,0,1.024,8.0561,2.7258,2.0438,1.555,,8450,3.58
grid,,,PR8_x1.25,holdout,4,1021,headon,vfield,47e9ffd77b,ok,0,0,0,0,0,0,5.3972,2.3564,2.7258,2.0438,1.555,,8450,3.53
grid,,,PR8_x1.25,holdout,4,1023,headon,vfield,47e9ffd77b,ok,0,0,0,0,0,0,11.6836,2.1336,2.7258,2.0438,1.555,,8450,3.57
grid,,,PR8_x1.25,holdout,4,1025,headon,vfield,47e9ffd77b,ok,0,0,0,0,0,0,7.2748,1.471,2.7258,2.0438,1.555,,8450,3.61
grid,,,PR8_x1.25,holdout,4,1027,headon,vfield,47e9ffd77b,ok,0,0,0,0,0,0,2.3788,2.0795,2.7258,2.0438,1.555,,8450,3.6
grid,,,PR8_x1.25,holdout,4,1029,headon,vfield,47e9ffd77b,ok,0,0,0,0,0,0,6.8191,4.6307,2.7258,2.0438,1.555,,8450,3.61
grid,,,PR8_x1.25,holdout,4,1031,headon,vfield,47e9ffd77b,ok,0,0,0,0,0,0,3.3873,3.7504,2.7258,2.0438,1.555,,8450,3.51
grid,,,PR8_x1.25,holdout,4,1033,headon,vfield,47e9ffd77b,ok,1,0,1,0,0,0,2.4007,0.179,2.7258,2.0438,1.555,8.43,8450,3.59
grid,,,PR8_x1.25,holdout,4,1035,headon,vfield,47e9ffd77b,ok,1,0,0,0,1,0,0.2357,2.2303,2.7258,2.0438,1.555,-0.51,8450,3.52
grid,,,PR8_x1.25,holdout,4,1037,headon,vfield,47e9ffd77b,ok,1,0,1,0,0,0,6.7567,0.0104,2.7258,2.0438,1.555,8.76,8450,3.47
grid,,,PR8_x1.25,holdout,4,1039,headon,vfield,47e9ffd77b,ok,0,0,0,0,0,0,3.157,2.0577,2.7258,2.0438,1.555,,8450,3.57
grid,,,PR8_x1.25,holdout,4,1041,headon,vfield,47e9ffd77b,ok,1,0,1,0,0,0,7.8274,0.5252,2.7258,2.0438,1.555,-0.03,8450,3.61
grid,,,PR8_x1.25,holdout,4,1043,headon,vfield,47e9ffd77b,ok,1,0,0,0,1,0,0.5276,1.063,2.7258,2.0438,1.555,36.28,8450,3.65
grid,,,PR8_x1.25,holdout,4,1045,headon,vfield,47e9ffd77b,ok,0,0,0,0,0,0,3.8815,7.0025,2.7258,2.0438,1.555,,8450,3.62
grid,,,PR8_x1.25,holdout,4,1047,headon,vfield,47e9ffd77b,ok,1,0,1,0,0,0,7.243,0.2106,2.7258,2.0438,1.555,13.93,8450,3.54
grid,,,PR8_x1.25,holdout,4,1049,headon,vfield,47e9ffd77b,ok,1,0,0,0,1,0,0.8837,8.1853,2.7258,2.0438,1.555,43.8,8450,3.51
grid,,,PR8_x1.25,holdout,4,1051,headon,vfield,47e9ffd77b,ok,0,0,0,0,0,0,3.1847,4.2617,2.7258,2.0438,1.555,,8450,3.52
grid,,,PR8_x1.25,holdout,4,1053,headon,vfield,47e9ffd77b,ok,0,0,0,0,0,0,6.209,3.256,2.7258,2.0438,1.555,,8450,3.59
grid,,,PR8_x1.25,holdout,4,1055,headon,vfield,47e9ffd77b,ok,0,0,0,0,0,0,4.4865,2.1575,2.7258,2.0438,1.555,,8450,3.56
grid,,,PR8_x1.25,holdout,4,1057,headon,vfield,47e9ffd77b,ok,0,0,0,0,0,0,2.6454,1.7142,2.7258,2.0438,1.555,,8450,3.53
grid,,,PR8_x1.25,holdout,4,1059,headon,vfield,47e9ffd77b,ok,0,0,0,0,0,0,3.2707,2.5929,2.7258,2.0438,1.555,,8450,3.6
grid,,,PR8_x1.5,holdout,4,1001,headon,vfield,97f9bc16d5,ok,1,0,1,0,0,0,3.4302,0.5438,2.7258,2.0438,1.555,6.43,8450,3.6
grid,,,PR8_x1.5,holdout,4,1003,headon,vfield,97f9bc16d5,ok,0,0,0,0,0,0,4.0356,4.1495,2.7258,2.0438,1.555,,8450,3.55
grid,,,PR8_x1.5,holdout,4,1005,headon,vfield,97f9bc16d5,ok,0,0,0,0,0,0,8.285,3.8775,2.7258,2.0438,1.555,,8450,3.52
grid,,,PR8_x1.5,holdout,4,1007,headon,vfield,97f9bc16d5,ok,1,0,1,0,0,0,8.3366,0.4801,2.7258,2.0438,1.555,7.86,8450,3.55
grid,,,PR8_x1.5,holdout,4,1009,headon,vfield,97f9bc16d5,ok,0,0,0,0,0,0,1.8873,2.1737,2.7258,2.0438,1.555,,8450,3.56
grid,,,PR8_x1.5,holdout,4,1011,headon,vfield,97f9bc16d5,ok,1,0,0,1,0,0,0.4911,2.4578,2.7258,2.0438,1.555,18.88,8450,3.48
grid,,,PR8_x1.5,holdout,4,1013,headon,vfield,97f9bc16d5,ok,0,0,0,0,0,0,4.6171,6.0553,2.7258,2.0438,1.555,,8450,3.62
grid,,,PR8_x1.5,holdout,4,1015,headon,vfield,97f9bc16d5,ok,0,0,0,0,0,0,9.2075,7.65,2.7258,2.0438,1.555,,8450,3.58
grid,,,PR8_x1.5,holdout,4,1017,headon,vfield,97f9bc16d5,ok,0,0,0,0,0,0,2.01,4.0775,2.7258,2.0438,1.555,,8450,3.57
grid,,,PR8_x1.5,holdout,4,1019,headon,vfield,97f9bc16d5,ok,0,0,0,0,0,0,3.0301,2.3244,2.7258,2.0438,1.555,,8450,3.65
grid,,,PR8_x1.5,holdout,4,1021,headon,vfield,97f9bc16d5,ok,1,0,1,0,0,0,4.5596,0.6585,2.7258,2.0438,1.555,6.78,8450,3.55
grid,,,PR8_x1.5,holdout,4,1023,headon,vfield,97f9bc16d5,ok,0,0,0,0,0,0,3.6915,2.1079,2.7258,2.0438,1.555,,8450,3.56
grid,,,PR8_x1.5,holdout,4,1025,headon,vfield,97f9bc16d5,ok,0,0,0,0,0,0,7.4066,2.8833,2.7258,2.0438,1.555,,8450,3.59
grid,,,PR8_x1.5,holdout,4,1027,headon,vfield,97f9bc16d5,ok,0,0,0,0,0,0,1.9069,8.481,2.7258,2.0438,1.555,,8450,3.56
grid,,,PR8_x1.5,holdout,4,1029,headon,vfield,97f9bc16d5,ok,0,0,0,0,0,0,3.4851,3.1496,2.7258,2.0438,1.555,,8450,3.55
grid,,,PR8_x1.5,holdout,4,1031,headon,vfield,97f9bc16d5,ok,0,0,0,0,0,0,8.4226,7.8118,2.7258,2.0438,1.555,,8450,3.51
grid,,,PR8_x1.5,holdout,4,1033,headon,vfield,97f9bc16d5,ok,0,0,0,0,0,0,5.9626,4.5538,2.7258,2.0438,1.555,,8450,3.54
grid,,,PR8_x1.5,holdout,4,1035,headon,vfield,97f9bc16d5,ok,0,0,0,0,0,0,3.7151,6.5495,2.7258,2.0438,1.555,,8450,3.59
grid,,,PR8_x1.5,holdout,4,1037,headon,vfield,97f9bc16d5,ok,0,0,0,0,0,0,6.596,3.2151,2.7258,2.0438,1.555,,8450,3.57
grid,,,PR8_x1.5,holdout,4,1039,headon,vfield,97f9bc16d5,ok,1,0,0,1,0,0,0.3175,1.1341,2.7258,2.0438,1.555,-19.89,8450,3.55
grid,,,PR8_x1.5,holdout,4,1041,headon,vfield,97f9bc16d5,ok,0,0,0,0,0,0,5.0284,5.2146,2.7258,2.0438,1.555,,8450,3.54
grid,,,PR8_x1.5,holdout,4,1043,headon,vfield,97f9bc16d5,ok,0,0,0,0,0,0,3.2703,6.5429,2.7258,2.0438,1.555,,8450,3.55
grid,,,PR8_x1.5,holdout,4,1045,headon,vfield,97f9bc16d5,ok,1,0,1,0,0,0,7.2727,0.2691,2.7258,2.0438,1.555,26.91,8450,3.55
grid,,,PR8_x1.5,holdout,4,1047,headon,vfield,97f9bc16d5,ok,0,0,0,0,0,0,10.2855,4.4818,2.7258,2.0438,1.555,,8450,3.56
grid,,,PR8_x1.5,holdout,4,1049,headon,vfield,97f9bc16d5,ok,0,0,0,0,0,0,6.2224,4.5873,2.7258,2.0438,1.555,,8450,3.62
grid,,,PR8_x1.5,holdout,4,1051,headon,vfield,97f9bc16d5,ok,0,0,0,0,0,0,7.5087,3.4873,2.7258,2.0438,1.555,,8450,3.52
grid,,,PR8_x1.5,holdout,4,1053,headon,vfield,97f9bc16d5,ok,0,0,0,0,0,0,8.2104,7.7032,2.7258,2.0438,1.555,,8450,3.63
grid,,,PR8_x1.5,holdout,4,1055,headon,vfield,97f9bc16d5,ok,0,0,0,0,0,0,5.5657,6.8239,2.7258,2.0438,1.555,,8450,3.53
grid,,,PR8_x1.5,holdout,4,1057,headon,vfield,97f9bc16d5,ok,0,0,0,0,0,0,9.3901,7.0618,2.7258,2.0438,1.555,,8450,3.53
grid,,,PR8_x1.5,holdout,4,1059,headon,vfield,97f9bc16d5,ok,0,0,0,0,0,0,3.9492,2.7343,2.7258,2.0438,1.555,,8450,3.59
grid,,,PR8_x2,holdout,4,1001,headon,vfield,91de01d9f3,ok,0,0,0,0,0,0,1.8448,7.5067,2.7258,2.0438,1.555,,8450,3.56
grid,,,PR8_x2,holdout,4,1003,headon,vfield,91de01d9f3,ok,0,0,0,0,0,0,1.4069,8.8641,2.7258,2.0438,1.555,,8450,3.75
grid,,,PR8_x2,holdout,4,1005,headon,vfield,91de01d9f3,ok,0,0,0,0,0,0,4.6482,9.1875,2.7258,2.0438,1.555,,8450,3.63
grid,,,PR8_x2,holdout,4,1007,headon,vfield,91de01d9f3,ok,0,0,0,0,0,0,8.6074,1.4583,2.7258,2.0438,1.555,,8450,3.58
grid,,,PR8_x2,holdout,4,1009,headon,vfield,91de01d9f3,ok,0,0,0,0,0,0,2.7224,4.7267,2.7258,2.0438,1.555,,8450,3.54
grid,,,PR8_x2,holdout,4,1011,headon,vfield,91de01d9f3,ok,1,0,1,0,0,0,3.6127,0.0592,2.7258,2.0438,1.555,11.77,8450,3.51
grid,,,PR8_x2,holdout,4,1013,headon,vfield,91de01d9f3,ok,0,0,0,0,0,0,5.5449,1.6584,2.7258,2.0438,1.555,,8450,3.59
grid,,,PR8_x2,holdout,4,1015,headon,vfield,91de01d9f3,ok,0,0,0,0,0,0,7.2447,5.1791,2.7258,2.0438,1.555,,8450,3.61
grid,,,PR8_x2,holdout,4,1017,headon,vfield,91de01d9f3,ok,1,0,1,0,0,0,2.3358,0.4178,2.7258,2.0438,1.555,34.7,8450,3.52
grid,,,PR8_x2,holdout,4,1019,headon,vfield,91de01d9f3,ok,0,0,0,0,0,0,8.3881,5.3687,2.7258,2.0438,1.555,,8450,3.51
grid,,,PR8_x2,holdout,4,1021,headon,vfield,91de01d9f3,ok,0,0,0,0,0,0,2.7177,2.5111,2.7258,2.0438,1.555,,8450,3.51
grid,,,PR8_x2,holdout,4,1023,headon,vfield,91de01d9f3,ok,0,0,0,0,0,0,2.0922,7.2279,2.7258,2.0438,1.555,,8450,3.55
grid,,,PR8_x2,holdout,4,1025,headon,vfield,91de01d9f3,ok,0,0,0,0,0,0,10.1026,8.5122,2.7258,2.0438,1.555,,8450,3.64
grid,,,PR8_x2,holdout,4,1027,headon,vfield,91de01d9f3,ok,0,0,0,0,0,0,5.7832,2.7478,2.7258,2.0438,1.555,,8450,3.54
grid,,,PR8_x2,holdout,4,1029,headon,vfield,91de01d9f3,ok,0,0,0,0,0,0,2.4176,4.9029,2.7258,2.0438,1.555,,8450,3.51
grid,,,PR8_x2,holdout,4,1031,headon,vfield,91de01d9f3,ok,0,0,0,0,0,0,6.7173,8.1618,2.7258,2.0438,1.555,,8450,3.57
grid,,,PR8_x2,holdout,4,1033,headon,vfield,91de01d9f3,ok,1,0,0,1,0,0,0.39,3.2882,2.7258,2.0438,1.555,8.76,8450,3.63
grid,,,PR8_x2,holdout,4,1035,headon,vfield,91de01d9f3,ok,1,0,0,1,0,0,0.9651,1.3533,2.7258,2.0438,1.555,8.6,8450,3.54
grid,,,PR8_x2,holdout,4,1037,headon,vfield,91de01d9f3,ok,0,0,0,0,0,0,1.7683,6.2214,2.7258,2.0438,1.555,,8450,3.62
grid,,,PR8_x2,holdout,4,1039,headon,vfield,91de01d9f3,ok,0,0,0,0,0,0,2.4296,6.9083,2.7258,2.0438,1.555,,8450,3.5
grid,,,PR8_x2,holdout,4,1041,headon,vfield,91de01d9f3,ok,0,0,0,0,0,0,5.0361,5.5852,2.7258,2.0438,1.555,,8450,3.66
grid,,,PR8_x2,holdout,4,1043,headon,vfield,91de01d9f3,ok,0,0,0,0,0,0,1.7584,2.6464,2.7258,2.0438,1.555,,8450,3.48
grid,,,PR8_x2,holdout,4,1045,headon,vfield,91de01d9f3,ok,0,0,0,0,0,0,1.9526,2.0713,2.7258,2.0438,1.555,,8450,3.54
grid,,,PR8_x2,holdout,4,1047,headon,vfield,91de01d9f3,ok,0,0,0,0,0,0,4.7816,2.7311,2.7258,2.0438,1.555,,8450,3.57
grid,,,PR8_x2,holdout,4,1049,headon,vfield,91de01d9f3,ok,0,0,0,0,0,0,6.5485,2.2797,2.7258,2.0438,1.555,,8450,3.46
grid,,,PR8_x2,holdout,4,1051,headon,vfield,91de01d9f3,ok,0,0,0,0,0,0,12.3447,6.7669,2.7258,2.0438,1.555,,8450,3.53
grid,,,PR8_x2,holdout,4,1053,headon,vfield,91de01d9f3,ok,0,0,0,0,0,0,1.3022,1.9508,2.7258,2.0438,1.555,,8450,3.6
grid,,,PR8_x2,holdout,4,1055,headon,vfield,91de01d9f3,ok,0,0,0,0,0,0,2.7456,7.921,2.7258,2.0438,1.555,,8450,3.54
grid,,,PR8_x2,holdout,4,1057,headon,vfield,91de01d9f3,ok,1,0,1,0,0,0,4.2073,0.2217,2.7258,2.0438,1.555,5.36,8450,3.61
grid,,,PR8_x2,holdout,4,1059,headon,vfield,91de01d9f3,ok,0,0,0,0,0,0,4.1082,6.1136,2.7258,2.0438,1.555,,8450,3.54
grid,,,PR10_x1,holdout,4,1001,headon,vfield,ba706b4c0e,ok,0,0,0,0,0,0,1.9856,3.859,2.7258,2.0438,1.555,,8450,3.55
grid,,,PR10_x1,holdout,4,1003,headon,vfield,ba706b4c0e,ok,0,0,0,0,0,0,3.6497,6.1054,2.7258,2.0438,1.555,,8450,3.54
grid,,,PR10_x1,holdout,4,1005,headon,vfield,ba706b4c0e,ok,0,0,0,0,0,0,5.2328,3.2144,2.7258,2.0438,1.555,,8450,3.5
grid,,,PR10_x1,holdout,4,1007,headon,vfield,ba706b4c0e,ok,0,0,0,0,0,0,6.2882,3.9025,2.7258,2.0438,1.555,,8450,3.6
grid,,,PR10_x1,holdout,4,1009,headon,vfield,ba706b4c0e,ok,0,0,0,0,0,0,3.355,1.1259,2.7258,2.0438,1.555,,8450,3.52
grid,,,PR10_x1,holdout,4,1011,headon,vfield,ba706b4c0e,ok,0,0,0,0,0,0,8.5003,1.3065,2.7258,2.0438,1.555,,8450,3.55
grid,,,PR10_x1,holdout,4,1013,headon,vfield,ba706b4c0e,ok,1,0,1,0,0,0,3.653,0.3363,2.7258,2.0438,1.555,5.53,8450,3.58
grid,,,PR10_x1,holdout,4,1015,headon,vfield,ba706b4c0e,ok,0,0,0,0,0,0,3.5683,2.2012,2.7258,2.0438,1.555,,8450,3.5
grid,,,PR10_x1,holdout,4,1017,headon,vfield,ba706b4c0e,ok,0,0,0,0,0,0,2.0511,1.295,2.7258,2.0438,1.555,,8450,3.54
grid,,,PR10_x1,holdout,4,1019,headon,vfield,ba706b4c0e,ok,0,0,0,0,0,0,8.0988,3.7608,2.7258,2.0438,1.555,,8450,3.58
grid,,,PR10_x1,holdout,4,1021,headon,vfield,ba706b4c0e,ok,0,0,0,0,0,0,6.5455,2.371,2.7258,2.0438,1.555,,8450,3.6
grid,,,PR10_x1,holdout,4,1023,headon,vfield,ba706b4c0e,ok,0,0,0,0,0,0,5.2632,6.2511,2.7258,2.0438,1.555,,8450,3.51
grid,,,PR10_x1,holdout,4,1025,headon,vfield,ba706b4c0e,ok,2,1,1,0,0,0,7.4632,0.2853,2.7258,2.0438,1.555,-19.04,8450,3.52
grid,,,PR10_x1,holdout,4,1027,headon,vfield,ba706b4c0e,ok,1,0,1,0,0,0,2.1125,0.0233,2.7258,2.0438,1.555,7.58,8450,3.57
grid,,,PR10_x1,holdout,4,1029,headon,vfield,ba706b4c0e,ok,1,0,1,0,0,0,2.1847,0.7024,2.7258,2.0438,1.555,5.88,8450,3.5
grid,,,PR10_x1,holdout,4,1031,headon,vfield,ba706b4c0e,ok,0,0,0,0,0,0,4.6154,7.431,2.7258,2.0438,1.555,,8450,3.63
grid,,,PR10_x1,holdout,4,1033,headon,vfield,ba706b4c0e,ok,0,0,0,0,0,0,2.1962,3.2381,2.7258,2.0438,1.555,,8450,3.58
grid,,,PR10_x1,holdout,4,1035,headon,vfield,ba706b4c0e,ok,0,0,0,0,0,0,3.2434,1.9561,2.7258,2.0438,1.555,,8450,3.5
grid,,,PR10_x1,holdout,4,1037,headon,vfield,ba706b4c0e,ok,0,0,0,0,0,0,4.3474,3.5978,2.7258,2.0438,1.555,,8450,3.68
grid,,,PR10_x1,holdout,4,1039,headon,vfield,ba706b4c0e,ok,1,0,1,0,0,0,2.4529,0.455,2.7258,2.0438,1.555,4.73,8450,3.58
grid,,,PR10_x1,holdout,4,1041,headon,vfield,ba706b4c0e,ok,1,0,0,1,0,0,0.032,4.7434,2.7258,2.0438,1.555,8.93,8450,3.57
grid,,,PR10_x1,holdout,4,1043,headon,vfield,ba706b4c0e,ok,1,1,0,0,0,0,7.4922,0.747,2.7258,2.0438,1.555,15.45,8450,3.59
grid,,,PR10_x1,holdout,4,1045,headon,vfield,ba706b4c0e,ok,0,0,0,0,0,0,1.6884,3.0061,2.7258,2.0438,1.555,,8450,3.51
grid,,,PR10_x1,holdout,4,1047,headon,vfield,ba706b4c0e,ok,1,0,0,0,1,0,0.8178,10.2066,2.7258,2.0438,1.555,28.73,8450,3.55
grid,,,PR10_x1,holdout,4,1049,headon,vfield,ba706b4c0e,ok,0,0,0,0,0,0,5.4962,1.6602,2.7258,2.0438,1.555,,8450,3.51
grid,,,PR10_x1,holdout,4,1051,headon,vfield,ba706b4c0e,ok,0,0,0,0,0,0,3.6753,5.5659,2.7258,2.0438,1.555,,8450,3.64
grid,,,PR10_x1,holdout,4,1053,headon,vfield,ba706b4c0e,ok,0,0,0,0,0,0,3.0895,2.1682,2.7258,2.0438,1.555,,8450,3.59
grid,,,PR10_x1,holdout,4,1055,headon,vfield,ba706b4c0e,ok,0,0,0,0,0,0,4.3225,5.9181,2.7258,2.0438,1.555,,8450,3.55
grid,,,PR10_x1,holdout,4,1057,headon,vfield,ba706b4c0e,ok,0,0,0,0,0,0,3.7088,3.1234,2.7258,2.0438,1.555,,8450,3.6
grid,,,PR10_x1,holdout,4,1059,headon,vfield,ba706b4c0e,ok,1,0,0,1,0,0,0.4554,8.2556,2.7258,2.0438,1.555,8.02,8450,3.6
grid,,,PR10_x1.25,holdout,4,1001,headon,vfield,153c8fc164,ok,0,0,0,0,0,0,1.6578,1.8135,2.7258,2.0438,1.555,,8450,3.52
grid,,,PR10_x1.25,holdout,4,1003,headon,vfield,153c8fc164,ok,0,0,0,0,0,0,3.5474,4.9485,2.7258,2.0438,1.555,,8450,3.59
grid,,,PR10_x1.25,holdout,4,1005,headon,vfield,153c8fc164,ok,0,0,0,0,0,0,8.3523,7.3679,2.7258,2.0438,1.555,,8450,3.55
grid,,,PR10_x1.25,holdout,4,1007,headon,vfield,153c8fc164,ok,0,0,0,0,0,0,4.3423,4.476,2.7258,2.0438,1.555,,8450,3.62
grid,,,PR10_x1.25,holdout,4,1009,headon,vfield,153c8fc164,ok,0,0,0,0,0,0,6.246,3.6486,2.7258,2.0438,1.555,,8450,3.49
grid,,,PR10_x1.25,holdout,4,1011,headon,vfield,153c8fc164,ok,0,0,0,0,0,0,5.9405,8.2239,2.7258,2.0438,1.555,,8450,3.52
grid,,,PR10_x1.25,holdout,4,1013,headon,vfield,153c8fc164,ok,0,0,0,0,0,0,3.7936,3.4053,2.7258,2.0438,1.555,,8450,3.56
grid,,,PR10_x1.25,holdout,4,1015,headon,vfield,153c8fc164,ok,0,0,0,0,0,0,2.4609,5.9562,2.7258,2.0438,1.555,,8450,3.47
grid,,,PR10_x1.25,holdout,4,1017,headon,vfield,153c8fc164,ok,0,0,0,0,0,0,4.9888,4.3172,2.7258,2.0438,1.555,,8450,3.58
grid,,,PR10_x1.25,holdout,4,1019,headon,vfield,153c8fc164,ok,0,0,0,0,0,0,7.5121,7.5904,2.7258,2.0438,1.555,,8450,3.53
grid,,,PR10_x1.25,holdout,4,1021,headon,vfield,153c8fc164,ok,0,0,0,0,0,0,6.7523,1.952,2.7258,2.0438,1.555,,8450,3.65
grid,,,PR10_x1.25,holdout,4,1023,headon,vfield,153c8fc164,ok,0,0,0,0,0,0,3.6576,3.2361,2.7258,2.0438,1.555,,8450,3.66
grid,,,PR10_x1.25,holdout,4,1025,headon,vfield,153c8fc164,ok,0,0,0,0,0,0,6.0124,2.916,2.7258,2.0438,1.555,,8450,3.57
grid,,,PR10_x1.25,holdout,4,1027,headon,vfield,153c8fc164,ok,0,0,0,0,0,0,6.8457,5.7652,2.7258,2.0438,1.555,,8450,3.54
grid,,,PR10_x1.25,holdout,4,1029,headon,vfield,153c8fc164,ok,0,0,0,0,0,0,2.4399,3.6105,2.7258,2.0438,1.555,,8450,3.67
grid,,,PR10_x1.25,holdout,4,1031,headon,vfield,153c8fc164,ok,1,0,0,0,1,0,0.9121,3.0162,2.7258,2.0438,1.555,-0.3,8450,3.55
grid,,,PR10_x1.25,holdout,4,1033,headon,vfield,153c8fc164,ok,0,0,0,0,0,0,5.4386,5.3265,2.7258,2.0438,1.555,,8450,3.5
grid,,,PR10_x1.25,holdout,4,1035,headon,vfield,153c8fc164,ok,0,0,0,0,0,0,4.5515,3.7578,2.7258,2.0438,1.555,,8450,3.6
grid,,,PR10_x1.25,holdout,4,1037,headon,vfield,153c8fc164,ok,2,0,2,0,0,0,8.7652,0.0674,2.7258,2.0438,1.555,6.85,8450,3.62
grid,,,PR10_x1.25,holdout,4,1039,headon,vfield,153c8fc164,ok,1,0,1,0,0,0,3.7535,0.3059,2.7258,2.0438,1.555,12.74,8450,3.59
grid,,,PR10_x1.25,holdout,4,1041,headon,vfield,153c8fc164,ok,0,0,0,0,0,0,2.3769,3.8438,2.7258,2.0438,1.555,,8450,3.52
grid,,,PR10_x1.25,holdout,4,1043,headon,vfield,153c8fc164,ok,0,0,0,0,0,0,4.0847,7.0364,2.7258,2.0438,1.555,,8450,3.5
grid,,,PR10_x1.25,holdout,4,1045,headon,vfield,153c8fc164,ok,0,0,0,0,0,0,7.0759,1.7289,2.7258,2.0438,1.555,,8450,3.54
grid,,,PR10_x1.25,holdout,4,1047,headon,vfield,153c8fc164,ok,0,0,0,0,0,0,1.9181,1.2957,2.7258,2.0438,1.555,,8450,3.58
grid,,,PR10_x1.25,holdout,4,1049,headon,vfield,153c8fc164,ok,1,0,1,0,0,0,5.3785,0.525,2.7258,2.0438,1.555,18.78,8450,3.58
grid,,,PR10_x1.25,holdout,4,1051,headon,vfield,153c8fc164,ok,0,0,0,0,0,0,3.843,5.9311,2.7258,2.0438,1.555,,8450,3.55
grid,,,PR10_x1.25,holdout,4,1053,headon,vfield,153c8fc164,ok,0,0,0,0,0,0,4.1693,6.1724,2.7258,2.0438,1.555,,8450,3.5
grid,,,PR10_x1.25,holdout,4,1055,headon,vfield,153c8fc164,ok,0,0,0,0,0,0,5.6983,3.1649,2.7258,2.0438,1.555,,8450,3.58
grid,,,PR10_x1.25,holdout,4,1057,headon,vfield,153c8fc164,ok,0,0,0,0,0,0,5.3074,1.0665,2.7258,2.0438,1.555,,8450,3.45
grid,,,PR10_x1.25,holdout,4,1059,headon,vfield,153c8fc164,ok,1,0,1,0,0,0,8.3341,0.3347,2.7258,2.0438,1.555,8.84,8450,3.53
grid,,,PR10_x1.5,holdout,4,1001,headon,vfield,efa785b250,ok,0,0,0,0,0,0,5.3632,4.2706,2.7258,2.0438,1.555,,8450,3.59
grid,,,PR10_x1.5,holdout,4,1003,headon,vfield,efa785b250,ok,0,0,0,0,0,0,5.7562,1.1475,2.7258,2.0438,1.555,,8450,3.54
grid,,,PR10_x1.5,holdout,4,1005,headon,vfield,efa785b250,ok,1,0,1,0,0,0,8.7279,0.3424,2.7258,2.0438,1.555,15.39,8450,3.48
grid,,,PR10_x1.5,holdout,4,1007,headon,vfield,efa785b250,ok,0,0,0,0,0,0,2.5667,8.693,2.7258,2.0438,1.555,,8450,3.64
grid,,,PR10_x1.5,holdout,4,1009,headon,vfield,efa785b250,ok,0,0,0,0,0,0,1.9005,6.9234,2.7258,2.0438,1.555,,8450,3.57
grid,,,PR10_x1.5,holdout,4,1011,headon,vfield,efa785b250,ok,0,0,0,0,0,0,2.46,3.5716,2.7258,2.0438,1.555,,8450,3.66
grid,,,PR10_x1.5,holdout,4,1013,headon,vfield,efa785b250,ok,0,0,0,0,0,0,5.3689,6.5742,2.7258,2.0438,1.555,,8450,3.62
grid,,,PR10_x1.5,holdout,4,1015,headon,vfield,efa785b250,ok,0,0,0,0,0,0,2.4812,4.0914,2.7258,2.0438,1.555,,8450,3.53
grid,,,PR10_x1.5,holdout,4,1017,headon,vfield,efa785b250,ok,0,0,0,0,0,0,2.1325,8.4575,2.7258,2.0438,1.555,,8450,3.55
grid,,,PR10_x1.5,holdout,4,1019,headon,vfield,efa785b250,ok,0,0,0,0,0,0,6.2413,8.1695,2.7258,2.0438,1.555,,8450,3.53
grid,,,PR10_x1.5,holdout,4,1021,headon,vfield,efa785b250,ok,0,0,0,0,0,0,2.8737,1.6964,2.7258,2.0438,1.555,,8450,3.56
grid,,,PR10_x1.5,holdout,4,1023,headon,vfield,efa785b250,ok,0,0,0,0,0,0,1.4744,7.1352,2.7258,2.0438,1.555,,8450,3.63
grid,,,PR10_x1.5,holdout,4,1025,headon,vfield,efa785b250,ok,0,0,0,0,0,0,4.4784,7.967,2.7258,2.0438,1.555,,8450,3.53
grid,,,PR10_x1.5,holdout,4,1027,headon,vfield,efa785b250,ok,0,0,0,0,0,0,1.0019,6.3877,2.7258,2.0438,1.555,,8450,3.56
grid,,,PR10_x1.5,holdout,4,1029,headon,vfield,efa785b250,ok,0,0,0,0,0,0,5.4823,2.9383,2.7258,2.0438,1.555,,8450,3.51
grid,,,PR10_x1.5,holdout,4,1031,headon,vfield,efa785b250,ok,0,0,0,0,0,0,4.5906,7.3874,2.7258,2.0438,1.555,,8450,3.51
grid,,,PR10_x1.5,holdout,4,1033,headon,vfield,efa785b250,ok,2,0,1,0,1,0,0.7668,0.5007,2.7258,2.0438,1.555,6.34,8450,3.5
grid,,,PR10_x1.5,holdout,4,1035,headon,vfield,efa785b250,ok,1,0,1,0,0,0,3.7976,0.4024,2.7258,2.0438,1.555,8.25,8450,3.61
grid,,,PR10_x1.5,holdout,4,1037,headon,vfield,efa785b250,ok,2,0,2,0,0,0,9.9729,0.1461,2.7258,2.0438,1.555,7.29,8450,3.63
grid,,,PR10_x1.5,holdout,4,1039,headon,vfield,efa785b250,ok,1,0,1,0,0,0,2.0288,0.2538,2.7258,2.0438,1.555,7.05,8450,3.5
grid,,,PR10_x1.5,holdout,4,1041,headon,vfield,efa785b250,ok,0,0,0,0,0,0,6.8162,1.9162,2.7258,2.0438,1.555,,8450,3.52
grid,,,PR10_x1.5,holdout,4,1043,headon,vfield,efa785b250,ok,0,0,0,0,0,0,1.3161,7.8787,2.7258,2.0438,1.555,,8450,3.58
grid,,,PR10_x1.5,holdout,4,1045,headon,vfield,efa785b250,ok,0,0,0,0,0,0,7.5389,6.1561,2.7258,2.0438,1.555,,8450,3.48
grid,,,PR10_x1.5,holdout,4,1047,headon,vfield,efa785b250,ok,1,0,0,1,0,0,0.559,4.1621,2.7258,2.0438,1.555,11.34,8450,3.67
grid,,,PR10_x1.5,holdout,4,1049,headon,vfield,efa785b250,ok,1,0,1,0,0,0,5.1036,0.1053,2.7258,2.0438,1.555,8.53,8450,3.51
grid,,,PR10_x1.5,holdout,4,1051,headon,vfield,efa785b250,ok,1,0,0,0,1,0,0.3846,10.74,2.7258,2.0438,1.555,12.05,8450,3.56
grid,,,PR10_x1.5,holdout,4,1053,headon,vfield,efa785b250,ok,0,0,0,0,0,0,2.0589,2.8687,2.7258,2.0438,1.555,,8450,3.54
grid,,,PR10_x1.5,holdout,4,1055,headon,vfield,efa785b250,ok,0,0,0,0,0,0,3.0869,5.7397,2.7258,2.0438,1.555,,8450,3.65
grid,,,PR10_x1.5,holdout,4,1057,headon,vfield,efa785b250,ok,0,0,0,0,0,0,4.4962,1.651,2.7258,2.0438,1.555,,8450,3.55
grid,,,PR10_x1.5,holdout,4,1059,headon,vfield,efa785b250,ok,0,0,0,0,0,0,6.1593,5.3024,2.7258,2.0438,1.555,,8450,3.51
grid,,,PR10_x2,holdout,4,1001,headon,vfield,12afb316f7,ok,0,0,0,0,0,0,1.4529,5.7614,2.7258,2.0438,1.555,,8450,3.49
grid,,,PR10_x2,holdout,4,1003,headon,vfield,12afb316f7,ok,0,0,0,0,0,0,1.0507,5.0352,2.7258,2.0438,1.555,,8450,3.6
grid,,,PR10_x2,holdout,4,1005,headon,vfield,12afb316f7,ok,0,0,0,0,0,0,5.8417,1.4712,2.7258,2.0438,1.555,,8450,3.66
grid,,,PR10_x2,holdout,4,1007,headon,vfield,12afb316f7,ok,0,0,0,0,0,0,2.4311,8.094,2.7258,2.0438,1.555,,8450,3.56
grid,,,PR10_x2,holdout,4,1009,headon,vfield,12afb316f7,ok,0,0,0,0,0,0,1.9101,2.8416,2.7258,2.0438,1.555,,8450,3.54
grid,,,PR10_x2,holdout,4,1011,headon,vfield,12afb316f7,ok,0,0,0,0,0,0,4.157,9.4958,2.7258,2.0438,1.555,,8450,3.58
grid,,,PR10_x2,holdout,4,1013,headon,vfield,12afb316f7,ok,0,0,0,0,0,0,6.304,7.8353,2.7258,2.0438,1.555,,8450,3.57
grid,,,PR10_x2,holdout,4,1015,headon,vfield,12afb316f7,ok,0,0,0,0,0,0,7.1688,9.6521,2.7258,2.0438,1.555,,8450,3.5
grid,,,PR10_x2,holdout,4,1017,headon,vfield,12afb316f7,ok,0,0,0,0,0,0,1.9421,2.9748,2.7258,2.0438,1.555,,8450,3.53
grid,,,PR10_x2,holdout,4,1019,headon,vfield,12afb316f7,ok,1,0,0,1,0,0,0.6658,5.7471,2.7258,2.0438,1.555,13.86,8450,3.51
grid,,,PR10_x2,holdout,4,1021,headon,vfield,12afb316f7,ok,0,0,0,0,0,0,5.6341,6.6224,2.7258,2.0438,1.555,,8450,3.54
grid,,,PR10_x2,holdout,4,1023,headon,vfield,12afb316f7,ok,0,0,0,0,0,0,7.5342,5.1938,2.7258,2.0438,1.555,,8450,3.53
grid,,,PR10_x2,holdout,4,1025,headon,vfield,12afb316f7,ok,0,0,0,0,0,0,12.4308,6.2881,2.7258,2.0438,1.555,,8450,3.57
grid,,,PR10_x2,holdout,4,1027,headon,vfield,12afb316f7,ok,1,0,1,0,0,0,4.1012,0.7325,2.7258,2.0438,1.555,8.8,8450,3.49
grid,,,PR10_x2,holdout,4,1029,headon,vfield,12afb316f7,ok,0,0,0,0,0,0,10.0415,7.7279,2.7258,2.0438,1.555,,8450,3.58
grid,,,PR10_x2,holdout,4,1031,headon,vfield,12afb316f7,ok,1,0,0,0,1,0,0.7092,4.4038,2.7258,2.0438,1.555,33.49,8450,3.49
grid,,,PR10_x2,holdout,4,1033,headon,vfield,12afb316f7,ok,0,0,0,0,0,0,4.0357,1.2512,2.7258,2.0438,1.555,,8450,3.52
grid,,,PR10_x2,holdout,4,1035,headon,vfield,12afb316f7,ok,0,0,0,0,0,0,3.278,4.5624,2.7258,2.0438,1.555,,8450,3.64
grid,,,PR10_x2,holdout,4,1037,headon,vfield,12afb316f7,ok,0,0,0,0,0,0,5.8846,3.2082,2.7258,2.0438,1.555,,8450,3.53
grid,,,PR10_x2,holdout,4,1039,headon,vfield,12afb316f7,ok,0,0,0,0,0,0,4.769,8.8428,2.7258,2.0438,1.555,,8450,3.5
grid,,,PR10_x2,holdout,4,1041,headon,vfield,12afb316f7,ok,0,0,0,0,0,0,1.6268,1.8014,2.7258,2.0438,1.555,,8450,3.6
grid,,,PR10_x2,holdout,4,1043,headon,vfield,12afb316f7,ok,0,0,0,0,0,0,4.1977,5.5394,2.7258,2.0438,1.555,,8450,3.48
grid,,,PR10_x2,holdout,4,1045,headon,vfield,12afb316f7,ok,0,0,0,0,0,0,9.9442,7.5128,2.7258,2.0438,1.555,,8450,3.61
grid,,,PR10_x2,holdout,4,1047,headon,vfield,12afb316f7,ok,0,0,0,0,0,0,6.807,2.8022,2.7258,2.0438,1.555,,8450,3.57
grid,,,PR10_x2,holdout,4,1049,headon,vfield,12afb316f7,ok,0,0,0,0,0,0,8.6338,5.4398,2.7258,2.0438,1.555,,8450,3.52
grid,,,PR10_x2,holdout,4,1051,headon,vfield,12afb316f7,ok,0,0,0,0,0,0,6.3861,4.8038,2.7258,2.0438,1.555,,8450,3.57
grid,,,PR10_x2,holdout,4,1053,headon,vfield,12afb316f7,ok,0,0,0,0,0,0,6.0873,8.0458,2.7258,2.0438,1.555,,8450,3.61
grid,,,PR10_x2,holdout,4,1055,headon,vfield,12afb316f7,ok,1,0,1,0,0,0,2.2669,0.7984,2.7258,2.0438,1.555,8.37,8450,3.54
grid,,,PR10_x2,holdout,4,1057,headon,vfield,12afb316f7,ok,1,0,0,0,1,0,0.7007,2.0176,2.7258,2.0438,1.555,37.01,8450,3.54
grid,,,PR10_x2,holdout,4,1059,headon,vfield,12afb316f7,ok,0,0,0,0,0,0,3.6714,6.8663,2.7258,2.0438,1.555,,8450,3.58
grid,,,PR13_x1,holdout,4,1001,headon,vfield,549615d51f,ok,1,0,0,0,1,0,0.441,1.1407,2.7258,2.0438,1.555,37.34,8450,3.58
grid,,,PR13_x1,holdout,4,1003,headon,vfield,549615d51f,ok,1,0,1,0,0,0,6.443,0.5838,2.7258,2.0438,1.555,7.78,8450,3.55
grid,,,PR13_x1,holdout,4,1005,headon,vfield,549615d51f,ok,0,0,0,0,0,0,4.5011,3.0102,2.7258,2.0438,1.555,,8450,3.56
grid,,,PR13_x1,holdout,4,1007,headon,vfield,549615d51f,ok,0,0,0,0,0,0,2.5089,5.6125,2.7258,2.0438,1.555,,8450,3.61
grid,,,PR13_x1,holdout,4,1009,headon,vfield,549615d51f,ok,1,0,1,0,0,0,4.9721,0.6181,2.7258,2.0438,1.555,8.88,8450,3.59
grid,,,PR13_x1,holdout,4,1011,headon,vfield,549615d51f,ok,0,0,0,0,0,0,6.1519,1.5417,2.7258,2.0438,1.555,,8450,3.52
grid,,,PR13_x1,holdout,4,1013,headon,vfield,549615d51f,ok,0,0,0,0,0,0,5.9198,5.1368,2.7258,2.0438,1.555,,8450,3.53
grid,,,PR13_x1,holdout,4,1015,headon,vfield,549615d51f,ok,0,0,0,0,0,0,7.3948,9.6568,2.7258,2.0438,1.555,,8450,3.52
grid,,,PR13_x1,holdout,4,1017,headon,vfield,549615d51f,ok,0,0,0,0,0,0,3.1509,8.3695,2.7258,2.0438,1.555,,8450,3.5
grid,,,PR13_x1,holdout,4,1019,headon,vfield,549615d51f,ok,0,0,0,0,0,0,6.4091,6.5745,2.7258,2.0438,1.555,,8450,3.53
grid,,,PR13_x1,holdout,4,1021,headon,vfield,549615d51f,ok,1,0,0,1,0,0,0.6831,1.4636,2.7258,2.0438,1.555,21.17,8450,3.57
grid,,,PR13_x1,holdout,4,1023,headon,vfield,549615d51f,ok,1,0,1,0,0,0,3.5899,0.1586,2.7258,2.0438,1.555,8.18,8450,3.53
grid,,,PR13_x1,holdout,4,1025,headon,vfield,549615d51f,ok,0,0,0,0,0,0,3.0861,1.414,2.7258,2.0438,1.555,,8450,3.59
grid,,,PR13_x1,holdout,4,1027,headon,vfield,549615d51f,ok,0,0,0,0,0,0,1.4169,6.4743,2.7258,2.0438,1.555,,8450,3.62
grid,,,PR13_x1,holdout,4,1029,headon,vfield,549615d51f,ok,1,0,1,0,0,0,2.2595,0.5018,2.7258,2.0438,1.555,6.96,8450,3.57
grid,,,PR13_x1,holdout,4,1031,headon,vfield,549615d51f,ok,1,0,1,0,0,0,5.8119,0.3941,2.7258,2.0438,1.555,6.37,8450,3.54
grid,,,PR13_x1,holdout,4,1033,headon,vfield,549615d51f,ok,0,0,0,0,0,0,4.7969,5.7569,2.7258,2.0438,1.555,,8450,3.53
grid,,,PR13_x1,holdout,4,1035,headon,vfield,549615d51f,ok,0,0,0,0,0,0,4.1675,2.2911,2.7258,2.0438,1.555,,8450,3.52
grid,,,PR13_x1,holdout,4,1037,headon,vfield,549615d51f,ok,1,0,1,0,0,0,9.1772,0.3649,2.7258,2.0438,1.555,9.01,8450,3.48
grid,,,PR13_x1,holdout,4,1039,headon,vfield,549615d51f,ok,0,0,0,0,0,0,4.7414,2.7845,2.7258,2.0438,1.555,,8450,3.47
grid,,,PR13_x1,holdout,4,1041,headon,vfield,549615d51f,ok,0,0,0,0,0,0,5.1224,4.1124,2.7258,2.0438,1.555,,8450,3.62
grid,,,PR13_x1,holdout,4,1043,headon,vfield,549615d51f,ok,0,0,0,0,0,0,1.7319,7.523,2.7258,2.0438,1.555,,8450,3.52
grid,,,PR13_x1,holdout,4,1045,headon,vfield,549615d51f,ok,0,0,0,0,0,0,7.5939,1.4635,2.7258,2.0438,1.555,,8450,3.52
grid,,,PR13_x1,holdout,4,1047,headon,vfield,549615d51f,ok,0,0,0,0,0,0,1.1354,9.6027,2.7258,2.0438,1.555,,8450,3.57
grid,,,PR13_x1,holdout,4,1049,headon,vfield,549615d51f,ok,0,0,0,0,0,0,5.6713,3.5925,2.7258,2.0438,1.555,,8450,3.48
grid,,,PR13_x1,holdout,4,1051,headon,vfield,549615d51f,ok,1,0,0,1,0,0,0.2184,3.3667,2.7258,2.0438,1.555,-18.86,8450,3.53
grid,,,PR13_x1,holdout,4,1053,headon,vfield,549615d51f,ok,0,0,0,0,0,0,6.3609,1.9262,2.7258,2.0438,1.555,,8450,3.63
grid,,,PR13_x1,holdout,4,1055,headon,vfield,549615d51f,ok,0,0,0,0,0,0,6.6262,2.7929,2.7258,2.0438,1.555,,8450,3.53
grid,,,PR13_x1,holdout,4,1057,headon,vfield,549615d51f,ok,1,0,0,0,1,0,0.259,7.5184,2.7258,2.0438,1.555,9.66,8450,3.51
grid,,,PR13_x1,holdout,4,1059,headon,vfield,549615d51f,ok,1,1,0,0,0,0,1.3587,0.0906,2.7258,2.0438,1.555,-15.41,8450,3.5
grid,,,PR13_x1.25,holdout,4,1001,headon,vfield,a63456e864,ok,1,0,1,0,0,0,8.8456,0.4208,2.7258,2.0438,1.555,9.02,8450,3.59
grid,,,PR13_x1.25,holdout,4,1003,headon,vfield,a63456e864,ok,2,0,1,1,0,0,0.1232,0.0067,2.7258,2.0438,1.555,17.03,8450,3.54
grid,,,PR13_x1.25,holdout,4,1005,headon,vfield,a63456e864,ok,0,0,0,0,0,0,6.9501,1.6484,2.7258,2.0438,1.555,,8450,3.52
grid,,,PR13_x1.25,holdout,4,1007,headon,vfield,a63456e864,ok,0,0,0,0,0,0,7.2112,4.5382,2.7258,2.0438,1.555,,8450,3.6
grid,,,PR13_x1.25,holdout,4,1009,headon,vfield,a63456e864,ok,0,0,0,0,0,0,2.3829,5.151,2.7258,2.0438,1.555,,8450,3.5
grid,,,PR13_x1.25,holdout,4,1011,headon,vfield,a63456e864,ok,0,0,0,0,0,0,1.3738,5.4131,2.7258,2.0438,1.555,,8450,3.64
grid,,,PR13_x1.25,holdout,4,1013,headon,vfield,a63456e864,ok,0,0,0,0,0,0,4.6977,4.8895,2.7258,2.0438,1.555,,8450,3.56
grid,,,PR13_x1.25,holdout,4,1015,headon,vfield,a63456e864,ok,0,0,0,0,0,0,8.1807,3.3669,2.7258,2.0438,1.555,,8450,3.53
grid,,,PR13_x1.25,holdout,4,1017,headon,vfield,a63456e864,ok,0,0,0,0,0,0,3.1716,3.1215,2.7258,2.0438,1.555,,8450,3.5
grid,,,PR13_x1.25,holdout,4,1019,headon,vfield,a63456e864,ok,2,0,1,0,1,0,0.0642,0.6853,2.7258,2.0438,1.555,7.31,8450,3.52
grid,,,PR13_x1.25,holdout,4,1021,headon,vfield,a63456e864,ok,1,0,1,0,0,0,9.0919,0.0057,2.7258,2.0438,1.555,8.49,8450,3.5
grid,,,PR13_x1.25,holdout,4,1023,headon,vfield,a63456e864,ok,0,0,0,0,0,0,7.1849,8.6153,2.7258,2.0438,1.555,,8450,3.74
grid,,,PR13_x1.25,holdout,4,1025,headon,vfield,a63456e864,ok,0,0,0,0,0,0,2.2711,1.7498,2.7258,2.0438,1.555,,8450,3.59
grid,,,PR13_x1.25,holdout,4,1027,headon,vfield,a63456e864,ok,0,0,0,0,0,0,7.0339,1.1631,2.7258,2.0438,1.555,,8450,3.59
grid,,,PR13_x1.25,holdout,4,1029,headon,vfield,a63456e864,ok,0,0,0,0,0,0,5.2094,6.4539,2.7258,2.0438,1.555,,8450,3.48
grid,,,PR13_x1.25,holdout,4,1031,headon,vfield,a63456e864,ok,0,0,0,0,0,0,3.5021,6.438,2.7258,2.0438,1.555,,8450,3.62
grid,,,PR13_x1.25,holdout,4,1033,headon,vfield,a63456e864,ok,0,0,0,0,0,0,10.2195,1.0847,2.7258,2.0438,1.555,,8450,3.52
grid,,,PR13_x1.25,holdout,4,1035,headon,vfield,a63456e864,ok,0,0,0,0,0,0,6.7968,6.1763,2.7258,2.0438,1.555,,8450,3.49
grid,,,PR13_x1.25,holdout,4,1037,headon,vfield,a63456e864,ok,1,0,0,1,0,0,0.3564,4.3227,2.7258,2.0438,1.555,22.49,8450,3.62
grid,,,PR13_x1.25,holdout,4,1039,headon,vfield,a63456e864,ok,1,0,1,0,0,0,7.1305,0.3601,2.7258,2.0438,1.555,8.54,8450,3.61
grid,,,PR13_x1.25,holdout,4,1041,headon,vfield,a63456e864,ok,0,0,0,0,0,0,5.0789,5.4795,2.7258,2.0438,1.555,,8450,3.53
grid,,,PR13_x1.25,holdout,4,1043,headon,vfield,a63456e864,ok,0,0,0,0,0,0,7.7313,1.4971,2.7258,2.0438,1.555,,8450,3.53
grid,,,PR13_x1.25,holdout,4,1045,headon,vfield,a63456e864,ok,0,0,0,0,0,0,6.2776,1.8143,2.7258,2.0438,1.555,,8450,3.52
grid,,,PR13_x1.25,holdout,4,1047,headon,vfield,a63456e864,ok,0,0,0,0,0,0,6.9191,6.7515,2.7258,2.0438,1.555,,8450,3.6
grid,,,PR13_x1.25,holdout,4,1049,headon,vfield,a63456e864,ok,0,0,0,0,0,0,4.0421,2.3164,2.7258,2.0438,1.555,,8450,3.47
grid,,,PR13_x1.25,holdout,4,1051,headon,vfield,a63456e864,ok,0,0,0,0,0,0,7.0877,1.0411,2.7258,2.0438,1.555,,8450,3.53
grid,,,PR13_x1.25,holdout,4,1053,headon,vfield,a63456e864,ok,0,0,0,0,0,0,7.6534,1.0821,2.7258,2.0438,1.555,,8450,3.58
grid,,,PR13_x1.25,holdout,4,1055,headon,vfield,a63456e864,ok,2,0,1,1,0,0,0.4866,0.6558,2.7258,2.0438,1.555,7.46,8450,3.59
grid,,,PR13_x1.25,holdout,4,1057,headon,vfield,a63456e864,ok,0,0,0,0,0,0,4.2236,6.8607,2.7258,2.0438,1.555,,8450,3.56
grid,,,PR13_x1.25,holdout,4,1059,headon,vfield,a63456e864,ok,0,0,0,0,0,0,5.3375,4.2324,2.7258,2.0438,1.555,,8450,3.51
grid,,,PR13_x1.5,holdout,4,1001,headon,vfield,6f4cbdcdfc,ok,0,0,0,0,0,0,7.5183,1.6351,2.7258,2.0438,1.555,,8450,3.5
grid,,,PR13_x1.5,holdout,4,1003,headon,vfield,6f4cbdcdfc,ok,0,0,0,0,0,0,12.1361,2.381,2.7258,2.0438,1.555,,8450,3.54
grid,,,PR13_x1.5,holdout,4,1005,headon,vfield,6f4cbdcdfc,ok,1,0,1,0,0,0,1.1461,0.6357,2.7258,2.0438,1.555,7.87,8450,3.57
grid,,,PR13_x1.5,holdout,4,1007,headon,vfield,6f4cbdcdfc,ok,0,0,0,0,0,0,1.9822,6.2518,2.7258,2.0438,1.555,,8450,3.5
grid,,,PR13_x1.5,holdout,4,1009,headon,vfield,6f4cbdcdfc,ok,0,0,0,0,0,0,1.1723,1.2584,2.7258,2.0438,1.555,,8450,3.62
grid,,,PR13_x1.5,holdout,4,1011,headon,vfield,6f4cbdcdfc,ok,0,0,0,0,0,0,8.7661,3.8272,2.7258,2.0438,1.555,,8450,3.53
grid,,,PR13_x1.5,holdout,4,1013,headon,vfield,6f4cbdcdfc,ok,0,0,0,0,0,0,4.9801,8.8696,2.7258,2.0438,1.555,,8450,3.55
grid,,,PR13_x1.5,holdout,4,1015,headon,vfield,6f4cbdcdfc,ok,0,0,0,0,0,0,4.4749,7.3052,2.7258,2.0438,1.555,,8450,3.47
grid,,,PR13_x1.5,holdout,4,1017,headon,vfield,6f4cbdcdfc,ok,0,0,0,0,0,0,5.6934,1.4728,2.7258,2.0438,1.555,,8450,3.52
grid,,,PR13_x1.5,holdout,4,1019,headon,vfield,6f4cbdcdfc,ok,0,0,0,0,0,0,8.0126,2.4289,2.7258,2.0438,1.555,,8450,3.59
grid,,,PR13_x1.5,holdout,4,1021,headon,vfield,6f4cbdcdfc,ok,1,0,1,0,0,0,8.6176,0.8126,2.7258,2.0438,1.555,7.51,8450,3.53
grid,,,PR13_x1.5,holdout,4,1023,headon,vfield,6f4cbdcdfc,ok,0,0,0,0,0,0,5.6589,6.6754,2.7258,2.0438,1.555,,8450,3.56
grid,,,PR13_x1.5,holdout,4,1025,headon,vfield,6f4cbdcdfc,ok,0,0,0,0,0,0,3.8341,1.0765,2.7258,2.0438,1.555,,8450,3.53
grid,,,PR13_x1.5,holdout,4,1027,headon,vfield,6f4cbdcdfc,ok,0,0,0,0,0,0,7.0919,1.4297,2.7258,2.0438,1.555,,8450,3.57
grid,,,PR13_x1.5,holdout,4,1029,headon,vfield,6f4cbdcdfc,ok,0,0,0,0,0,0,7.7949,2.3639,2.7258,2.0438,1.555,,8450,3.56
grid,,,PR13_x1.5,holdout,4,1031,headon,vfield,6f4cbdcdfc,ok,1,0,1,0,0,0,6.5854,0.5598,2.7258,2.0438,1.555,22.01,8450,3.5
grid,,,PR13_x1.5,holdout,4,1033,headon,vfield,6f4cbdcdfc,ok,1,0,1,0,0,0,9.2151,0.2471,2.7258,2.0438,1.555,8.34,8450,3.52
grid,,,PR13_x1.5,holdout,4,1035,headon,vfield,6f4cbdcdfc,ok,0,0,0,0,0,0,4.7522,1.7082,2.7258,2.0438,1.555,,8450,3.59
grid,,,PR13_x1.5,holdout,4,1037,headon,vfield,6f4cbdcdfc,ok,0,0,0,0,0,0,7.8449,1.7129,2.7258,2.0438,1.555,,8450,3.55
grid,,,PR13_x1.5,holdout,4,1039,headon,vfield,6f4cbdcdfc,ok,0,0,0,0,0,0,3.8231,1.4514,2.7258,2.0438,1.555,,8450,3.44
grid,,,PR13_x1.5,holdout,4,1041,headon,vfield,6f4cbdcdfc,ok,1,0,0,0,1,0,0.7316,2.3926,2.7258,2.0438,1.555,41.27,8450,3.55
grid,,,PR13_x1.5,holdout,4,1043,headon,vfield,6f4cbdcdfc,ok,0,0,0,0,0,0,4.995,2.1207,2.7258,2.0438,1.555,,8450,3.53
grid,,,PR13_x1.5,holdout,4,1045,headon,vfield,6f4cbdcdfc,ok,0,0,0,0,0,0,5.7614,1.5584,2.7258,2.0438,1.555,,8450,3.49
grid,,,PR13_x1.5,holdout,4,1047,headon,vfield,6f4cbdcdfc,ok,0,0,0,0,0,0,4.0133,3.3244,2.7258,2.0438,1.555,,8450,3.62
grid,,,PR13_x1.5,holdout,4,1049,headon,vfield,6f4cbdcdfc,ok,2,0,2,0,0,0,7.8808,0.454,2.7258,2.0438,1.555,7.12,8450,3.67
grid,,,PR13_x1.5,holdout,4,1051,headon,vfield,6f4cbdcdfc,ok,0,0,0,0,0,0,8.8003,3.0893,2.7258,2.0438,1.555,,8450,3.56
grid,,,PR13_x1.5,holdout,4,1053,headon,vfield,6f4cbdcdfc,ok,0,0,0,0,0,0,2.39,3.6583,2.7258,2.0438,1.555,,8450,3.51
grid,,,PR13_x1.5,holdout,4,1055,headon,vfield,6f4cbdcdfc,ok,0,0,0,0,0,0,2.5897,2.3666,2.7258,2.0438,1.555,,8450,3.61
grid,,,PR13_x1.5,holdout,4,1057,headon,vfield,6f4cbdcdfc,ok,0,0,0,0,0,0,7.8744,6.4252,2.7258,2.0438,1.555,,8450,3.64
grid,,,PR13_x1.5,holdout,4,1059,headon,vfield,6f4cbdcdfc,ok,0,0,0,0,0,0,3.9102,3.3433,2.7258,2.0438,1.555,,8450,3.58
grid,,,PR13_x2,holdout,4,1001,headon,vfield,104a75f7b8,ok,0,0,0,0,0,0,4.7126,1.32,2.7258,2.0438,1.555,,8450,3.57
grid,,,PR13_x2,holdout,4,1003,headon,vfield,104a75f7b8,ok,0,0,0,0,0,0,7.3707,4.1691,2.7258,2.0438,1.555,,8450,3.63
grid,,,PR13_x2,holdout,4,1005,headon,vfield,104a75f7b8,ok,0,0,0,0,0,0,8.5276,1.8135,2.7258,2.0438,1.555,,8450,3.53
grid,,,PR13_x2,holdout,4,1007,headon,vfield,104a75f7b8,ok,0,0,0,0,0,0,1.9284,8.2255,2.7258,2.0438,1.555,,8450,3.54
grid,,,PR13_x2,holdout,4,1009,headon,vfield,104a75f7b8,ok,0,0,0,0,0,0,4.1311,2.3464,2.7258,2.0438,1.555,,8450,3.47
grid,,,PR13_x2,holdout,4,1011,headon,vfield,104a75f7b8,ok,0,0,0,0,0,0,2.8783,4.0607,2.7258,2.0438,1.555,,8450,3.59
grid,,,PR13_x2,holdout,4,1013,headon,vfield,104a75f7b8,ok,0,0,0,0,0,0,6.7273,4.5599,2.7258,2.0438,1.555,,8450,3.55
grid,,,PR13_x2,holdout,4,1015,headon,vfield,104a75f7b8,ok,1,0,1,0,0,0,8.5194,0.0108,2.7258,2.0438,1.555,15.11,8450,3.55
grid,,,PR13_x2,holdout,4,1017,headon,vfield,104a75f7b8,ok,0,0,0,0,0,0,4.1436,6.1718,2.7258,2.0438,1.555,,8450,3.54
grid,,,PR13_x2,holdout,4,1019,headon,vfield,104a75f7b8,ok,1,0,1,0,0,0,6.3744,0.9098,2.7258,2.0438,1.555,9.58,8450,3.51
grid,,,PR13_x2,holdout,4,1021,headon,vfield,104a75f7b8,ok,0,0,0,0,0,0,2.2175,4.5408,2.7258,2.0438,1.555,,8450,3.55
grid,,,PR13_x2,holdout,4,1023,headon,vfield,104a75f7b8,ok,0,0,0,0,0,0,5.9122,4.1336,2.7258,2.0438,1.555,,8450,3.58
grid,,,PR13_x2,holdout,4,1025,headon,vfield,104a75f7b8,ok,0,0,0,0,0,0,5.8011,5.2238,2.7258,2.0438,1.555,,8450,3.51
grid,,,PR13_x2,holdout,4,1027,headon,vfield,104a75f7b8,ok,0,0,0,0,0,0,7.1586,1.3982,2.7258,2.0438,1.555,,8450,3.52
grid,,,PR13_x2,holdout,4,1029,headon,vfield,104a75f7b8,ok,0,0,0,0,0,0,2.4104,6.5278,2.7258,2.0438,1.555,,8450,3.56
grid,,,PR13_x2,holdout,4,1031,headon,vfield,104a75f7b8,ok,1,0,1,0,0,0,4.8301,0.7563,2.7258,2.0438,1.555,28.6,8450,3.53
grid,,,PR13_x2,holdout,4,1033,headon,vfield,104a75f7b8,ok,0,0,0,0,0,0,9.1088,2.9596,2.7258,2.0438,1.555,,8450,3.45
grid,,,PR13_x2,holdout,4,1035,headon,vfield,104a75f7b8,ok,0,0,0,0,0,0,8.5144,1.0638,2.7258,2.0438,1.555,,8450,3.58
grid,,,PR13_x2,holdout,4,1037,headon,vfield,104a75f7b8,ok,0,0,0,0,0,0,7.5362,3.7501,2.7258,2.0438,1.555,,8450,3.49
grid,,,PR13_x2,holdout,4,1039,headon,vfield,104a75f7b8,ok,0,0,0,0,0,0,6.8637,1.4948,2.7258,2.0438,1.555,,8450,3.6
grid,,,PR13_x2,holdout,4,1041,headon,vfield,104a75f7b8,ok,0,0,0,0,0,0,4.6903,2.8385,2.7258,2.0438,1.555,,8450,3.5
grid,,,PR13_x2,holdout,4,1043,headon,vfield,104a75f7b8,ok,0,0,0,0,0,0,4.9049,2.2956,2.7258,2.0438,1.555,,8450,3.54
grid,,,PR13_x2,holdout,4,1045,headon,vfield,104a75f7b8,ok,1,0,1,0,0,0,7.6605,0.7747,2.7258,2.0438,1.555,18.71,8450,3.58
grid,,,PR13_x2,holdout,4,1047,headon,vfield,104a75f7b8,ok,0,0,0,0,0,0,4.1056,4.0105,2.7258,2.0438,1.555,,8450,3.57
grid,,,PR13_x2,holdout,4,1049,headon,vfield,104a75f7b8,ok,0,0,0,0,0,0,7.5164,4.5908,2.7258,2.0438,1.555,,8450,3.62
grid,,,PR13_x2,holdout,4,1051,headon,vfield,104a75f7b8,ok,0,0,0,0,0,0,1.7488,2.3606,2.7258,2.0438,1.555,,8450,3.62
grid,,,PR13_x2,holdout,4,1053,headon,vfield,104a75f7b8,ok,0,0,0,0,0,0,13.6378,1.3645,2.7258,2.0438,1.555,,8450,3.56
grid,,,PR13_x2,holdout,4,1055,headon,vfield,104a75f7b8,ok,1,0,1,0,0,0,9.8702,0.0872,2.7258,2.0438,1.555,8.6,8450,3.6
grid,,,PR13_x2,holdout,4,1057,headon,vfield,104a75f7b8,ok,2,0,2,0,0,0,6.4934,0.7599,2.7258,2.0438,1.555,8.54,8450,3.53
grid,,,PR13_x2,holdout,4,1059,headon,vfield,104a75f7b8,ok,0,0,0,0,0,0,5.6139,1.2648,2.7258,2.0438,1.555,,8450,3.51
grid,,,PR16_x1,holdout,4,1001,headon,vfield,e7b9816af8,ok,0,0,0,0,0,0,1.4926,4.0916,2.7258,2.0438,1.555,,8450,3.55
grid,,,PR16_x1,holdout,4,1003,headon,vfield,e7b9816af8,ok,0,0,0,0,0,0,2.7022,4.9571,2.7258,2.0438,1.555,,8450,3.53
grid,,,PR16_x1,holdout,4,1005,headon,vfield,e7b9816af8,ok,0,0,0,0,0,0,7.2608,6.8222,2.7258,2.0438,1.555,,8450,3.64
grid,,,PR16_x1,holdout,4,1007,headon,vfield,e7b9816af8,ok,1,0,1,0,0,0,4.788,0.101,2.7258,2.0438,1.555,10.0,8450,3.58
grid,,,PR16_x1,holdout,4,1009,headon,vfield,e7b9816af8,ok,0,0,0,0,0,0,1.8348,8.6309,2.7258,2.0438,1.555,,8450,3.54
grid,,,PR16_x1,holdout,4,1011,headon,vfield,e7b9816af8,ok,0,0,0,0,0,0,9.0526,6.3522,2.7258,2.0438,1.555,,8450,3.55
grid,,,PR16_x1,holdout,4,1013,headon,vfield,e7b9816af8,ok,0,0,0,0,0,0,3.4829,2.4089,2.7258,2.0438,1.555,,8450,3.5
grid,,,PR16_x1,holdout,4,1015,headon,vfield,e7b9816af8,ok,0,0,0,0,0,0,10.5775,4.5196,2.7258,2.0438,1.555,,8450,3.57
grid,,,PR16_x1,holdout,4,1017,headon,vfield,e7b9816af8,ok,0,0,0,0,0,0,6.506,6.8664,2.7258,2.0438,1.555,,8450,3.57
grid,,,PR16_x1,holdout,4,1019,headon,vfield,e7b9816af8,ok,0,0,0,0,0,0,7.2078,4.0214,2.7258,2.0438,1.555,,8450,3.53
grid,,,PR16_x1,holdout,4,1021,headon,vfield,e7b9816af8,ok,0,0,0,0,0,0,2.861,5.7514,2.7258,2.0438,1.555,,8450,3.58
grid,,,PR16_x1,holdout,4,1023,headon,vfield,e7b9816af8,ok,0,0,0,0,0,0,7.8022,5.499,2.7258,2.0438,1.555,,8450,3.51
grid,,,PR16_x1,holdout,4,1025,headon,vfield,e7b9816af8,ok,0,0,0,0,0,0,8.832,6.3146,2.7258,2.0438,1.555,,8450,3.67
grid,,,PR16_x1,holdout,4,1027,headon,vfield,e7b9816af8,ok,0,0,0,0,0,0,5.1112,9.0983,2.7258,2.0438,1.555,,8450,3.48
grid,,,PR16_x1,holdout,4,1029,headon,vfield,e7b9816af8,ok,0,0,0,0,0,0,3.9585,3.9206,2.7258,2.0438,1.555,,8450,3.51
grid,,,PR16_x1,holdout,4,1031,headon,vfield,e7b9816af8,ok,0,0,0,0,0,0,8.0383,4.1438,2.7258,2.0438,1.555,,8450,3.55
grid,,,PR16_x1,holdout,4,1033,headon,vfield,e7b9816af8,ok,0,0,0,0,0,0,4.6427,7.1469,2.7258,2.0438,1.555,,8450,3.53
grid,,,PR16_x1,holdout,4,1035,headon,vfield,e7b9816af8,ok,0,0,0,0,0,0,1.6805,7.725,2.7258,2.0438,1.555,,8450,3.63
grid,,,PR16_x1,holdout,4,1037,headon,vfield,e7b9816af8,ok,0,0,0,0,0,0,7.6415,10.854,2.7258,2.0438,1.555,,8450,3.49
grid,,,PR16_x1,holdout,4,1039,headon,vfield,e7b9816af8,ok,0,0,0,0,0,0,2.373,8.5491,2.7258,2.0438,1.555,,8450,3.52
grid,,,PR16_x1,holdout,4,1041,headon,vfield,e7b9816af8,ok,0,0,0,0,0,0,8.2743,8.8204,2.7258,2.0438,1.555,,8450,3.55
grid,,,PR16_x1,holdout,4,1043,headon,vfield,e7b9816af8,ok,1,0,1,0,0,0,6.1649,0.862,2.7258,2.0438,1.555,15.37,8450,3.54
grid,,,PR16_x1,holdout,4,1045,headon,vfield,e7b9816af8,ok,0,0,0,0,0,0,6.7689,8.6591,2.7258,2.0438,1.555,,8450,3.69
grid,,,PR16_x1,holdout,4,1047,headon,vfield,e7b9816af8,ok,0,0,0,0,0,0,7.0079,7.0205,2.7258,2.0438,1.555,,8450,3.51
grid,,,PR16_x1,holdout,4,1049,headon,vfield,e7b9816af8,ok,0,0,0,0,0,0,2.197,6.6772,2.7258,2.0438,1.555,,8450,3.52
grid,,,PR16_x1,holdout,4,1051,headon,vfield,e7b9816af8,ok,0,0,0,0,0,0,11.8234,5.6391,2.7258,2.0438,1.555,,8450,3.51
grid,,,PR16_x1,holdout,4,1053,headon,vfield,e7b9816af8,ok,1,0,1,0,0,0,8.2089,0.6579,2.7258,2.0438,1.555,6.5,8450,3.49
grid,,,PR16_x1,holdout,4,1055,headon,vfield,e7b9816af8,ok,1,0,1,0,0,0,4.3523,0.0767,2.7258,2.0438,1.555,8.07,8450,3.64
grid,,,PR16_x1,holdout,4,1057,headon,vfield,e7b9816af8,ok,1,0,0,0,1,0,0.2021,6.8307,2.7258,2.0438,1.555,16.29,8450,3.53
grid,,,PR16_x1,holdout,4,1059,headon,vfield,e7b9816af8,ok,0,0,0,0,0,0,4.5879,2.277,2.7258,2.0438,1.555,,8450,3.51
grid,,,PR16_x1.25,holdout,4,1001,headon,vfield,20088c5bcb,ok,0,0,0,0,0,0,8.2916,10.4197,2.7258,2.0438,1.555,,8450,3.54
grid,,,PR16_x1.25,holdout,4,1003,headon,vfield,20088c5bcb,ok,0,0,0,0,0,0,13.1468,2.5054,2.7258,2.0438,1.555,,8450,3.56
grid,,,PR16_x1.25,holdout,4,1005,headon,vfield,20088c5bcb,ok,0,0,0,0,0,0,5.3773,2.262,2.7258,2.0438,1.555,,8450,3.58
grid,,,PR16_x1.25,holdout,4,1007,headon,vfield,20088c5bcb,ok,0,0,0,0,0,0,5.1279,2.1481,2.7258,2.0438,1.555,,8450,3.51
grid,,,PR16_x1.25,holdout,4,1009,headon,vfield,20088c5bcb,ok,0,0,0,0,0,0,2.9947,1.2044,2.7258,2.0438,1.555,,8450,3.47
grid,,,PR16_x1.25,holdout,4,1011,headon,vfield,20088c5bcb,ok,0,0,0,0,0,0,5.8825,1.5634,2.7258,2.0438,1.555,,8450,3.61
grid,,,PR16_x1.25,holdout,4,1013,headon,vfield,20088c5bcb,ok,0,0,0,0,0,0,4.7423,8.0387,2.7258,2.0438,1.555,,8450,3.5
grid,,,PR16_x1.25,holdout,4,1015,headon,vfield,20088c5bcb,ok,0,0,0,0,0,0,4.8534,4.3831,2.7258,2.0438,1.555,,8450,3.59
grid,,,PR16_x1.25,holdout,4,1017,headon,vfield,20088c5bcb,ok,0,0,0,0,0,0,9.2372,10.2974,2.7258,2.0438,1.555,,8450,3.51
grid,,,PR16_x1.25,holdout,4,1019,headon,vfield,20088c5bcb,ok,0,0,0,0,0,0,5.9193,5.328,2.7258,2.0438,1.555,,8450,3.61
grid,,,PR16_x1.25,holdout,4,1021,headon,vfield,20088c5bcb,ok,0,0,0,0,0,0,1.0627,1.5813,2.7258,2.0438,1.555,,8450,3.59
grid,,,PR16_x1.25,holdout,4,1023,headon,vfield,20088c5bcb,ok,0,0,0,0,0,0,6.1138,7.6008,2.7258,2.0438,1.555,,8450,3.54
grid,,,PR16_x1.25,holdout,4,1025,headon,vfield,20088c5bcb,ok,0,0,0,0,0,0,2.1223,5.4315,2.7258,2.0438,1.555,,8450,3.55
grid,,,PR16_x1.25,holdout,4,1027,headon,vfield,20088c5bcb,ok,0,0,0,0,0,0,10.0534,9.0335,2.7258,2.0438,1.555,,8450,3.57
grid,,,PR16_x1.25,holdout,4,1029,headon,vfield,20088c5bcb,ok,0,0,0,0,0,0,7.4213,11.701,2.7258,2.0438,1.555,,8450,3.57
grid,,,PR16_x1.25,holdout,4,1031,headon,vfield,20088c5bcb,ok,0,0,0,0,0,0,5.26,7.6176,2.7258,2.0438,1.555,,8450,3.58
grid,,,PR16_x1.25,holdout,4,1033,headon,vfield,20088c5bcb,ok,0,0,0,0,0,0,6.0808,12.5975,2.7258,2.0438,1.555,,8450,3.62
grid,,,PR16_x1.25,holdout,4,1035,headon,vfield,20088c5bcb,ok,0,0,0,0,0,0,5.6331,2.3862,2.7258,2.0438,1.555,,8450,3.52
grid,,,PR16_x1.25,holdout,4,1037,headon,vfield,20088c5bcb,ok,0,0,0,0,0,0,3.8713,10.9329,2.7258,2.0438,1.555,,8450,3.57
grid,,,PR16_x1.25,holdout,4,1039,headon,vfield,20088c5bcb,ok,2,0,2,0,0,0,1.9682,0.4072,2.7258,2.0438,1.555,8.59,8450,3.57
grid,,,PR16_x1.25,holdout,4,1041,headon,vfield,20088c5bcb,ok,0,0,0,0,0,0,2.4448,11.5979,2.7258,2.0438,1.555,,8450,3.51
grid,,,PR16_x1.25,holdout,4,1043,headon,vfield,20088c5bcb,ok,0,0,0,0,0,0,3.87,3.9016,2.7258,2.0438,1.555,,8450,3.5
grid,,,PR16_x1.25,holdout,4,1045,headon,vfield,20088c5bcb,ok,2,0,1,1,0,0,0.5959,0.1729,2.7258,2.0438,1.555,14.29,8450,3.55
grid,,,PR16_x1.25,holdout,4,1047,headon,vfield,20088c5bcb,ok,1,0,1,0,0,0,6.7981,0.61,2.7258,2.0438,1.555,6.71,8450,3.55
grid,,,PR16_x1.25,holdout,4,1049,headon,vfield,20088c5bcb,ok,0,0,0,0,0,0,4.0567,11.5024,2.7258,2.0438,1.555,,8450,3.51
grid,,,PR16_x1.25,holdout,4,1051,headon,vfield,20088c5bcb,ok,0,0,0,0,0,0,8.2158,10.5806,2.7258,2.0438,1.555,,8450,3.54
grid,,,PR16_x1.25,holdout,4,1053,headon,vfield,20088c5bcb,ok,0,0,0,0,0,0,8.1163,3.4262,2.7258,2.0438,1.555,,8450,3.56
grid,,,PR16_x1.25,holdout,4,1055,headon,vfield,20088c5bcb,ok,0,0,0,0,0,0,4.3189,8.7019,2.7258,2.0438,1.555,,8450,3.62
grid,,,PR16_x1.25,holdout,4,1057,headon,vfield,20088c5bcb,ok,0,0,0,0,0,0,3.8322,9.0108,2.7258,2.0438,1.555,,8450,3.52
grid,,,PR16_x1.25,holdout,4,1059,headon,vfield,20088c5bcb,ok,0,0,0,0,0,0,2.3591,2.1986,2.7258,2.0438,1.555,,8450,3.56
grid,,,PR16_x1.5,holdout,4,1001,headon,vfield,ed99d7ad42,ok,0,0,0,0,0,0,8.0851,11.7513,2.7258,2.0438,1.555,,8450,3.55
grid,,,PR16_x1.5,holdout,4,1003,headon,vfield,ed99d7ad42,ok,0,0,0,0,0,0,3.3957,1.8308,2.7258,2.0438,1.555,,8450,3.61
grid,,,PR16_x1.5,holdout,4,1005,headon,vfield,ed99d7ad42,ok,0,0,0,0,0,0,4.3556,2.9399,2.7258,2.0438,1.555,,8450,3.54
grid,,,PR16_x1.5,holdout,4,1007,headon,vfield,ed99d7ad42,ok,0,0,0,0,0,0,5.1773,2.7131,2.7258,2.0438,1.555,,8450,3.53
grid,,,PR16_x1.5,holdout,4,1009,headon,vfield,ed99d7ad42,ok,0,0,0,0,0,0,4.4702,2.5736,2.7258,2.0438,1.555,,8450,3.54
grid,,,PR16_x1.5,holdout,4,1011,headon,vfield,ed99d7ad42,ok,0,0,0,0,0,0,1.0383,5.1104,2.7258,2.0438,1.555,,8450,3.57
grid,,,PR16_x1.5,holdout,4,1013,headon,vfield,ed99d7ad42,ok,0,0,0,0,0,0,5.0194,2.6343,2.7258,2.0438,1.555,,8450,3.6
grid,,,PR16_x1.5,holdout,4,1015,headon,vfield,ed99d7ad42,ok,0,0,0,0,0,0,2.5032,9.1891,2.7258,2.0438,1.555,,8450,3.56
grid,,,PR16_x1.5,holdout,4,1017,headon,vfield,ed99d7ad42,ok,0,0,0,0,0,0,3.2124,1.3451,2.7258,2.0438,1.555,,8450,3.51
grid,,,PR16_x1.5,holdout,4,1019,headon,vfield,ed99d7ad42,ok,0,0,0,0,0,0,7.9242,1.363,2.7258,2.0438,1.555,,8450,3.52
grid,,,PR16_x1.5,holdout,4,1021,headon,vfield,ed99d7ad42,ok,0,0,0,0,0,0,6.3576,4.277,2.7258,2.0438,1.555,,8450,3.47
grid,,,PR16_x1.5,holdout,4,1023,headon,vfield,ed99d7ad42,ok,0,0,0,0,0,0,5.0705,8.0126,2.7258,2.0438,1.555,,8450,3.48
grid,,,PR16_x1.5,holdout,4,1025,headon,vfield,ed99d7ad42,ok,1,0,1,0,0,0,7.7635,0.805,2.7258,2.0438,1.555,19.38,8450,3.6
grid,,,PR16_x1.5,holdout,4,1027,headon,vfield,ed99d7ad42,ok,0,0,0,0,0,0,9.519,2.5432,2.7258,2.0438,1.555,,8450,3.48
grid,,,PR16_x1.5,holdout,4,1029,headon,vfield,ed99d7ad42,ok,0,0,0,0,0,0,8.3998,4.2715,2.7258,2.0438,1.555,,8450,3.5
grid,,,PR16_x1.5,holdout,4,1031,headon,vfield,ed99d7ad42,ok,0,0,0,0,0,0,5.9703,1.4103,2.7258,2.0438,1.555,,8450,3.51
grid,,,PR16_x1.5,holdout,4,1033,headon,vfield,ed99d7ad42,ok,0,0,0,0,0,0,8.9176,4.4067,2.7258,2.0438,1.555,,8450,3.52
grid,,,PR16_x1.5,holdout,4,1035,headon,vfield,ed99d7ad42,ok,0,0,0,0,0,0,2.5005,3.8665,2.7258,2.0438,1.555,,8450,3.56
grid,,,PR16_x1.5,holdout,4,1037,headon,vfield,ed99d7ad42,ok,0,0,0,0,0,0,4.3349,1.9742,2.7258,2.0438,1.555,,8450,3.54
grid,,,PR16_x1.5,holdout,4,1039,headon,vfield,ed99d7ad42,ok,0,0,0,0,0,0,4.2649,9.1887,2.7258,2.0438,1.555,,8450,3.58
grid,,,PR16_x1.5,holdout,4,1041,headon,vfield,ed99d7ad42,ok,1,0,1,0,0,0,6.2001,0.4752,2.7258,2.0438,1.555,13.09,8450,3.59
grid,,,PR16_x1.5,holdout,4,1043,headon,vfield,ed99d7ad42,ok,0,0,0,0,0,0,2.3012,4.4125,2.7258,2.0438,1.555,,8450,3.55
grid,,,PR16_x1.5,holdout,4,1045,headon,vfield,ed99d7ad42,ok,1,0,1,0,0,0,5.5683,0.8076,2.7258,2.0438,1.555,10.78,8450,3.54
grid,,,PR16_x1.5,holdout,4,1047,headon,vfield,ed99d7ad42,ok,0,0,0,0,0,0,5.6872,1.9881,2.7258,2.0438,1.555,,8450,3.49
grid,,,PR16_x1.5,holdout,4,1049,headon,vfield,ed99d7ad42,ok,0,0,0,0,0,0,5.3924,2.3671,2.7258,2.0438,1.555,,8450,3.61
grid,,,PR16_x1.5,holdout,4,1051,headon,vfield,ed99d7ad42,ok,0,0,0,0,0,0,5.6399,2.4238,2.7258,2.0438,1.555,,8450,3.68
grid,,,PR16_x1.5,holdout,4,1053,headon,vfield,ed99d7ad42,ok,0,0,0,0,0,0,7.8888,1.3194,2.7258,2.0438,1.555,,8450,3.59
grid,,,PR16_x1.5,holdout,4,1055,headon,vfield,ed99d7ad42,ok,0,0,0,0,0,0,1.4058,4.897,2.7258,2.0438,1.555,,8450,3.54
grid,,,PR16_x1.5,holdout,4,1057,headon,vfield,ed99d7ad42,ok,0,0,0,0,0,0,10.741,2.8288,2.7258,2.0438,1.555,,8450,3.6
grid,,,PR16_x1.5,holdout,4,1059,headon,vfield,ed99d7ad42,ok,1,0,0,1,0,0,0.3115,11.8819,2.7258,2.0438,1.555,42.68,8450,3.5
grid,,,PR16_x2,holdout,4,1001,headon,vfield,95ef2ce3f6,ok,0,0,0,0,0,0,11.7866,1.8376,2.7258,2.0438,1.555,,8450,3.55
grid,,,PR16_x2,holdout,4,1003,headon,vfield,95ef2ce3f6,ok,0,0,0,0,0,0,5.8274,4.5323,2.7258,2.0438,1.555,,8450,3.48
grid,,,PR16_x2,holdout,4,1005,headon,vfield,95ef2ce3f6,ok,0,0,0,0,0,0,6.9963,8.3063,2.7258,2.0438,1.555,,8450,3.5
grid,,,PR16_x2,holdout,4,1007,headon,vfield,95ef2ce3f6,ok,0,0,0,0,0,0,4.513,4.4962,2.7258,2.0438,1.555,,8450,3.54
grid,,,PR16_x2,holdout,4,1009,headon,vfield,95ef2ce3f6,ok,0,0,0,0,0,0,5.8435,5.5099,2.7258,2.0438,1.555,,8450,3.65
grid,,,PR16_x2,holdout,4,1011,headon,vfield,95ef2ce3f6,ok,0,0,0,0,0,0,8.0972,2.2884,2.7258,2.0438,1.555,,8450,3.51
grid,,,PR16_x2,holdout,4,1013,headon,vfield,95ef2ce3f6,ok,0,0,0,0,0,0,3.1636,4.7912,2.7258,2.0438,1.555,,8450,3.55
grid,,,PR16_x2,holdout,4,1015,headon,vfield,95ef2ce3f6,ok,0,0,0,0,0,0,8.898,1.626,2.7258,2.0438,1.555,,8450,3.53
grid,,,PR16_x2,holdout,4,1017,headon,vfield,95ef2ce3f6,ok,0,0,0,0,0,0,7.9673,10.0961,2.7258,2.0438,1.555,,8450,3.52
grid,,,PR16_x2,holdout,4,1019,headon,vfield,95ef2ce3f6,ok,0,0,0,0,0,0,6.2983,3.1197,2.7258,2.0438,1.555,,8450,3.5
grid,,,PR16_x2,holdout,4,1021,headon,vfield,95ef2ce3f6,ok,0,0,0,0,0,0,6.6828,7.8766,2.7258,2.0438,1.555,,8450,3.66
grid,,,PR16_x2,holdout,4,1023,headon,vfield,95ef2ce3f6,ok,0,0,0,0,0,0,6.457,8.079,2.7258,2.0438,1.555,,8450,3.55
grid,,,PR16_x2,holdout,4,1025,headon,vfield,95ef2ce3f6,ok,0,0,0,0,0,0,3.4848,2.499,2.7258,2.0438,1.555,,8450,3.52
grid,,,PR16_x2,holdout,4,1027,headon,vfield,95ef2ce3f6,ok,0,0,0,0,0,0,4.0107,8.5337,2.7258,2.0438,1.555,,8450,3.46
grid,,,PR16_x2,holdout,4,1029,headon,vfield,95ef2ce3f6,ok,0,0,0,0,0,0,8.229,7.2474,2.7258,2.0438,1.555,,8450,3.65
grid,,,PR16_x2,holdout,4,1031,headon,vfield,95ef2ce3f6,ok,0,0,0,0,0,0,7.4625,1.4937,2.7258,2.0438,1.555,,8450,3.51
grid,,,PR16_x2,holdout,4,1033,headon,vfield,95ef2ce3f6,ok,0,0,0,0,0,0,7.362,1.8032,2.7258,2.0438,1.555,,8450,3.49
grid,,,PR16_x2,holdout,4,1035,headon,vfield,95ef2ce3f6,ok,0,0,0,0,0,0,5.9534,4.3148,2.7258,2.0438,1.555,,8450,3.63
grid,,,PR16_x2,holdout,4,1037,headon,vfield,95ef2ce3f6,ok,0,0,0,0,0,0,7.4179,6.3871,2.7258,2.0438,1.555,,8450,3.53
grid,,,PR16_x2,holdout,4,1039,headon,vfield,95ef2ce3f6,ok,0,0,0,0,0,0,8.3436,3.2232,2.7258,2.0438,1.555,,8450,3.58
grid,,,PR16_x2,holdout,4,1041,headon,vfield,95ef2ce3f6,ok,1,0,1,0,0,0,2.1653,0.828,2.7258,2.0438,1.555,23.26,8450,3.59
grid,,,PR16_x2,holdout,4,1043,headon,vfield,95ef2ce3f6,ok,0,0,0,0,0,0,5.6059,4.7774,2.7258,2.0438,1.555,,8450,3.56
grid,,,PR16_x2,holdout,4,1045,headon,vfield,95ef2ce3f6,ok,0,0,0,0,0,0,7.4904,6.04,2.7258,2.0438,1.555,,8450,3.52
grid,,,PR16_x2,holdout,4,1047,headon,vfield,95ef2ce3f6,ok,1,0,1,0,0,0,8.2191,0.0753,2.7258,2.0438,1.555,24.28,8450,3.58
grid,,,PR16_x2,holdout,4,1049,headon,vfield,95ef2ce3f6,ok,1,0,1,0,0,0,6.1369,0.5144,2.7258,2.0438,1.555,24.6,8450,3.57
grid,,,PR16_x2,holdout,4,1051,headon,vfield,95ef2ce3f6,ok,0,0,0,0,0,0,8.6209,1.828,2.7258,2.0438,1.555,,8450,3.48
grid,,,PR16_x2,holdout,4,1053,headon,vfield,95ef2ce3f6,ok,0,0,0,0,0,0,8.9663,8.1145,2.7258,2.0438,1.555,,8450,3.58
grid,,,PR16_x2,holdout,4,1055,headon,vfield,95ef2ce3f6,ok,0,0,0,0,0,0,8.3067,3.7682,2.7258,2.0438,1.555,,8450,3.57
grid,,,PR16_x2,holdout,4,1057,headon,vfield,95ef2ce3f6,ok,0,0,0,0,0,0,9.1398,4.1759,2.7258,2.0438,1.555,,8450,3.54
grid,,,PR16_x2,holdout,4,1059,headon,vfield,95ef2ce3f6,ok,0,0,0,0,0,0,5.238,5.9364,2.7258,2.0438,1.555,,8450,3.68
grid,,,PR20_x1,holdout,4,1001,headon,vfield,a0470b2a93,ok,0,0,0,0,0,0,9.1022,12.4816,2.7258,2.0438,1.555,,8450,3.51
grid,,,PR20_x1,holdout,4,1003,headon,vfield,a0470b2a93,ok,1,0,1,0,0,0,5.5578,0.3283,2.7258,2.0438,1.555,10.23,8450,3.53
grid,,,PR20_x1,holdout,4,1005,headon,vfield,a0470b2a93,ok,0,0,0,0,0,0,3.7684,2.5886,2.7258,2.0438,1.555,,8450,3.48
grid,,,PR20_x1,holdout,4,1007,headon,vfield,a0470b2a93,ok,0,0,0,0,0,0,6.7972,3.5904,2.7258,2.0438,1.555,,8450,3.55
grid,,,PR20_x1,holdout,4,1009,headon,vfield,a0470b2a93,ok,0,0,0,0,0,0,3.9251,2.1042,2.7258,2.0438,1.555,,8450,3.56
grid,,,PR20_x1,holdout,4,1011,headon,vfield,a0470b2a93,ok,0,0,0,0,0,0,4.8171,9.2135,2.7258,2.0438,1.555,,8450,3.52
grid,,,PR20_x1,holdout,4,1013,headon,vfield,a0470b2a93,ok,1,0,1,0,0,0,3.8872,0.2709,2.7258,2.0438,1.555,28.1,8450,3.59
grid,,,PR20_x1,holdout,4,1015,headon,vfield,a0470b2a93,ok,0,0,0,0,0,0,6.6752,3.0595,2.7258,2.0438,1.555,,8450,3.54
grid,,,PR20_x1,holdout,4,1017,headon,vfield,a0470b2a93,ok,0,0,0,0,0,0,4.6065,9.6256,2.7258,2.0438,1.555,,8450,3.65
grid,,,PR20_x1,holdout,4,1019,headon,vfield,a0470b2a93,ok,1,0,1,0,0,0,7.7356,0.4845,2.7258,2.0438,1.555,7.58,8450,3.52
grid,,,PR20_x1,holdout,4,1021,headon,vfield,a0470b2a93,ok,0,0,0,0,0,0,6.6077,5.2862,2.7258,2.0438,1.555,,8450,3.58
grid,,,PR20_x1,holdout,4,1023,headon,vfield,a0470b2a93,ok,0,0,0,0,0,0,3.7113,2.7015,2.7258,2.0438,1.555,,8450,3.52
grid,,,PR20_x1,holdout,4,1025,headon,vfield,a0470b2a93,ok,0,0,0,0,0,0,4.5695,1.8029,2.7258,2.0438,1.555,,8450,3.6
grid,,,PR20_x1,holdout,4,1027,headon,vfield,a0470b2a93,ok,0,0,0,0,0,0,5.3665,9.7484,2.7258,2.0438,1.555,,8450,3.61
grid,,,PR20_x1,holdout,4,1029,headon,vfield,a0470b2a93,ok,0,0,0,0,0,0,3.8189,2.2505,2.7258,2.0438,1.555,,8450,3.64
grid,,,PR20_x1,holdout,4,1031,headon,vfield,a0470b2a93,ok,0,0,0,0,0,0,7.3449,8.2504,2.7258,2.0438,1.555,,8450,3.5
grid,,,PR20_x1,holdout,4,1033,headon,vfield,a0470b2a93,ok,0,0,0,0,0,0,1.9085,8.2474,2.7258,2.0438,1.555,,8450,3.62
grid,,,PR20_x1,holdout,4,1035,headon,vfield,a0470b2a93,ok,0,0,0,0,0,0,8.3969,1.6746,2.7258,2.0438,1.555,,8450,3.61
grid,,,PR20_x1,holdout,4,1037,headon,vfield,a0470b2a93,ok,0,0,0,0,0,0,6.6828,13.1439,2.7258,2.0438,1.555,,8450,3.58
grid,,,PR20_x1,holdout,4,1039,headon,vfield,a0470b2a93,ok,0,0,0,0,0,0,2.2332,3.6341,2.7258,2.0438,1.555,,8450,3.56
grid,,,PR20_x1,holdout,4,1041,headon,vfield,a0470b2a93,ok,0,0,0,0,0,0,7.2019,7.0598,2.7258,2.0438,1.555,,8450,3.55
grid,,,PR20_x1,holdout,4,1043,headon,vfield,a0470b2a93,ok,0,0,0,0,0,0,9.2958,13.0995,2.7258,2.0438,1.555,,8450,3.57
grid,,,PR20_x1,holdout,4,1045,headon,vfield,a0470b2a93,ok,0,0,0,0,0,0,7.786,8.3286,2.7258,2.0438,1.555,,8450,3.5
grid,,,PR20_x1,holdout,4,1047,headon,vfield,a0470b2a93,ok,0,0,0,0,0,0,12.2823,13.5785,2.7258,2.0438,1.555,,8450,3.54
grid,,,PR20_x1,holdout,4,1049,headon,vfield,a0470b2a93,ok,0,0,0,0,0,0,4.3402,10.3326,2.7258,2.0438,1.555,,8450,3.58
grid,,,PR20_x1,holdout,4,1051,headon,vfield,a0470b2a93,ok,0,0,0,0,0,0,5.8772,7.3322,2.7258,2.0438,1.555,,8450,3.51
grid,,,PR20_x1,holdout,4,1053,headon,vfield,a0470b2a93,ok,0,0,0,0,0,0,7.7403,8.0458,2.7258,2.0438,1.555,,8450,3.59
grid,,,PR20_x1,holdout,4,1055,headon,vfield,a0470b2a93,ok,0,0,0,0,0,0,9.1986,9.5562,2.7258,2.0438,1.555,,8450,3.53
grid,,,PR20_x1,holdout,4,1057,headon,vfield,a0470b2a93,ok,0,0,0,0,0,0,5.2224,2.9791,2.7258,2.0438,1.555,,8450,3.56
grid,,,PR20_x1,holdout,4,1059,headon,vfield,a0470b2a93,ok,0,0,0,0,0,0,5.6419,3.9594,2.7258,2.0438,1.555,,8450,3.63
grid,,,PR20_x1.25,holdout,4,1001,headon,vfield,88e148f0b6,ok,0,0,0,0,0,0,8.3481,9.6971,2.7258,2.0438,1.555,,8450,3.56
grid,,,PR20_x1.25,holdout,4,1003,headon,vfield,88e148f0b6,ok,0,0,0,0,0,0,8.0372,7.97,2.7258,2.0438,1.555,,8450,3.56
grid,,,PR20_x1.25,holdout,4,1005,headon,vfield,88e148f0b6,ok,0,0,0,0,0,0,8.5857,2.3838,2.7258,2.0438,1.555,,8450,3.55
grid,,,PR20_x1.25,holdout,4,1007,headon,vfield,88e148f0b6,ok,0,0,0,0,0,0,4.7581,4.8179,2.7258,2.0438,1.555,,8450,3.49
grid,,,PR20_x1.25,holdout,4,1009,headon,vfield,88e148f0b6,ok,0,0,0,0,0,0,11.0264,2.4885,2.7258,2.0438,1.555,,8450,3.59
grid,,,PR20_x1.25,holdout,4,1011,headon,vfield,88e148f0b6,ok,0,0,0,0,0,0,7.2059,9.6425,2.7258,2.0438,1.555,,8450,3.48
grid,,,PR20_x1.25,holdout,4,1013,headon,vfield,88e148f0b6,ok,1,0,1,0,0,0,5.6846,0.0944,2.7258,2.0438,1.555,13.38,8450,3.45
grid,,,PR20_x1.25,holdout,4,1015,headon,vfield,88e148f0b6,ok,0,0,0,0,0,0,6.7535,10.149,2.7258,2.0438,1.555,,8450,3.6
grid,,,PR20_x1.25,holdout,4,1017,headon,vfield,88e148f0b6,ok,0,0,0,0,0,0,11.5674,3.7937,2.7258,2.0438,1.555,,8450,3.67
grid,,,PR20_x1.25,holdout,4,1019,headon,vfield,88e148f0b6,ok,0,0,0,0,0,0,6.5477,4.2368,2.7258,2.0438,1.555,,8450,3.59
grid,,,PR20_x1.25,holdout,4,1021,headon,vfield,88e148f0b6,ok,0,0,0,0,0,0,3.9921,4.4838,2.7258,2.0438,1.555,,8450,3.56
grid,,,PR20_x1.25,holdout,4,1023,headon,vfield,88e148f0b6,ok,0,0,0,0,0,0,9.5519,9.8314,2.7258,2.0438,1.555,,8450,3.5
grid,,,PR20_x1.25,holdout,4,1025,headon,vfield,88e148f0b6,ok,0,0,0,0,0,0,7.3139,7.3668,2.7258,2.0438,1.555,,8450,3.54
grid,,,PR20_x1.25,holdout,4,1027,headon,vfield,88e148f0b6,ok,0,0,0,0,0,0,11.7087,2.8052,2.7258,2.0438,1.555,,8450,3.57
grid,,,PR20_x1.25,holdout,4,1029,headon,vfield,88e148f0b6,ok,0,0,0,0,0,0,5.9852,4.1849,2.7258,2.0438,1.555,,8450,3.55
grid,,,PR20_x1.25,holdout,4,1031,headon,vfield,88e148f0b6,ok,0,0,0,0,0,0,7.0211,7.7651,2.7258,2.0438,1.555,,8450,3.5
grid,,,PR20_x1.25,holdout,4,1033,headon,vfield,88e148f0b6,ok,0,0,0,0,0,0,8.501,4.1822,2.7258,2.0438,1.555,,8450,3.6
grid,,,PR20_x1.25,holdout,4,1035,headon,vfield,88e148f0b6,ok,0,0,0,0,0,0,8.3723,5.3148,2.7258,2.0438,1.555,,8450,3.51
grid,,,PR20_x1.25,holdout,4,1037,headon,vfield,88e148f0b6,ok,0,0,0,0,0,0,7.8338,2.5448,2.7258,2.0438,1.555,,8450,3.49
grid,,,PR20_x1.25,holdout,4,1039,headon,vfield,88e148f0b6,ok,0,0,0,0,0,0,7.3592,9.2826,2.7258,2.0438,1.555,,8450,3.62
grid,,,PR20_x1.25,holdout,4,1041,headon,vfield,88e148f0b6,ok,0,0,0,0,0,0,9.2775,1.6483,2.7258,2.0438,1.555,,8450,3.59
grid,,,PR20_x1.25,holdout,4,1043,headon,vfield,88e148f0b6,ok,0,0,0,0,0,0,8.4535,11.4194,2.7258,2.0438,1.555,,8450,3.45
grid,,,PR20_x1.25,holdout,4,1045,headon,vfield,88e148f0b6,ok,0,0,0,0,0,0,8.9853,2.8697,2.7258,2.0438,1.555,,8450,3.59
grid,,,PR20_x1.25,holdout,4,1047,headon,vfield,88e148f0b6,ok,0,0,0,0,0,0,2.7805,8.9361,2.7258,2.0438,1.555,,8450,3.55
grid,,,PR20_x1.25,holdout,4,1049,headon,vfield,88e148f0b6,ok,0,0,0,0,0,0,1.5235,4.1728,2.7258,2.0438,1.555,,8450,3.56
grid,,,PR20_x1.25,holdout,4,1051,headon,vfield,88e148f0b6,ok,0,0,0,0,0,0,8.2089,5.269,2.7258,2.0438,1.555,,8450,3.51
grid,,,PR20_x1.25,holdout,4,1053,headon,vfield,88e148f0b6,ok,0,0,0,0,0,0,5.099,4.7086,2.7258,2.0438,1.555,,8450,3.55
grid,,,PR20_x1.25,holdout,4,1055,headon,vfield,88e148f0b6,ok,0,0,0,0,0,0,4.5548,1.9469,2.7258,2.0438,1.555,,8450,3.57
grid,,,PR20_x1.25,holdout,4,1057,headon,vfield,88e148f0b6,ok,0,0,0,0,0,0,5.7908,9.1049,2.7258,2.0438,1.555,,8450,3.54
grid,,,PR20_x1.25,holdout,4,1059,headon,vfield,88e148f0b6,ok,0,0,0,0,0,0,5.9916,13.3541,2.7258,2.0438,1.555,,8450,3.52
grid,,,PR20_x1.5,holdout,4,1001,headon,vfield,9d8eb60c92,ok,0,0,0,0,0,0,4.103,7.7843,2.7258,2.0438,1.555,,8450,3.5
grid,,,PR20_x1.5,holdout,4,1003,headon,vfield,9d8eb60c92,ok,0,0,0,0,0,0,7.6896,2.8314,2.7258,2.0438,1.555,,8450,3.56
grid,,,PR20_x1.5,holdout,4,1005,headon,vfield,9d8eb60c92,ok,0,0,0,0,0,0,7.4078,1.8612,2.7258,2.0438,1.555,,8450,3.61
grid,,,PR20_x1.5,holdout,4,1007,headon,vfield,9d8eb60c92,ok,0,0,0,0,0,0,9.3877,6.5718,2.7258,2.0438,1.555,,8450,3.57
grid,,,PR20_x1.5,holdout,4,1009,headon,vfield,9d8eb60c92,ok,0,0,0,0,0,0,2.4364,2.1526,2.7258,2.0438,1.555,,8450,3.53
grid,,,PR20_x1.5,holdout,4,1011,headon,vfield,9d8eb60c92,ok,0,0,0,0,0,0,4.4553,7.566,2.7258,2.0438,1.555,,8450,3.59
grid,,,PR20_x1.5,holdout,4,1013,headon,vfield,9d8eb60c92,ok,0,0,0,0,0,0,4.9262,1.0142,2.7258,2.0438,1.555,,8450,3.6
grid,,,PR20_x1.5,holdout,4,1015,headon,vfield,9d8eb60c92,ok,1,0,1,0,0,0,8.7978,0.4736,2.7258,2.0438,1.555,21.1,8450,3.52
grid,,,PR20_x1.5,holdout,4,1017,headon,vfield,9d8eb60c92,ok,0,0,0,0,0,0,4.896,8.884,2.7258,2.0438,1.555,,8450,3.55
grid,,,PR20_x1.5,holdout,4,1019,headon,vfield,9d8eb60c92,ok,0,0,0,0,0,0,7.8046,2.7111,2.7258,2.0438,1.555,,8450,3.64
grid,,,PR20_x1.5,holdout,4,1021,headon,vfield,9d8eb60c92,ok,0,0,0,0,0,0,9.6245,4.6213,2.7258,2.0438,1.555,,8450,3.5
grid,,,PR20_x1.5,holdout,4,1023,headon,vfield,9d8eb60c92,ok,0,0,0,0,0,0,9.3672,2.4488,2.7258,2.0438,1.555,,8450,3.55
grid,,,PR20_x1.5,holdout,4,1025,headon,vfield,9d8eb60c92,ok,0,0,0,0,0,0,8.4693,5.3892,2.7258,2.0438,1.555,,8450,3.55
grid,,,PR20_x1.5,holdout,4,1027,headon,vfield,9d8eb60c92,ok,0,0,0,0,0,0,5.2519,4.7446,2.7258,2.0438,1.555,,8450,3.57
grid,,,PR20_x1.5,holdout,4,1029,headon,vfield,9d8eb60c92,ok,0,0,0,0,0,0,8.1336,4.127,2.7258,2.0438,1.555,,8450,3.53
grid,,,PR20_x1.5,holdout,4,1031,headon,vfield,9d8eb60c92,ok,0,0,0,0,0,0,8.2877,5.1415,2.7258,2.0438,1.555,,8450,3.52
grid,,,PR20_x1.5,holdout,4,1033,headon,vfield,9d8eb60c92,ok,0,0,0,0,0,0,4.0551,4.6721,2.7258,2.0438,1.555,,8450,3.56
grid,,,PR20_x1.5,holdout,4,1035,headon,vfield,9d8eb60c92,ok,0,0,0,0,0,0,5.3816,7.7111,2.7258,2.0438,1.555,,8450,3.66
grid,,,PR20_x1.5,holdout,4,1037,headon,vfield,9d8eb60c92,ok,0,0,0,0,0,0,5.8987,6.2718,2.7258,2.0438,1.555,,8450,3.54
grid,,,PR20_x1.5,holdout,4,1039,headon,vfield,9d8eb60c92,ok,0,0,0,0,0,0,8.3105,6.8917,2.7258,2.0438,1.555,,8450,3.51
grid,,,PR20_x1.5,holdout,4,1041,headon,vfield,9d8eb60c92,ok,0,0,0,0,0,0,3.5784,6.4991,2.7258,2.0438,1.555,,8450,3.51
grid,,,PR20_x1.5,holdout,4,1043,headon,vfield,9d8eb60c92,ok,0,0,0,0,0,0,7.6011,8.9759,2.7258,2.0438,1.555,,8450,3.59
grid,,,PR20_x1.5,holdout,4,1045,headon,vfield,9d8eb60c92,ok,2,0,1,1,0,0,0.3391,0.1411,2.7258,2.0438,1.555,12.7,8450,3.54
grid,,,PR20_x1.5,holdout,4,1047,headon,vfield,9d8eb60c92,ok,0,0,0,0,0,0,6.6334,7.3051,2.7258,2.0438,1.555,,8450,3.53
grid,,,PR20_x1.5,holdout,4,1049,headon,vfield,9d8eb60c92,ok,0,0,0,0,0,0,4.775,8.2496,2.7258,2.0438,1.555,,8450,3.56
grid,,,PR20_x1.5,holdout,4,1051,headon,vfield,9d8eb60c92,ok,1,0,1,0,0,0,9.0467,0.771,2.7258,2.0438,1.555,17.82,8450,3.52
grid,,,PR20_x1.5,holdout,4,1053,headon,vfield,9d8eb60c92,ok,0,0,0,0,0,0,8.6714,8.1009,2.7258,2.0438,1.555,,8450,3.64
grid,,,PR20_x1.5,holdout,4,1055,headon,vfield,9d8eb60c92,ok,0,0,0,0,0,0,3.0542,6.6171,2.7258,2.0438,1.555,,8450,3.55
grid,,,PR20_x1.5,holdout,4,1057,headon,vfield,9d8eb60c92,ok,0,0,0,0,0,0,3.3069,7.3296,2.7258,2.0438,1.555,,8450,3.56
grid,,,PR20_x1.5,holdout,4,1059,headon,vfield,9d8eb60c92,ok,0,0,0,0,0,0,7.7992,5.5942,2.7258,2.0438,1.555,,8450,3.57
grid,,,PR20_x2,holdout,4,1001,headon,vfield,444ce413f1,ok,1,0,1,0,0,0,7.5416,0.8804,2.7258,2.0438,1.555,22.29,8450,3.49
grid,,,PR20_x2,holdout,4,1003,headon,vfield,444ce413f1,ok,0,0,0,0,0,0,8.5757,7.292,2.7258,2.0438,1.555,,8450,3.55
grid,,,PR20_x2,holdout,4,1005,headon,vfield,444ce413f1,ok,0,0,0,0,0,0,10.0149,6.3977,2.7258,2.0438,1.555,,8450,3.64
grid,,,PR20_x2,holdout,4,1007,headon,vfield,444ce413f1,ok,0,0,0,0,0,0,6.4853,5.1509,2.7258,2.0438,1.555,,8450,3.6
grid,,,PR20_x2,holdout,4,1009,headon,vfield,444ce413f1,ok,0,0,0,0,0,0,7.9018,9.3479,2.7258,2.0438,1.555,,8450,3.52
grid,,,PR20_x2,holdout,4,1011,headon,vfield,444ce413f1,ok,0,0,0,0,0,0,10.5128,6.0715,2.7258,2.0438,1.555,,8450,3.54
grid,,,PR20_x2,holdout,4,1013,headon,vfield,444ce413f1,ok,0,0,0,0,0,0,8.7005,8.9794,2.7258,2.0438,1.555,,8450,3.67
grid,,,PR20_x2,holdout,4,1015,headon,vfield,444ce413f1,ok,0,0,0,0,0,0,9.6969,3.4099,2.7258,2.0438,1.555,,8450,3.53
grid,,,PR20_x2,holdout,4,1017,headon,vfield,444ce413f1,ok,0,0,0,0,0,0,1.3439,9.2444,2.7258,2.0438,1.555,,8450,3.53
grid,,,PR20_x2,holdout,4,1019,headon,vfield,444ce413f1,ok,0,0,0,0,0,0,9.7953,2.6245,2.7258,2.0438,1.555,,8450,3.53
grid,,,PR20_x2,holdout,4,1021,headon,vfield,444ce413f1,ok,0,0,0,0,0,0,8.8023,3.421,2.7258,2.0438,1.555,,8450,3.59
grid,,,PR20_x2,holdout,4,1023,headon,vfield,444ce413f1,ok,0,0,0,0,0,0,8.7871,12.1499,2.7258,2.0438,1.555,,8450,3.56
grid,,,PR20_x2,holdout,4,1025,headon,vfield,444ce413f1,ok,0,0,0,0,0,0,8.3354,4.0003,2.7258,2.0438,1.555,,8450,3.52
grid,,,PR20_x2,holdout,4,1027,headon,vfield,444ce413f1,ok,0,0,0,0,0,0,10.5951,4.5576,2.7258,2.0438,1.555,,8450,3.52
grid,,,PR20_x2,holdout,4,1029,headon,vfield,444ce413f1,ok,0,0,0,0,0,0,9.6859,7.8359,2.7258,2.0438,1.555,,8450,3.54
grid,,,PR20_x2,holdout,4,1031,headon,vfield,444ce413f1,ok,0,0,0,0,0,0,2.8059,6.9246,2.7258,2.0438,1.555,,8450,3.62
grid,,,PR20_x2,holdout,4,1033,headon,vfield,444ce413f1,ok,0,0,0,0,0,0,13.0871,6.7122,2.7258,2.0438,1.555,,8450,3.53
grid,,,PR20_x2,holdout,4,1035,headon,vfield,444ce413f1,ok,0,0,0,0,0,0,6.6656,2.7691,2.7258,2.0438,1.555,,8450,3.61
grid,,,PR20_x2,holdout,4,1037,headon,vfield,444ce413f1,ok,0,0,0,0,0,0,11.8267,3.4481,2.7258,2.0438,1.555,,8450,3.62
grid,,,PR20_x2,holdout,4,1039,headon,vfield,444ce413f1,ok,0,0,0,0,0,0,8.1424,9.706,2.7258,2.0438,1.555,,8450,3.59
grid,,,PR20_x2,holdout,4,1041,headon,vfield,444ce413f1,ok,1,0,1,0,0,0,8.9775,0.7458,2.7258,2.0438,1.555,33.59,8450,3.53
grid,,,PR20_x2,holdout,4,1043,headon,vfield,444ce413f1,ok,0,0,0,0,0,0,6.5811,5.9997,2.7258,2.0438,1.555,,8450,3.65
grid,,,PR20_x2,holdout,4,1045,headon,vfield,444ce413f1,ok,0,0,0,0,0,0,4.2547,3.1492,2.7258,2.0438,1.555,,8450,3.49
grid,,,PR20_x2,holdout,4,1047,headon,vfield,444ce413f1,ok,0,0,0,0,0,0,5.6838,12.3737,2.7258,2.0438,1.555,,8450,3.48
grid,,,PR20_x2,holdout,4,1049,headon,vfield,444ce413f1,ok,0,0,0,0,0,0,5.1346,7.9303,2.7258,2.0438,1.555,,8450,3.46
grid,,,PR20_x2,holdout,4,1051,headon,vfield,444ce413f1,ok,0,0,0,0,0,0,8.069,6.1952,2.7258,2.0438,1.555,,8450,3.66
grid,,,PR20_x2,holdout,4,1053,headon,vfield,444ce413f1,ok,0,0,0,0,0,0,8.3405,8.1775,2.7258,2.0438,1.555,,8450,3.65
grid,,,PR20_x2,holdout,4,1055,headon,vfield,444ce413f1,ok,0,0,0,0,0,0,8.1795,4.3147,2.7258,2.0438,1.555,,8450,3.53
grid,,,PR20_x2,holdout,4,1057,headon,vfield,444ce413f1,ok,0,0,0,0,0,0,6.1313,6.3144,2.7258,2.0438,1.555,,8450,3.53
grid,,,PR20_x2,holdout,4,1059,headon,vfield,444ce413f1,ok,0,0,0,0,0,0,4.822,8.0329,2.7258,2.0438,1.555,,8450,3.59
