mode,param,value,label,split,nFan,seed,geometry,guidance,configHash,status,totalCollisions,fanOwnCap,fanForeignCap,fanFanSame,fanFanCross,leaderLeader,minFanFanGap,minFanCapGap,minLeaderGap,redRMS,goldRMS,redArrived,goldArrived,firstCollisionRelCPA,steps,runtimeSec
grid2:normNS,,,PR8_x0.5,holdout,3,1001,headon,vfield,bccae972a6,ok,0,0,0,0,0,0,4.0445,2.2219,2.7258,2.0438,1.555,1,1,,8450,3.37
grid2:normNS,,,PR8_x0.5,holdout,3,1003,headon,vfield,bccae972a6,ok,0,0,0,0,0,0,1.0857,4.9113,2.7258,2.0438,1.555,1,1,,8450,3.72
grid2:normNS,,,PR8_x0.5,holdout,3,1005,headon,vfield,bccae972a6,ok,1,0,1,0,0,0,1.2403,0.8346,2.7258,2.0438,1.555,1,1,4.87,8450,3.42
grid2:normNS,,,PR8_x0.5,holdout,3,1007,headon,vfield,bccae972a6,ok,0,0,0,0,0,0,3.4214,3.2813,2.7258,2.0438,1.555,1,1,,8450,3.37
grid2:normNS,,,PR8_x0.5,holdout,3,1009,headon,vfield,bccae972a6,ok,0,0,0,0,0,0,3.6377,1.9046,2.7258,2.0438,1.555,1,1,,8450,3.42
grid2:normNS,,,PR8_x0.5,holdout,3,1011,headon,vfield,bccae972a6,ok,1,0,1,0,0,0,3.0431,0.0856,2.7258,2.0438,1.555,1,1,5.39,8450,3.39
grid2:normNS,,,PR8_x0.5,holdout,3,1013,headon,vfield,bccae972a6,ok,0,0,0,0,0,0,2.5539,1.1396,2.7258,2.0438,1.555,1,1,,8450,3.4
grid2:normNS,,,PR8_x0.5,holdout,3,1015,headon,vfield,bccae972a6,ok,0,0,0,0,0,0,2.4758,1.1204,2.7258,2.0438,1.555,1,1,,8450,3.38
grid2:normNS,,,PR8_x0.5,holdout,3,1017,headon,vfield,bccae972a6,ok,0,0,0,0,0,0,1.1008,1.2905,2.7258,2.0438,1.555,1,1,,8450,3.38
grid2:normNS,,,PR8_x0.5,holdout,3,1019,headon,vfield,bccae972a6,ok,1,0,0,0,1,0,0.0139,2.1151,2.7258,2.0438,1.555,1,1,8.44,8450,3.43
grid2:normNS,,,PR8_x0.5,holdout,3,1021,headon,vfield,bccae972a6,ok,1,0,1,0,0,0,2.5636,0.9821,2.7258,2.0438,1.555,1,1,7.45,8450,3.4
grid2:normNS,,,PR8_x0.5,holdout,3,1023,headon,vfield,bccae972a6,ok,1,0,1,0,0,0,2.4035,0.7847,2.7258,2.0438,1.555,1,1,6.01,8450,3.41
grid2:normNS,,,PR8_x0.5,holdout,3,1025,headon,vfield,bccae972a6,ok,0,0,0,0,0,0,1.572,2.8434,2.7258,2.0438,1.555,1,1,,8450,3.4
grid2:normNS,,,PR8_x0.5,holdout,3,1027,headon,vfield,bccae972a6,ok,0,0,0,0,0,0,1.917,5.5086,2.7258,2.0438,1.555,1,1,,8450,3.39
grid2:normNS,,,PR8_x0.5,holdout,3,1029,headon,vfield,bccae972a6,ok,0,0,0,0,0,0,1.1473,2.216,2.7258,2.0438,1.555,1,1,,8450,3.42
grid2:normNS,,,PR8_x0.5,holdout,3,1031,headon,vfield,bccae972a6,ok,0,0,0,0,0,0,1.51,4.6779,2.7258,2.0438,1.555,1,1,,8450,3.4
grid2:normNS,,,PR8_x0.5,holdout,3,1033,headon,vfield,bccae972a6,ok,0,0,0,0,0,0,2.9696,2.1366,2.7258,2.0438,1.555,1,1,,8450,3.43
grid2:normNS,,,PR8_x0.5,holdout,3,1035,headon,vfield,bccae972a6,ok,0,0,0,0,0,0,4.0065,1.5348,2.7258,2.0438,1.555,1,1,,8450,3.36
grid2:normNS,,,PR8_x0.5,holdout,3,1037,headon,vfield,bccae972a6,ok,1,0,1,0,0,0,1.8405,0.551,2.7258,2.0438,1.555,1,1,5.91,8450,3.38
grid2:normNS,,,PR8_x0.5,holdout,3,1039,headon,vfield,bccae972a6,ok,1,0,1,0,0,0,4.0775,0.9252,2.7258,2.0438,1.555,1,1,9.4,8450,3.41
grid2:normNS,,,PR8_x0.5,holdout,3,1041,headon,vfield,bccae972a6,ok,0,0,0,0,0,0,2.661,2.6956,2.7258,2.0438,1.555,1,1,,8450,3.43
grid2:normNS,,,PR8_x0.5,holdout,3,1043,headon,vfield,bccae972a6,ok,2,0,2,0,0,0,2.8089,0.3464,2.7258,2.0438,1.555,1,1,11.53,8450,3.41
grid2:normNS,,,PR8_x0.5,holdout,3,1045,headon,vfield,bccae972a6,ok,1,0,1,0,0,0,2.6801,0.7895,2.7258,2.0438,1.555,1,1,3.22,8450,3.38
grid2:normNS,,,PR8_x0.5,holdout,3,1047,headon,vfield,bccae972a6,ok,0,0,0,0,0,0,2.5724,6.0771,2.7258,2.0438,1.555,1,1,,8450,3.43
grid2:normNS,,,PR8_x0.5,holdout,3,1049,headon,vfield,bccae972a6,ok,0,0,0,0,0,0,2.659,4.6261,2.7258,2.0438,1.555,1,1,,8450,3.44
grid2:normNS,,,PR8_x0.5,holdout,3,1051,headon,vfield,bccae972a6,ok,0,0,0,0,0,0,4.0296,4.2536,2.7258,2.0438,1.555,1,1,,8450,3.53
grid2:normNS,,,PR8_x0.5,holdout,3,1053,headon,vfield,bccae972a6,ok,0,0,0,0,0,0,1.4816,2.5552,2.7258,2.0438,1.555,1,1,,8450,3.49
grid2:normNS,,,PR8_x0.5,holdout,3,1055,headon,vfield,bccae972a6,ok,0,0,0,0,0,0,1.4975,2.6571,2.7258,2.0438,1.555,1,1,,8450,3.52
grid2:normNS,,,PR8_x0.5,holdout,3,1057,headon,vfield,bccae972a6,ok,1,0,1,0,0,0,3.9627,0.0947,2.7258,2.0438,1.555,1,1,4.71,8450,3.61
grid2:normNS,,,PR8_x0.5,holdout,3,1059,headon,vfield,bccae972a6,ok,0,0,0,0,0,0,2.6109,5.0263,2.7258,2.0438,1.555,1,1,,8450,3.55
grid2:normNS,,,PR8_x0.75,holdout,3,1001,headon,vfield,c5abe16574,ok,1,0,0,1,0,0,0.9244,1.5544,2.7258,2.0438,1.555,1,1,17.83,8450,3.53
grid2:normNS,,,PR8_x0.75,holdout,3,1003,headon,vfield,c5abe16574,ok,0,0,0,0,0,0,3.635,5.467,2.7258,2.0438,1.555,1,1,,8450,3.73
grid2:normNS,,,PR8_x0.75,holdout,3,1005,headon,vfield,c5abe16574,ok,0,0,0,0,0,0,1.0888,3.4441,2.7258,2.0438,1.555,1,1,,8450,3.57
grid2:normNS,,,PR8_x0.75,holdout,3,1007,headon,vfield,c5abe16574,ok,1,0,1,0,0,0,2.0455,0.32,2.7258,2.0438,1.555,1,1,4.57,8450,3.63
grid2:normNS,,,PR8_x0.75,holdout,3,1009,headon,vfield,c5abe16574,ok,0,0,0,0,0,0,4.4089,2.1002,2.7258,2.0438,1.555,1,1,,8450,3.53
grid2:normNS,,,PR8_x0.75,holdout,3,1011,headon,vfield,c5abe16574,ok,0,0,0,0,0,0,4.369,3.3163,2.7258,2.0438,1.555,1,1,,8450,3.46
grid2:normNS,,,PR8_x0.75,holdout,3,1013,headon,vfield,c5abe16574,ok,1,0,1,0,0,0,2.5625,0.7269,2.7258,2.0438,1.555,1,1,5.31,8450,3.6
grid2:normNS,,,PR8_x0.75,holdout,3,1015,headon,vfield,c5abe16574,ok,0,0,0,0,0,0,1.0003,2.3085,2.7258,2.0438,1.555,1,1,,8450,3.55
grid2:normNS,,,PR8_x0.75,holdout,3,1017,headon,vfield,c5abe16574,ok,1,0,1,0,0,0,3.509,0.5705,2.7258,2.0438,1.555,1,1,5.3,8450,3.48
grid2:normNS,,,PR8_x0.75,holdout,3,1019,headon,vfield,c5abe16574,ok,2,0,1,1,0,0,0.0935,0.6111,2.7258,2.0438,1.555,1,1,12.62,8450,3.44
grid2:normNS,,,PR8_x0.75,holdout,3,1021,headon,vfield,c5abe16574,ok,2,0,1,0,1,0,0.9853,0.7768,2.7258,2.0438,1.555,1,1,5.47,8450,3.57
grid2:normNS,,,PR8_x0.75,holdout,3,1023,headon,vfield,c5abe16574,ok,1,0,1,0,0,0,3.9861,0.6009,2.7258,2.0438,1.555,1,1,16.12,8450,3.5
grid2:normNS,,,PR8_x0.75,holdout,3,1025,headon,vfield,c5abe16574,ok,2,0,1,0,1,0,0.2815,0.0442,2.7258,2.0438,1.555,1,1,4.5,8450,3.48
grid2:normNS,,,PR8_x0.75,holdout,3,1027,headon,vfield,c5abe16574,ok,0,0,0,0,0,0,1.8531,1.5032,2.7258,2.0438,1.555,1,1,,8450,3.49
grid2:normNS,,,PR8_x0.75,holdout,3,1029,headon,vfield,c5abe16574,ok,0,0,0,0,0,0,2.4093,2.5599,2.7258,2.0438,1.555,1,1,,8450,3.59
grid2:normNS,,,PR8_x0.75,holdout,3,1031,headon,vfield,c5abe16574,ok,0,0,0,0,0,0,4.9833,1.4045,2.7258,2.0438,1.555,1,1,,8450,3.59
grid2:normNS,,,PR8_x0.75,holdout,3,1033,headon,vfield,c5abe16574,ok,0,0,0,0,0,0,3.6552,2.8289,2.7258,2.0438,1.555,1,1,,8450,3.69
grid2:normNS,,,PR8_x0.75,holdout,3,1035,headon,vfield,c5abe16574,ok,1,1,0,0,0,0,2.1171,0.5616,2.7258,2.0438,1.555,1,1,15.61,8450,3.98
grid2:normNS,,,PR8_x0.75,holdout,3,1037,headon,vfield,c5abe16574,ok,0,0,0,0,0,0,2.3298,5.4095,2.7258,2.0438,1.555,1,1,,8450,4.89
grid2:normNS,,,PR8_x0.75,holdout,3,1039,headon,vfield,c5abe16574,ok,0,0,0,0,0,0,2.9097,5.6087,2.7258,2.0438,1.555,1,1,,8450,3.99
grid2:normNS,,,PR8_x0.75,holdout,3,1041,headon,vfield,c5abe16574,ok,1,0,1,0,0,0,2.5637,0.1368,2.7258,2.0438,1.555,1,1,5.67,8450,3.54
grid2:normNS,,,PR8_x0.75,holdout,3,1043,headon,vfield,c5abe16574,ok,1,0,0,1,0,0,0.1031,1.2253,2.7258,2.0438,1.555,1,1,23.34,8450,3.47
grid2:normNS,,,PR8_x0.75,holdout,3,1045,headon,vfield,c5abe16574,ok,1,0,1,0,0,0,2.3269,0.7435,2.7258,2.0438,1.555,1,1,5.33,8450,3.5
grid2:normNS,,,PR8_x0.75,holdout,3,1047,headon,vfield,c5abe16574,ok,0,0,0,0,0,0,2.5812,2.4514,2.7258,2.0438,1.555,1,1,,8450,3.48
grid2:normNS,,,PR8_x0.75,holdout,3,1049,headon,vfield,c5abe16574,ok,0,0,0,0,0,0,1.8395,1.3126,2.7258,2.0438,1.555,1,1,,8450,3.44
grid2:normNS,,,PR8_x0.75,holdout,3,1051,headon,vfield,c5abe16574,ok,0,0,0,0,0,0,3.4111,3.8445,2.7258,2.0438,1.555,1,1,,8450,3.42
grid2:normNS,,,PR8_x0.75,holdout,3,1053,headon,vfield,c5abe16574,ok,0,0,0,0,0,0,3.9754,2.0657,2.7258,2.0438,1.555,1,1,,8450,3.45
grid2:normNS,,,PR8_x0.75,holdout,3,1055,headon,vfield,c5abe16574,ok,0,0,0,0,0,0,4.4296,2.8707,2.7258,2.0438,1.555,1,1,,8450,3.39
grid2:normNS,,,PR8_x0.75,holdout,3,1057,headon,vfield,c5abe16574,ok,1,0,0,0,1,0,0.139,2.9458,2.7258,2.0438,1.555,1,1,12.01,8450,3.46
grid2:normNS,,,PR8_x0.75,holdout,3,1059,headon,vfield,c5abe16574,ok,0,0,0,0,0,0,2.3015,1.68,2.7258,2.0438,1.555,1,1,,8450,3.4
grid2:normNS,,,PR8_x1,holdout,3,1001,headon,vfield,c9e8ad5610,ok,0,0,0,0,0,0,3.3906,4.9861,2.7258,2.0438,1.555,1,1,,8450,3.47
grid2:normNS,,,PR8_x1,holdout,3,1003,headon,vfield,c9e8ad5610,ok,0,0,0,0,0,0,1.9339,2.843,2.7258,2.0438,1.555,1,1,,8450,3.71
grid2:normNS,,,PR8_x1,holdout,3,1005,headon,vfield,c9e8ad5610,ok,0,0,0,0,0,0,2.7674,6.0656,2.7258,2.0438,1.555,1,1,,8450,3.42
grid2:normNS,,,PR8_x1,holdout,3,1007,headon,vfield,c9e8ad5610,ok,0,0,0,0,0,0,2.9158,6.17,2.7258,2.0438,1.555,1,1,,8450,3.43
grid2:normNS,,,PR8_x1,holdout,3,1009,headon,vfield,c9e8ad5610,ok,0,0,0,0,0,0,2.3658,1.0104,2.7258,2.0438,1.555,1,1,,8450,3.39
grid2:normNS,,,PR8_x1,holdout,3,1011,headon,vfield,c9e8ad5610,ok,1,0,1,0,0,0,3.0856,0.8542,2.7258,2.0438,1.555,1,1,5.07,8450,3.39
grid2:normNS,,,PR8_x1,holdout,3,1013,headon,vfield,c9e8ad5610,ok,0,0,0,0,0,0,1.6794,1.9124,2.7258,2.0438,1.555,1,1,,8450,3.39
grid2:normNS,,,PR8_x1,holdout,3,1015,headon,vfield,c9e8ad5610,ok,0,0,0,0,0,0,2.7873,3.1626,2.7258,2.0438,1.555,1,1,,8450,3.39
grid2:normNS,,,PR8_x1,holdout,3,1017,headon,vfield,c9e8ad5610,ok,0,0,0,0,0,0,3.7137,6.1091,2.7258,2.0438,1.555,1,1,,8450,3.43
grid2:normNS,,,PR8_x1,holdout,3,1019,headon,vfield,c9e8ad5610,ok,0,0,0,0,0,0,3.6771,3.5342,2.7258,2.0438,1.555,1,1,,8450,3.39
grid2:normNS,,,PR8_x1,holdout,3,1021,headon,vfield,c9e8ad5610,ok,0,0,0,0,0,0,2.9859,4.2632,2.7258,2.0438,1.555,1,1,,8450,3.44
grid2:normNS,,,PR8_x1,holdout,3,1023,headon,vfield,c9e8ad5610,ok,0,0,0,0,0,0,3.524,6.1765,2.7258,2.0438,1.555,1,1,,8450,3.4
grid2:normNS,,,PR8_x1,holdout,3,1025,headon,vfield,c9e8ad5610,ok,0,0,0,0,0,0,2.5831,2.096,2.7258,2.0438,1.555,1,1,,8450,3.39
grid2:normNS,,,PR8_x1,holdout,3,1027,headon,vfield,c9e8ad5610,ok,0,0,0,0,0,0,1.5299,1.9249,2.7258,2.0438,1.555,1,1,,8450,3.39
grid2:normNS,,,PR8_x1,holdout,3,1029,headon,vfield,c9e8ad5610,ok,0,0,0,0,0,0,2.3575,5.7518,2.7258,2.0438,1.555,1,1,,8450,3.4
grid2:normNS,,,PR8_x1,holdout,3,1031,headon,vfield,c9e8ad5610,ok,1,0,1,0,0,0,3.2975,0.4984,2.7258,2.0438,1.555,1,1,11.41,8450,3.38
grid2:normNS,,,PR8_x1,holdout,3,1033,headon,vfield,c9e8ad5610,ok,0,0,0,0,0,0,5.1779,2.4082,2.7258,2.0438,1.555,1,1,,8450,3.44
grid2:normNS,,,PR8_x1,holdout,3,1035,headon,vfield,c9e8ad5610,ok,0,0,0,0,0,0,3.5554,3.197,2.7258,2.0438,1.555,1,1,,8450,3.39
grid2:normNS,,,PR8_x1,holdout,3,1037,headon,vfield,c9e8ad5610,ok,0,0,0,0,0,0,3.2187,5.6276,2.7258,2.0438,1.555,1,1,,8450,3.41
grid2:normNS,,,PR8_x1,holdout,3,1039,headon,vfield,c9e8ad5610,ok,0,0,0,0,0,0,2.1992,5.3432,2.7258,2.0438,1.555,1,1,,8450,3.38
grid2:normNS,,,PR8_x1,holdout,3,1041,headon,vfield,c9e8ad5610,ok,0,0,0,0,0,0,2.5824,1.6365,2.7258,2.0438,1.555,1,1,,8450,3.4
grid2:normNS,,,PR8_x1,holdout,3,1043,headon,vfield,c9e8ad5610,ok,0,0,0,0,0,0,3.7498,5.2781,2.7258,2.0438,1.555,1,1,,8450,3.5
grid2:normNS,,,PR8_x1,holdout,3,1045,headon,vfield,c9e8ad5610,ok,0,0,0,0,0,0,3.0994,3.8999,2.7258,2.0438,1.555,1,1,,8450,3.46
grid2:normNS,,,PR8_x1,holdout,3,1047,headon,vfield,c9e8ad5610,ok,1,0,1,0,0,0,2.3057,0.5234,2.7258,2.0438,1.555,1,1,5.84,8450,3.47
grid2:normNS,,,PR8_x1,holdout,3,1049,headon,vfield,c9e8ad5610,ok,0,0,0,0,0,0,3.8683,4.8465,2.7258,2.0438,1.555,1,1,,8450,3.5
grid2:normNS,,,PR8_x1,holdout,3,1051,headon,vfield,c9e8ad5610,ok,1,0,0,1,0,0,0.9033,1.2466,2.7258,2.0438,1.555,1,1,28.19,8450,3.4
grid2:normNS,,,PR8_x1,holdout,3,1053,headon,vfield,c9e8ad5610,ok,2,0,1,1,0,0,0.8376,0.8522,2.7258,2.0438,1.555,1,1,9.33,8450,3.41
grid2:normNS,,,PR8_x1,holdout,3,1055,headon,vfield,c9e8ad5610,ok,0,0,0,0,0,0,3.5151,5.4315,2.7258,2.0438,1.555,1,1,,8450,3.53
grid2:normNS,,,PR8_x1,holdout,3,1057,headon,vfield,c9e8ad5610,ok,0,0,0,0,0,0,4.7151,1.9814,2.7258,2.0438,1.555,1,1,,8450,3.44
grid2:normNS,,,PR8_x1,holdout,3,1059,headon,vfield,c9e8ad5610,ok,0,0,0,0,0,0,1.2515,2.3102,2.7258,2.0438,1.555,1,1,,8450,3.47
grid2:normNS,,,PR8_x1.25,holdout,3,1001,headon,vfield,9358c74f12,ok,0,0,0,0,0,0,3.9433,5.7853,2.7258,2.0438,1.555,1,1,,8450,3.5
grid2:normNS,,,PR8_x1.25,holdout,3,1003,headon,vfield,9358c74f12,ok,0,0,0,0,0,0,2.2133,5.3398,2.7258,2.0438,1.555,1,1,,8450,3.44
grid2:normNS,,,PR8_x1.25,holdout,3,1005,headon,vfield,9358c74f12,ok,0,0,0,0,0,0,2.7911,2.441,2.7258,2.0438,1.555,1,1,,8450,3.42
grid2:normNS,,,PR8_x1.25,holdout,3,1007,headon,vfield,9358c74f12,ok,0,0,0,0,0,0,3.5644,5.8088,2.7258,2.0438,1.555,1,1,,8450,3.41
grid2:normNS,,,PR8_x1.25,holdout,3,1009,headon,vfield,9358c74f12,ok,0,0,0,0,0,0,3.6494,5.2334,2.7258,2.0438,1.555,1,1,,8450,3.49
grid2:normNS,,,PR8_x1.25,holdout,3,1011,headon,vfield,9358c74f12,ok,0,0,0,0,0,0,3.1205,6.3377,2.7258,2.0438,1.555,1,1,,8450,3.44
grid2:normNS,,,PR8_x1.25,holdout,3,1013,headon,vfield,9358c74f12,ok,0,0,0,0,0,0,1.78,2.9015,2.7258,2.0438,1.555,1,1,,8450,3.47
grid2:normNS,,,PR8_x1.25,holdout,3,1015,headon,vfield,9358c74f12,ok,0,0,0,0,0,0,2.0046,1.0696,2.7258,2.0438,1.555,1,1,,8450,3.47
grid2:normNS,,,PR8_x1.25,holdout,3,1017,headon,vfield,9358c74f12,ok,0,0,0,0,0,0,2.903,6.2355,2.7258,2.0438,1.555,1,1,,8450,3.45
grid2:normNS,,,PR8_x1.25,holdout,3,1019,headon,vfield,9358c74f12,ok,0,0,0,0,0,0,4.2828,5.2548,2.7258,2.0438,1.555,1,1,,8450,3.58
grid2:normNS,,,PR8_x1.25,holdout,3,1021,headon,vfield,9358c74f12,ok,0,0,0,0,0,0,4.5959,6.106,2.7258,2.0438,1.555,1,1,,8450,3.52
grid2:normNS,,,PR8_x1.25,holdout,3,1023,headon,vfield,9358c74f12,ok,0,0,0,0,0,0,3.9386,5.3605,2.7258,2.0438,1.555,1,1,,8450,3.43
grid2:normNS,,,PR8_x1.25,holdout,3,1025,headon,vfield,9358c74f12,ok,0,0,0,0,0,0,2.3426,1.7585,2.7258,2.0438,1.555,1,1,,8450,3.39
grid2:normNS,,,PR8_x1.25,holdout,3,1027,headon,vfield,9358c74f12,ok,0,0,0,0,0,0,2.9639,1.277,2.7258,2.0438,1.555,1,1,,8450,3.4
grid2:normNS,,,PR8_x1.25,holdout,3,1029,headon,vfield,9358c74f12,ok,0,0,0,0,0,0,5.1286,5.7258,2.7258,2.0438,1.555,1,1,,8450,3.38
grid2:normNS,,,PR8_x1.25,holdout,3,1031,headon,vfield,9358c74f12,ok,0,0,0,0,0,0,3.534,6.3962,2.7258,2.0438,1.555,1,1,,8450,3.43
grid2:normNS,,,PR8_x1.25,holdout,3,1033,headon,vfield,9358c74f12,ok,0,0,0,0,0,0,3.591,6.2184,2.7258,2.0438,1.555,1,1,,8450,3.39
grid2:normNS,,,PR8_x1.25,holdout,3,1035,headon,vfield,9358c74f12,ok,1,0,1,0,0,0,1.7479,0.6613,2.7258,2.0438,1.555,1,1,13.45,8450,3.4
grid2:normNS,,,PR8_x1.25,holdout,3,1037,headon,vfield,9358c74f12,ok,0,0,0,0,0,0,2.6521,4.777,2.7258,2.0438,1.555,1,1,,8450,3.38
grid2:normNS,,,PR8_x1.25,holdout,3,1039,headon,vfield,9358c74f12,ok,0,0,0,0,0,0,3.5376,5.5059,2.7258,2.0438,1.555,1,1,,8450,3.39
grid2:normNS,,,PR8_x1.25,holdout,3,1041,headon,vfield,9358c74f12,ok,0,0,0,0,0,0,2.1464,1.0562,2.7258,2.0438,1.555,1,1,,8450,3.4
grid2:normNS,,,PR8_x1.25,holdout,3,1043,headon,vfield,9358c74f12,ok,0,0,0,0,0,0,2.1011,5.8064,2.7258,2.0438,1.555,1,1,,8450,3.89
grid2:normNS,,,PR8_x1.25,holdout,3,1045,headon,vfield,9358c74f12,ok,0,0,0,0,0,0,3.6245,5.6732,2.7258,2.0438,1.555,1,1,,8450,3.77
grid2:normNS,,,PR8_x1.25,holdout,3,1047,headon,vfield,9358c74f12,ok,0,0,0,0,0,0,3.0807,3.4935,2.7258,2.0438,1.555,1,1,,8450,3.52
grid2:normNS,,,PR8_x1.25,holdout,3,1049,headon,vfield,9358c74f12,ok,0,0,0,0,0,0,3.2184,1.8331,2.7258,2.0438,1.555,1,1,,8450,3.45
grid2:normNS,,,PR8_x1.25,holdout,3,1051,headon,vfield,9358c74f12,ok,0,0,0,0,0,0,3.3806,4.0226,2.7258,2.0438,1.555,1,1,,8450,3.39
grid2:normNS,,,PR8_x1.25,holdout,3,1053,headon,vfield,9358c74f12,ok,0,0,0,0,0,0,1.1926,1.8934,2.7258,2.0438,1.555,1,1,,8450,3.37
grid2:normNS,,,PR8_x1.25,holdout,3,1055,headon,vfield,9358c74f12,ok,0,0,0,0,0,0,2.7072,3.6067,2.7258,2.0438,1.555,1,1,,8450,3.4
grid2:normNS,,,PR8_x1.25,holdout,3,1057,headon,vfield,9358c74f12,ok,0,0,0,0,0,0,3.1814,1.5175,2.7258,2.0438,1.555,1,1,,8450,3.38
grid2:normNS,,,PR8_x1.25,holdout,3,1059,headon,vfield,9358c74f12,ok,1,0,1,0,0,0,1.5709,0.8293,2.7258,2.0438,1.555,1,1,4.41,8450,3.36
grid2:normNS,,,PR8_x1.5,holdout,3,1001,headon,vfield,7fc96d523e,ok,0,0,0,0,0,0,2.8204,6.3476,2.7258,2.0438,1.555,1,1,,8450,3.42
grid2:normNS,,,PR8_x1.5,holdout,3,1003,headon,vfield,7fc96d523e,ok,0,0,0,0,0,0,1.732,5.3697,2.7258,2.0438,1.555,1,1,,8450,3.47
grid2:normNS,,,PR8_x1.5,holdout,3,1005,headon,vfield,7fc96d523e,ok,0,0,0,0,0,0,3.0125,5.2284,2.7258,2.0438,1.555,1,1,,8450,3.49
grid2:normNS,,,PR8_x1.5,holdout,3,1007,headon,vfield,7fc96d523e,ok,0,0,0,0,0,0,4.3877,6.3166,2.7258,2.0438,1.555,1,1,,8450,3.61
grid2:normNS,,,PR8_x1.5,holdout,3,1009,headon,vfield,7fc96d523e,ok,0,0,0,0,0,0,5.0725,5.6748,2.7258,2.0438,1.555,1,1,,8450,3.45
grid2:normNS,,,PR8_x1.5,holdout,3,1011,headon,vfield,7fc96d523e,ok,0,0,0,0,0,0,5.2255,6.1132,2.7258,2.0438,1.555,1,1,,8450,3.52
grid2:normNS,,,PR8_x1.5,holdout,3,1013,headon,vfield,7fc96d523e,ok,0,0,0,0,0,0,1.2677,1.0545,2.7258,2.0438,1.555,1,1,,8450,3.6
grid2:normNS,,,PR8_x1.5,holdout,3,1015,headon,vfield,7fc96d523e,ok,2,0,2,0,0,0,4.61,0.6557,2.7258,2.0438,1.555,1,1,5.33,8450,3.67
grid2:normNS,,,PR8_x1.5,holdout,3,1017,headon,vfield,7fc96d523e,ok,0,0,0,0,0,0,5.3768,5.8437,2.7258,2.0438,1.555,1,1,,8450,3.52
grid2:normNS,,,PR8_x1.5,holdout,3,1019,headon,vfield,7fc96d523e,ok,0,0,0,0,0,0,3.1784,3.2421,2.7258,2.0438,1.555,1,1,,8450,3.48
grid2:normNS,,,PR8_x1.5,holdout,3,1021,headon,vfield,7fc96d523e,ok,0,0,0,0,0,0,3.9584,6.0839,2.7258,2.0438,1.555,1,1,,8450,3.48
grid2:normNS,,,PR8_x1.5,holdout,3,1023,headon,vfield,7fc96d523e,ok,0,0,0,0,0,0,4.1052,6.2161,2.7258,2.0438,1.555,1,1,,8450,3.58
grid2:normNS,,,PR8_x1.5,holdout,3,1025,headon,vfield,7fc96d523e,ok,1,0,1,0,0,0,1.7986,0.4236,2.7258,2.0438,1.555,1,1,6.13,8450,3.52
grid2:normNS,,,PR8_x1.5,holdout,3,1027,headon,vfield,7fc96d523e,ok,0,0,0,0,0,0,3.884,6.0285,2.7258,2.0438,1.555,1,1,,8450,3.7
grid2:normNS,,,PR8_x1.5,holdout,3,1029,headon,vfield,7fc96d523e,ok,0,0,0,0,0,0,2.024,6.131,2.7258,2.0438,1.555,1,1,,8450,3.49
grid2:normNS,,,PR8_x1.5,holdout,3,1031,headon,vfield,7fc96d523e,ok,0,0,0,0,0,0,4.9071,6.0387,2.7258,2.0438,1.555,1,1,,8450,3.49
grid2:normNS,,,PR8_x1.5,holdout,3,1033,headon,vfield,7fc96d523e,ok,0,0,0,0,0,0,3.2472,6.5949,2.7258,2.0438,1.555,1,1,,8450,3.59
grid2:normNS,,,PR8_x1.5,holdout,3,1035,headon,vfield,7fc96d523e,ok,1,0,0,1,0,0,0.5723,1.014,2.7258,2.0438,1.555,1,1,16.89,8450,3.57
grid2:normNS,,,PR8_x1.5,holdout,3,1037,headon,vfield,7fc96d523e,ok,0,0,0,0,0,0,5.5228,6.0945,2.7258,2.0438,1.555,1,1,,8450,3.65
grid2:normNS,,,PR8_x1.5,holdout,3,1039,headon,vfield,7fc96d523e,ok,0,0,0,0,0,0,2.8402,5.4604,2.7258,2.0438,1.555,1,1,,8450,3.65
grid2:normNS,,,PR8_x1.5,holdout,3,1041,headon,vfield,7fc96d523e,ok,0,0,0,0,0,0,3.995,5.7716,2.7258,2.0438,1.555,1,1,,8450,3.7
grid2:normNS,,,PR8_x1.5,holdout,3,1043,headon,vfield,7fc96d523e,ok,0,0,0,0,0,0,2.768,1.8282,2.7258,2.0438,1.555,1,1,,8450,3.65
grid2:normNS,,,PR8_x1.5,holdout,3,1045,headon,vfield,7fc96d523e,ok,0,0,0,0,0,0,2.8663,3.5607,2.7258,2.0438,1.555,1,1,,8450,3.58
grid2:normNS,,,PR8_x1.5,holdout,3,1047,headon,vfield,7fc96d523e,ok,0,0,0,0,0,0,4.9522,6.0445,2.7258,2.0438,1.555,1,1,,8450,3.59
grid2:normNS,,,PR8_x1.5,holdout,3,1049,headon,vfield,7fc96d523e,ok,1,0,1,0,0,0,2.2597,0.7513,2.7258,2.0438,1.555,1,1,7.31,8450,3.61
grid2:normNS,,,PR8_x1.5,holdout,3,1051,headon,vfield,7fc96d523e,ok,0,0,0,0,0,0,5.2511,5.2811,2.7258,2.0438,1.555,1,1,,8450,3.59
grid2:normNS,,,PR8_x1.5,holdout,3,1053,headon,vfield,7fc96d523e,ok,0,0,0,0,0,0,2.6328,3.2658,2.7258,2.0438,1.555,1,1,,8450,3.65
grid2:normNS,,,PR8_x1.5,holdout,3,1055,headon,vfield,7fc96d523e,ok,0,0,0,0,0,0,3.3127,5.8277,2.7258,2.0438,1.555,1,1,,8450,3.57
grid2:normNS,,,PR8_x1.5,holdout,3,1057,headon,vfield,7fc96d523e,ok,0,0,0,0,0,0,4.3859,6.1799,2.7258,2.0438,1.555,1,1,,8450,3.77
grid2:normNS,,,PR8_x1.5,holdout,3,1059,headon,vfield,7fc96d523e,ok,0,0,0,0,0,0,4.2184,3.5652,2.7258,2.0438,1.555,1,1,,8450,3.53
grid2:normNS,,,PR8_x2,holdout,3,1001,headon,vfield,fafc7095ee,ok,0,0,0,0,0,0,3.6336,6.0441,2.7258,2.0438,1.555,1,1,,8450,3.5
grid2:normNS,,,PR8_x2,holdout,3,1003,headon,vfield,fafc7095ee,ok,0,0,0,0,0,0,4.4921,1.2782,2.7258,2.0438,1.555,1,1,,8450,3.52
grid2:normNS,,,PR8_x2,holdout,3,1005,headon,vfield,fafc7095ee,ok,0,0,0,0,0,0,3.7285,4.6509,2.7258,2.0438,1.555,1,1,,8450,3.5
grid2:normNS,,,PR8_x2,holdout,3,1007,headon,vfield,fafc7095ee,ok,0,0,0,0,0,0,3.8351,6.3202,2.7258,2.0438,1.555,1,1,,8450,3.52
grid2:normNS,,,PR8_x2,holdout,3,1009,headon,vfield,fafc7095ee,ok,0,0,0,0,0,0,4.6056,5.845,2.7258,2.0438,1.555,1,1,,8450,3.5
grid2:normNS,,,PR8_x2,holdout,3,1011,headon,vfield,fafc7095ee,ok,0,0,0,0,0,0,2.8866,5.9294,2.7258,2.0438,1.555,1,1,,8450,3.55
grid2:normNS,,,PR8_x2,holdout,3,1013,headon,vfield,fafc7095ee,ok,0,0,0,0,0,0,2.9852,5.2919,2.7258,2.0438,1.555,1,1,,8450,3.6
grid2:normNS,,,PR8_x2,holdout,3,1015,headon,vfield,fafc7095ee,ok,1,0,1,0,0,0,2.4425,0.0677,2.7258,2.0438,1.555,1,1,11.91,8450,3.57
grid2:normNS,,,PR8_x2,holdout,3,1017,headon,vfield,fafc7095ee,ok,0,0,0,0,0,0,3.1075,5.7751,2.7258,2.0438,1.555,1,1,,8450,3.69
grid2:normNS,,,PR8_x2,holdout,3,1019,headon,vfield,fafc7095ee,ok,0,0,0,0,0,0,3.8851,5.8857,2.7258,2.0438,1.555,1,1,,8450,3.57
grid2:normNS,,,PR8_x2,holdout,3,1021,headon,vfield,fafc7095ee,ok,0,0,0,0,0,0,4.0492,6.1951,2.7258,2.0438,1.555,1,1,,8450,3.51
grid2:normNS,,,PR8_x2,holdout,3,1023,headon,vfield,fafc7095ee,ok,1,0,0,0,1,0,0.477,6.0482,2.7258,2.0438,1.555,1,1,14.62,8450,3.68
grid2:normNS,,,PR8_x2,holdout,3,1025,headon,vfield,fafc7095ee,ok,1,0,1,0,0,0,2.9649,0.4369,2.7258,2.0438,1.555,1,1,6.11,8450,3.59
grid2:normNS,,,PR8_x2,holdout,3,1027,headon,vfield,fafc7095ee,ok,0,0,0,0,0,0,3.7606,5.9111,2.7258,2.0438,1.555,1,1,,8450,3.65
grid2:normNS,,,PR8_x2,holdout,3,1029,headon,vfield,fafc7095ee,ok,0,0,0,0,0,0,4.159,6.4885,2.7258,2.0438,1.555,1,1,,8450,3.55
grid2:normNS,,,PR8_x2,holdout,3,1031,headon,vfield,fafc7095ee,ok,0,0,0,0,0,0,5.1629,5.9515,2.7258,2.0438,1.555,1,1,,8450,3.63
grid2:normNS,,,PR8_x2,holdout,3,1033,headon,vfield,fafc7095ee,ok,0,0,0,0,0,0,3.3839,6.385,2.7258,2.0438,1.555,1,1,,8450,3.6
grid2:normNS,,,PR8_x2,holdout,3,1035,headon,vfield,fafc7095ee,ok,0,0,0,0,0,0,4.0185,5.9897,2.7258,2.0438,1.555,1,1,,8450,3.52
grid2:normNS,,,PR8_x2,holdout,3,1037,headon,vfield,fafc7095ee,ok,0,0,0,0,0,0,4.5431,5.8403,2.7258,2.0438,1.555,1,1,,8450,3.56
grid2:normNS,,,PR8_x2,holdout,3,1039,headon,vfield,fafc7095ee,ok,0,0,0,0,0,0,2.9092,1.5298,2.7258,2.0438,1.555,1,1,,8450,3.56
grid2:normNS,,,PR8_x2,holdout,3,1041,headon,vfield,fafc7095ee,ok,0,0,0,0,0,0,3.8076,6.4211,2.7258,2.0438,1.555,1,1,,8450,3.52
grid2:normNS,,,PR8_x2,holdout,3,1043,headon,vfield,fafc7095ee,ok,0,0,0,0,0,0,3.7917,6.1982,2.7258,2.0438,1.555,1,1,,8450,3.63
grid2:normNS,,,PR8_x2,holdout,3,1045,headon,vfield,fafc7095ee,ok,0,0,0,0,0,0,3.7408,5.7582,2.7258,2.0438,1.555,1,1,,8450,3.53
grid2:normNS,,,PR8_x2,holdout,3,1047,headon,vfield,fafc7095ee,ok,0,0,0,0,0,0,3.6221,5.3148,2.7258,2.0438,1.555,1,1,,8450,3.5
grid2:normNS,,,PR8_x2,holdout,3,1049,headon,vfield,fafc7095ee,ok,0,0,0,0,0,0,1.4341,6.2051,2.7258,2.0438,1.555,1,1,,8450,3.5
grid2:normNS,,,PR8_x2,holdout,3,1051,headon,vfield,fafc7095ee,ok,0,0,0,0,0,0,1.4118,6.523,2.7258,2.0438,1.555,1,1,,8450,3.57
grid2:normNS,,,PR8_x2,holdout,3,1053,headon,vfield,fafc7095ee,ok,0,0,0,0,0,0,2.7196,2.8569,2.7258,2.0438,1.555,1,1,,8450,3.59
grid2:normNS,,,PR8_x2,holdout,3,1055,headon,vfield,fafc7095ee,ok,0,0,0,0,0,0,2.3773,5.9099,2.7258,2.0438,1.555,1,1,,8450,3.54
grid2:normNS,,,PR8_x2,holdout,3,1057,headon,vfield,fafc7095ee,ok,0,0,0,0,0,0,3.0054,6.6626,2.7258,2.0438,1.555,1,1,,8450,3.59
grid2:normNS,,,PR8_x2,holdout,3,1059,headon,vfield,fafc7095ee,ok,1,0,0,0,1,0,0.5669,3.3174,2.7258,2.0438,1.555,1,1,22.27,8450,3.53
grid2:normNS,,,PR10_x0.5,holdout,3,1001,headon,vfield,36c190dbb9,ok,1,0,1,0,0,0,2.1116,0.4866,2.7258,2.0438,1.555,1,1,13.63,8450,3.51
grid2:normNS,,,PR10_x0.5,holdout,3,1003,headon,vfield,36c190dbb9,ok,2,0,1,0,1,0,0.8223,0.6254,2.7258,2.0438,1.555,1,1,6.58,8450,3.44
grid2:normNS,,,PR10_x0.5,holdout,3,1005,headon,vfield,36c190dbb9,ok,2,0,1,1,0,0,0.9201,0.1422,2.7258,2.0438,1.555,1,1,5.5,8450,3.54
grid2:normNS,,,PR10_x0.5,holdout,3,1007,headon,vfield,36c190dbb9,ok,0,0,0,0,0,0,4.9231,4.3376,2.7258,2.0438,1.555,1,1,,8450,3.57
grid2:normNS,,,PR10_x0.5,holdout,3,1009,headon,vfield,36c190dbb9,ok,0,0,0,0,0,0,1.565,1.4604,2.7258,2.0438,1.555,1,1,,8450,3.48
grid2:normNS,,,PR10_x0.5,holdout,3,1011,headon,vfield,36c190dbb9,ok,1,0,1,0,0,0,2.1046,0.545,2.7258,2.0438,1.555,1,1,5.73,8450,3.58
grid2:normNS,,,PR10_x0.5,holdout,3,1013,headon,vfield,36c190dbb9,ok,1,0,1,0,0,0,1.08,0.9724,2.7258,2.0438,1.555,1,1,6.23,8450,3.55
grid2:normNS,,,PR10_x0.5,holdout,3,1015,headon,vfield,36c190dbb9,ok,1,0,1,0,0,0,1.852,0.5005,2.7258,2.0438,1.555,1,1,5.74,8450,3.58
grid2:normNS,,,PR10_x0.5,holdout,3,1017,headon,vfield,36c190dbb9,ok,1,0,1,0,0,0,1.341,0.7248,2.7258,2.0438,1.555,1,1,14.26,8450,3.7
grid2:normNS,,,PR10_x0.5,holdout,3,1019,headon,vfield,36c190dbb9,ok,0,0,0,0,0,0,1.5525,1.4584,2.7258,2.0438,1.555,1,1,,8450,3.63
grid2:normNS,,,PR10_x0.5,holdout,3,1021,headon,vfield,36c190dbb9,ok,0,0,0,0,0,0,4.2881,2.3912,2.7258,2.0438,1.555,1,1,,8450,3.59
grid2:normNS,,,PR10_x0.5,holdout,3,1023,headon,vfield,36c190dbb9,ok,0,0,0,0,0,0,5.0512,1.6536,2.7258,2.0438,1.555,1,1,,8450,3.63
grid2:normNS,,,PR10_x0.5,holdout,3,1025,headon,vfield,36c190dbb9,ok,0,0,0,0,0,0,3.2538,1.0537,2.7258,2.0438,1.555,1,1,,8450,3.6
grid2:normNS,,,PR10_x0.5,holdout,3,1027,headon,vfield,36c190dbb9,ok,0,0,0,0,0,0,1.7804,1.167,2.7258,2.0438,1.555,1,1,,8450,3.74
grid2:normNS,,,PR10_x0.5,holdout,3,1029,headon,vfield,36c190dbb9,ok,1,0,1,0,0,0,1.4755,0.8689,2.7258,2.0438,1.555,1,1,12.08,8450,3.61
grid2:normNS,,,PR10_x0.5,holdout,3,1031,headon,vfield,36c190dbb9,ok,1,0,1,0,0,0,2.0165,0.79,2.7258,2.0438,1.555,1,1,12.02,8450,3.52
grid2:normNS,,,PR10_x0.5,holdout,3,1033,headon,vfield,36c190dbb9,ok,1,0,1,0,0,0,4.2861,0.8282,2.7258,2.0438,1.555,1,1,11.66,8450,3.62
grid2:normNS,,,PR10_x0.5,holdout,3,1035,headon,vfield,36c190dbb9,ok,0,0,0,0,0,0,3.2176,1.6145,2.7258,2.0438,1.555,1,1,,8450,3.57
grid2:normNS,,,PR10_x0.5,holdout,3,1037,headon,vfield,36c190dbb9,ok,0,0,0,0,0,0,2.5605,1.7556,2.7258,2.0438,1.555,1,1,,8450,3.53
grid2:normNS,,,PR10_x0.5,holdout,3,1039,headon,vfield,36c190dbb9,ok,0,0,0,0,0,0,1.4871,2.0901,2.7258,2.0438,1.555,1,1,,8450,3.65
grid2:normNS,,,PR10_x0.5,holdout,3,1041,headon,vfield,36c190dbb9,ok,1,0,1,0,0,0,4.0107,0.3067,2.7258,2.0438,1.555,1,1,6.28,8450,3.71
grid2:normNS,,,PR10_x0.5,holdout,3,1043,headon,vfield,36c190dbb9,ok,0,0,0,0,0,0,4.2432,3.6354,2.7258,2.0438,1.555,1,1,,8450,3.65
grid2:normNS,,,PR10_x0.5,holdout,3,1045,headon,vfield,36c190dbb9,ok,0,0,0,0,0,0,5.4102,2.516,2.7258,2.0438,1.555,1,1,,8450,3.5
grid2:normNS,,,PR10_x0.5,holdout,3,1047,headon,vfield,36c190dbb9,ok,0,0,0,0,0,0,2.2382,1.9381,2.7258,2.0438,1.555,1,1,,8450,3.66
grid2:normNS,,,PR10_x0.5,holdout,3,1049,headon,vfield,36c190dbb9,ok,2,0,2,0,0,0,1.4205,0.4281,2.7258,2.0438,1.555,1,1,5.42,8450,3.58
grid2:normNS,,,PR10_x0.5,holdout,3,1051,headon,vfield,36c190dbb9,ok,0,0,0,0,0,0,4.2298,2.9125,2.7258,2.0438,1.555,1,1,,8450,3.59
grid2:normNS,,,PR10_x0.5,holdout,3,1053,headon,vfield,36c190dbb9,ok,0,0,0,0,0,0,2.1439,5.1682,2.7258,2.0438,1.555,1,1,,8450,3.63
grid2:normNS,,,PR10_x0.5,holdout,3,1055,headon,vfield,36c190dbb9,ok,2,0,1,1,0,0,0.4942,0.0948,2.7258,2.0438,1.555,1,1,5.56,8450,3.64
grid2:normNS,,,PR10_x0.5,holdout,3,1057,headon,vfield,36c190dbb9,ok,0,0,0,0,0,0,2.7732,2.2669,2.7258,2.0438,1.555,1,1,,8450,3.61
grid2:normNS,,,PR10_x0.5,holdout,3,1059,headon,vfield,36c190dbb9,ok,1,0,1,0,0,0,4.2408,0.9578,2.7258,2.0438,1.555,1,1,12.11,8450,3.55
grid2:normNS,,,PR10_x0.75,holdout,3,1001,headon,vfield,d9beee2ba4,ok,2,0,2,0,0,0,2.7143,0.7024,2.7258,2.0438,1.555,1,1,12.2,8450,3.71
grid2:normNS,,,PR10_x0.75,holdout,3,1003,headon,vfield,d9beee2ba4,ok,0,0,0,0,0,0,1.8118,2.6325,2.7258,2.0438,1.555,1,1,,8450,3.62
grid2:normNS,,,PR10_x0.75,holdout,3,1005,headon,vfield,d9beee2ba4,ok,1,0,1,0,0,0,1.7485,0.8974,2.7258,2.0438,1.555,1,1,5.45,8450,3.49
grid2:normNS,,,PR10_x0.75,holdout,3,1007,headon,vfield,d9beee2ba4,ok,0,0,0,0,0,0,3.9434,3.387,2.7258,2.0438,1.555,1,1,,8450,3.62
grid2:normNS,,,PR10_x0.75,holdout,3,1009,headon,vfield,d9beee2ba4,ok,1,0,1,0,0,0,2.127,0.5284,2.7258,2.0438,1.555,1,1,12.05,8450,3.6
grid2:normNS,,,PR10_x0.75,holdout,3,1011,headon,vfield,d9beee2ba4,ok,1,0,1,0,0,0,4.3744,0.2936,2.7258,2.0438,1.555,1,1,13.91,8450,3.67
grid2:normNS,,,PR10_x0.75,holdout,3,1013,headon,vfield,d9beee2ba4,ok,2,0,1,1,0,0,0.6317,0.486,2.7258,2.0438,1.555,1,1,-31.29,8450,3.68
grid2:normNS,,,PR10_x0.75,holdout,3,1015,headon,vfield,d9beee2ba4,ok,2,0,2,0,0,0,2.0883,0.5494,2.7258,2.0438,1.555,1,1,5.52,8450,3.59
grid2:normNS,,,PR10_x0.75,holdout,3,1017,headon,vfield,d9beee2ba4,ok,1,0,1,0,0,0,3.2973,0.3784,2.7258,2.0438,1.555,1,1,5.44,8450,3.56
grid2:normNS,,,PR10_x0.75,holdout,3,1019,headon,vfield,d9beee2ba4,ok,0,0,0,0,0,0,3.2565,4.756,2.7258,2.0438,1.555,1,1,,8450,3.56
grid2:normNS,,,PR10_x0.75,holdout,3,1021,headon,vfield,d9beee2ba4,ok,0,0,0,0,0,0,1.419,3.6127,2.7258,2.0438,1.555,1,1,,8450,3.7
grid2:normNS,,,PR10_x0.75,holdout,3,1023,headon,vfield,d9beee2ba4,ok,1,0,1,0,0,0,1.6796,0.9027,2.7258,2.0438,1.555,1,1,13.66,8450,3.69
grid2:normNS,,,PR10_x0.75,holdout,3,1025,headon,vfield,d9beee2ba4,ok,0,0,0,0,0,0,2.3346,5.434,2.7258,2.0438,1.555,1,1,,8450,3.61
grid2:normNS,,,PR10_x0.75,holdout,3,1027,headon,vfield,d9beee2ba4,ok,2,0,2,0,0,0,2.3907,0.2638,2.7258,2.0438,1.555,1,1,5.34,8450,3.66
grid2:normNS,,,PR10_x0.75,holdout,3,1029,headon,vfield,d9beee2ba4,ok,1,0,1,0,0,0,3.7249,0.2945,2.7258,2.0438,1.555,1,1,5.24,8450,3.63
grid2:normNS,,,PR10_x0.75,holdout,3,1031,headon,vfield,d9beee2ba4,ok,0,0,0,0,0,0,2.6343,5.13,2.7258,2.0438,1.555,1,1,,8450,3.74
grid2:normNS,,,PR10_x0.75,holdout,3,1033,headon,vfield,d9beee2ba4,ok,0,0,0,0,0,0,5.1188,1.6593,2.7258,2.0438,1.555,1,1,,8450,3.56
grid2:normNS,,,PR10_x0.75,holdout,3,1035,headon,vfield,d9beee2ba4,ok,1,0,1,0,0,0,2.0414,0.7523,2.7258,2.0438,1.555,1,1,23.74,8450,3.52
grid2:normNS,,,PR10_x0.75,holdout,3,1037,headon,vfield,d9beee2ba4,ok,0,0,0,0,0,0,2.2977,1.1055,2.7258,2.0438,1.555,1,1,,8450,3.62
grid2:normNS,,,PR10_x0.75,holdout,3,1039,headon,vfield,d9beee2ba4,ok,0,0,0,0,0,0,3.835,2.0598,2.7258,2.0438,1.555,1,1,,8450,3.56
grid2:normNS,,,PR10_x0.75,holdout,3,1041,headon,vfield,d9beee2ba4,ok,1,0,1,0,0,0,1.6318,0.5222,2.7258,2.0438,1.555,1,1,5.5,8450,3.56
grid2:normNS,,,PR10_x0.75,holdout,3,1043,headon,vfield,d9beee2ba4,ok,0,0,0,0,0,0,2.1365,3.1973,2.7258,2.0438,1.555,1,1,,8450,3.55
grid2:normNS,,,PR10_x0.75,holdout,3,1045,headon,vfield,d9beee2ba4,ok,1,0,1,0,0,0,3.2242,0.2178,2.7258,2.0438,1.555,1,1,5.39,8450,3.67
grid2:normNS,,,PR10_x0.75,holdout,3,1047,headon,vfield,d9beee2ba4,ok,1,0,1,0,0,0,2.9028,0.2559,2.7258,2.0438,1.555,1,1,6.51,8450,3.65
grid2:normNS,,,PR10_x0.75,holdout,3,1049,headon,vfield,d9beee2ba4,ok,0,0,0,0,0,0,5.5189,1.3337,2.7258,2.0438,1.555,1,1,,8450,3.58
grid2:normNS,,,PR10_x0.75,holdout,3,1051,headon,vfield,d9beee2ba4,ok,0,0,0,0,0,0,1.8805,1.9355,2.7258,2.0438,1.555,1,1,,8450,3.7
grid2:normNS,,,PR10_x0.75,holdout,3,1053,headon,vfield,d9beee2ba4,ok,0,0,0,0,0,0,1.9898,5.401,2.7258,2.0438,1.555,1,1,,8450,3.61
grid2:normNS,,,PR10_x0.75,holdout,3,1055,headon,vfield,d9beee2ba4,ok,0,0,0,0,0,0,1.4354,1.6501,2.7258,2.0438,1.555,1,1,,8450,3.51
grid2:normNS,,,PR10_x0.75,holdout,3,1057,headon,vfield,d9beee2ba4,ok,0,0,0,0,0,0,1.2548,5.3515,2.7258,2.0438,1.555,1,1,,8450,3.6
grid2:normNS,,,PR10_x0.75,holdout,3,1059,headon,vfield,d9beee2ba4,ok,1,0,1,0,0,0,1.7221,0.4852,2.7258,2.0438,1.555,1,1,5.45,8450,3.62
grid2:normNS,,,PR10_x1,holdout,3,1001,headon,vfield,e8d1ad2469,ok,0,0,0,0,0,0,2.2431,2.1314,2.7258,2.0438,1.555,1,1,,8450,3.53
grid2:normNS,,,PR10_x1,holdout,3,1003,headon,vfield,e8d1ad2469,ok,0,0,0,0,0,0,2.1078,5.0346,2.7258,2.0438,1.555,1,1,,8450,3.53
grid2:normNS,,,PR10_x1,holdout,3,1005,headon,vfield,e8d1ad2469,ok,1,0,1,0,0,0,2.095,0.5825,2.7258,2.0438,1.555,1,1,11.81,8450,3.6
grid2:normNS,,,PR10_x1,holdout,3,1007,headon,vfield,e8d1ad2469,ok,1,0,1,0,0,0,2.399,0.8385,2.7258,2.0438,1.555,1,1,14.35,8450,3.52
grid2:normNS,,,PR10_x1,holdout,3,1009,headon,vfield,e8d1ad2469,ok,1,0,1,0,0,0,3.998,0.9539,2.7258,2.0438,1.555,1,1,12.58,8450,3.54
grid2:normNS,,,PR10_x1,holdout,3,1011,headon,vfield,e8d1ad2469,ok,1,0,1,0,0,0,2.4209,0.744,2.7258,2.0438,1.555,1,1,13.57,8450,3.6
grid2:normNS,,,PR10_x1,holdout,3,1013,headon,vfield,e8d1ad2469,ok,1,0,0,1,0,0,0.733,6.135,2.7258,2.0438,1.555,1,1,18.43,8450,3.63
grid2:normNS,,,PR10_x1,holdout,3,1015,headon,vfield,e8d1ad2469,ok,1,0,1,0,0,0,2.297,0.8078,2.7258,2.0438,1.555,1,1,7.94,8450,3.61
grid2:normNS,,,PR10_x1,holdout,3,1017,headon,vfield,e8d1ad2469,ok,1,0,0,1,0,0,0.7386,1.8453,2.7258,2.0438,1.555,1,1,21.91,8450,3.69
grid2:normNS,,,PR10_x1,holdout,3,1019,headon,vfield,e8d1ad2469,ok,0,0,0,0,0,0,3.3008,3.2494,2.7258,2.0438,1.555,1,1,,8450,3.61
grid2:normNS,,,PR10_x1,holdout,3,1021,headon,vfield,e8d1ad2469,ok,1,0,1,0,0,0,2.0913,0.732,2.7258,2.0438,1.555,1,1,12.41,8450,3.6
grid2:normNS,,,PR10_x1,holdout,3,1023,headon,vfield,e8d1ad2469,ok,2,0,1,1,0,0,0.804,0.1947,2.7258,2.0438,1.555,1,1,13.98,8450,3.61
grid2:normNS,,,PR10_x1,holdout,3,1025,headon,vfield,e8d1ad2469,ok,1,0,1,0,0,0,2.3233,0.7671,2.7258,2.0438,1.555,1,1,6.2,8450,3.57
grid2:normNS,,,PR10_x1,holdout,3,1027,headon,vfield,e8d1ad2469,ok,0,0,0,0,0,0,3.6154,1.7349,2.7258,2.0438,1.555,1,1,,8450,3.52
grid2:normNS,,,PR10_x1,holdout,3,1029,headon,vfield,e8d1ad2469,ok,1,0,1,0,0,0,2.5238,0.6185,2.7258,2.0438,1.555,1,1,11.83,8450,3.54
grid2:normNS,,,PR10_x1,holdout,3,1031,headon,vfield,e8d1ad2469,ok,1,0,1,0,0,0,2.2103,0.775,2.7258,2.0438,1.555,1,1,11.85,8450,3.65
grid2:normNS,,,PR10_x1,holdout,3,1033,headon,vfield,e8d1ad2469,ok,0,0,0,0,0,0,1.2634,1.2486,2.7258,2.0438,1.555,1,1,,8450,3.57
grid2:normNS,,,PR10_x1,holdout,3,1035,headon,vfield,e8d1ad2469,ok,1,0,1,0,0,0,4.2252,0.8369,2.7258,2.0438,1.555,1,1,12.69,8450,3.6
grid2:normNS,,,PR10_x1,holdout,3,1037,headon,vfield,e8d1ad2469,ok,0,0,0,0,0,0,3.1165,1.0287,2.7258,2.0438,1.555,1,1,,8450,3.79
grid2:normNS,,,PR10_x1,holdout,3,1039,headon,vfield,e8d1ad2469,ok,0,0,0,0,0,0,3.053,1.0058,2.7258,2.0438,1.555,1,1,,8450,3.69
grid2:normNS,,,PR10_x1,holdout,3,1041,headon,vfield,e8d1ad2469,ok,0,0,0,0,0,0,4.0045,1.6107,2.7258,2.0438,1.555,1,1,,8450,3.66
grid2:normNS,,,PR10_x1,holdout,3,1043,headon,vfield,e8d1ad2469,ok,1,0,1,0,0,0,1.982,0.0243,2.7258,2.0438,1.555,1,1,12.15,8450,3.51
grid2:normNS,,,PR10_x1,holdout,3,1045,headon,vfield,e8d1ad2469,ok,1,0,1,0,0,0,2.1761,0.8044,2.7258,2.0438,1.555,1,1,11.89,8450,3.55
grid2:normNS,,,PR10_x1,holdout,3,1047,headon,vfield,e8d1ad2469,ok,1,0,1,0,0,0,4.222,0.5164,2.7258,2.0438,1.555,1,1,11.54,8450,3.56
grid2:normNS,,,PR10_x1,holdout,3,1049,headon,vfield,e8d1ad2469,ok,2,0,2,0,0,0,2.1901,0.0166,2.7258,2.0438,1.555,1,1,11.8,8450,3.66
grid2:normNS,,,PR10_x1,holdout,3,1051,headon,vfield,e8d1ad2469,ok,1,0,1,0,0,0,4.2376,0.9014,2.7258,2.0438,1.555,1,1,5.69,8450,3.6
grid2:normNS,,,PR10_x1,holdout,3,1053,headon,vfield,e8d1ad2469,ok,0,0,0,0,0,0,1.557,1.7336,2.7258,2.0438,1.555,1,1,,8450,3.49
grid2:normNS,,,PR10_x1,holdout,3,1055,headon,vfield,e8d1ad2469,ok,1,0,1,0,0,0,2.2264,0.9919,2.7258,2.0438,1.555,1,1,7.4,8450,3.79
grid2:normNS,,,PR10_x1,holdout,3,1057,headon,vfield,e8d1ad2469,ok,1,0,1,0,0,0,1.0418,0.8641,2.7258,2.0438,1.555,1,1,13.73,8450,3.6
grid2:normNS,,,PR10_x1,holdout,3,1059,headon,vfield,e8d1ad2469,ok,0,0,0,0,0,0,2.6935,2.2107,2.7258,2.0438,1.555,1,1,,8450,3.68
grid2:normNS,,,PR10_x1.25,holdout,3,1001,headon,vfield,7d7c5dd06a,ok,1,0,0,1,0,0,0.6725,1.8917,2.7258,2.0438,1.555,1,1,20.5,8450,3.62
grid2:normNS,,,PR10_x1.25,holdout,3,1003,headon,vfield,7d7c5dd06a,ok,0,0,0,0,0,0,3.4507,1.9783,2.7258,2.0438,1.555,1,1,,8450,3.59
grid2:normNS,,,PR10_x1.25,holdout,3,1005,headon,vfield,7d7c5dd06a,ok,1,0,0,0,1,0,0.4767,4.9758,2.7258,2.0438,1.555,1,1,15.02,8450,3.71
grid2:normNS,,,PR10_x1.25,holdout,3,1007,headon,vfield,7d7c5dd06a,ok,0,0,0,0,0,0,3.0356,1.1374,2.7258,2.0438,1.555,1,1,,8450,4.06
grid2:normNS,,,PR10_x1.25,holdout,3,1009,headon,vfield,7d7c5dd06a,ok,0,0,0,0,0,0,3.643,4.1479,2.7258,2.0438,1.555,1,1,,8450,3.82
grid2:normNS,,,PR10_x1.25,holdout,3,1011,headon,vfield,7d7c5dd06a,ok,0,0,0,0,0,0,3.7172,1.579,2.7258,2.0438,1.555,1,1,,8450,3.7
grid2:normNS,,,PR10_x1.25,holdout,3,1013,headon,vfield,7d7c5dd06a,ok,2,0,2,0,0,0,2.5898,0.0447,2.7258,2.0438,1.555,1,1,11.87,8450,3.54
grid2:normNS,,,PR10_x1.25,holdout,3,1015,headon,vfield,7d7c5dd06a,ok,0,0,0,0,0,0,2.8209,2.2564,2.7258,2.0438,1.555,1,1,,8450,3.62
grid2:normNS,,,PR10_x1.25,holdout,3,1017,headon,vfield,7d7c5dd06a,ok,0,0,0,0,0,0,2.0,1.5096,2.7258,2.0438,1.555,1,1,,8450,3.61
grid2:normNS,,,PR10_x1.25,holdout,3,1019,headon,vfield,7d7c5dd06a,ok,0,0,0,0,0,0,4.6339,2.0709,2.7258,2.0438,1.555,1,1,,8450,3.57
grid2:normNS,,,PR10_x1.25,holdout,3,1021,headon,vfield,7d7c5dd06a,ok,2,0,2,0,0,0,1.6303,0.6098,2.7258,2.0438,1.555,1,1,12.2,8450,3.58
grid2:normNS,,,PR10_x1.25,holdout,3,1023,headon,vfield,7d7c5dd06a,ok,0,0,0,0,0,0,1.7848,1.4232,2.7258,2.0438,1.555,1,1,,8450,3.59
grid2:normNS,,,PR10_x1.25,holdout,3,1025,headon,vfield,7d7c5dd06a,ok,1,0,1,0,0,0,3.9916,0.0306,2.7258,2.0438,1.555,1,1,12.22,8450,3.59
grid2:normNS,,,PR10_x1.25,holdout,3,1027,headon,vfield,7d7c5dd06a,ok,1,0,1,0,0,0,3.126,0.9748,2.7258,2.0438,1.555,1,1,12.81,8450,3.58
grid2:normNS,,,PR10_x1.25,holdout,3,1029,headon,vfield,7d7c5dd06a,ok,0,0,0,0,0,0,3.5522,1.9296,2.7258,2.0438,1.555,1,1,,8450,3.75
grid2:normNS,,,PR10_x1.25,holdout,3,1031,headon,vfield,7d7c5dd06a,ok,0,0,0,0,0,0,3.0306,2.1442,2.7258,2.0438,1.555,1,1,,8450,3.5
grid2:normNS,,,PR10_x1.25,holdout,3,1033,headon,vfield,7d7c5dd06a,ok,0,0,0,0,0,0,2.771,5.5128,2.7258,2.0438,1.555,1,1,,8450,3.48
grid2:normNS,,,PR10_x1.25,holdout,3,1035,headon,vfield,7d7c5dd06a,ok,0,0,0,0,0,0,1.4669,5.3542,2.7258,2.0438,1.555,1,1,,8450,3.55
grid2:normNS,,,PR10_x1.25,holdout,3,1037,headon,vfield,7d7c5dd06a,ok,1,0,1,0,0,0,2.8885,0.1145,2.7258,2.0438,1.555,1,1,11.99,8450,3.54
grid2:normNS,,,PR10_x1.25,holdout,3,1039,headon,vfield,7d7c5dd06a,ok,1,0,1,0,0,0,1.6133,0.0819,2.7258,2.0438,1.555,1,1,12.18,8450,3.6
grid2:normNS,,,PR10_x1.25,holdout,3,1041,headon,vfield,7d7c5dd06a,ok,0,0,0,0,0,0,2.487,4.8123,2.7258,2.0438,1.555,1,1,,8450,3.54
grid2:normNS,,,PR10_x1.25,holdout,3,1043,headon,vfield,7d7c5dd06a,ok,2,0,2,0,0,0,2.7557,0.4467,2.7258,2.0438,1.555,1,1,11.89,8450,3.5
grid2:normNS,,,PR10_x1.25,holdout,3,1045,headon,vfield,7d7c5dd06a,ok,0,0,0,0,0,0,1.8637,2.7686,2.7258,2.0438,1.555,1,1,,8450,3.65
grid2:normNS,,,PR10_x1.25,holdout,3,1047,headon,vfield,7d7c5dd06a,ok,0,0,0,0,0,0,3.6879,5.3274,2.7258,2.0438,1.555,1,1,,8450,3.59
grid2:normNS,,,PR10_x1.25,holdout,3,1049,headon,vfield,7d7c5dd06a,ok,0,0,0,0,0,0,2.9022,1.7354,2.7258,2.0438,1.555,1,1,,8450,3.64
grid2:normNS,,,PR10_x1.25,holdout,3,1051,headon,vfield,7d7c5dd06a,ok,1,0,0,1,0,0,0.1033,4.2331,2.7258,2.0438,1.555,1,1,17.74,8450,3.59
grid2:normNS,,,PR10_x1.25,holdout,3,1053,headon,vfield,7d7c5dd06a,ok,0,0,0,0,0,0,3.9951,1.1963,2.7258,2.0438,1.555,1,1,,8450,3.54
grid2:normNS,,,PR10_x1.25,holdout,3,1055,headon,vfield,7d7c5dd06a,ok,1,0,1,0,0,0,3.6068,0.9116,2.7258,2.0438,1.555,1,1,14.55,8450,3.67
grid2:normNS,,,PR10_x1.25,holdout,3,1057,headon,vfield,7d7c5dd06a,ok,0,0,0,0,0,0,4.1872,4.9583,2.7258,2.0438,1.555,1,1,,8450,3.51
grid2:normNS,,,PR10_x1.25,holdout,3,1059,headon,vfield,7d7c5dd06a,ok,1,0,0,1,0,0,0.6066,2.5581,2.7258,2.0438,1.555,1,1,18.81,8450,3.57
grid2:normNS,,,PR10_x1.5,holdout,3,1001,headon,vfield,8680a8801d,ok,0,0,0,0,0,0,2.5483,2.0281,2.7258,2.0438,1.555,1,1,,8450,3.57
grid2:normNS,,,PR10_x1.5,holdout,3,1003,headon,vfield,8680a8801d,ok,0,0,0,0,0,0,2.26,1.7065,2.7258,2.0438,1.555,1,1,,8450,3.5
grid2:normNS,,,PR10_x1.5,holdout,3,1005,headon,vfield,8680a8801d,ok,0,0,0,0,0,0,2.9919,5.0547,2.7258,2.0438,1.555,1,1,,8450,3.62
grid2:normNS,,,PR10_x1.5,holdout,3,1007,headon,vfield,8680a8801d,ok,0,0,0,0,0,0,5.4454,1.3895,2.7258,2.0438,1.555,1,1,,8450,3.54
grid2:normNS,,,PR10_x1.5,holdout,3,1009,headon,vfield,8680a8801d,ok,0,0,0,0,0,0,4.1084,2.6042,2.7258,2.0438,1.555,1,1,,8450,3.64
grid2:normNS,,,PR10_x1.5,holdout,3,1011,headon,vfield,8680a8801d,ok,1,0,1,0,0,0,2.9113,0.9812,2.7258,2.0438,1.555,1,1,12.86,8450,3.6
grid2:normNS,,,PR10_x1.5,holdout,3,1013,headon,vfield,8680a8801d,ok,0,0,0,0,0,0,2.8671,4.6755,2.7258,2.0438,1.555,1,1,,8450,3.56
grid2:normNS,,,PR10_x1.5,holdout,3,1015,headon,vfield,8680a8801d,ok,0,0,0,0,0,0,1.9463,1.1181,2.7258,2.0438,1.555,1,1,,8450,3.68
grid2:normNS,,,PR10_x1.5,holdout,3,1017,headon,vfield,8680a8801d,ok,1,0,1,0,0,0,1.9736,0.9215,2.7258,2.0438,1.555,1,1,14.56,8450,3.65
grid2:normNS,,,PR10_x1.5,holdout,3,1019,headon,vfield,8680a8801d,ok,1,0,1,0,0,0,3.5567,0.8067,2.7258,2.0438,1.555,1,1,13.79,8450,3.71
grid2:normNS,,,PR10_x1.5,holdout,3,1021,headon,vfield,8680a8801d,ok,1,0,0,1,0,0,0.2095,1.6614,2.7258,2.0438,1.555,1,1,21.83,8450,3.58
grid2:normNS,,,PR10_x1.5,holdout,3,1023,headon,vfield,8680a8801d,ok,1,0,1,0,0,0,2.3441,0.6523,2.7258,2.0438,1.555,1,1,12.28,8450,3.64
grid2:normNS,,,PR10_x1.5,holdout,3,1025,headon,vfield,8680a8801d,ok,1,0,1,0,0,0,1.5819,0.0101,2.7258,2.0438,1.555,1,1,12.16,8450,3.63
grid2:normNS,,,PR10_x1.5,holdout,3,1027,headon,vfield,8680a8801d,ok,1,0,1,0,0,0,2.2196,0.3088,2.7258,2.0438,1.555,1,1,12.02,8450,3.5
grid2:normNS,,,PR10_x1.5,holdout,3,1029,headon,vfield,8680a8801d,ok,0,0,0,0,0,0,1.5853,2.4176,2.7258,2.0438,1.555,1,1,,8450,3.57
grid2:normNS,,,PR10_x1.5,holdout,3,1031,headon,vfield,8680a8801d,ok,0,0,0,0,0,0,4.2074,1.4935,2.7258,2.0438,1.555,1,1,,8450,3.77
grid2:normNS,,,PR10_x1.5,holdout,3,1033,headon,vfield,8680a8801d,ok,0,0,0,0,0,0,4.6174,1.0483,2.7258,2.0438,1.555,1,1,,8450,3.55
grid2:normNS,,,PR10_x1.5,holdout,3,1035,headon,vfield,8680a8801d,ok,1,0,1,0,0,0,3.5381,0.74,2.7258,2.0438,1.555,1,1,13.56,8450,3.68
grid2:normNS,,,PR10_x1.5,holdout,3,1037,headon,vfield,8680a8801d,ok,0,0,0,0,0,0,3.8126,4.9647,2.7258,2.0438,1.555,1,1,,8450,3.57
grid2:normNS,,,PR10_x1.5,holdout,3,1039,headon,vfield,8680a8801d,ok,2,0,2,0,0,0,2.7001,0.3233,2.7258,2.0438,1.555,1,1,12.17,8450,3.61
grid2:normNS,,,PR10_x1.5,holdout,3,1041,headon,vfield,8680a8801d,ok,0,0,0,0,0,0,2.1468,2.3953,2.7258,2.0438,1.555,1,1,,8450,3.57
grid2:normNS,,,PR10_x1.5,holdout,3,1043,headon,vfield,8680a8801d,ok,0,0,0,0,0,0,3.0441,5.3187,2.7258,2.0438,1.555,1,1,,8450,3.66
grid2:normNS,,,PR10_x1.5,holdout,3,1045,headon,vfield,8680a8801d,ok,1,0,1,0,0,0,2.196,0.7597,2.7258,2.0438,1.555,1,1,12.18,8450,3.62
grid2:normNS,,,PR10_x1.5,holdout,3,1047,headon,vfield,8680a8801d,ok,1,0,1,0,0,0,1.6502,0.706,2.7258,2.0438,1.555,1,1,13.84,8450,3.6
grid2:normNS,,,PR10_x1.5,holdout,3,1049,headon,vfield,8680a8801d,ok,1,0,1,0,0,0,2.2561,0.7269,2.7258,2.0438,1.555,1,1,12.06,8450,3.56
grid2:normNS,,,PR10_x1.5,holdout,3,1051,headon,vfield,8680a8801d,ok,0,0,0,0,0,0,6.0071,2.6689,2.7258,2.0438,1.555,1,1,,8450,3.49
grid2:normNS,,,PR10_x1.5,holdout,3,1053,headon,vfield,8680a8801d,ok,0,0,0,0,0,0,1.5667,2.2834,2.7258,2.0438,1.555,1,1,,8450,3.56
grid2:normNS,,,PR10_x1.5,holdout,3,1055,headon,vfield,8680a8801d,ok,1,0,1,0,0,0,5.8466,0.5385,2.7258,2.0438,1.555,1,1,13.79,8450,3.63
grid2:normNS,,,PR10_x1.5,holdout,3,1057,headon,vfield,8680a8801d,ok,0,0,0,0,0,0,2.4669,1.7072,2.7258,2.0438,1.555,1,1,,8450,3.58
grid2:normNS,,,PR10_x1.5,holdout,3,1059,headon,vfield,8680a8801d,ok,0,0,0,0,0,0,2.0934,4.268,2.7258,2.0438,1.555,1,1,,8450,3.67
grid2:normNS,,,PR10_x2,holdout,3,1001,headon,vfield,8b8841a0ee,ok,0,0,0,0,0,0,1.7173,1.1976,2.7258,2.0438,1.555,1,1,,8450,3.46
grid2:normNS,,,PR10_x2,holdout,3,1003,headon,vfield,8b8841a0ee,ok,0,0,0,0,0,0,7.4024,1.8309,2.7258,2.0438,1.555,1,1,,8450,3.49
grid2:normNS,,,PR10_x2,holdout,3,1005,headon,vfield,8b8841a0ee,ok,0,0,0,0,0,0,4.38,4.0639,2.7258,2.0438,1.555,1,1,,8450,3.54
grid2:normNS,,,PR10_x2,holdout,3,1007,headon,vfield,8b8841a0ee,ok,2,0,1,1,0,0,0.0739,0.8318,2.7258,2.0438,1.555,1,1,11.86,8450,3.56
grid2:normNS,,,PR10_x2,holdout,3,1009,headon,vfield,8b8841a0ee,ok,1,0,1,0,0,0,6.3976,0.7676,2.7258,2.0438,1.555,1,1,13.8,8450,3.57
grid2:normNS,,,PR10_x2,holdout,3,1011,headon,vfield,8b8841a0ee,ok,0,0,0,0,0,0,5.4826,1.1226,2.7258,2.0438,1.555,1,1,,8450,3.53
grid2:normNS,,,PR10_x2,holdout,3,1013,headon,vfield,8b8841a0ee,ok,0,0,0,0,0,0,1.1668,1.7915,2.7258,2.0438,1.555,1,1,,8450,3.52
grid2:normNS,,,PR10_x2,holdout,3,1015,headon,vfield,8b8841a0ee,ok,0,0,0,0,0,0,3.0509,4.7269,2.7258,2.0438,1.555,1,1,,8450,3.49
grid2:normNS,,,PR10_x2,holdout,3,1017,headon,vfield,8b8841a0ee,ok,1,0,1,0,0,0,1.4976,0.7145,2.7258,2.0438,1.555,1,1,12.11,8450,3.53
grid2:normNS,,,PR10_x2,holdout,3,1019,headon,vfield,8b8841a0ee,ok,1,0,1,0,0,0,4.0117,0.8968,2.7258,2.0438,1.555,1,1,12.04,8450,3.61
grid2:normNS,,,PR10_x2,holdout,3,1021,headon,vfield,8b8841a0ee,ok,0,0,0,0,0,0,3.6098,2.4474,2.7258,2.0438,1.555,1,1,,8450,3.49
grid2:normNS,,,PR10_x2,holdout,3,1023,headon,vfield,8b8841a0ee,ok,1,0,1,0,0,0,4.7537,0.8313,2.7258,2.0438,1.555,1,1,14.08,8450,3.47
grid2:normNS,,,PR10_x2,holdout,3,1025,headon,vfield,8b8841a0ee,ok,0,0,0,0,0,0,2.7097,2.0675,2.7258,2.0438,1.555,1,1,,8450,3.5
grid2:normNS,,,PR10_x2,holdout,3,1027,headon,vfield,8b8841a0ee,ok,0,0,0,0,0,0,4.0334,1.906,2.7258,2.0438,1.555,1,1,,8450,3.6
grid2:normNS,,,PR10_x2,holdout,3,1029,headon,vfield,8b8841a0ee,ok,0,0,0,0,0,0,4.6868,4.714,2.7258,2.0438,1.555,1,1,,8450,3.68
grid2:normNS,,,PR10_x2,holdout,3,1031,headon,vfield,8b8841a0ee,ok,0,0,0,0,0,0,5.6652,1.1546,2.7258,2.0438,1.555,1,1,,8450,3.56
grid2:normNS,,,PR10_x2,holdout,3,1033,headon,vfield,8b8841a0ee,ok,1,0,1,0,0,0,3.3086,0.6338,2.7258,2.0438,1.555,1,1,12.39,8450,3.53
grid2:normNS,,,PR10_x2,holdout,3,1035,headon,vfield,8b8841a0ee,ok,0,0,0,0,0,0,3.6872,1.1317,2.7258,2.0438,1.555,1,1,,8450,3.67
grid2:normNS,,,PR10_x2,holdout,3,1037,headon,vfield,8b8841a0ee,ok,0,0,0,0,0,0,3.9261,1.8357,2.7258,2.0438,1.555,1,1,,8450,3.57
grid2:normNS,,,PR10_x2,holdout,3,1039,headon,vfield,8b8841a0ee,ok,0,0,0,0,0,0,3.4509,1.0133,2.7258,2.0438,1.555,1,1,,8450,3.56
grid2:normNS,,,PR10_x2,holdout,3,1041,headon,vfield,8b8841a0ee,ok,1,0,1,0,0,0,3.8262,0.4703,2.7258,2.0438,1.555,1,1,12.08,8450,3.47
grid2:normNS,,,PR10_x2,holdout,3,1043,headon,vfield,8b8841a0ee,ok,0,0,0,0,0,0,3.7108,5.3132,2.7258,2.0438,1.555,1,1,,8450,3.48
grid2:normNS,,,PR10_x2,holdout,3,1045,headon,vfield,8b8841a0ee,ok,2,0,2,0,0,0,4.8282,0.4987,2.7258,2.0438,1.555,1,1,12.16,8450,3.53
grid2:normNS,,,PR10_x2,holdout,3,1047,headon,vfield,8b8841a0ee,ok,0,0,0,0,0,0,7.7993,1.9378,2.7258,2.0438,1.555,1,1,,8450,3.49
grid2:normNS,,,PR10_x2,holdout,3,1049,headon,vfield,8b8841a0ee,ok,0,0,0,0,0,0,5.2654,2.2928,2.7258,2.0438,1.555,1,1,,8450,3.56
grid2:normNS,,,PR10_x2,holdout,3,1051,headon,vfield,8b8841a0ee,ok,1,0,1,0,0,0,7.6347,0.9677,2.7258,2.0438,1.555,1,1,12.03,8450,3.52
grid2:normNS,,,PR10_x2,holdout,3,1053,headon,vfield,8b8841a0ee,ok,1,0,0,0,1,0,0.9427,1.0784,2.7258,2.0438,1.555,1,1,35.16,8450,3.47
grid2:normNS,,,PR10_x2,holdout,3,1055,headon,vfield,8b8841a0ee,ok,0,0,0,0,0,0,2.0136,2.9045,2.7258,2.0438,1.555,1,1,,8450,3.52
grid2:normNS,,,PR10_x2,holdout,3,1057,headon,vfield,8b8841a0ee,ok,0,0,0,0,0,0,4.9871,2.3172,2.7258,2.0438,1.555,1,1,,8450,3.5
grid2:normNS,,,PR10_x2,holdout,3,1059,headon,vfield,8b8841a0ee,ok,0,0,0,0,0,0,3.571,4.9653,2.7258,2.0438,1.555,1,1,,8450,3.59
grid2:normNS,,,PR13_x0.5,holdout,3,1001,headon,vfield,a38b5f8641,ok,0,0,0,0,0,0,4.2785,2.0219,2.7258,2.0438,1.555,1,1,,8450,3.52
grid2:normNS,,,PR13_x0.5,holdout,3,1003,headon,vfield,a38b5f8641,ok,0,0,0,0,0,0,4.0888,1.7854,2.7258,2.0438,1.555,1,1,,8450,3.44
grid2:normNS,,,PR13_x0.5,holdout,3,1005,headon,vfield,a38b5f8641,ok,0,0,0,0,0,0,1.5981,1.8942,2.7258,2.0438,1.555,1,1,,8450,3.56
grid2:normNS,,,PR13_x0.5,holdout,3,1007,headon,vfield,a38b5f8641,ok,0,0,0,0,0,0,3.4933,1.7847,2.7258,2.0438,1.555,1,1,,8450,3.57
grid2:normNS,,,PR13_x0.5,holdout,3,1009,headon,vfield,a38b5f8641,ok,0,0,0,0,0,0,5.6849,1.7392,2.7258,2.0438,1.555,1,1,,8450,3.59
grid2:normNS,,,PR13_x0.5,holdout,3,1011,headon,vfield,a38b5f8641,ok,0,0,0,0,0,0,1.814,1.7372,2.7258,2.0438,1.555,1,1,,8450,3.48
grid2:normNS,,,PR13_x0.5,holdout,3,1013,headon,vfield,a38b5f8641,ok,0,0,0,0,0,0,1.2517,2.0318,2.7258,2.0438,1.555,1,1,,8450,3.55
grid2:normNS,,,PR13_x0.5,holdout,3,1015,headon,vfield,a38b5f8641,ok,1,0,1,0,0,0,5.4027,0.6803,2.7258,2.0438,1.555,1,1,15.07,8450,3.56
grid2:normNS,,,PR13_x0.5,holdout,3,1017,headon,vfield,a38b5f8641,ok,1,0,1,0,0,0,4.9338,0.9904,2.7258,2.0438,1.555,1,1,7.79,8450,3.58
grid2:normNS,,,PR13_x0.5,holdout,3,1019,headon,vfield,a38b5f8641,ok,0,0,0,0,0,0,4.5703,1.7686,2.7258,2.0438,1.555,1,1,,8450,3.68
grid2:normNS,,,PR13_x0.5,holdout,3,1021,headon,vfield,a38b5f8641,ok,0,0,0,0,0,0,3.9291,1.7847,2.7258,2.0438,1.555,1,1,,8450,3.49
grid2:normNS,,,PR13_x0.5,holdout,3,1023,headon,vfield,a38b5f8641,ok,0,0,0,0,0,0,3.7829,1.7678,2.7258,2.0438,1.555,1,1,,8450,3.53
grid2:normNS,,,PR13_x0.5,holdout,3,1025,headon,vfield,a38b5f8641,ok,0,0,0,0,0,0,3.1445,1.1481,2.7258,2.0438,1.555,1,1,,8450,3.53
grid2:normNS,,,PR13_x0.5,holdout,3,1027,headon,vfield,a38b5f8641,ok,1,0,1,0,0,0,3.675,0.1342,2.7258,2.0438,1.555,1,1,7.56,8450,3.53
grid2:normNS,,,PR13_x0.5,holdout,3,1029,headon,vfield,a38b5f8641,ok,1,0,1,0,0,0,3.3409,0.3141,2.7258,2.0438,1.555,1,1,7.49,8450,3.61
grid2:normNS,,,PR13_x0.5,holdout,3,1031,headon,vfield,a38b5f8641,ok,0,0,0,0,0,0,2.0752,1.9257,2.7258,2.0438,1.555,1,1,,8450,3.52
grid2:normNS,,,PR13_x0.5,holdout,3,1033,headon,vfield,a38b5f8641,ok,1,0,1,0,0,0,3.06,0.8312,2.7258,2.0438,1.555,1,1,7.62,8450,3.66
grid2:normNS,,,PR13_x0.5,holdout,3,1035,headon,vfield,a38b5f8641,ok,0,0,0,0,0,0,1.7207,1.7785,2.7258,2.0438,1.555,1,1,,8450,3.5
grid2:normNS,,,PR13_x0.5,holdout,3,1037,headon,vfield,a38b5f8641,ok,0,0,0,0,0,0,5.0061,1.851,2.7258,2.0438,1.555,1,1,,8450,3.53
grid2:normNS,,,PR13_x0.5,holdout,3,1039,headon,vfield,a38b5f8641,ok,0,0,0,0,0,0,2.9081,1.7389,2.7258,2.0438,1.555,1,1,,8450,3.57
grid2:normNS,,,PR13_x0.5,holdout,3,1041,headon,vfield,a38b5f8641,ok,0,0,0,0,0,0,3.9539,1.868,2.7258,2.0438,1.555,1,1,,8450,3.49
grid2:normNS,,,PR13_x0.5,holdout,3,1043,headon,vfield,a38b5f8641,ok,0,0,0,0,0,0,4.2391,1.7627,2.7258,2.0438,1.555,1,1,,8450,3.59
grid2:normNS,,,PR13_x0.5,holdout,3,1045,headon,vfield,a38b5f8641,ok,0,0,0,0,0,0,2.7687,1.768,2.7258,2.0438,1.555,1,1,,8450,3.54
grid2:normNS,,,PR13_x0.5,holdout,3,1047,headon,vfield,a38b5f8641,ok,0,0,0,0,0,0,2.3789,1.7484,2.7258,2.0438,1.555,1,1,,8450,3.64
grid2:normNS,,,PR13_x0.5,holdout,3,1049,headon,vfield,a38b5f8641,ok,0,0,0,0,0,0,5.5606,2.2932,2.7258,2.0438,1.555,1,1,,8450,3.73
grid2:normNS,,,PR13_x0.5,holdout,3,1051,headon,vfield,a38b5f8641,ok,0,0,0,0,0,0,3.3528,1.7331,2.7258,2.0438,1.555,1,1,,8450,3.87
grid2:normNS,,,PR13_x0.5,holdout,3,1053,headon,vfield,a38b5f8641,ok,0,0,0,0,0,0,2.5911,1.7332,2.7258,2.0438,1.555,1,1,,8450,3.79
grid2:normNS,,,PR13_x0.5,holdout,3,1055,headon,vfield,a38b5f8641,ok,0,0,0,0,0,0,2.9912,1.6633,2.7258,2.0438,1.555,1,1,,8450,3.83
grid2:normNS,,,PR13_x0.5,holdout,3,1057,headon,vfield,a38b5f8641,ok,0,0,0,0,0,0,1.4169,1.7847,2.7258,2.0438,1.555,1,1,,8450,3.86
grid2:normNS,,,PR13_x0.5,holdout,3,1059,headon,vfield,a38b5f8641,ok,1,0,1,0,0,0,4.6394,0.7935,2.7258,2.0438,1.555,1,1,7.61,8450,3.91
grid2:normNS,,,PR13_x0.75,holdout,3,1001,headon,vfield,a87c721cee,ok,0,0,0,0,0,0,2.5797,1.7401,2.7258,2.0438,1.555,1,1,,8450,3.75
grid2:normNS,,,PR13_x0.75,holdout,3,1003,headon,vfield,a87c721cee,ok,0,0,0,0,0,0,3.285,1.7847,2.7258,2.0438,1.555,1,1,,8450,3.78
grid2:normNS,,,PR13_x0.75,holdout,3,1005,headon,vfield,a87c721cee,ok,0,0,0,0,0,0,1.9963,1.7484,2.7258,2.0438,1.555,1,1,,8450,3.89
grid2:normNS,,,PR13_x0.75,holdout,3,1007,headon,vfield,a87c721cee,ok,1,0,0,1,0,0,0.6599,1.7424,2.7258,2.0438,1.555,1,1,33.13,8450,3.91
grid2:normNS,,,PR13_x0.75,holdout,3,1009,headon,vfield,a87c721cee,ok,0,0,0,0,0,0,1.0961,1.7376,2.7258,2.0438,1.555,1,1,,8450,3.83
grid2:normNS,,,PR13_x0.75,holdout,3,1011,headon,vfield,a87c721cee,ok,0,0,0,0,0,0,2.8198,1.7847,2.7258,2.0438,1.555,1,1,,8450,3.86
grid2:normNS,,,PR13_x0.75,holdout,3,1013,headon,vfield,a87c721cee,ok,0,0,0,0,0,0,2.217,2.2546,2.7258,2.0438,1.555,1,1,,8450,3.82
grid2:normNS,,,PR13_x0.75,holdout,3,1015,headon,vfield,a87c721cee,ok,0,0,0,0,0,0,2.2488,1.8301,2.7258,2.0438,1.555,1,1,,8450,3.93
grid2:normNS,,,PR13_x0.75,holdout,3,1017,headon,vfield,a87c721cee,ok,0,0,0,0,0,0,4.1573,1.7583,2.7258,2.0438,1.555,1,1,,8450,3.8
grid2:normNS,,,PR13_x0.75,holdout,3,1019,headon,vfield,a87c721cee,ok,0,0,0,0,0,0,4.4728,1.7379,2.7258,2.0438,1.555,1,1,,8450,3.98
grid2:normNS,,,PR13_x0.75,holdout,3,1021,headon,vfield,a87c721cee,ok,0,0,0,0,0,0,3.8392,1.7847,2.7258,2.0438,1.555,1,1,,8450,3.85
grid2:normNS,,,PR13_x0.75,holdout,3,1023,headon,vfield,a87c721cee,ok,0,0,0,0,0,0,6.4753,1.6845,2.7258,2.0438,1.555,1,1,,8450,3.72
grid2:normNS,,,PR13_x0.75,holdout,3,1025,headon,vfield,a87c721cee,ok,0,0,0,0,0,0,3.196,1.7847,2.7258,2.0438,1.555,1,1,,8450,3.62
grid2:normNS,,,PR13_x0.75,holdout,3,1027,headon,vfield,a87c721cee,ok,0,0,0,0,0,0,4.2343,1.7418,2.7258,2.0438,1.555,1,1,,8450,3.57
grid2:normNS,,,PR13_x0.75,holdout,3,1029,headon,vfield,a87c721cee,ok,0,0,0,0,0,0,1.2467,1.7697,2.7258,2.0438,1.555,1,1,,8450,3.54
grid2:normNS,,,PR13_x0.75,holdout,3,1031,headon,vfield,a87c721cee,ok,0,0,0,0,0,0,4.0415,1.7076,2.7258,2.0438,1.555,1,1,,8450,3.87
grid2:normNS,,,PR13_x0.75,holdout,3,1033,headon,vfield,a87c721cee,ok,0,0,0,0,0,0,2.441,1.84,2.7258,2.0438,1.555,1,1,,8450,3.82
grid2:normNS,,,PR13_x0.75,holdout,3,1035,headon,vfield,a87c721cee,ok,0,0,0,0,0,0,3.706,1.7378,2.7258,2.0438,1.555,1,1,,8450,3.86
grid2:normNS,,,PR13_x0.75,holdout,3,1037,headon,vfield,a87c721cee,ok,0,0,0,0,0,0,7.3518,1.7373,2.7258,2.0438,1.555,1,1,,8450,3.79
grid2:normNS,,,PR13_x0.75,holdout,3,1039,headon,vfield,a87c721cee,ok,0,0,0,0,0,0,2.8765,1.7388,2.7258,2.0438,1.555,1,1,,8450,3.5
grid2:normNS,,,PR13_x0.75,holdout,3,1041,headon,vfield,a87c721cee,ok,0,0,0,0,0,0,2.0385,1.9605,2.7258,2.0438,1.555,1,1,,8450,3.54
grid2:normNS,,,PR13_x0.75,holdout,3,1043,headon,vfield,a87c721cee,ok,0,0,0,0,0,0,3.5186,1.7377,2.7258,2.0438,1.555,1,1,,8450,3.71
grid2:normNS,,,PR13_x0.75,holdout,3,1045,headon,vfield,a87c721cee,ok,0,0,0,0,0,0,6.661,1.7443,2.7258,2.0438,1.555,1,1,,8450,3.86
grid2:normNS,,,PR13_x0.75,holdout,3,1047,headon,vfield,a87c721cee,ok,0,0,0,0,0,0,2.7938,1.7386,2.7258,2.0438,1.555,1,1,,8450,3.83
grid2:normNS,,,PR13_x0.75,holdout,3,1049,headon,vfield,a87c721cee,ok,0,0,0,0,0,0,3.8442,1.449,2.7258,2.0438,1.555,1,1,,8450,3.89
grid2:normNS,,,PR13_x0.75,holdout,3,1051,headon,vfield,a87c721cee,ok,0,0,0,0,0,0,2.6293,1.7474,2.7258,2.0438,1.555,1,1,,8450,3.56
grid2:normNS,,,PR13_x0.75,holdout,3,1053,headon,vfield,a87c721cee,ok,1,0,0,1,0,0,0.7687,1.7922,2.7258,2.0438,1.555,1,1,26.82,8450,3.5
grid2:normNS,,,PR13_x0.75,holdout,3,1055,headon,vfield,a87c721cee,ok,0,0,0,0,0,0,5.1315,1.6925,2.7258,2.0438,1.555,1,1,,8450,3.57
grid2:normNS,,,PR13_x0.75,holdout,3,1057,headon,vfield,a87c721cee,ok,0,0,0,0,0,0,4.6072,1.748,2.7258,2.0438,1.555,1,1,,8450,3.66
grid2:normNS,,,PR13_x0.75,holdout,3,1059,headon,vfield,a87c721cee,ok,0,0,0,0,0,0,1.2846,1.7847,2.7258,2.0438,1.555,1,1,,8450,3.86
grid2:normNS,,,PR13_x1,holdout,3,1001,headon,vfield,a1b21b3f06,ok,0,0,0,0,0,0,2.267,1.7849,2.7258,2.0438,1.555,1,1,,8450,3.86
grid2:normNS,,,PR13_x1,holdout,3,1003,headon,vfield,a1b21b3f06,ok,0,0,0,0,0,0,2.9271,1.7847,2.7258,2.0438,1.555,1,1,,8450,3.78
grid2:normNS,,,PR13_x1,holdout,3,1005,headon,vfield,a1b21b3f06,ok,0,0,0,0,0,0,1.3741,1.9353,2.7258,2.0438,1.555,1,1,,8450,3.8
grid2:normNS,,,PR13_x1,holdout,3,1007,headon,vfield,a1b21b3f06,ok,0,0,0,0,0,0,3.9569,1.7847,2.7258,2.0438,1.555,1,1,,8450,3.62
grid2:normNS,,,PR13_x1,holdout,3,1009,headon,vfield,a1b21b3f06,ok,0,0,0,0,0,0,3.5258,1.8061,2.7258,2.0438,1.555,1,1,,8450,3.59
grid2:normNS,,,PR13_x1,holdout,3,1011,headon,vfield,a1b21b3f06,ok,0,0,0,0,0,0,3.2419,1.7847,2.7258,2.0438,1.555,1,1,,8450,3.6
grid2:normNS,,,PR13_x1,holdout,3,1013,headon,vfield,a1b21b3f06,ok,0,0,0,0,0,0,1.6294,1.9634,2.7258,2.0438,1.555,1,1,,8450,4.02
grid2:normNS,,,PR13_x1,holdout,3,1015,headon,vfield,a1b21b3f06,ok,0,0,0,0,0,0,3.4041,2.5545,2.7258,2.0438,1.555,1,1,,8450,4.35
grid2:normNS,,,PR13_x1,holdout,3,1017,headon,vfield,a1b21b3f06,ok,0,0,0,0,0,0,3.9183,1.7847,2.7258,2.0438,1.555,1,1,,8450,4.28
grid2:normNS,,,PR13_x1,holdout,3,1019,headon,vfield,a1b21b3f06,ok,0,0,0,0,0,0,2.8378,1.7764,2.7258,2.0438,1.555,1,1,,8450,3.5
grid2:normNS,,,PR13_x1,holdout,3,1021,headon,vfield,a1b21b3f06,ok,0,0,0,0,0,0,2.2314,1.7847,2.7258,2.0438,1.555,1,1,,8450,3.59
grid2:normNS,,,PR13_x1,holdout,3,1023,headon,vfield,a1b21b3f06,ok,0,0,0,0,0,0,2.5322,1.7847,2.7258,2.0438,1.555,1,1,,8450,3.67
grid2:normNS,,,PR13_x1,holdout,3,1025,headon,vfield,a1b21b3f06,ok,0,0,0,0,0,0,3.1514,1.7847,2.7258,2.0438,1.555,1,1,,8450,3.6
grid2:normNS,,,PR13_x1,holdout,3,1027,headon,vfield,a1b21b3f06,ok,0,0,0,0,0,0,3.533,1.7847,2.7258,2.0438,1.555,1,1,,8450,3.72
grid2:normNS,,,PR13_x1,holdout,3,1029,headon,vfield,a1b21b3f06,ok,0,0,0,0,0,0,2.5423,1.786,2.7258,2.0438,1.555,1,1,,8450,3.55
grid2:normNS,,,PR13_x1,holdout,3,1031,headon,vfield,a1b21b3f06,ok,0,0,0,0,0,0,2.2765,1.7847,2.7258,2.0438,1.555,1,1,,8450,3.64
grid2:normNS,,,PR13_x1,holdout,3,1033,headon,vfield,a1b21b3f06,ok,0,0,0,0,0,0,2.2741,1.7847,2.7258,2.0438,1.555,1,1,,8450,3.74
grid2:normNS,,,PR13_x1,holdout,3,1035,headon,vfield,a1b21b3f06,ok,0,0,0,0,0,0,3.1889,1.7847,2.7258,2.0438,1.555,1,1,,8450,3.58
grid2:normNS,,,PR13_x1,holdout,3,1037,headon,vfield,a1b21b3f06,ok,0,0,0,0,0,0,3.1945,1.7847,2.7258,2.0438,1.555,1,1,,8450,3.58
grid2:normNS,,,PR13_x1,holdout,3,1039,headon,vfield,a1b21b3f06,ok,0,0,0,0,0,0,2.7419,1.7871,2.7258,2.0438,1.555,1,1,,8450,3.65
grid2:normNS,,,PR13_x1,holdout,3,1041,headon,vfield,a1b21b3f06,ok,0,0,0,0,0,0,3.191,2.1679,2.7258,2.0438,1.555,1,1,,8450,3.83
grid2:normNS,,,PR13_x1,holdout,3,1043,headon,vfield,a1b21b3f06,ok,0,0,0,0,0,0,2.2531,1.7847,2.7258,2.0438,1.555,1,1,,8450,3.72
grid2:normNS,,,PR13_x1,holdout,3,1045,headon,vfield,a1b21b3f06,ok,0,0,0,0,0,0,2.4873,1.7847,2.7258,2.0438,1.555,1,1,,8450,3.6
grid2:normNS,,,PR13_x1,holdout,3,1047,headon,vfield,a1b21b3f06,ok,0,0,0,0,0,0,2.1898,1.7851,2.7258,2.0438,1.555,1,1,,8450,3.52
grid2:normNS,,,PR13_x1,holdout,3,1049,headon,vfield,a1b21b3f06,ok,0,0,0,0,0,0,2.2819,1.7851,2.7258,2.0438,1.555,1,1,,8450,3.54
grid2:normNS,,,PR13_x1,holdout,3,1051,headon,vfield,a1b21b3f06,ok,0,0,0,0,0,0,3.6626,1.783,2.7258,2.0438,1.555,1,1,,8450,3.55
grid2:normNS,,,PR13_x1,holdout,3,1053,headon,vfield,a1b21b3f06,ok,0,0,0,0,0,0,1.7844,2.0066,2.7258,2.0438,1.555,1,1,,8450,3.69
grid2:normNS,,,PR13_x1,holdout,3,1055,headon,vfield,a1b21b3f06,ok,0,0,0,0,0,0,1.7441,2.2315,2.7258,2.0438,1.555,1,1,,8450,3.61
grid2:normNS,,,PR13_x1,holdout,3,1057,headon,vfield,a1b21b3f06,ok,0,0,0,0,0,0,2.2589,1.8573,2.7258,2.0438,1.555,1,1,,8450,3.55
grid2:normNS,,,PR13_x1,holdout,3,1059,headon,vfield,a1b21b3f06,ok,0,0,0,0,0,0,2.8647,1.7847,2.7258,2.0438,1.555,1,1,,8450,3.61
grid2:normNS,,,PR13_x1.25,holdout,3,1001,headon,vfield,5fb0cd270c,ok,0,0,0,0,0,0,4.341,1.8061,2.7258,2.0438,1.555,1,1,,8450,3.73
grid2:normNS,,,PR13_x1.25,holdout,3,1003,headon,vfield,5fb0cd270c,ok,0,0,0,0,0,0,6.2706,1.7847,2.7258,2.0438,1.555,1,1,,8450,3.77
grid2:normNS,,,PR13_x1.25,holdout,3,1005,headon,vfield,5fb0cd270c,ok,0,0,0,0,0,0,4.8775,1.2234,2.7258,2.0438,1.555,1,1,,8450,3.69
grid2:normNS,,,PR13_x1.25,holdout,3,1007,headon,vfield,5fb0cd270c,ok,0,0,0,0,0,0,1.9993,1.8154,2.7258,2.0438,1.555,1,1,,8450,3.64
grid2:normNS,,,PR13_x1.25,holdout,3,1009,headon,vfield,5fb0cd270c,ok,0,0,0,0,0,0,4.9307,1.8109,2.7258,2.0438,1.555,1,1,,8450,3.59
grid2:normNS,,,PR13_x1.25,holdout,3,1011,headon,vfield,5fb0cd270c,ok,0,0,0,0,0,0,3.5402,1.8033,2.7258,2.0438,1.555,1,1,,8450,3.69
grid2:normNS,,,PR13_x1.25,holdout,3,1013,headon,vfield,5fb0cd270c,ok,0,0,0,0,0,0,1.1882,2.6266,2.7258,2.0438,1.555,1,1,,8450,3.75
grid2:normNS,,,PR13_x1.25,holdout,3,1015,headon,vfield,5fb0cd270c,ok,0,0,0,0,0,0,4.1394,5.7068,2.7258,2.0438,1.555,1,1,,8450,3.72
grid2:normNS,,,PR13_x1.25,holdout,3,1017,headon,vfield,5fb0cd270c,ok,0,0,0,0,0,0,3.6052,1.7867,2.7258,2.0438,1.555,1,1,,8450,3.63
grid2:normNS,,,PR13_x1.25,holdout,3,1019,headon,vfield,5fb0cd270c,ok,0,0,0,0,0,0,4.2122,1.7847,2.7258,2.0438,1.555,1,1,,8450,3.54
grid2:normNS,,,PR13_x1.25,holdout,3,1021,headon,vfield,5fb0cd270c,ok,0,0,0,0,0,0,2.8357,1.7606,2.7258,2.0438,1.555,1,1,,8450,3.75
grid2:normNS,,,PR13_x1.25,holdout,3,1023,headon,vfield,5fb0cd270c,ok,0,0,0,0,0,0,9.6849,1.8128,2.7258,2.0438,1.555,1,1,,8450,3.68
grid2:normNS,,,PR13_x1.25,holdout,3,1025,headon,vfield,5fb0cd270c,ok,0,0,0,0,0,0,1.6028,1.7847,2.7258,2.0438,1.555,1,1,,8450,3.65
grid2:normNS,,,PR13_x1.25,holdout,3,1027,headon,vfield,5fb0cd270c,ok,0,0,0,0,0,0,4.0756,1.7675,2.7258,2.0438,1.555,1,1,,8450,3.57
grid2:normNS,,,PR13_x1.25,holdout,3,1029,headon,vfield,5fb0cd270c,ok,0,0,0,0,0,0,6.8501,1.8518,2.7258,2.0438,1.555,1,1,,8450,3.53
grid2:normNS,,,PR13_x1.25,holdout,3,1031,headon,vfield,5fb0cd270c,ok,0,0,0,0,0,0,3.8758,1.7953,2.7258,2.0438,1.555,1,1,,8450,3.56
grid2:normNS,,,PR13_x1.25,holdout,3,1033,headon,vfield,5fb0cd270c,ok,0,0,0,0,0,0,5.1125,1.8149,2.7258,2.0438,1.555,1,1,,8450,3.51
grid2:normNS,,,PR13_x1.25,holdout,3,1035,headon,vfield,5fb0cd270c,ok,0,0,0,0,0,0,5.773,1.8245,2.7258,2.0438,1.555,1,1,,8450,3.5
grid2:normNS,,,PR13_x1.25,holdout,3,1037,headon,vfield,5fb0cd270c,ok,0,0,0,0,0,0,6.5805,1.7855,2.7258,2.0438,1.555,1,1,,8450,3.54
grid2:normNS,,,PR13_x1.25,holdout,3,1039,headon,vfield,5fb0cd270c,ok,0,0,0,0,0,0,6.5403,1.4963,2.7258,2.0438,1.555,1,1,,8450,3.53
grid2:normNS,,,PR13_x1.25,holdout,3,1041,headon,vfield,5fb0cd270c,ok,0,0,0,0,0,0,4.687,1.788,2.7258,2.0438,1.555,1,1,,8450,3.52
grid2:normNS,,,PR13_x1.25,holdout,3,1043,headon,vfield,5fb0cd270c,ok,0,0,0,0,0,0,9.6658,1.8006,2.7258,2.0438,1.555,1,1,,8450,3.62
grid2:normNS,,,PR13_x1.25,holdout,3,1045,headon,vfield,5fb0cd270c,ok,0,0,0,0,0,0,4.5762,1.8265,2.7258,2.0438,1.555,1,1,,8450,3.6
grid2:normNS,,,PR13_x1.25,holdout,3,1047,headon,vfield,5fb0cd270c,ok,0,0,0,0,0,0,3.1654,1.9875,2.7258,2.0438,1.555,1,1,,8450,3.56
grid2:normNS,,,PR13_x1.25,holdout,3,1049,headon,vfield,5fb0cd270c,ok,0,0,0,0,0,0,5.2623,1.817,2.7258,2.0438,1.555,1,1,,8450,3.56
grid2:normNS,,,PR13_x1.25,holdout,3,1051,headon,vfield,5fb0cd270c,ok,0,0,0,0,0,0,7.0247,1.7839,2.7258,2.0438,1.555,1,1,,8450,3.66
grid2:normNS,,,PR13_x1.25,holdout,3,1053,headon,vfield,5fb0cd270c,ok,0,0,0,0,0,0,2.4122,1.9825,2.7258,2.0438,1.555,1,1,,8450,3.65
grid2:normNS,,,PR13_x1.25,holdout,3,1055,headon,vfield,5fb0cd270c,ok,0,0,0,0,0,0,5.9424,2.0199,2.7258,2.0438,1.555,1,1,,8450,3.64
grid2:normNS,,,PR13_x1.25,holdout,3,1057,headon,vfield,5fb0cd270c,ok,0,0,0,0,0,0,5.1786,2.0299,2.7258,2.0438,1.555,1,1,,8450,3.59
grid2:normNS,,,PR13_x1.25,holdout,3,1059,headon,vfield,5fb0cd270c,ok,0,0,0,0,0,0,6.4704,1.7847,2.7258,2.0438,1.555,1,1,,8450,3.61
grid2:normNS,,,PR13_x1.5,holdout,3,1001,headon,vfield,f2245ced3a,ok,0,0,0,0,0,0,6.9618,1.8542,2.7258,2.0438,1.555,1,1,,8450,3.71
grid2:normNS,,,PR13_x1.5,holdout,3,1003,headon,vfield,f2245ced3a,ok,0,0,0,0,0,0,6.8429,1.7847,2.7258,2.0438,1.555,1,1,,8450,3.71
grid2:normNS,,,PR13_x1.5,holdout,3,1005,headon,vfield,f2245ced3a,ok,0,0,0,0,0,0,5.1876,2.2797,2.7258,2.0438,1.555,1,1,,8450,3.62
grid2:normNS,,,PR13_x1.5,holdout,3,1007,headon,vfield,f2245ced3a,ok,0,0,0,0,0,0,8.0758,1.7847,2.7258,2.0438,1.555,1,1,,8450,3.71
grid2:normNS,,,PR13_x1.5,holdout,3,1009,headon,vfield,f2245ced3a,ok,0,0,0,0,0,0,7.0734,1.9997,2.7258,2.0438,1.555,1,1,,8450,3.69
grid2:normNS,,,PR13_x1.5,holdout,3,1011,headon,vfield,f2245ced3a,ok,0,0,0,0,0,0,6.3511,1.7869,2.7258,2.0438,1.555,1,1,,8450,3.7
grid2:normNS,,,PR13_x1.5,holdout,3,1013,headon,vfield,f2245ced3a,ok,0,0,0,0,0,0,5.6155,1.9803,2.7258,2.0438,1.555,1,1,,8450,3.67
grid2:normNS,,,PR13_x1.5,holdout,3,1015,headon,vfield,f2245ced3a,ok,1,0,1,0,0,0,3.0035,0.7357,2.7258,2.0438,1.555,1,1,23.79,8450,3.68
grid2:normNS,,,PR13_x1.5,holdout,3,1017,headon,vfield,f2245ced3a,ok,0,0,0,0,0,0,5.3284,1.6645,2.7258,2.0438,1.555,1,1,,8450,3.53
grid2:normNS,,,PR13_x1.5,holdout,3,1019,headon,vfield,f2245ced3a,ok,0,0,0,0,0,0,5.4784,1.7847,2.7258,2.0438,1.555,1,1,,8450,3.5
grid2:normNS,,,PR13_x1.5,holdout,3,1021,headon,vfield,f2245ced3a,ok,0,0,0,0,0,0,6.4134,1.9777,2.7258,2.0438,1.555,1,1,,8450,3.64
grid2:normNS,,,PR13_x1.5,holdout,3,1023,headon,vfield,f2245ced3a,ok,0,0,0,0,0,0,8.8693,1.7847,2.7258,2.0438,1.555,1,1,,8450,3.49
grid2:normNS,,,PR13_x1.5,holdout,3,1025,headon,vfield,f2245ced3a,ok,1,0,0,0,1,0,0.3473,1.7847,2.7258,2.0438,1.555,1,1,27.34,8450,3.53
grid2:normNS,,,PR13_x1.5,holdout,3,1027,headon,vfield,f2245ced3a,ok,0,0,0,0,0,0,4.8819,1.574,2.7258,2.0438,1.555,1,1,,8450,3.47
grid2:normNS,,,PR13_x1.5,holdout,3,1029,headon,vfield,f2245ced3a,ok,0,0,0,0,0,0,6.5321,1.943,2.7258,2.0438,1.555,1,1,,8450,3.55
grid2:normNS,,,PR13_x1.5,holdout,3,1031,headon,vfield,f2245ced3a,ok,0,0,0,0,0,0,5.3925,1.7847,2.7258,2.0438,1.555,1,1,,8450,3.55
grid2:normNS,,,PR13_x1.5,holdout,3,1033,headon,vfield,f2245ced3a,ok,0,0,0,0,0,0,6.8099,1.7774,2.7258,2.0438,1.555,1,1,,8450,3.5
grid2:normNS,,,PR13_x1.5,holdout,3,1035,headon,vfield,f2245ced3a,ok,0,0,0,0,0,0,7.4407,1.8388,2.7258,2.0438,1.555,1,1,,8450,3.53
grid2:normNS,,,PR13_x1.5,holdout,3,1037,headon,vfield,f2245ced3a,ok,0,0,0,0,0,0,3.1768,1.3851,2.7258,2.0438,1.555,1,1,,8450,3.54
grid2:normNS,,,PR13_x1.5,holdout,3,1039,headon,vfield,f2245ced3a,ok,0,0,0,0,0,0,5.3887,1.5986,2.7258,2.0438,1.555,1,1,,8450,3.61
grid2:normNS,,,PR13_x1.5,holdout,3,1041,headon,vfield,f2245ced3a,ok,0,0,0,0,0,0,6.8578,1.7882,2.7258,2.0438,1.555,1,1,,8450,3.57
grid2:normNS,,,PR13_x1.5,holdout,3,1043,headon,vfield,f2245ced3a,ok,0,0,0,0,0,0,6.3946,1.7847,2.7258,2.0438,1.555,1,1,,8450,3.56
grid2:normNS,,,PR13_x1.5,holdout,3,1045,headon,vfield,f2245ced3a,ok,0,0,0,0,0,0,7.8664,2.0048,2.7258,2.0438,1.555,1,1,,8450,3.52
grid2:normNS,,,PR13_x1.5,holdout,3,1047,headon,vfield,f2245ced3a,ok,0,0,0,0,0,0,6.0952,2.0801,2.7258,2.0438,1.555,1,1,,8450,3.55
grid2:normNS,,,PR13_x1.5,holdout,3,1049,headon,vfield,f2245ced3a,ok,0,0,0,0,0,0,5.7326,1.7927,2.7258,2.0438,1.555,1,1,,8450,3.5
grid2:normNS,,,PR13_x1.5,holdout,3,1051,headon,vfield,f2245ced3a,ok,0,0,0,0,0,0,7.047,1.7847,2.7258,2.0438,1.555,1,1,,8450,3.57
grid2:normNS,,,PR13_x1.5,holdout,3,1053,headon,vfield,f2245ced3a,ok,0,0,0,0,0,0,6.8624,1.9964,2.7258,2.0438,1.555,1,1,,8450,3.54
grid2:normNS,,,PR13_x1.5,holdout,3,1055,headon,vfield,f2245ced3a,ok,0,0,0,0,0,0,3.3753,1.9937,2.7258,2.0438,1.555,1,1,,8450,3.49
grid2:normNS,,,PR13_x1.5,holdout,3,1057,headon,vfield,f2245ced3a,ok,0,0,0,0,0,0,5.6991,2.0131,2.7258,2.0438,1.555,1,1,,8450,3.52
grid2:normNS,,,PR13_x1.5,holdout,3,1059,headon,vfield,f2245ced3a,ok,0,0,0,0,0,0,4.693,1.7847,2.7258,2.0438,1.555,1,1,,8450,3.59
grid2:normNS,,,PR13_x2,holdout,3,1001,headon,vfield,85cc463575,ok,0,0,0,0,0,0,4.6204,1.7847,2.7258,2.0438,1.555,1,1,,8450,3.51
grid2:normNS,,,PR13_x2,holdout,3,1003,headon,vfield,85cc463575,ok,0,0,0,0,0,0,6.9768,1.7847,2.7258,2.0438,1.555,1,1,,8450,3.54
grid2:normNS,,,PR13_x2,holdout,3,1005,headon,vfield,85cc463575,ok,0,0,0,0,0,0,5.0938,7.7251,2.7258,2.0438,1.555,1,1,,8450,3.51
grid2:normNS,,,PR13_x2,holdout,3,1007,headon,vfield,85cc463575,ok,0,0,0,0,0,0,7.2855,1.7847,2.7258,2.0438,1.555,1,1,,8450,3.51
grid2:normNS,,,PR13_x2,holdout,3,1009,headon,vfield,85cc463575,ok,0,0,0,0,0,0,3.2863,2.0315,2.7258,2.0438,1.555,1,1,,8450,3.52
grid2:normNS,,,PR13_x2,holdout,3,1011,headon,vfield,85cc463575,ok,0,0,0,0,0,0,6.9421,2.0315,2.7258,2.0438,1.555,1,1,,8450,3.65
grid2:normNS,,,PR13_x2,holdout,3,1013,headon,vfield,85cc463575,ok,0,0,0,0,0,0,4.6333,1.4843,2.7258,2.0438,1.555,1,1,,8450,3.53
grid2:normNS,,,PR13_x2,holdout,3,1015,headon,vfield,85cc463575,ok,0,0,0,0,0,0,5.8912,5.1669,2.7258,2.0438,1.555,1,1,,8450,3.47
grid2:normNS,,,PR13_x2,holdout,3,1017,headon,vfield,85cc463575,ok,0,0,0,0,0,0,5.2663,5.1118,2.7258,2.0438,1.555,1,1,,8450,3.58
grid2:normNS,,,PR13_x2,holdout,3,1019,headon,vfield,85cc463575,ok,0,0,0,0,0,0,2.7603,1.7847,2.7258,2.0438,1.555,1,1,,8450,3.58
grid2:normNS,,,PR13_x2,holdout,3,1021,headon,vfield,85cc463575,ok,0,0,0,0,0,0,3.7066,2.1036,2.7258,2.0438,1.555,1,1,,8450,3.5
grid2:normNS,,,PR13_x2,holdout,3,1023,headon,vfield,85cc463575,ok,0,0,0,0,0,0,8.4808,1.9777,2.7258,2.0438,1.555,1,1,,8450,3.48
grid2:normNS,,,PR13_x2,holdout,3,1025,headon,vfield,85cc463575,ok,0,0,0,0,0,0,5.2987,1.7847,2.7258,2.0438,1.555,1,1,,8450,3.61
grid2:normNS,,,PR13_x2,holdout,3,1027,headon,vfield,85cc463575,ok,0,0,0,0,0,0,8.4579,2.5706,2.7258,2.0438,1.555,1,1,,8450,3.53
grid2:normNS,,,PR13_x2,holdout,3,1029,headon,vfield,85cc463575,ok,0,0,0,0,0,0,3.9264,2.1562,2.7258,2.0438,1.555,1,1,,8450,3.52
grid2:normNS,,,PR13_x2,holdout,3,1031,headon,vfield,85cc463575,ok,0,0,0,0,0,0,5.2132,1.9557,2.7258,2.0438,1.555,1,1,,8450,3.53
grid2:normNS,,,PR13_x2,holdout,3,1033,headon,vfield,85cc463575,ok,0,0,0,0,0,0,3.0661,1.7847,2.7258,2.0438,1.555,1,1,,8450,3.72
grid2:normNS,,,PR13_x2,holdout,3,1035,headon,vfield,85cc463575,ok,0,0,0,0,0,0,7.9965,4.7171,2.7258,2.0438,1.555,1,1,,8450,3.61
grid2:normNS,,,PR13_x2,holdout,3,1037,headon,vfield,85cc463575,ok,0,0,0,0,0,0,2.7946,1.7859,2.7258,2.0438,1.555,1,1,,8450,3.72
grid2:normNS,,,PR13_x2,holdout,3,1039,headon,vfield,85cc463575,ok,0,0,0,0,0,0,4.6819,4.8015,2.7258,2.0438,1.555,1,1,,8450,3.68
grid2:normNS,,,PR13_x2,holdout,3,1041,headon,vfield,85cc463575,ok,0,0,0,0,0,0,6.9445,2.0105,2.7258,2.0438,1.555,1,1,,8450,3.65
grid2:normNS,,,PR13_x2,holdout,3,1043,headon,vfield,85cc463575,ok,0,0,0,0,0,0,1.7042,1.7847,2.7258,2.0438,1.555,1,1,,8450,3.87
grid2:normNS,,,PR13_x2,holdout,3,1045,headon,vfield,85cc463575,ok,0,0,0,0,0,0,5.0417,1.8157,2.7258,2.0438,1.555,1,1,,8450,3.67
grid2:normNS,,,PR13_x2,holdout,3,1047,headon,vfield,85cc463575,ok,1,0,1,0,0,0,9.7679,0.2067,2.7258,2.0438,1.555,1,1,27.04,8450,3.7
grid2:normNS,,,PR13_x2,holdout,3,1049,headon,vfield,85cc463575,ok,0,0,0,0,0,0,5.0625,1.0695,2.7258,2.0438,1.555,1,1,,8450,3.5
grid2:normNS,,,PR13_x2,holdout,3,1051,headon,vfield,85cc463575,ok,0,0,0,0,0,0,6.0405,1.785,2.7258,2.0438,1.555,1,1,,8450,3.47
grid2:normNS,,,PR13_x2,holdout,3,1053,headon,vfield,85cc463575,ok,0,0,0,0,0,0,6.5723,1.1854,2.7258,2.0438,1.555,1,1,,8450,3.68
grid2:normNS,,,PR13_x2,holdout,3,1055,headon,vfield,85cc463575,ok,0,0,0,0,0,0,3.8562,2.0029,2.7258,2.0438,1.555,1,1,,8450,3.67
grid2:normNS,,,PR13_x2,holdout,3,1057,headon,vfield,85cc463575,ok,0,0,0,0,0,0,2.341,3.2327,2.7258,2.0438,1.555,1,1,,8450,3.6
grid2:normNS,,,PR13_x2,holdout,3,1059,headon,vfield,85cc463575,ok,0,0,0,0,0,0,5.3143,1.7848,2.7258,2.0438,1.555,1,1,,8450,3.57
grid2:normNS,,,PR16_x0.5,holdout,3,1001,headon,vfield,0c476ff325,ok,0,0,0,0,0,0,3.8487,3.369,2.7258,2.0438,1.555,1,1,,8450,3.5
grid2:normNS,,,PR16_x0.5,holdout,3,1003,headon,vfield,0c476ff325,ok,0,0,0,0,0,0,7.3211,3.3392,2.7258,2.0438,1.555,1,1,,8450,3.47
grid2:normNS,,,PR16_x0.5,holdout,3,1005,headon,vfield,0c476ff325,ok,0,0,0,0,0,0,3.0355,3.7478,2.7258,2.0438,1.555,1,1,,8450,3.66
grid2:normNS,,,PR16_x0.5,holdout,3,1007,headon,vfield,0c476ff325,ok,0,0,0,0,0,0,5.4497,3.3466,2.7258,2.0438,1.555,1,1,,8450,3.62
grid2:normNS,,,PR16_x0.5,holdout,3,1009,headon,vfield,0c476ff325,ok,0,0,0,0,0,0,5.5584,3.3267,2.7258,2.0438,1.555,1,1,,8450,3.89
grid2:normNS,,,PR16_x0.5,holdout,3,1011,headon,vfield,0c476ff325,ok,0,0,0,0,0,0,4.7222,3.3271,2.7258,2.0438,1.555,1,1,,8450,3.58
grid2:normNS,,,PR16_x0.5,holdout,3,1013,headon,vfield,0c476ff325,ok,0,0,0,0,0,0,2.3149,1.8365,2.7258,2.0438,1.555,1,1,,8450,3.56
grid2:normNS,,,PR16_x0.5,holdout,3,1015,headon,vfield,0c476ff325,ok,0,0,0,0,0,0,6.7264,3.367,2.7258,2.0438,1.555,1,1,,8450,3.68
grid2:normNS,,,PR16_x0.5,holdout,3,1017,headon,vfield,0c476ff325,ok,0,0,0,0,0,0,6.5147,3.3737,2.7258,2.0438,1.555,1,1,,8450,3.61
grid2:normNS,,,PR16_x0.5,holdout,3,1019,headon,vfield,0c476ff325,ok,0,0,0,0,0,0,2.4068,3.7483,2.7258,2.0438,1.555,1,1,,8450,3.55
grid2:normNS,,,PR16_x0.5,holdout,3,1021,headon,vfield,0c476ff325,ok,0,0,0,0,0,0,7.4503,3.3261,2.7258,2.0438,1.555,1,1,,8450,3.78
grid2:normNS,,,PR16_x0.5,holdout,3,1023,headon,vfield,0c476ff325,ok,0,0,0,0,0,0,3.7895,3.3267,2.7258,2.0438,1.555,1,1,,8450,3.6
grid2:normNS,,,PR16_x0.5,holdout,3,1025,headon,vfield,0c476ff325,ok,0,0,0,0,0,0,3.6616,3.3316,2.7258,2.0438,1.555,1,1,,8450,3.62
grid2:normNS,,,PR16_x0.5,holdout,3,1027,headon,vfield,0c476ff325,ok,0,0,0,0,0,0,7.418,3.3737,2.7258,2.0438,1.555,1,1,,8450,3.59
grid2:normNS,,,PR16_x0.5,holdout,3,1029,headon,vfield,0c476ff325,ok,0,0,0,0,0,0,2.4623,3.7483,2.7258,2.0438,1.555,1,1,,8450,3.71
grid2:normNS,,,PR16_x0.5,holdout,3,1031,headon,vfield,0c476ff325,ok,0,0,0,0,0,0,8.4929,3.325,2.7258,2.0438,1.555,1,1,,8450,3.54
grid2:normNS,,,PR16_x0.5,holdout,3,1033,headon,vfield,0c476ff325,ok,0,0,0,0,0,0,2.7143,3.1719,2.7258,2.0438,1.555,1,1,,8450,3.5
grid2:normNS,,,PR16_x0.5,holdout,3,1035,headon,vfield,0c476ff325,ok,0,0,0,0,0,0,4.2079,3.3607,2.7258,2.0438,1.555,1,1,,8450,3.58
grid2:normNS,,,PR16_x0.5,holdout,3,1037,headon,vfield,0c476ff325,ok,0,0,0,0,0,0,1.9568,3.3737,2.7258,2.0438,1.555,1,1,,8450,3.51
grid2:normNS,,,PR16_x0.5,holdout,3,1039,headon,vfield,0c476ff325,ok,0,0,0,0,0,0,7.4953,3.3267,2.7258,2.0438,1.555,1,1,,8450,3.56
grid2:normNS,,,PR16_x0.5,holdout,3,1041,headon,vfield,0c476ff325,ok,0,0,0,0,0,0,3.9758,3.7483,2.7258,2.0438,1.555,1,1,,8450,3.56
grid2:normNS,,,PR16_x0.5,holdout,3,1043,headon,vfield,0c476ff325,ok,0,0,0,0,0,0,7.27,3.3345,2.7258,2.0438,1.555,1,1,,8450,3.53
grid2:normNS,,,PR16_x0.5,holdout,3,1045,headon,vfield,0c476ff325,ok,0,0,0,0,0,0,7.5738,3.3381,2.7258,2.0438,1.555,1,1,,8450,3.58
grid2:normNS,,,PR16_x0.5,holdout,3,1047,headon,vfield,0c476ff325,ok,0,0,0,0,0,0,6.6807,3.3265,2.7258,2.0438,1.555,1,1,,8450,3.53
grid2:normNS,,,PR16_x0.5,holdout,3,1049,headon,vfield,0c476ff325,ok,0,0,0,0,0,0,1.3508,3.7526,2.7258,2.0438,1.555,1,1,,8450,3.69
grid2:normNS,,,PR16_x0.5,holdout,3,1051,headon,vfield,0c476ff325,ok,0,0,0,0,0,0,5.5363,3.3465,2.7258,2.0438,1.555,1,1,,8450,3.79
grid2:normNS,,,PR16_x0.5,holdout,3,1053,headon,vfield,0c476ff325,ok,0,0,0,0,0,0,5.0571,2.7781,2.7258,2.0438,1.555,1,1,,8450,3.52
grid2:normNS,,,PR16_x0.5,holdout,3,1055,headon,vfield,0c476ff325,ok,0,0,0,0,0,0,7.0265,3.594,2.7258,2.0438,1.555,1,1,,8450,3.54
grid2:normNS,,,PR16_x0.5,holdout,3,1057,headon,vfield,0c476ff325,ok,0,0,0,0,0,0,3.1256,2.9828,2.7258,2.0438,1.555,1,1,,8450,3.53
grid2:normNS,,,PR16_x0.5,holdout,3,1059,headon,vfield,0c476ff325,ok,0,0,0,0,0,0,4.0461,3.4067,2.7258,2.0438,1.555,1,1,,8450,3.58
grid2:normNS,,,PR16_x0.75,holdout,3,1001,headon,vfield,f440996377,ok,0,0,0,0,0,0,6.556,3.421,2.7258,2.0438,1.555,1,1,,8450,3.51
grid2:normNS,,,PR16_x0.75,holdout,3,1003,headon,vfield,f440996377,ok,0,0,0,0,0,0,7.6044,2.3065,2.7258,2.0438,1.555,1,1,,8450,3.5
grid2:normNS,,,PR16_x0.75,holdout,3,1005,headon,vfield,f440996377,ok,0,0,0,0,0,0,3.3706,3.4033,2.7258,2.0438,1.555,1,1,,8450,3.66
grid2:normNS,,,PR16_x0.75,holdout,3,1007,headon,vfield,f440996377,ok,0,0,0,0,0,0,5.5559,3.3455,2.7258,2.0438,1.555,1,1,,8450,3.47
grid2:normNS,,,PR16_x0.75,holdout,3,1009,headon,vfield,f440996377,ok,0,0,0,0,0,0,4.1883,3.3455,2.7258,2.0438,1.555,1,1,,8450,3.55
grid2:normNS,,,PR16_x0.75,holdout,3,1011,headon,vfield,f440996377,ok,0,0,0,0,0,0,5.8158,3.3737,2.7258,2.0438,1.555,1,1,,8450,3.56
grid2:normNS,,,PR16_x0.75,holdout,3,1013,headon,vfield,f440996377,ok,0,0,0,0,0,0,5.0433,3.8464,2.7258,2.0438,1.555,1,1,,8450,3.52
grid2:normNS,,,PR16_x0.75,holdout,3,1015,headon,vfield,f440996377,ok,0,0,0,0,0,0,6.9735,3.4237,2.7258,2.0438,1.555,1,1,,8450,3.54
grid2:normNS,,,PR16_x0.75,holdout,3,1017,headon,vfield,f440996377,ok,0,0,0,0,0,0,8.9256,3.3435,2.7258,2.0438,1.555,1,1,,8450,3.46
grid2:normNS,,,PR16_x0.75,holdout,3,1019,headon,vfield,f440996377,ok,0,0,0,0,0,0,1.669,3.3418,2.7258,2.0438,1.555,1,1,,8450,3.47
grid2:normNS,,,PR16_x0.75,holdout,3,1021,headon,vfield,f440996377,ok,0,0,0,0,0,0,2.3852,3.3487,2.7258,2.0438,1.555,1,1,,8450,3.53
grid2:normNS,,,PR16_x0.75,holdout,3,1023,headon,vfield,f440996377,ok,0,0,0,0,0,0,4.3696,3.3417,2.7258,2.0438,1.555,1,1,,8450,3.49
grid2:normNS,,,PR16_x0.75,holdout,3,1025,headon,vfield,f440996377,ok,0,0,0,0,0,0,2.6339,1.814,2.7258,2.0438,1.555,1,1,,8450,3.56
grid2:normNS,,,PR16_x0.75,holdout,3,1027,headon,vfield,f440996377,ok,0,0,0,0,0,0,6.9405,3.3737,2.7258,2.0438,1.555,1,1,,8450,3.48
grid2:normNS,,,PR16_x0.75,holdout,3,1029,headon,vfield,f440996377,ok,0,0,0,0,0,0,3.8557,3.0667,2.7258,2.0438,1.555,1,1,,8450,3.52
grid2:normNS,,,PR16_x0.75,holdout,3,1031,headon,vfield,f440996377,ok,0,0,0,0,0,0,5.794,3.3125,2.7258,2.0438,1.555,1,1,,8450,3.55
grid2:normNS,,,PR16_x0.75,holdout,3,1033,headon,vfield,f440996377,ok,0,0,0,0,0,0,10.0202,3.4742,2.7258,2.0438,1.555,1,1,,8450,3.46
grid2:normNS,,,PR16_x0.75,holdout,3,1035,headon,vfield,f440996377,ok,0,0,0,0,0,0,2.4336,3.3423,2.7258,2.0438,1.555,1,1,,8450,3.54
grid2:normNS,,,PR16_x0.75,holdout,3,1037,headon,vfield,f440996377,ok,0,0,0,0,0,0,3.7935,3.3465,2.7258,2.0438,1.555,1,1,,8450,3.53
grid2:normNS,,,PR16_x0.75,holdout,3,1039,headon,vfield,f440996377,ok,0,0,0,0,0,0,9.2416,3.3449,2.7258,2.0438,1.555,1,1,,8450,3.53
grid2:normNS,,,PR16_x0.75,holdout,3,1041,headon,vfield,f440996377,ok,0,0,0,0,0,0,4.8838,3.3443,2.7258,2.0438,1.555,1,1,,8450,3.64
grid2:normNS,,,PR16_x0.75,holdout,3,1043,headon,vfield,f440996377,ok,0,0,0,0,0,0,3.514,3.3456,2.7258,2.0438,1.555,1,1,,8450,3.52
grid2:normNS,,,PR16_x0.75,holdout,3,1045,headon,vfield,f440996377,ok,0,0,0,0,0,0,3.1435,3.3448,2.7258,2.0438,1.555,1,1,,8450,3.62
grid2:normNS,,,PR16_x0.75,holdout,3,1047,headon,vfield,f440996377,ok,0,0,0,0,0,0,3.5876,3.3481,2.7258,2.0438,1.555,1,1,,8450,3.53
grid2:normNS,,,PR16_x0.75,holdout,3,1049,headon,vfield,f440996377,ok,0,0,0,0,0,0,6.1362,1.679,2.7258,2.0438,1.555,1,1,,8450,3.52
grid2:normNS,,,PR16_x0.75,holdout,3,1051,headon,vfield,f440996377,ok,0,0,0,0,0,0,3.8461,3.292,2.7258,2.0438,1.555,1,1,,8450,3.56
grid2:normNS,,,PR16_x0.75,holdout,3,1053,headon,vfield,f440996377,ok,0,0,0,0,0,0,6.429,3.4001,2.7258,2.0438,1.555,1,1,,8450,3.5
grid2:normNS,,,PR16_x0.75,holdout,3,1055,headon,vfield,f440996377,ok,0,0,0,0,0,0,5.1628,3.9444,2.7258,2.0438,1.555,1,1,,8450,3.59
grid2:normNS,,,PR16_x0.75,holdout,3,1057,headon,vfield,f440996377,ok,0,0,0,0,0,0,3.0954,3.4486,2.7258,2.0438,1.555,1,1,,8450,3.57
grid2:normNS,,,PR16_x0.75,holdout,3,1059,headon,vfield,f440996377,ok,0,0,0,0,0,0,5.6638,3.3737,2.7258,2.0438,1.555,1,1,,8450,3.52
grid2:normNS,,,PR16_x1,holdout,3,1001,headon,vfield,c42c18dc9d,ok,0,0,0,0,0,0,8.8191,3.3289,2.7258,2.0438,1.555,1,1,,8450,3.6
grid2:normNS,,,PR16_x1,holdout,3,1003,headon,vfield,c42c18dc9d,ok,0,0,0,0,0,0,5.083,3.3737,2.7258,2.0438,1.555,1,1,,8450,3.48
grid2:normNS,,,PR16_x1,holdout,3,1005,headon,vfield,c42c18dc9d,ok,0,0,0,0,0,0,4.6906,3.3399,2.7258,2.0438,1.555,1,1,,8450,3.56
grid2:normNS,,,PR16_x1,holdout,3,1007,headon,vfield,c42c18dc9d,ok,0,0,0,0,0,0,9.5776,3.3737,2.7258,2.0438,1.555,1,1,,8450,3.49
grid2:normNS,,,PR16_x1,holdout,3,1009,headon,vfield,c42c18dc9d,ok,0,0,0,0,0,0,3.3405,3.7008,2.7258,2.0438,1.555,1,1,,8450,3.47
grid2:normNS,,,PR16_x1,holdout,3,1011,headon,vfield,c42c18dc9d,ok,0,0,0,0,0,0,5.6929,3.3737,2.7258,2.0438,1.555,1,1,,8450,3.56
grid2:normNS,,,PR16_x1,holdout,3,1013,headon,vfield,c42c18dc9d,ok,0,0,0,0,0,0,6.3879,3.4568,2.7258,2.0438,1.555,1,1,,8450,3.45
grid2:normNS,,,PR16_x1,holdout,3,1015,headon,vfield,c42c18dc9d,ok,0,0,0,0,0,0,7.2256,7.5203,2.7258,2.0438,1.555,1,1,,8450,3.48
grid2:normNS,,,PR16_x1,holdout,3,1017,headon,vfield,c42c18dc9d,ok,0,0,0,0,0,0,6.3331,3.3738,2.7258,2.0438,1.555,1,1,,8450,3.53
grid2:normNS,,,PR16_x1,holdout,3,1019,headon,vfield,c42c18dc9d,ok,0,0,0,0,0,0,5.5549,3.404,2.7258,2.0438,1.555,1,1,,8450,3.59
grid2:normNS,,,PR16_x1,holdout,3,1021,headon,vfield,c42c18dc9d,ok,0,0,0,0,0,0,4.7877,3.3737,2.7258,2.0438,1.555,1,1,,8450,3.61
grid2:normNS,,,PR16_x1,holdout,3,1023,headon,vfield,c42c18dc9d,ok,0,0,0,0,0,0,5.5064,3.3737,2.7258,2.0438,1.555,1,1,,8450,3.47
grid2:normNS,,,PR16_x1,holdout,3,1025,headon,vfield,c42c18dc9d,ok,0,0,0,0,0,0,6.0294,3.3407,2.7258,2.0438,1.555,1,1,,8450,3.54
grid2:normNS,,,PR16_x1,holdout,3,1027,headon,vfield,c42c18dc9d,ok,0,0,0,0,0,0,8.4071,3.3737,2.7258,2.0438,1.555,1,1,,8450,3.51
grid2:normNS,,,PR16_x1,holdout,3,1029,headon,vfield,c42c18dc9d,ok,0,0,0,0,0,0,8.4121,1.286,2.7258,2.0438,1.555,1,1,,8450,3.54
grid2:normNS,,,PR16_x1,holdout,3,1031,headon,vfield,c42c18dc9d,ok,0,0,0,0,0,0,5.9556,3.3737,2.7258,2.0438,1.555,1,1,,8450,3.56
grid2:normNS,,,PR16_x1,holdout,3,1033,headon,vfield,c42c18dc9d,ok,0,0,0,0,0,0,8.5568,3.3737,2.7258,2.0438,1.555,1,1,,8450,3.5
grid2:normNS,,,PR16_x1,holdout,3,1035,headon,vfield,c42c18dc9d,ok,0,0,0,0,0,0,3.812,3.3287,2.7258,2.0438,1.555,1,1,,8450,3.58
grid2:normNS,,,PR16_x1,holdout,3,1037,headon,vfield,c42c18dc9d,ok,0,0,0,0,0,0,6.3817,3.3737,2.7258,2.0438,1.555,1,1,,8450,3.54
grid2:normNS,,,PR16_x1,holdout,3,1039,headon,vfield,c42c18dc9d,ok,0,0,0,0,0,0,5.1687,3.3907,2.7258,2.0438,1.555,1,1,,8450,3.49
grid2:normNS,,,PR16_x1,holdout,3,1041,headon,vfield,c42c18dc9d,ok,0,0,0,0,0,0,5.4499,3.3736,2.7258,2.0438,1.555,1,1,,8450,3.51
grid2:normNS,,,PR16_x1,holdout,3,1043,headon,vfield,c42c18dc9d,ok,0,0,0,0,0,0,6.2166,3.3737,2.7258,2.0438,1.555,1,1,,8450,3.53
grid2:normNS,,,PR16_x1,holdout,3,1045,headon,vfield,c42c18dc9d,ok,0,0,0,0,0,0,5.2148,3.3318,2.7258,2.0438,1.555,1,1,,8450,3.59
grid2:normNS,,,PR16_x1,holdout,3,1047,headon,vfield,c42c18dc9d,ok,0,0,0,0,0,0,5.6099,3.4249,2.7258,2.0438,1.555,1,1,,8450,3.68
grid2:normNS,,,PR16_x1,holdout,3,1049,headon,vfield,c42c18dc9d,ok,0,0,0,0,0,0,2.771,3.3736,2.7258,2.0438,1.555,1,1,,8450,3.54
grid2:normNS,,,PR16_x1,holdout,3,1051,headon,vfield,c42c18dc9d,ok,0,0,0,0,0,0,5.3659,3.3713,2.7258,2.0438,1.555,1,1,,8450,3.55
grid2:normNS,,,PR16_x1,holdout,3,1053,headon,vfield,c42c18dc9d,ok,0,0,0,0,0,0,4.7942,3.745,2.7258,2.0438,1.555,1,1,,8450,3.48
grid2:normNS,,,PR16_x1,holdout,3,1055,headon,vfield,c42c18dc9d,ok,0,0,0,0,0,0,5.1133,3.7648,2.7258,2.0438,1.555,1,1,,8450,3.54
grid2:normNS,,,PR16_x1,holdout,3,1057,headon,vfield,c42c18dc9d,ok,0,0,0,0,0,0,4.6151,3.7902,2.7258,2.0438,1.555,1,1,,8450,3.52
grid2:normNS,,,PR16_x1,holdout,3,1059,headon,vfield,c42c18dc9d,ok,0,0,0,0,0,0,4.3312,3.3737,2.7258,2.0438,1.555,1,1,,8450,3.51
grid2:normNS,,,PR16_x1.25,holdout,3,1001,headon,vfield,122d1c16dd,ok,0,0,0,0,0,0,8.1025,3.7285,2.7258,2.0438,1.555,1,1,,8450,3.55
grid2:normNS,,,PR16_x1.25,holdout,3,1003,headon,vfield,122d1c16dd,ok,0,0,0,0,0,0,7.3194,3.3737,2.7258,2.0438,1.555,1,1,,8450,3.52
grid2:normNS,,,PR16_x1.25,holdout,3,1005,headon,vfield,122d1c16dd,ok,0,0,0,0,0,0,5.4095,7.1065,2.7258,2.0438,1.555,1,1,,8450,3.65
grid2:normNS,,,PR16_x1.25,holdout,3,1007,headon,vfield,122d1c16dd,ok,0,0,0,0,0,0,2.9749,3.3737,2.7258,2.0438,1.555,1,1,,8450,3.54
grid2:normNS,,,PR16_x1.25,holdout,3,1009,headon,vfield,122d1c16dd,ok,0,0,0,0,0,0,5.4505,3.782,2.7258,2.0438,1.555,1,1,,8450,3.54
grid2:normNS,,,PR16_x1.25,holdout,3,1011,headon,vfield,122d1c16dd,ok,0,0,0,0,0,0,2.3717,3.3681,2.7258,2.0438,1.555,1,1,,8450,3.49
grid2:normNS,,,PR16_x1.25,holdout,3,1013,headon,vfield,122d1c16dd,ok,0,0,0,0,0,0,6.2543,8.4994,2.7258,2.0438,1.555,1,1,,8450,3.51
grid2:normNS,,,PR16_x1.25,holdout,3,1015,headon,vfield,122d1c16dd,ok,0,0,0,0,0,0,5.0332,6.182,2.7258,2.0438,1.555,1,1,,8450,3.56
grid2:normNS,,,PR16_x1.25,holdout,3,1017,headon,vfield,122d1c16dd,ok,0,0,0,0,0,0,7.99,3.4538,2.7258,2.0438,1.555,1,1,,8450,3.56
grid2:normNS,,,PR16_x1.25,holdout,3,1019,headon,vfield,122d1c16dd,ok,0,0,0,0,0,0,6.6959,3.3726,2.7258,2.0438,1.555,1,1,,8450,3.46
grid2:normNS,,,PR16_x1.25,holdout,3,1021,headon,vfield,122d1c16dd,ok,0,0,0,0,0,0,6.845,3.4577,2.7258,2.0438,1.555,1,1,,8450,3.53
grid2:normNS,,,PR16_x1.25,holdout,3,1023,headon,vfield,122d1c16dd,ok,0,0,0,0,0,0,10.4597,3.4368,2.7258,2.0438,1.555,1,1,,8450,3.57
grid2:normNS,,,PR16_x1.25,holdout,3,1025,headon,vfield,122d1c16dd,ok,0,0,0,0,0,0,2.7494,3.3737,2.7258,2.0438,1.555,1,1,,8450,3.52
grid2:normNS,,,PR16_x1.25,holdout,3,1027,headon,vfield,122d1c16dd,ok,0,0,0,0,0,0,1.5374,3.3993,2.7258,2.0438,1.555,1,1,,8450,3.59
grid2:normNS,,,PR16_x1.25,holdout,3,1029,headon,vfield,122d1c16dd,ok,0,0,0,0,0,0,6.2113,3.6888,2.7258,2.0438,1.555,1,1,,8450,3.5
grid2:normNS,,,PR16_x1.25,holdout,3,1031,headon,vfield,122d1c16dd,ok,0,0,0,0,0,0,7.5183,3.3737,2.7258,2.0438,1.555,1,1,,8450,3.5
grid2:normNS,,,PR16_x1.25,holdout,3,1033,headon,vfield,122d1c16dd,ok,0,0,0,0,0,0,5.9461,3.4652,2.7258,2.0438,1.555,1,1,,8450,3.5
grid2:normNS,,,PR16_x1.25,holdout,3,1035,headon,vfield,122d1c16dd,ok,0,0,0,0,0,0,7.1076,3.4928,2.7258,2.0438,1.555,1,1,,8450,3.52
grid2:normNS,,,PR16_x1.25,holdout,3,1037,headon,vfield,122d1c16dd,ok,0,0,0,0,0,0,7.4551,3.3893,2.7258,2.0438,1.555,1,1,,8450,3.54
grid2:normNS,,,PR16_x1.25,holdout,3,1039,headon,vfield,122d1c16dd,ok,0,0,0,0,0,0,7.9057,3.7173,2.7258,2.0438,1.555,1,1,,8450,3.57
grid2:normNS,,,PR16_x1.25,holdout,3,1041,headon,vfield,122d1c16dd,ok,0,0,0,0,0,0,1.1925,3.5018,2.7258,2.0438,1.555,1,1,,8450,3.81
grid2:normNS,,,PR16_x1.25,holdout,3,1043,headon,vfield,122d1c16dd,ok,0,0,0,0,0,0,8.6601,3.3737,2.7258,2.0438,1.555,1,1,,8450,3.51
grid2:normNS,,,PR16_x1.25,holdout,3,1045,headon,vfield,122d1c16dd,ok,0,0,0,0,0,0,6.6691,3.5265,2.7258,2.0438,1.555,1,1,,8450,3.55
grid2:normNS,,,PR16_x1.25,holdout,3,1047,headon,vfield,122d1c16dd,ok,0,0,0,0,0,0,7.8529,5.8112,2.7258,2.0438,1.555,1,1,,8450,3.6
grid2:normNS,,,PR16_x1.25,holdout,3,1049,headon,vfield,122d1c16dd,ok,0,0,0,0,0,0,5.7584,3.4461,2.7258,2.0438,1.555,1,1,,8450,3.55
grid2:normNS,,,PR16_x1.25,holdout,3,1051,headon,vfield,122d1c16dd,ok,0,0,0,0,0,0,7.1992,3.3718,2.7258,2.0438,1.555,1,1,,8450,3.67
grid2:normNS,,,PR16_x1.25,holdout,3,1053,headon,vfield,122d1c16dd,ok,0,0,0,0,0,0,4.432,3.7241,2.7258,2.0438,1.555,1,1,,8450,3.57
grid2:normNS,,,PR16_x1.25,holdout,3,1055,headon,vfield,122d1c16dd,ok,0,0,0,0,0,0,3.4961,3.741,2.7258,2.0438,1.555,1,1,,8450,3.52
grid2:normNS,,,PR16_x1.25,holdout,3,1057,headon,vfield,122d1c16dd,ok,0,0,0,0,0,0,2.9623,3.803,2.7258,2.0438,1.555,1,1,,8450,3.66
grid2:normNS,,,PR16_x1.25,holdout,3,1059,headon,vfield,122d1c16dd,ok,0,0,0,0,0,0,6.3497,3.3737,2.7258,2.0438,1.555,1,1,,8450,3.59
grid2:normNS,,,PR16_x1.5,holdout,3,1001,headon,vfield,ce5aa26bfb,ok,0,0,0,0,0,0,5.2194,3.0273,2.7258,2.0438,1.555,1,1,,8450,3.63
grid2:normNS,,,PR16_x1.5,holdout,3,1003,headon,vfield,ce5aa26bfb,ok,0,0,0,0,0,0,4.2162,3.3737,2.7258,2.0438,1.555,1,1,,8450,3.55
grid2:normNS,,,PR16_x1.5,holdout,3,1005,headon,vfield,ce5aa26bfb,ok,0,0,0,0,0,0,5.4773,1.2977,2.7258,2.0438,1.555,1,1,,8450,3.58
grid2:normNS,,,PR16_x1.5,holdout,3,1007,headon,vfield,ce5aa26bfb,ok,0,0,0,0,0,0,7.3949,3.3737,2.7258,2.0438,1.555,1,1,,8450,3.64
grid2:normNS,,,PR16_x1.5,holdout,3,1009,headon,vfield,ce5aa26bfb,ok,0,0,0,0,0,0,8.4212,3.7483,2.7258,2.0438,1.555,1,1,,8450,3.51
grid2:normNS,,,PR16_x1.5,holdout,3,1011,headon,vfield,ce5aa26bfb,ok,0,0,0,0,0,0,7.9892,3.3187,2.7258,2.0438,1.555,1,1,,8450,3.84
grid2:normNS,,,PR16_x1.5,holdout,3,1013,headon,vfield,ce5aa26bfb,ok,0,0,0,0,0,0,4.0653,5.0664,2.7258,2.0438,1.555,1,1,,8450,3.76
grid2:normNS,,,PR16_x1.5,holdout,3,1015,headon,vfield,ce5aa26bfb,ok,1,0,1,0,0,0,6.5589,0.5486,2.7258,2.0438,1.555,1,1,24.43,8450,3.59
grid2:normNS,,,PR16_x1.5,holdout,3,1017,headon,vfield,ce5aa26bfb,ok,0,0,0,0,0,0,5.4997,3.6823,2.7258,2.0438,1.555,1,1,,8450,3.52
grid2:normNS,,,PR16_x1.5,holdout,3,1019,headon,vfield,ce5aa26bfb,ok,0,0,0,0,0,0,5.8627,3.3737,2.7258,2.0438,1.555,1,1,,8450,3.45
grid2:normNS,,,PR16_x1.5,holdout,3,1021,headon,vfield,ce5aa26bfb,ok,0,0,0,0,0,0,6.1858,7.1651,2.7258,2.0438,1.555,1,1,,8450,3.51
grid2:normNS,,,PR16_x1.5,holdout,3,1023,headon,vfield,ce5aa26bfb,ok,0,0,0,0,0,0,6.2013,3.3741,2.7258,2.0438,1.555,1,1,,8450,3.47
grid2:normNS,,,PR16_x1.5,holdout,3,1025,headon,vfield,ce5aa26bfb,ok,0,0,0,0,0,0,5.2117,3.3737,2.7258,2.0438,1.555,1,1,,8450,3.56
grid2:normNS,,,PR16_x1.5,holdout,3,1027,headon,vfield,ce5aa26bfb,ok,0,0,0,0,0,0,3.4201,7.1744,2.7258,2.0438,1.555,1,1,,8450,3.53
grid2:normNS,,,PR16_x1.5,holdout,3,1029,headon,vfield,ce5aa26bfb,ok,0,0,0,0,0,0,6.9941,3.7418,2.7258,2.0438,1.555,1,1,,8450,3.49
grid2:normNS,,,PR16_x1.5,holdout,3,1031,headon,vfield,ce5aa26bfb,ok,0,0,0,0,0,0,7.0961,3.3741,2.7258,2.0438,1.555,1,1,,8450,3.54
grid2:normNS,,,PR16_x1.5,holdout,3,1033,headon,vfield,ce5aa26bfb,ok,0,0,0,0,0,0,5.3965,3.3737,2.7258,2.0438,1.555,1,1,,8450,3.52
grid2:normNS,,,PR16_x1.5,holdout,3,1035,headon,vfield,ce5aa26bfb,ok,0,0,0,0,0,0,8.8296,7.284,2.7258,2.0438,1.555,1,1,,8450,3.56
grid2:normNS,,,PR16_x1.5,holdout,3,1037,headon,vfield,ce5aa26bfb,ok,0,0,0,0,0,0,7.9311,3.3738,2.7258,2.0438,1.555,1,1,,8450,3.52
grid2:normNS,,,PR16_x1.5,holdout,3,1039,headon,vfield,ce5aa26bfb,ok,0,0,0,0,0,0,2.6708,6.9261,2.7258,2.0438,1.555,1,1,,8450,3.49
grid2:normNS,,,PR16_x1.5,holdout,3,1041,headon,vfield,ce5aa26bfb,ok,0,0,0,0,0,0,9.1493,3.4723,2.7258,2.0438,1.555,1,1,,8450,3.53
grid2:normNS,,,PR16_x1.5,holdout,3,1043,headon,vfield,ce5aa26bfb,ok,0,0,0,0,0,0,8.7904,3.3737,2.7258,2.0438,1.555,1,1,,8450,3.51
grid2:normNS,,,PR16_x1.5,holdout,3,1045,headon,vfield,ce5aa26bfb,ok,0,0,0,0,0,0,8.6136,3.7586,2.7258,2.0438,1.555,1,1,,8450,3.55
grid2:normNS,,,PR16_x1.5,holdout,3,1047,headon,vfield,ce5aa26bfb,ok,0,0,0,0,0,0,9.4428,7.6139,2.7258,2.0438,1.555,1,1,,8450,3.57
grid2:normNS,,,PR16_x1.5,holdout,3,1049,headon,vfield,ce5aa26bfb,ok,0,0,0,0,0,0,5.4343,3.4406,2.7258,2.0438,1.555,1,1,,8450,3.53
grid2:normNS,,,PR16_x1.5,holdout,3,1051,headon,vfield,ce5aa26bfb,ok,0,0,0,0,0,0,4.6023,3.3732,2.7258,2.0438,1.555,1,1,,8450,3.5
grid2:normNS,,,PR16_x1.5,holdout,3,1053,headon,vfield,ce5aa26bfb,ok,0,0,0,0,0,0,3.0407,3.7483,2.7258,2.0438,1.555,1,1,,8450,3.51
grid2:normNS,,,PR16_x1.5,holdout,3,1055,headon,vfield,ce5aa26bfb,ok,0,0,0,0,0,0,6.5992,3.6932,2.7258,2.0438,1.555,1,1,,8450,3.55
grid2:normNS,,,PR16_x1.5,holdout,3,1057,headon,vfield,ce5aa26bfb,ok,0,0,0,0,0,0,5.1283,4.8575,2.7258,2.0438,1.555,1,1,,8450,3.54
grid2:normNS,,,PR16_x1.5,holdout,3,1059,headon,vfield,ce5aa26bfb,ok,0,0,0,0,0,0,6.3234,3.3737,2.7258,2.0438,1.555,1,1,,8450,3.53
grid2:normNS,,,PR16_x2,holdout,3,1001,headon,vfield,971d73801f,ok,1,0,1,0,0,0,5.0982,0.7954,2.7258,2.0438,1.555,1,1,17.58,8450,3.71
grid2:normNS,,,PR16_x2,holdout,3,1003,headon,vfield,971d73801f,ok,0,0,0,0,0,0,6.8028,3.3737,2.7258,2.0438,1.555,1,1,,8450,3.49
grid2:normNS,,,PR16_x2,holdout,3,1005,headon,vfield,971d73801f,ok,0,0,0,0,0,0,5.2805,7.0144,2.7258,2.0438,1.555,1,1,,8450,3.51
grid2:normNS,,,PR16_x2,holdout,3,1007,headon,vfield,971d73801f,ok,0,0,0,0,0,0,8.5301,3.3737,2.7258,2.0438,1.555,1,1,,8450,3.54
grid2:normNS,,,PR16_x2,holdout,3,1009,headon,vfield,971d73801f,ok,0,0,0,0,0,0,10.1626,3.7483,2.7258,2.0438,1.555,1,1,,8450,3.51
grid2:normNS,,,PR16_x2,holdout,3,1011,headon,vfield,971d73801f,ok,0,0,0,0,0,0,3.3568,3.6807,2.7258,2.0438,1.555,1,1,,8450,3.59
grid2:normNS,,,PR16_x2,holdout,3,1013,headon,vfield,971d73801f,ok,0,0,0,0,0,0,5.3571,5.9767,2.7258,2.0438,1.555,1,1,,8450,3.49
grid2:normNS,,,PR16_x2,holdout,3,1015,headon,vfield,971d73801f,ok,0,0,0,0,0,0,7.2248,7.7666,2.7258,2.0438,1.555,1,1,,8450,3.53
grid2:normNS,,,PR16_x2,holdout,3,1017,headon,vfield,971d73801f,ok,0,0,0,0,0,0,6.5697,11.1979,2.7258,2.0438,1.555,1,1,,8450,3.52
grid2:normNS,,,PR16_x2,holdout,3,1019,headon,vfield,971d73801f,ok,0,0,0,0,0,0,7.3772,3.3737,2.7258,2.0438,1.555,1,1,,8450,3.48
grid2:normNS,,,PR16_x2,holdout,3,1021,headon,vfield,971d73801f,ok,0,0,0,0,0,0,9.3943,10.6105,2.7258,2.0438,1.555,1,1,,8450,3.59
grid2:normNS,,,PR16_x2,holdout,3,1023,headon,vfield,971d73801f,ok,0,0,0,0,0,0,5.0399,3.7509,2.7258,2.0438,1.555,1,1,,8450,3.51
grid2:normNS,,,PR16_x2,holdout,3,1025,headon,vfield,971d73801f,ok,0,0,0,0,0,0,5.2126,3.3737,2.7258,2.0438,1.555,1,1,,8450,3.46
grid2:normNS,,,PR16_x2,holdout,3,1027,headon,vfield,971d73801f,ok,0,0,0,0,0,0,6.327,5.2565,2.7258,2.0438,1.555,1,1,,8450,3.57
grid2:normNS,,,PR16_x2,holdout,3,1029,headon,vfield,971d73801f,ok,0,0,0,0,0,0,4.6661,12.4991,2.7258,2.0438,1.555,1,1,,8450,3.47
grid2:normNS,,,PR16_x2,holdout,3,1031,headon,vfield,971d73801f,ok,0,0,0,0,0,0,7.9018,8.4723,2.7258,2.0438,1.555,1,1,,8450,3.45
grid2:normNS,,,PR16_x2,holdout,3,1033,headon,vfield,971d73801f,ok,0,0,0,0,0,0,11.635,3.3737,2.7258,2.0438,1.555,1,1,,8450,3.48
grid2:normNS,,,PR16_x2,holdout,3,1035,headon,vfield,971d73801f,ok,0,0,0,0,0,0,9.141,11.8938,2.7258,2.0438,1.555,1,1,,8450,3.44
grid2:normNS,,,PR16_x2,holdout,3,1037,headon,vfield,971d73801f,ok,0,0,0,0,0,0,5.6991,3.4897,2.7258,2.0438,1.555,1,1,,8450,3.52
grid2:normNS,,,PR16_x2,holdout,3,1039,headon,vfield,971d73801f,ok,0,0,0,0,0,0,6.2881,7.0569,2.7258,2.0438,1.555,1,1,,8450,3.48
grid2:normNS,,,PR16_x2,holdout,3,1041,headon,vfield,971d73801f,ok,0,0,0,0,0,0,6.7406,7.2948,2.7258,2.0438,1.555,1,1,,8450,3.51
grid2:normNS,,,PR16_x2,holdout,3,1043,headon,vfield,971d73801f,ok,0,0,0,0,0,0,6.4316,3.3737,2.7258,2.0438,1.555,1,1,,8450,3.52
grid2:normNS,,,PR16_x2,holdout,3,1045,headon,vfield,971d73801f,ok,0,0,0,0,0,0,6.0847,7.8945,2.7258,2.0438,1.555,1,1,,8450,3.48
grid2:normNS,,,PR16_x2,holdout,3,1047,headon,vfield,971d73801f,ok,0,0,0,0,0,0,7.8281,11.9524,2.7258,2.0438,1.555,1,1,,8450,3.52
grid2:normNS,,,PR16_x2,holdout,3,1049,headon,vfield,971d73801f,ok,0,0,0,0,0,0,7.2042,7.0537,2.7258,2.0438,1.555,1,1,,8450,3.53
grid2:normNS,,,PR16_x2,holdout,3,1051,headon,vfield,971d73801f,ok,0,0,0,0,0,0,4.5785,3.4439,2.7258,2.0438,1.555,1,1,,8450,3.54
grid2:normNS,,,PR16_x2,holdout,3,1053,headon,vfield,971d73801f,ok,0,0,0,0,0,0,2.878,2.9655,2.7258,2.0438,1.555,1,1,,8450,3.52
grid2:normNS,,,PR16_x2,holdout,3,1055,headon,vfield,971d73801f,ok,0,0,0,0,0,0,6.8828,3.7491,2.7258,2.0438,1.555,1,1,,8450,3.58
grid2:normNS,,,PR16_x2,holdout,3,1057,headon,vfield,971d73801f,ok,0,0,0,0,0,0,4.1946,7.0064,2.7258,2.0438,1.555,1,1,,8450,3.59
grid2:normNS,,,PR16_x2,holdout,3,1059,headon,vfield,971d73801f,ok,0,0,0,0,0,0,4.9006,3.3849,2.7258,2.0438,1.555,1,1,,8450,3.51
grid2:normNS,,,PR20_x0.5,holdout,3,1001,headon,vfield,599f7e667a,ok,0,0,0,0,0,0,4.9936,6.4783,2.7258,2.0438,1.555,1,1,,8450,3.56
grid2:normNS,,,PR20_x0.5,holdout,3,1003,headon,vfield,599f7e667a,ok,0,0,0,0,0,0,5.0482,5.6559,2.7258,2.0438,1.555,1,1,,8450,3.52
grid2:normNS,,,PR20_x0.5,holdout,3,1005,headon,vfield,599f7e667a,ok,0,0,0,0,0,0,5.5076,6.3672,2.7258,2.0438,1.555,1,1,,8450,3.53
grid2:normNS,,,PR20_x0.5,holdout,3,1007,headon,vfield,599f7e667a,ok,0,0,0,0,0,0,6.23,5.7914,2.7258,2.0438,1.555,1,1,,8450,3.56
grid2:normNS,,,PR20_x0.5,holdout,3,1009,headon,vfield,599f7e667a,ok,0,0,0,0,0,0,3.9828,5.799,2.7258,2.0438,1.555,1,1,,8450,3.51
grid2:normNS,,,PR20_x0.5,holdout,3,1011,headon,vfield,599f7e667a,ok,0,0,0,0,0,0,8.4015,5.6559,2.7258,2.0438,1.555,1,1,,8450,3.56
grid2:normNS,,,PR20_x0.5,holdout,3,1013,headon,vfield,599f7e667a,ok,0,0,0,0,0,0,2.704,5.6528,2.7258,2.0438,1.555,1,1,,8450,3.53
grid2:normNS,,,PR20_x0.5,holdout,3,1015,headon,vfield,599f7e667a,ok,0,0,0,0,0,0,8.6457,5.7133,2.7258,2.0438,1.555,1,1,,8450,3.46
grid2:normNS,,,PR20_x0.5,holdout,3,1017,headon,vfield,599f7e667a,ok,0,0,0,0,0,0,3.5028,5.7344,2.7258,2.0438,1.555,1,1,,8450,3.57
grid2:normNS,,,PR20_x0.5,holdout,3,1019,headon,vfield,599f7e667a,ok,0,0,0,0,0,0,1.6809,5.6633,2.7258,2.0438,1.555,1,1,,8450,3.54
grid2:normNS,,,PR20_x0.5,holdout,3,1021,headon,vfield,599f7e667a,ok,0,0,0,0,0,0,8.6343,5.6804,2.7258,2.0438,1.555,1,1,,8450,3.54
grid2:normNS,,,PR20_x0.5,holdout,3,1023,headon,vfield,599f7e667a,ok,0,0,0,0,0,0,8.8341,5.5808,2.7258,2.0438,1.555,1,1,,8450,3.45
grid2:normNS,,,PR20_x0.5,holdout,3,1025,headon,vfield,599f7e667a,ok,0,0,0,0,0,0,9.3223,5.663,2.7258,2.0438,1.555,1,1,,8450,3.51
grid2:normNS,,,PR20_x0.5,holdout,3,1027,headon,vfield,599f7e667a,ok,0,0,0,0,0,0,4.889,5.7458,2.7258,2.0438,1.555,1,1,,8450,3.55
grid2:normNS,,,PR20_x0.5,holdout,3,1029,headon,vfield,599f7e667a,ok,0,0,0,0,0,0,5.4908,5.6133,2.7258,2.0438,1.555,1,1,,8450,3.5
grid2:normNS,,,PR20_x0.5,holdout,3,1031,headon,vfield,599f7e667a,ok,0,0,0,0,0,0,7.703,5.6755,2.7258,2.0438,1.555,1,1,,8450,3.59
grid2:normNS,,,PR20_x0.5,holdout,3,1033,headon,vfield,599f7e667a,ok,0,0,0,0,0,0,8.2902,5.7535,2.7258,2.0438,1.555,1,1,,8450,3.55
grid2:normNS,,,PR20_x0.5,holdout,3,1035,headon,vfield,599f7e667a,ok,0,0,0,0,0,0,2.8703,5.34,2.7258,2.0438,1.555,1,1,,8450,3.46
grid2:normNS,,,PR20_x0.5,holdout,3,1037,headon,vfield,599f7e667a,ok,0,0,0,0,0,0,7.9757,5.6559,2.7258,2.0438,1.555,1,1,,8450,3.48
grid2:normNS,,,PR20_x0.5,holdout,3,1039,headon,vfield,599f7e667a,ok,0,0,0,0,0,0,7.7895,5.6948,2.7258,2.0438,1.555,1,1,,8450,3.51
grid2:normNS,,,PR20_x0.5,holdout,3,1041,headon,vfield,599f7e667a,ok,0,0,0,0,0,0,1.5121,5.6814,2.7258,2.0438,1.555,1,1,,8450,3.64
grid2:normNS,,,PR20_x0.5,holdout,3,1043,headon,vfield,599f7e667a,ok,0,0,0,0,0,0,8.2594,5.6563,2.7258,2.0438,1.555,1,1,,8450,3.52
grid2:normNS,,,PR20_x0.5,holdout,3,1045,headon,vfield,599f7e667a,ok,0,0,0,0,0,0,9.0706,5.7406,2.7258,2.0438,1.555,1,1,,8450,3.47
grid2:normNS,,,PR20_x0.5,holdout,3,1047,headon,vfield,599f7e667a,ok,0,0,0,0,0,0,6.609,5.8219,2.7258,2.0438,1.555,1,1,,8450,3.52
grid2:normNS,,,PR20_x0.5,holdout,3,1049,headon,vfield,599f7e667a,ok,0,0,0,0,0,0,8.1044,6.5221,2.7258,2.0438,1.555,1,1,,8450,3.52
grid2:normNS,,,PR20_x0.5,holdout,3,1051,headon,vfield,599f7e667a,ok,0,0,0,0,0,0,5.0798,5.6549,2.7258,2.0438,1.555,1,1,,8450,3.61
grid2:normNS,,,PR20_x0.5,holdout,3,1053,headon,vfield,599f7e667a,ok,0,0,0,0,0,0,3.5112,5.7188,2.7258,2.0438,1.555,1,1,,8450,3.55
grid2:normNS,,,PR20_x0.5,holdout,3,1055,headon,vfield,599f7e667a,ok,0,0,0,0,0,0,9.1032,5.7198,2.7258,2.0438,1.555,1,1,,8450,3.48
grid2:normNS,,,PR20_x0.5,holdout,3,1057,headon,vfield,599f7e667a,ok,0,0,0,0,0,0,4.4715,6.2746,2.7258,2.0438,1.555,1,1,,8450,3.49
grid2:normNS,,,PR20_x0.5,holdout,3,1059,headon,vfield,599f7e667a,ok,0,0,0,0,0,0,6.5073,5.6559,2.7258,2.0438,1.555,1,1,,8450,3.49
grid2:normNS,,,PR20_x0.75,holdout,3,1001,headon,vfield,4d34311077,ok,0,0,0,0,0,0,6.4407,6.604,2.7258,2.0438,1.555,1,1,,8450,3.52
grid2:normNS,,,PR20_x0.75,holdout,3,1003,headon,vfield,4d34311077,ok,0,0,0,0,0,0,8.3983,5.6559,2.7258,2.0438,1.555,1,1,,8450,3.55
grid2:normNS,,,PR20_x0.75,holdout,3,1005,headon,vfield,4d34311077,ok,0,0,0,0,0,0,4.1103,6.2023,2.7258,2.0438,1.555,1,1,,8450,3.46
grid2:normNS,,,PR20_x0.75,holdout,3,1007,headon,vfield,4d34311077,ok,0,0,0,0,0,0,5.5101,5.6559,2.7258,2.0438,1.555,1,1,,8450,3.49
grid2:normNS,,,PR20_x0.75,holdout,3,1009,headon,vfield,4d34311077,ok,0,0,0,0,0,0,6.9424,8.4216,2.7258,2.0438,1.555,1,1,,8450,3.5
grid2:normNS,,,PR20_x0.75,holdout,3,1011,headon,vfield,4d34311077,ok,0,0,0,0,0,0,9.0668,5.6559,2.7258,2.0438,1.555,1,1,,8450,3.55
grid2:normNS,,,PR20_x0.75,holdout,3,1013,headon,vfield,4d34311077,ok,0,0,0,0,0,0,8.1513,6.7729,2.7258,2.0438,1.555,1,1,,8450,3.6
grid2:normNS,,,PR20_x0.75,holdout,3,1015,headon,vfield,4d34311077,ok,0,0,0,0,0,0,7.4312,11.3563,2.7258,2.0438,1.555,1,1,,8450,3.47
grid2:normNS,,,PR20_x0.75,holdout,3,1017,headon,vfield,4d34311077,ok,0,0,0,0,0,0,6.263,5.6561,2.7258,2.0438,1.555,1,1,,8450,3.54
grid2:normNS,,,PR20_x0.75,holdout,3,1019,headon,vfield,4d34311077,ok,0,0,0,0,0,0,9.4888,5.656,2.7258,2.0438,1.555,1,1,,8450,3.52
grid2:normNS,,,PR20_x0.75,holdout,3,1021,headon,vfield,4d34311077,ok,0,0,0,0,0,0,7.0526,5.6559,2.7258,2.0438,1.555,1,1,,8450,3.59
grid2:normNS,,,PR20_x0.75,holdout,3,1023,headon,vfield,4d34311077,ok,0,0,0,0,0,0,10.7344,5.6559,2.7258,2.0438,1.555,1,1,,8450,3.58
grid2:normNS,,,PR20_x0.75,holdout,3,1025,headon,vfield,4d34311077,ok,0,0,0,0,0,0,4.2775,3.4241,2.7258,2.0438,1.555,1,1,,8450,3.49
grid2:normNS,,,PR20_x0.75,holdout,3,1027,headon,vfield,4d34311077,ok,0,0,0,0,0,0,8.4894,5.6559,2.7258,2.0438,1.555,1,1,,8450,3.5
grid2:normNS,,,PR20_x0.75,holdout,3,1029,headon,vfield,4d34311077,ok,0,0,0,0,0,0,6.9592,4.9983,2.7258,2.0438,1.555,1,1,,8450,3.48
grid2:normNS,,,PR20_x0.75,holdout,3,1031,headon,vfield,4d34311077,ok,0,0,0,0,0,0,5.5052,5.6559,2.7258,2.0438,1.555,1,1,,8450,3.53
grid2:normNS,,,PR20_x0.75,holdout,3,1033,headon,vfield,4d34311077,ok,0,0,0,0,0,0,4.2875,5.7233,2.7258,2.0438,1.555,1,1,,8450,3.52
grid2:normNS,,,PR20_x0.75,holdout,3,1035,headon,vfield,4d34311077,ok,0,0,0,0,0,0,1.7873,5.6559,2.7258,2.0438,1.555,1,1,,8450,3.43
grid2:normNS,,,PR20_x0.75,holdout,3,1037,headon,vfield,4d34311077,ok,0,0,0,0,0,0,5.7429,5.9284,2.7258,2.0438,1.555,1,1,,8450,3.6
grid2:normNS,,,PR20_x0.75,holdout,3,1039,headon,vfield,4d34311077,ok,0,0,0,0,0,0,4.6792,5.5877,2.7258,2.0438,1.555,1,1,,8450,3.54
grid2:normNS,,,PR20_x0.75,holdout,3,1041,headon,vfield,4d34311077,ok,0,0,0,0,0,0,6.0778,5.6162,2.7258,2.0438,1.555,1,1,,8450,3.6
grid2:normNS,,,PR20_x0.75,holdout,3,1043,headon,vfield,4d34311077,ok,0,0,0,0,0,0,9.2332,5.6559,2.7258,2.0438,1.555,1,1,,8450,3.59
grid2:normNS,,,PR20_x0.75,holdout,3,1045,headon,vfield,4d34311077,ok,0,0,0,0,0,0,5.9404,5.6559,2.7258,2.0438,1.555,1,1,,8450,3.53
grid2:normNS,,,PR20_x0.75,holdout,3,1047,headon,vfield,4d34311077,ok,0,0,0,0,0,0,6.4397,5.5694,2.7258,2.0438,1.555,1,1,,8450,3.49
grid2:normNS,,,PR20_x0.75,holdout,3,1049,headon,vfield,4d34311077,ok,0,0,0,0,0,0,6.0394,5.6561,2.7258,2.0438,1.555,1,1,,8450,3.5
grid2:normNS,,,PR20_x0.75,holdout,3,1051,headon,vfield,4d34311077,ok,0,0,0,0,0,0,5.5062,6.1685,2.7258,2.0438,1.555,1,1,,8450,3.53
grid2:normNS,,,PR20_x0.75,holdout,3,1053,headon,vfield,4d34311077,ok,0,0,0,0,0,0,8.5416,4.5685,2.7258,2.0438,1.555,1,1,,8450,3.59
grid2:normNS,,,PR20_x0.75,holdout,3,1055,headon,vfield,4d34311077,ok,0,0,0,0,0,0,8.2259,6.6907,2.7258,2.0438,1.555,1,1,,8450,3.45
grid2:normNS,,,PR20_x0.75,holdout,3,1057,headon,vfield,4d34311077,ok,0,0,0,0,0,0,5.724,6.6075,2.7258,2.0438,1.555,1,1,,8450,3.56
grid2:normNS,,,PR20_x0.75,holdout,3,1059,headon,vfield,4d34311077,ok,0,0,0,0,0,0,7.2013,5.6559,2.7258,2.0438,1.555,1,1,,8450,3.56
grid2:normNS,,,PR20_x1,holdout,3,1001,headon,vfield,2e079d8833,ok,0,0,0,0,0,0,10.5045,6.1684,2.7258,2.0438,1.555,1,1,,8450,3.53
grid2:normNS,,,PR20_x1,holdout,3,1003,headon,vfield,2e079d8833,ok,0,0,0,0,0,0,7.6051,5.6559,2.7258,2.0438,1.555,1,1,,8450,3.56
grid2:normNS,,,PR20_x1,holdout,3,1005,headon,vfield,2e079d8833,ok,0,0,0,0,0,0,5.258,9.6231,2.7258,2.0438,1.555,1,1,,8450,3.46
grid2:normNS,,,PR20_x1,holdout,3,1007,headon,vfield,2e079d8833,ok,0,0,0,0,0,0,12.1824,5.6559,2.7258,2.0438,1.555,1,1,,8450,3.5
grid2:normNS,,,PR20_x1,holdout,3,1009,headon,vfield,2e079d8833,ok,0,0,0,0,0,0,7.6684,6.1774,2.7258,2.0438,1.555,1,1,,8450,3.57
grid2:normNS,,,PR20_x1,holdout,3,1011,headon,vfield,2e079d8833,ok,0,0,0,0,0,0,9.5221,5.6559,2.7258,2.0438,1.555,1,1,,8450,3.57
grid2:normNS,,,PR20_x1,holdout,3,1013,headon,vfield,2e079d8833,ok,0,0,0,0,0,0,6.5166,9.233,2.7258,2.0438,1.555,1,1,,8450,3.51
grid2:normNS,,,PR20_x1,holdout,3,1015,headon,vfield,2e079d8833,ok,0,0,0,0,0,0,7.7958,10.0628,2.7258,2.0438,1.555,1,1,,8450,3.49
grid2:normNS,,,PR20_x1,holdout,3,1017,headon,vfield,2e079d8833,ok,0,0,0,0,0,0,8.8337,5.1651,2.7258,2.0438,1.555,1,1,,8450,3.47
grid2:normNS,,,PR20_x1,holdout,3,1019,headon,vfield,2e079d8833,ok,0,0,0,0,0,0,7.5628,5.6559,2.7258,2.0438,1.555,1,1,,8450,3.5
grid2:normNS,,,PR20_x1,holdout,3,1021,headon,vfield,2e079d8833,ok,0,0,0,0,0,0,7.1746,6.0748,2.7258,2.0438,1.555,1,1,,8450,3.56
grid2:normNS,,,PR20_x1,holdout,3,1023,headon,vfield,2e079d8833,ok,0,0,0,0,0,0,9.9984,5.6559,2.7258,2.0438,1.555,1,1,,8450,3.57
grid2:normNS,,,PR20_x1,holdout,3,1025,headon,vfield,2e079d8833,ok,0,0,0,0,0,0,5.3135,5.4427,2.7258,2.0438,1.555,1,1,,8450,3.45
grid2:normNS,,,PR20_x1,holdout,3,1027,headon,vfield,2e079d8833,ok,0,0,0,0,0,0,9.2568,5.8944,2.7258,2.0438,1.555,1,1,,8450,3.46
grid2:normNS,,,PR20_x1,holdout,3,1029,headon,vfield,2e079d8833,ok,0,0,0,0,0,0,9.1286,6.5109,2.7258,2.0438,1.555,1,1,,8450,3.52
grid2:normNS,,,PR20_x1,holdout,3,1031,headon,vfield,2e079d8833,ok,0,0,0,0,0,0,9.3175,5.8598,2.7258,2.0438,1.555,1,1,,8450,3.48
grid2:normNS,,,PR20_x1,holdout,3,1033,headon,vfield,2e079d8833,ok,0,0,0,0,0,0,11.1581,5.6559,2.7258,2.0438,1.555,1,1,,8450,3.53
grid2:normNS,,,PR20_x1,holdout,3,1035,headon,vfield,2e079d8833,ok,0,0,0,0,0,0,10.2517,5.2523,2.7258,2.0438,1.555,1,1,,8450,3.47
grid2:normNS,,,PR20_x1,holdout,3,1037,headon,vfield,2e079d8833,ok,0,0,0,0,0,0,8.1767,3.4435,2.7258,2.0438,1.555,1,1,,8450,3.49
grid2:normNS,,,PR20_x1,holdout,3,1039,headon,vfield,2e079d8833,ok,0,0,0,0,0,0,8.8991,6.1496,2.7258,2.0438,1.555,1,1,,8450,3.54
grid2:normNS,,,PR20_x1,holdout,3,1041,headon,vfield,2e079d8833,ok,0,0,0,0,0,0,7.5357,5.036,2.7258,2.0438,1.555,1,1,,8450,3.47
grid2:normNS,,,PR20_x1,holdout,3,1043,headon,vfield,2e079d8833,ok,0,0,0,0,0,0,9.3586,5.6607,2.7258,2.0438,1.555,1,1,,8450,3.55
grid2:normNS,,,PR20_x1,holdout,3,1045,headon,vfield,2e079d8833,ok,0,0,0,0,0,0,7.5835,5.3426,2.7258,2.0438,1.555,1,1,,8450,3.5
grid2:normNS,,,PR20_x1,holdout,3,1047,headon,vfield,2e079d8833,ok,0,0,0,0,0,0,9.2038,11.5006,2.7258,2.0438,1.555,1,1,,8450,3.55
grid2:normNS,,,PR20_x1,holdout,3,1049,headon,vfield,2e079d8833,ok,0,0,0,0,0,0,6.9147,5.4737,2.7258,2.0438,1.555,1,1,,8450,3.52
grid2:normNS,,,PR20_x1,holdout,3,1051,headon,vfield,2e079d8833,ok,0,0,0,0,0,0,10.5307,5.6473,2.7258,2.0438,1.555,1,1,,8450,3.51
grid2:normNS,,,PR20_x1,holdout,3,1053,headon,vfield,2e079d8833,ok,0,0,0,0,0,0,8.1209,6.1684,2.7258,2.0438,1.555,1,1,,8450,3.54
grid2:normNS,,,PR20_x1,holdout,3,1055,headon,vfield,2e079d8833,ok,0,0,0,0,0,0,8.0926,6.1457,2.7258,2.0438,1.555,1,1,,8450,3.51
grid2:normNS,,,PR20_x1,holdout,3,1057,headon,vfield,2e079d8833,ok,0,0,0,0,0,0,7.5072,6.1696,2.7258,2.0438,1.555,1,1,,8450,3.46
grid2:normNS,,,PR20_x1,holdout,3,1059,headon,vfield,2e079d8833,ok,0,0,0,0,0,0,6.1964,5.6559,2.7258,2.0438,1.555,1,1,,8450,3.67
grid2:normNS,,,PR20_x1.25,holdout,3,1001,headon,vfield,3022e9f881,ok,0,0,0,0,0,0,5.7146,5.6559,2.7258,2.0438,1.555,1,1,,8450,3.68
grid2:normNS,,,PR20_x1.25,holdout,3,1003,headon,vfield,3022e9f881,ok,0,0,0,0,0,0,7.5386,5.5455,2.7258,2.0438,1.555,1,1,,8450,4.19
grid2:normNS,,,PR20_x1.25,holdout,3,1005,headon,vfield,3022e9f881,ok,0,0,0,0,0,0,5.8778,2.4569,2.7258,2.0438,1.555,1,1,,8450,3.58
grid2:normNS,,,PR20_x1.25,holdout,3,1007,headon,vfield,3022e9f881,ok,0,0,0,0,0,0,9.8732,5.8326,2.7258,2.0438,1.555,1,1,,8450,3.58
grid2:normNS,,,PR20_x1.25,holdout,3,1009,headon,vfield,3022e9f881,ok,0,0,0,0,0,0,7.4197,6.2761,2.7258,2.0438,1.555,1,1,,8450,3.51
grid2:normNS,,,PR20_x1.25,holdout,3,1011,headon,vfield,3022e9f881,ok,0,0,0,0,0,0,8.9489,5.3109,2.7258,2.0438,1.555,1,1,,8450,3.55
grid2:normNS,,,PR20_x1.25,holdout,3,1013,headon,vfield,3022e9f881,ok,0,0,0,0,0,0,7.0337,6.2863,2.7258,2.0438,1.555,1,1,,8450,3.5
grid2:normNS,,,PR20_x1.25,holdout,3,1015,headon,vfield,3022e9f881,ok,0,0,0,0,0,0,7.3326,1.5486,2.7258,2.0438,1.555,1,1,,8450,3.49
grid2:normNS,,,PR20_x1.25,holdout,3,1017,headon,vfield,3022e9f881,ok,0,0,0,0,0,0,7.6612,10.456,2.7258,2.0438,1.555,1,1,,8450,3.52
grid2:normNS,,,PR20_x1.25,holdout,3,1019,headon,vfield,3022e9f881,ok,0,0,0,0,0,0,7.0852,5.6561,2.7258,2.0438,1.555,1,1,,8450,3.5
grid2:normNS,,,PR20_x1.25,holdout,3,1021,headon,vfield,3022e9f881,ok,0,0,0,0,0,0,8.135,12.0596,2.7258,2.0438,1.555,1,1,,8450,3.54
grid2:normNS,,,PR20_x1.25,holdout,3,1023,headon,vfield,3022e9f881,ok,0,0,0,0,0,0,6.0019,5.9392,2.7258,2.0438,1.555,1,1,,8450,3.96
grid2:normNS,,,PR20_x1.25,holdout,3,1025,headon,vfield,3022e9f881,ok,0,0,0,0,0,0,5.0812,5.6559,2.7258,2.0438,1.555,1,1,,8450,3.66
grid2:normNS,,,PR20_x1.25,holdout,3,1027,headon,vfield,3022e9f881,ok,0,0,0,0,0,0,5.7855,9.8311,2.7258,2.0438,1.555,1,1,,8450,3.56
grid2:normNS,,,PR20_x1.25,holdout,3,1029,headon,vfield,3022e9f881,ok,0,0,0,0,0,0,8.1928,6.1675,2.7258,2.0438,1.555,1,1,,8450,3.91
grid2:normNS,,,PR20_x1.25,holdout,3,1031,headon,vfield,3022e9f881,ok,0,0,0,0,0,0,10.7253,5.6468,2.7258,2.0438,1.555,1,1,,8450,3.54
grid2:normNS,,,PR20_x1.25,holdout,3,1033,headon,vfield,3022e9f881,ok,0,0,0,0,0,0,11.3241,5.6559,2.7258,2.0438,1.555,1,1,,8450,3.57
grid2:normNS,,,PR20_x1.25,holdout,3,1035,headon,vfield,3022e9f881,ok,0,0,0,0,0,0,10.6116,11.0867,2.7258,2.0438,1.555,1,1,,8450,3.45
grid2:normNS,,,PR20_x1.25,holdout,3,1037,headon,vfield,3022e9f881,ok,0,0,0,0,0,0,1.407,5.7994,2.7258,2.0438,1.555,1,1,,8450,3.52
grid2:normNS,,,PR20_x1.25,holdout,3,1039,headon,vfield,3022e9f881,ok,0,0,0,0,0,0,8.2953,7.1959,2.7258,2.0438,1.555,1,1,,8450,3.5
grid2:normNS,,,PR20_x1.25,holdout,3,1041,headon,vfield,3022e9f881,ok,0,0,0,0,0,0,3.3605,6.1685,2.7258,2.0438,1.555,1,1,,8450,3.58
grid2:normNS,,,PR20_x1.25,holdout,3,1043,headon,vfield,3022e9f881,ok,0,0,0,0,0,0,9.5764,5.6559,2.7258,2.0438,1.555,1,1,,8450,3.53
grid2:normNS,,,PR20_x1.25,holdout,3,1045,headon,vfield,3022e9f881,ok,0,0,0,0,0,0,11.655,6.1477,2.7258,2.0438,1.555,1,1,,8450,3.5
grid2:normNS,,,PR20_x1.25,holdout,3,1047,headon,vfield,3022e9f881,ok,0,0,0,0,0,0,4.5339,6.4876,2.7258,2.0438,1.555,1,1,,8450,3.48
grid2:normNS,,,PR20_x1.25,holdout,3,1049,headon,vfield,3022e9f881,ok,0,0,0,0,0,0,7.396,6.2734,2.7258,2.0438,1.555,1,1,,8450,3.51
grid2:normNS,,,PR20_x1.25,holdout,3,1051,headon,vfield,3022e9f881,ok,0,0,0,0,0,0,10.6627,5.6418,2.7258,2.0438,1.555,1,1,,8450,3.57
grid2:normNS,,,PR20_x1.25,holdout,3,1053,headon,vfield,3022e9f881,ok,0,0,0,0,0,0,4.2166,3.0123,2.7258,2.0438,1.555,1,1,,8450,3.56
grid2:normNS,,,PR20_x1.25,holdout,3,1055,headon,vfield,3022e9f881,ok,0,0,0,0,0,0,7.1439,6.599,2.7258,2.0438,1.555,1,1,,8450,3.45
grid2:normNS,,,PR20_x1.25,holdout,3,1057,headon,vfield,3022e9f881,ok,0,0,0,0,0,0,6.6966,5.8004,2.7258,2.0438,1.555,1,1,,8450,3.55
grid2:normNS,,,PR20_x1.25,holdout,3,1059,headon,vfield,3022e9f881,ok,0,0,0,0,0,0,7.4397,5.6559,2.7258,2.0438,1.555,1,1,,8450,3.53
grid2:normNS,,,PR20_x1.5,holdout,3,1001,headon,vfield,3adc9754df,ok,0,0,0,0,0,0,5.5664,5.0851,2.7258,2.0438,1.555,1,1,,8450,3.53
grid2:normNS,,,PR20_x1.5,holdout,3,1003,headon,vfield,3adc9754df,ok,0,0,0,0,0,0,5.5607,5.6559,2.7258,2.0438,1.555,1,1,,8450,3.56
grid2:normNS,,,PR20_x1.5,holdout,3,1005,headon,vfield,3adc9754df,ok,0,0,0,0,0,0,5.8242,8.8034,2.7258,2.0438,1.555,1,1,,8450,3.51
grid2:normNS,,,PR20_x1.5,holdout,3,1007,headon,vfield,3adc9754df,ok,0,0,0,0,0,0,10.7261,5.6559,2.7258,2.0438,1.555,1,1,,8450,3.53
grid2:normNS,,,PR20_x1.5,holdout,3,1009,headon,vfield,3adc9754df,ok,0,0,0,0,0,0,8.2963,6.1685,2.7258,2.0438,1.555,1,1,,8450,3.59
grid2:normNS,,,PR20_x1.5,holdout,3,1011,headon,vfield,3adc9754df,ok,0,0,0,0,0,0,2.6535,6.0906,2.7258,2.0438,1.555,1,1,,8450,3.53
grid2:normNS,,,PR20_x1.5,holdout,3,1013,headon,vfield,3adc9754df,ok,0,0,0,0,0,0,6.1181,5.687,2.7258,2.0438,1.555,1,1,,8450,3.52
grid2:normNS,,,PR20_x1.5,holdout,3,1015,headon,vfield,3adc9754df,ok,0,0,0,0,0,0,6.8863,8.6746,2.7258,2.0438,1.555,1,1,,8450,3.49
grid2:normNS,,,PR20_x1.5,holdout,3,1017,headon,vfield,3adc9754df,ok,0,0,0,0,0,0,4.8695,7.1102,2.7258,2.0438,1.555,1,1,,8450,3.45
grid2:normNS,,,PR20_x1.5,holdout,3,1019,headon,vfield,3adc9754df,ok,0,0,0,0,0,0,5.873,5.6403,2.7258,2.0438,1.555,1,1,,8450,3.55
grid2:normNS,,,PR20_x1.5,holdout,3,1021,headon,vfield,3adc9754df,ok,0,0,0,0,0,0,7.3215,11.065,2.7258,2.0438,1.555,1,1,,8450,3.5
grid2:normNS,,,PR20_x1.5,holdout,3,1023,headon,vfield,3adc9754df,ok,0,0,0,0,0,0,6.2753,6.1566,2.7258,2.0438,1.555,1,1,,8450,3.55
grid2:normNS,,,PR20_x1.5,holdout,3,1025,headon,vfield,3adc9754df,ok,0,0,0,0,0,0,6.3516,5.6559,2.7258,2.0438,1.555,1,1,,8450,3.49
grid2:normNS,,,PR20_x1.5,holdout,3,1027,headon,vfield,3adc9754df,ok,0,0,0,0,0,0,11.148,7.2587,2.7258,2.0438,1.555,1,1,,8450,3.47
grid2:normNS,,,PR20_x1.5,holdout,3,1029,headon,vfield,3adc9754df,ok,0,0,0,0,0,0,7.3726,8.2566,2.7258,2.0438,1.555,1,1,,8450,3.52
grid2:normNS,,,PR20_x1.5,holdout,3,1031,headon,vfield,3adc9754df,ok,0,0,0,0,0,0,9.3253,7.2264,2.7258,2.0438,1.555,1,1,,8450,3.53
grid2:normNS,,,PR20_x1.5,holdout,3,1033,headon,vfield,3adc9754df,ok,0,0,0,0,0,0,6.249,5.6559,2.7258,2.0438,1.555,1,1,,8450,3.57
grid2:normNS,,,PR20_x1.5,holdout,3,1035,headon,vfield,3adc9754df,ok,0,0,0,0,0,0,2.5673,8.4527,2.7258,2.0438,1.555,1,1,,8450,3.47
grid2:normNS,,,PR20_x1.5,holdout,3,1037,headon,vfield,3adc9754df,ok,0,0,0,0,0,0,5.3327,5.3321,2.7258,2.0438,1.555,1,1,,8450,3.53
grid2:normNS,,,PR20_x1.5,holdout,3,1039,headon,vfield,3adc9754df,ok,0,0,0,0,0,0,7.818,7.248,2.7258,2.0438,1.555,1,1,,8450,3.53
grid2:normNS,,,PR20_x1.5,holdout,3,1041,headon,vfield,3adc9754df,ok,0,0,0,0,0,0,9.1859,5.9822,2.7258,2.0438,1.555,1,1,,8450,3.49
grid2:normNS,,,PR20_x1.5,holdout,3,1043,headon,vfield,3adc9754df,ok,0,0,0,0,0,0,7.6757,5.6559,2.7258,2.0438,1.555,1,1,,8450,3.57
grid2:normNS,,,PR20_x1.5,holdout,3,1045,headon,vfield,3adc9754df,ok,0,0,0,0,0,0,5.9081,6.6399,2.7258,2.0438,1.555,1,1,,8450,3.45
grid2:normNS,,,PR20_x1.5,holdout,3,1047,headon,vfield,3adc9754df,ok,0,0,0,0,0,0,9.5297,12.4798,2.7258,2.0438,1.555,1,1,,8450,3.51
grid2:normNS,,,PR20_x1.5,holdout,3,1049,headon,vfield,3adc9754df,ok,0,0,0,0,0,0,8.0624,13.8154,2.7258,2.0438,1.555,1,1,,8450,3.52
grid2:normNS,,,PR20_x1.5,holdout,3,1051,headon,vfield,3adc9754df,ok,0,0,0,0,0,0,8.5504,14.2407,2.7258,2.0438,1.555,1,1,,8450,3.46
grid2:normNS,,,PR20_x1.5,holdout,3,1053,headon,vfield,3adc9754df,ok,0,0,0,0,0,0,5.4866,6.2583,2.7258,2.0438,1.555,1,1,,8450,3.57
grid2:normNS,,,PR20_x1.5,holdout,3,1055,headon,vfield,3adc9754df,ok,0,0,0,0,0,0,7.8043,8.7036,2.7258,2.0438,1.555,1,1,,8450,3.5
grid2:normNS,,,PR20_x1.5,holdout,3,1057,headon,vfield,3adc9754df,ok,0,0,0,0,0,0,6.0276,5.0768,2.7258,2.0438,1.555,1,1,,8450,3.58
grid2:normNS,,,PR20_x1.5,holdout,3,1059,headon,vfield,3adc9754df,ok,0,0,0,0,0,0,6.6182,5.8718,2.7258,2.0438,1.555,1,1,,8450,3.56
grid2:normNS,,,PR20_x2,holdout,3,1001,headon,vfield,82eb14e725,ok,0,0,0,0,0,0,3.9586,5.6559,2.7258,2.0438,1.555,1,1,,8450,3.5
grid2:normNS,,,PR20_x2,holdout,3,1003,headon,vfield,82eb14e725,ok,0,0,0,0,0,0,8.9726,5.5713,2.7258,2.0438,1.555,1,1,,8450,3.55
grid2:normNS,,,PR20_x2,holdout,3,1005,headon,vfield,82eb14e725,ok,0,0,0,0,0,0,5.7015,11.7609,2.7258,2.0438,1.555,1,1,,8450,3.54
grid2:normNS,,,PR20_x2,holdout,3,1007,headon,vfield,82eb14e725,ok,0,0,0,0,0,0,6.3757,5.839,2.7258,2.0438,1.555,1,1,,8450,3.5
grid2:normNS,,,PR20_x2,holdout,3,1009,headon,vfield,82eb14e725,ok,0,0,0,0,0,0,9.0037,2.336,2.7258,2.0438,1.555,1,1,,8450,3.57
grid2:normNS,,,PR20_x2,holdout,3,1011,headon,vfield,82eb14e725,ok,0,0,0,0,0,0,12.3955,6.1684,2.7258,2.0438,1.555,1,1,,8450,3.48
grid2:normNS,,,PR20_x2,holdout,3,1013,headon,vfield,82eb14e725,ok,0,0,0,0,0,0,4.9764,5.8606,2.7258,2.0438,1.555,1,1,,8450,3.52
grid2:normNS,,,PR20_x2,holdout,3,1015,headon,vfield,82eb14e725,ok,0,0,0,0,0,0,6.288,6.9824,2.7258,2.0438,1.555,1,1,,8450,3.54
grid2:normNS,,,PR20_x2,holdout,3,1017,headon,vfield,82eb14e725,ok,0,0,0,0,0,0,6.9067,16.769,2.7258,2.0438,1.555,1,1,,8450,3.45
grid2:normNS,,,PR20_x2,holdout,3,1019,headon,vfield,82eb14e725,ok,0,0,0,0,0,0,8.3908,5.6559,2.7258,2.0438,1.555,1,1,,8450,3.62
grid2:normNS,,,PR20_x2,holdout,3,1021,headon,vfield,82eb14e725,ok,0,0,0,0,0,0,5.429,11.6105,2.7258,2.0438,1.555,1,1,,8450,3.51
grid2:normNS,,,PR20_x2,holdout,3,1023,headon,vfield,82eb14e725,ok,0,0,0,0,0,0,5.6553,11.4209,2.7258,2.0438,1.555,1,1,,8450,3.58
grid2:normNS,,,PR20_x2,holdout,3,1025,headon,vfield,82eb14e725,ok,0,0,0,0,0,0,6.4307,5.6489,2.7258,2.0438,1.555,1,1,,8450,3.5
grid2:normNS,,,PR20_x2,holdout,3,1027,headon,vfield,82eb14e725,ok,0,0,0,0,0,0,8.5962,13.5439,2.7258,2.0438,1.555,1,1,,8450,3.5
grid2:normNS,,,PR20_x2,holdout,3,1029,headon,vfield,82eb14e725,ok,0,0,0,0,0,0,7.9692,14.3791,2.7258,2.0438,1.555,1,1,,8450,3.53
grid2:normNS,,,PR20_x2,holdout,3,1031,headon,vfield,82eb14e725,ok,0,0,0,0,0,0,9.4867,7.3359,2.7258,2.0438,1.555,1,1,,8450,3.5
grid2:normNS,,,PR20_x2,holdout,3,1033,headon,vfield,82eb14e725,ok,0,0,0,0,0,0,7.7389,5.8203,2.7258,2.0438,1.555,1,1,,8450,3.58
grid2:normNS,,,PR20_x2,holdout,3,1035,headon,vfield,82eb14e725,ok,0,0,0,0,0,0,11.177,14.6551,2.7258,2.0438,1.555,1,1,,8450,3.5
grid2:normNS,,,PR20_x2,holdout,3,1037,headon,vfield,82eb14e725,ok,0,0,0,0,0,0,6.3439,3.2128,2.7258,2.0438,1.555,1,1,,8450,3.49
grid2:normNS,,,PR20_x2,holdout,3,1039,headon,vfield,82eb14e725,ok,0,0,0,0,0,0,7.6406,7.5627,2.7258,2.0438,1.555,1,1,,8450,3.53
grid2:normNS,,,PR20_x2,holdout,3,1041,headon,vfield,82eb14e725,ok,0,0,0,0,0,0,5.7407,4.5519,2.7258,2.0438,1.555,1,1,,8450,3.51
grid2:normNS,,,PR20_x2,holdout,3,1043,headon,vfield,82eb14e725,ok,0,0,0,0,0,0,4.0365,5.6559,2.7258,2.0438,1.555,1,1,,8450,3.53
grid2:normNS,,,PR20_x2,holdout,3,1045,headon,vfield,82eb14e725,ok,0,0,0,0,0,0,12.0898,8.9721,2.7258,2.0438,1.555,1,1,,8450,3.53
grid2:normNS,,,PR20_x2,holdout,3,1047,headon,vfield,82eb14e725,ok,0,0,0,0,0,0,2.2054,4.7963,2.7258,2.0438,1.555,1,1,,8450,3.47
grid2:normNS,,,PR20_x2,holdout,3,1049,headon,vfield,82eb14e725,ok,0,0,0,0,0,0,9.6312,8.1301,2.7258,2.0438,1.555,1,1,,8450,3.43
grid2:normNS,,,PR20_x2,holdout,3,1051,headon,vfield,82eb14e725,ok,0,0,0,0,0,0,8.0359,15.1611,2.7258,2.0438,1.555,1,1,,8450,3.5
grid2:normNS,,,PR20_x2,holdout,3,1053,headon,vfield,82eb14e725,ok,0,0,0,0,0,0,7.9658,10.2957,2.7258,2.0438,1.555,1,1,,8450,3.54
grid2:normNS,,,PR20_x2,holdout,3,1055,headon,vfield,82eb14e725,ok,0,0,0,0,0,0,4.9604,8.2136,2.7258,2.0438,1.555,1,1,,8450,3.51
grid2:normNS,,,PR20_x2,holdout,3,1057,headon,vfield,82eb14e725,ok,0,0,0,0,0,0,6.5993,4.0585,2.7258,2.0438,1.555,1,1,,8450,3.47
grid2:normNS,,,PR20_x2,holdout,3,1059,headon,vfield,82eb14e725,ok,0,0,0,0,0,0,6.8742,9.8052,2.7258,2.0438,1.555,1,1,,8450,3.53
grid2:normNS,,,PR8_x0.5,holdout,4,1001,headon,vfield,bccae972a6,ok,0,0,0,0,0,0,2.1206,3.2743,2.7258,2.0438,1.555,1,1,,8450,3.52
grid2:normNS,,,PR8_x0.5,holdout,4,1003,headon,vfield,bccae972a6,ok,0,0,0,0,0,0,1.7293,2.2121,2.7258,2.0438,1.555,1,1,,8450,3.58
grid2:normNS,,,PR8_x0.5,holdout,4,1005,headon,vfield,bccae972a6,ok,2,0,0,0,2,0,0.7272,3.4124,2.7258,2.0438,1.555,1,1,4.58,8450,3.53
grid2:normNS,,,PR8_x0.5,holdout,4,1007,headon,vfield,bccae972a6,ok,0,0,0,0,0,0,2.7263,2.7293,2.7258,2.0438,1.555,1,1,,8450,3.48
grid2:normNS,,,PR8_x0.5,holdout,4,1009,headon,vfield,bccae972a6,ok,0,0,0,0,0,0,3.1426,4.0706,2.7258,2.0438,1.555,1,1,,8450,3.57
grid2:normNS,,,PR8_x0.5,holdout,4,1011,headon,vfield,bccae972a6,ok,1,0,1,0,0,0,2.0741,0.7001,2.7258,2.0438,1.555,1,1,9.75,8450,3.51
grid2:normNS,,,PR8_x0.5,holdout,4,1013,headon,vfield,bccae972a6,ok,0,0,0,0,0,0,1.4293,1.0863,2.7258,2.0438,1.555,1,1,,8450,3.59
grid2:normNS,,,PR8_x0.5,holdout,4,1015,headon,vfield,bccae972a6,ok,2,0,0,0,2,0,0.1724,1.4578,2.7258,2.0438,1.555,1,1,36.33,8450,3.57
grid2:normNS,,,PR8_x0.5,holdout,4,1017,headon,vfield,bccae972a6,ok,1,0,1,0,0,0,1.4137,0.6244,2.7258,2.0438,1.555,1,1,5.53,8450,3.5
grid2:normNS,,,PR8_x0.5,holdout,4,1019,headon,vfield,bccae972a6,ok,1,0,0,0,1,0,0.4071,2.1523,2.7258,2.0438,1.555,1,1,19.77,8450,3.56
grid2:normNS,,,PR8_x0.5,holdout,4,1021,headon,vfield,bccae972a6,ok,0,0,0,0,0,0,1.3677,1.1339,2.7258,2.0438,1.555,1,1,,8450,3.55
grid2:normNS,,,PR8_x0.5,holdout,4,1023,headon,vfield,bccae972a6,ok,0,0,0,0,0,0,2.2992,1.4333,2.7258,2.0438,1.555,1,1,,8450,3.57
grid2:normNS,,,PR8_x0.5,holdout,4,1025,headon,vfield,bccae972a6,ok,0,0,0,0,0,0,2.612,1.3944,2.7258,2.0438,1.555,1,1,,8450,3.53
grid2:normNS,,,PR8_x0.5,holdout,4,1027,headon,vfield,bccae972a6,ok,2,0,1,0,1,0,0.5385,0.3629,2.7258,2.0438,1.555,1,1,10.34,8450,3.49
grid2:normNS,,,PR8_x0.5,holdout,4,1029,headon,vfield,bccae972a6,ok,3,0,2,1,0,0,0.4152,0.1297,2.7258,2.0438,1.555,1,1,4.3,8450,3.56
grid2:normNS,,,PR8_x0.5,holdout,4,1031,headon,vfield,bccae972a6,ok,0,0,0,0,0,0,2.9676,5.4141,2.7258,2.0438,1.555,1,1,,8450,3.54
grid2:normNS,,,PR8_x0.5,holdout,4,1033,headon,vfield,bccae972a6,ok,1,0,0,1,0,0,0.2525,1.7938,2.7258,2.0438,1.555,1,1,-31.71,8450,3.6
grid2:normNS,,,PR8_x0.5,holdout,4,1035,headon,vfield,bccae972a6,ok,0,0,0,0,0,0,1.3683,2.2934,2.7258,2.0438,1.555,1,1,,8450,3.53
grid2:normNS,,,PR8_x0.5,holdout,4,1037,headon,vfield,bccae972a6,ok,0,0,0,0,0,0,4.6933,1.2618,2.7258,2.0438,1.555,1,1,,8450,3.48
grid2:normNS,,,PR8_x0.5,holdout,4,1039,headon,vfield,bccae972a6,ok,1,0,1,0,0,0,1.3399,0.4108,2.7258,2.0438,1.555,1,1,4.73,8450,3.58
grid2:normNS,,,PR8_x0.5,holdout,4,1041,headon,vfield,bccae972a6,ok,0,0,0,0,0,0,2.3605,1.3762,2.7258,2.0438,1.555,1,1,,8450,3.54
grid2:normNS,,,PR8_x0.5,holdout,4,1043,headon,vfield,bccae972a6,ok,0,0,0,0,0,0,2.1952,1.3785,2.7258,2.0438,1.555,1,1,,8450,3.64
grid2:normNS,,,PR8_x0.5,holdout,4,1045,headon,vfield,bccae972a6,ok,0,0,0,0,0,0,1.3612,4.3026,2.7258,2.0438,1.555,1,1,,8450,3.57
grid2:normNS,,,PR8_x0.5,holdout,4,1047,headon,vfield,bccae972a6,ok,0,0,0,0,0,0,1.4654,1.8509,2.7258,2.0438,1.555,1,1,,8450,3.48
grid2:normNS,,,PR8_x0.5,holdout,4,1049,headon,vfield,bccae972a6,ok,0,0,0,0,0,0,1.1119,3.4771,2.7258,2.0438,1.555,1,1,,8450,3.48
grid2:normNS,,,PR8_x0.5,holdout,4,1051,headon,vfield,bccae972a6,ok,0,0,0,0,0,0,2.8956,1.0102,2.7258,2.0438,1.555,1,1,,8450,3.54
grid2:normNS,,,PR8_x0.5,holdout,4,1053,headon,vfield,bccae972a6,ok,0,0,0,0,0,0,1.7554,1.1471,2.7258,2.0438,1.555,1,1,,8450,3.61
grid2:normNS,,,PR8_x0.5,holdout,4,1055,headon,vfield,bccae972a6,ok,1,0,1,0,0,0,1.1941,0.4349,2.7258,2.0438,1.555,1,1,4.75,8450,3.55
grid2:normNS,,,PR8_x0.5,holdout,4,1057,headon,vfield,bccae972a6,ok,0,0,0,0,0,0,2.3754,1.4357,2.7258,2.0438,1.555,1,1,,8450,3.48
grid2:normNS,,,PR8_x0.5,holdout,4,1059,headon,vfield,bccae972a6,ok,1,0,0,0,1,0,0.3523,1.0782,2.7258,2.0438,1.555,1,1,20.05,8450,3.48
grid2:normNS,,,PR8_x0.75,holdout,4,1001,headon,vfield,c5abe16574,ok,1,0,0,1,0,0,0.9734,1.4303,2.7258,2.0438,1.555,1,1,-27.03,8450,3.48
grid2:normNS,,,PR8_x0.75,holdout,4,1003,headon,vfield,c5abe16574,ok,0,0,0,0,0,0,1.611,2.5649,2.7258,2.0438,1.555,1,1,,8450,3.57
grid2:normNS,,,PR8_x0.75,holdout,4,1005,headon,vfield,c5abe16574,ok,0,0,0,0,0,0,3.0954,2.8007,2.7258,2.0438,1.555,1,1,,8450,3.62
grid2:normNS,,,PR8_x0.75,holdout,4,1007,headon,vfield,c5abe16574,ok,0,0,0,0,0,0,2.6891,1.6906,2.7258,2.0438,1.555,1,1,,8450,3.48
grid2:normNS,,,PR8_x0.75,holdout,4,1009,headon,vfield,c5abe16574,ok,1,0,0,0,1,0,0.4756,2.1691,2.7258,2.0438,1.555,1,1,31.29,8450,3.56
grid2:normNS,,,PR8_x0.75,holdout,4,1011,headon,vfield,c5abe16574,ok,1,0,1,0,0,0,2.269,0.8385,2.7258,2.0438,1.555,1,1,4.35,8450,3.52
grid2:normNS,,,PR8_x0.75,holdout,4,1013,headon,vfield,c5abe16574,ok,1,0,1,0,0,0,1.9256,0.0123,2.7258,2.0438,1.555,1,1,5.04,8450,3.58
grid2:normNS,,,PR8_x0.75,holdout,4,1015,headon,vfield,c5abe16574,ok,2,0,1,0,1,0,0.2479,0.8341,2.7258,2.0438,1.555,1,1,5.5,8450,3.67
grid2:normNS,,,PR8_x0.75,holdout,4,1017,headon,vfield,c5abe16574,ok,0,0,0,0,0,0,2.3557,1.025,2.7258,2.0438,1.555,1,1,,8450,3.54
grid2:normNS,,,PR8_x0.75,holdout,4,1019,headon,vfield,c5abe16574,ok,1,0,0,0,1,0,0.7496,1.3666,2.7258,2.0438,1.555,1,1,19.97,8450,3.55
grid2:normNS,,,PR8_x0.75,holdout,4,1021,headon,vfield,c5abe16574,ok,1,0,1,0,0,0,3.3574,0.3359,2.7258,2.0438,1.555,1,1,4.98,8450,3.49
grid2:normNS,,,PR8_x0.75,holdout,4,1023,headon,vfield,c5abe16574,ok,0,0,0,0,0,0,2.236,2.1249,2.7258,2.0438,1.555,1,1,,8450,3.58
grid2:normNS,,,PR8_x0.75,holdout,4,1025,headon,vfield,c5abe16574,ok,0,0,0,0,0,0,2.6777,1.7938,2.7258,2.0438,1.555,1,1,,8450,3.6
grid2:normNS,,,PR8_x0.75,holdout,4,1027,headon,vfield,c5abe16574,ok,2,0,0,0,2,0,0.4525,3.4401,2.7258,2.0438,1.555,1,1,7.41,8450,3.49
grid2:normNS,,,PR8_x0.75,holdout,4,1029,headon,vfield,c5abe16574,ok,0,0,0,0,0,0,2.124,4.1158,2.7258,2.0438,1.555,1,1,,8450,3.61
grid2:normNS,,,PR8_x0.75,holdout,4,1031,headon,vfield,c5abe16574,ok,1,0,0,0,1,0,0.5848,1.9877,2.7258,2.0438,1.555,1,1,21.32,8450,3.51
grid2:normNS,,,PR8_x0.75,holdout,4,1033,headon,vfield,c5abe16574,ok,1,0,1,0,0,0,2.1154,0.2795,2.7258,2.0438,1.555,1,1,4.61,8450,3.58
grid2:normNS,,,PR8_x0.75,holdout,4,1035,headon,vfield,c5abe16574,ok,1,0,1,0,0,0,2.7975,0.37,2.7258,2.0438,1.555,1,1,6.94,8450,3.59
grid2:normNS,,,PR8_x0.75,holdout,4,1037,headon,vfield,c5abe16574,ok,1,0,1,0,0,0,3.3378,0.83,2.7258,2.0438,1.555,1,1,5.19,8450,3.47
grid2:normNS,,,PR8_x0.75,holdout,4,1039,headon,vfield,c5abe16574,ok,2,0,1,0,1,0,0.6816,0.2935,2.7258,2.0438,1.555,1,1,11.47,8450,3.55
grid2:normNS,,,PR8_x0.75,holdout,4,1041,headon,vfield,c5abe16574,ok,0,0,0,0,0,0,1.6792,1.4674,2.7258,2.0438,1.555,1,1,,8450,3.51
grid2:normNS,,,PR8_x0.75,holdout,4,1043,headon,vfield,c5abe16574,ok,0,0,0,0,0,0,2.6971,4.1341,2.7258,2.0438,1.555,1,1,,8450,3.84
grid2:normNS,,,PR8_x0.75,holdout,4,1045,headon,vfield,c5abe16574,ok,1,0,1,0,0,0,2.5922,0.8518,2.7258,2.0438,1.555,1,1,5.31,8450,3.63
grid2:normNS,,,PR8_x0.75,holdout,4,1047,headon,vfield,c5abe16574,ok,0,0,0,0,0,0,1.131,4.3706,2.7258,2.0438,1.555,1,1,,8450,3.7
grid2:normNS,,,PR8_x0.75,holdout,4,1049,headon,vfield,c5abe16574,ok,0,0,0,0,0,0,2.2222,1.0792,2.7258,2.0438,1.555,1,1,,8450,3.75
grid2:normNS,,,PR8_x0.75,holdout,4,1051,headon,vfield,c5abe16574,ok,0,0,0,0,0,0,2.8851,2.7688,2.7258,2.0438,1.555,1,1,,8450,3.65
grid2:normNS,,,PR8_x0.75,holdout,4,1053,headon,vfield,c5abe16574,ok,0,0,0,0,0,0,3.4328,1.5007,2.7258,2.0438,1.555,1,1,,8450,3.66
grid2:normNS,,,PR8_x0.75,holdout,4,1055,headon,vfield,c5abe16574,ok,1,0,1,0,0,0,2.058,0.6995,2.7258,2.0438,1.555,1,1,5.34,8450,3.7
grid2:normNS,,,PR8_x0.75,holdout,4,1057,headon,vfield,c5abe16574,ok,0,0,0,0,0,0,1.8111,1.9181,2.7258,2.0438,1.555,1,1,,8450,3.55
grid2:normNS,,,PR8_x0.75,holdout,4,1059,headon,vfield,c5abe16574,ok,0,0,0,0,0,0,2.1803,3.4568,2.7258,2.0438,1.555,1,1,,8450,3.62
grid2:normNS,,,PR8_x1,holdout,4,1001,headon,vfield,c9e8ad5610,ok,3,0,2,0,1,0,0.8174,0.073,2.7258,2.0438,1.555,1,1,4.44,8450,3.54
grid2:normNS,,,PR8_x1,holdout,4,1003,headon,vfield,c9e8ad5610,ok,0,0,0,0,0,0,2.6617,2.2237,2.7258,2.0438,1.555,1,1,,8450,3.71
grid2:normNS,,,PR8_x1,holdout,4,1005,headon,vfield,c9e8ad5610,ok,2,0,1,0,1,0,0.6795,0.2459,2.7258,2.0438,1.555,1,1,5.38,8450,3.76
grid2:normNS,,,PR8_x1,holdout,4,1007,headon,vfield,c9e8ad5610,ok,0,0,0,0,0,0,2.25,1.8566,2.7258,2.0438,1.555,1,1,,8450,3.74
grid2:normNS,,,PR8_x1,holdout,4,1009,headon,vfield,c9e8ad5610,ok,0,0,0,0,0,0,1.7606,1.1444,2.7258,2.0438,1.555,1,1,,8450,3.58
grid2:normNS,,,PR8_x1,holdout,4,1011,headon,vfield,c9e8ad5610,ok,0,0,0,0,0,0,2.781,5.0746,2.7258,2.0438,1.555,1,1,,8450,3.58
grid2:normNS,,,PR8_x1,holdout,4,1013,headon,vfield,c9e8ad5610,ok,2,0,0,1,1,0,0.9212,2.5704,2.7258,2.0438,1.555,1,1,-30.33,8450,3.73
grid2:normNS,,,PR8_x1,holdout,4,1015,headon,vfield,c9e8ad5610,ok,1,0,1,0,0,0,3.077,0.3632,2.7258,2.0438,1.555,1,1,5.4,8450,3.62
grid2:normNS,,,PR8_x1,holdout,4,1017,headon,vfield,c9e8ad5610,ok,0,0,0,0,0,0,2.9313,4.7035,2.7258,2.0438,1.555,1,1,,8450,3.59
grid2:normNS,,,PR8_x1,holdout,4,1019,headon,vfield,c9e8ad5610,ok,0,0,0,0,0,0,1.8931,2.773,2.7258,2.0438,1.555,1,1,,8450,3.65
grid2:normNS,,,PR8_x1,holdout,4,1021,headon,vfield,c9e8ad5610,ok,0,0,0,0,0,0,3.8238,4.66,2.7258,2.0438,1.555,1,1,,8450,3.59
grid2:normNS,,,PR8_x1,holdout,4,1023,headon,vfield,c9e8ad5610,ok,0,0,0,0,0,0,1.6717,4.698,2.7258,2.0438,1.555,1,1,,8450,3.67
grid2:normNS,,,PR8_x1,holdout,4,1025,headon,vfield,c9e8ad5610,ok,0,0,0,0,0,0,1.1207,4.402,2.7258,2.0438,1.555,1,1,,8450,3.81
grid2:normNS,,,PR8_x1,holdout,4,1027,headon,vfield,c9e8ad5610,ok,0,0,0,0,0,0,1.5361,2.5108,2.7258,2.0438,1.555,1,1,,8450,3.72
grid2:normNS,,,PR8_x1,holdout,4,1029,headon,vfield,c9e8ad5610,ok,0,0,0,0,0,0,2.3553,1.561,2.7258,2.0438,1.555,1,1,,8450,3.76
grid2:normNS,,,PR8_x1,holdout,4,1031,headon,vfield,c9e8ad5610,ok,0,0,0,0,0,0,2.2878,2.7231,2.7258,2.0438,1.555,1,1,,8450,3.63
grid2:normNS,,,PR8_x1,holdout,4,1033,headon,vfield,c9e8ad5610,ok,1,0,1,0,0,0,3.1381,0.545,2.7258,2.0438,1.555,1,1,5.61,8450,3.67
grid2:normNS,,,PR8_x1,holdout,4,1035,headon,vfield,c9e8ad5610,ok,0,0,0,0,0,0,2.4059,1.1577,2.7258,2.0438,1.555,1,1,,8450,3.62
grid2:normNS,,,PR8_x1,holdout,4,1037,headon,vfield,c9e8ad5610,ok,1,0,1,0,0,0,1.2131,0.8381,2.7258,2.0438,1.555,1,1,4.56,8450,3.68
grid2:normNS,,,PR8_x1,holdout,4,1039,headon,vfield,c9e8ad5610,ok,1,0,0,1,0,0,0.8054,1.3001,2.7258,2.0438,1.555,1,1,-28.5,8450,3.51
grid2:normNS,,,PR8_x1,holdout,4,1041,headon,vfield,c9e8ad5610,ok,2,0,1,0,1,0,0.6461,0.4441,2.7258,2.0438,1.555,1,1,5.8,8450,3.64
grid2:normNS,,,PR8_x1,holdout,4,1043,headon,vfield,c9e8ad5610,ok,1,0,1,0,0,0,1.8596,0.0647,2.7258,2.0438,1.555,1,1,4.25,8450,3.72
grid2:normNS,,,PR8_x1,holdout,4,1045,headon,vfield,c9e8ad5610,ok,1,0,1,0,0,0,1.0969,0.8441,2.7258,2.0438,1.555,1,1,4.71,8450,3.74
grid2:normNS,,,PR8_x1,holdout,4,1047,headon,vfield,c9e8ad5610,ok,0,0,0,0,0,0,4.9216,3.0378,2.7258,2.0438,1.555,1,1,,8450,3.6
grid2:normNS,,,PR8_x1,holdout,4,1049,headon,vfield,c9e8ad5610,ok,0,0,0,0,0,0,4.2511,3.766,2.7258,2.0438,1.555,1,1,,8450,3.51
grid2:normNS,,,PR8_x1,holdout,4,1051,headon,vfield,c9e8ad5610,ok,0,0,0,0,0,0,2.7297,1.08,2.7258,2.0438,1.555,1,1,,8450,3.44
grid2:normNS,,,PR8_x1,holdout,4,1053,headon,vfield,c9e8ad5610,ok,2,0,1,0,1,0,0.3103,0.5816,2.7258,2.0438,1.555,1,1,8.16,8450,3.54
grid2:normNS,,,PR8_x1,holdout,4,1055,headon,vfield,c9e8ad5610,ok,0,0,0,0,0,0,1.1877,3.1922,2.7258,2.0438,1.555,1,1,,8450,3.49
grid2:normNS,,,PR8_x1,holdout,4,1057,headon,vfield,c9e8ad5610,ok,1,0,0,1,0,0,0.4709,4.6554,2.7258,2.0438,1.555,1,1,-30.56,8450,3.44
grid2:normNS,,,PR8_x1,holdout,4,1059,headon,vfield,c9e8ad5610,ok,0,0,0,0,0,0,1.8422,4.5344,2.7258,2.0438,1.555,1,1,,8450,3.43
grid2:normNS,,,PR8_x1.25,holdout,4,1001,headon,vfield,9358c74f12,ok,1,0,1,0,0,0,2.1741,0.3964,2.7258,2.0438,1.555,1,1,13.34,8450,3.57
grid2:normNS,,,PR8_x1.25,holdout,4,1003,headon,vfield,9358c74f12,ok,0,0,0,0,0,0,1.4565,5.9367,2.7258,2.0438,1.555,1,1,,8450,3.53
grid2:normNS,,,PR8_x1.25,holdout,4,1005,headon,vfield,9358c74f12,ok,2,0,1,0,1,0,0.7443,0.116,2.7258,2.0438,1.555,1,1,13.81,8450,3.47
grid2:normNS,,,PR8_x1.25,holdout,4,1007,headon,vfield,9358c74f12,ok,0,0,0,0,0,0,2.4313,2.631,2.7258,2.0438,1.555,1,1,,8450,3.42
grid2:normNS,,,PR8_x1.25,holdout,4,1009,headon,vfield,9358c74f12,ok,0,0,0,0,0,0,2.5386,5.0944,2.7258,2.0438,1.555,1,1,,8450,3.45
grid2:normNS,,,PR8_x1.25,holdout,4,1011,headon,vfield,9358c74f12,ok,0,0,0,0,0,0,2.4409,1.3771,2.7258,2.0438,1.555,1,1,,8450,3.52
grid2:normNS,,,PR8_x1.25,holdout,4,1013,headon,vfield,9358c74f12,ok,1,0,1,0,0,0,2.7374,0.4295,2.7258,2.0438,1.555,1,1,5.33,8450,3.43
grid2:normNS,,,PR8_x1.25,holdout,4,1015,headon,vfield,9358c74f12,ok,0,0,0,0,0,0,2.5032,2.9841,2.7258,2.0438,1.555,1,1,,8450,3.51
grid2:normNS,,,PR8_x1.25,holdout,4,1017,headon,vfield,9358c74f12,ok,0,0,0,0,0,0,3.5546,5.9547,2.7258,2.0438,1.555,1,1,,8450,3.45
grid2:normNS,,,PR8_x1.25,holdout,4,1019,headon,vfield,9358c74f12,ok,0,0,0,0,0,0,3.3982,2.6506,2.7258,2.0438,1.555,1,1,,8450,3.49
grid2:normNS,,,PR8_x1.25,holdout,4,1021,headon,vfield,9358c74f12,ok,1,0,1,0,0,0,1.1154,0.6363,2.7258,2.0438,1.555,1,1,12.39,8450,3.51
grid2:normNS,,,PR8_x1.25,holdout,4,1023,headon,vfield,9358c74f12,ok,1,0,0,0,1,0,0.5218,5.8522,2.7258,2.0438,1.555,1,1,11.88,8450,3.44
grid2:normNS,,,PR8_x1.25,holdout,4,1025,headon,vfield,9358c74f12,ok,1,0,0,0,1,0,0.8307,6.3863,2.7258,2.0438,1.555,1,1,13.9,8450,3.43
grid2:normNS,,,PR8_x1.25,holdout,4,1027,headon,vfield,9358c74f12,ok,1,0,0,0,1,0,0.5161,2.4671,2.7258,2.0438,1.555,1,1,15.04,8450,3.45
grid2:normNS,,,PR8_x1.25,holdout,4,1029,headon,vfield,9358c74f12,ok,0,0,0,0,0,0,3.3481,5.342,2.7258,2.0438,1.555,1,1,,8450,3.44
grid2:normNS,,,PR8_x1.25,holdout,4,1031,headon,vfield,9358c74f12,ok,0,0,0,0,0,0,2.1885,5.3306,2.7258,2.0438,1.555,1,1,,8450,3.48
grid2:normNS,,,PR8_x1.25,holdout,4,1033,headon,vfield,9358c74f12,ok,1,0,0,0,1,0,0.8197,1.1677,2.7258,2.0438,1.555,1,1,10.39,8450,3.43
grid2:normNS,,,PR8_x1.25,holdout,4,1035,headon,vfield,9358c74f12,ok,0,0,0,0,0,0,4.0186,5.1275,2.7258,2.0438,1.555,1,1,,8450,3.43
grid2:normNS,,,PR8_x1.25,holdout,4,1037,headon,vfield,9358c74f12,ok,0,0,0,0,0,0,2.388,4.286,2.7258,2.0438,1.555,1,1,,8450,3.46
grid2:normNS,,,PR8_x1.25,holdout,4,1039,headon,vfield,9358c74f12,ok,0,0,0,0,0,0,1.4953,5.4153,2.7258,2.0438,1.555,1,1,,8450,3.49
grid2:normNS,,,PR8_x1.25,holdout,4,1041,headon,vfield,9358c74f12,ok,0,0,0,0,0,0,3.5824,5.0952,2.7258,2.0438,1.555,1,1,,8450,3.55
grid2:normNS,,,PR8_x1.25,holdout,4,1043,headon,vfield,9358c74f12,ok,1,0,1,0,0,0,2.876,0.1576,2.7258,2.0438,1.555,1,1,4.43,8450,3.49
grid2:normNS,,,PR8_x1.25,holdout,4,1045,headon,vfield,9358c74f12,ok,0,0,0,0,0,0,2.564,1.4997,2.7258,2.0438,1.555,1,1,,8450,3.45
grid2:normNS,,,PR8_x1.25,holdout,4,1047,headon,vfield,9358c74f12,ok,2,0,1,0,1,0,0.2163,0.4424,2.7258,2.0438,1.555,1,1,11.48,8450,3.46
grid2:normNS,,,PR8_x1.25,holdout,4,1049,headon,vfield,9358c74f12,ok,1,0,0,0,1,0,0.8855,1.8826,2.7258,2.0438,1.555,1,1,37.94,8450,3.43
grid2:normNS,,,PR8_x1.25,holdout,4,1051,headon,vfield,9358c74f12,ok,0,0,0,0,0,0,2.1296,5.311,2.7258,2.0438,1.555,1,1,,8450,3.46
grid2:normNS,,,PR8_x1.25,holdout,4,1053,headon,vfield,9358c74f12,ok,0,0,0,0,0,0,1.1187,3.1205,2.7258,2.0438,1.555,1,1,,8450,3.44
grid2:normNS,,,PR8_x1.25,holdout,4,1055,headon,vfield,9358c74f12,ok,1,0,1,0,0,0,2.0842,0.5066,2.7258,2.0438,1.555,1,1,21.98,8450,3.49
grid2:normNS,,,PR8_x1.25,holdout,4,1057,headon,vfield,9358c74f12,ok,0,0,0,0,0,0,1.0308,2.4322,2.7258,2.0438,1.555,1,1,,8450,3.46
grid2:normNS,,,PR8_x1.25,holdout,4,1059,headon,vfield,9358c74f12,ok,0,0,0,0,0,0,2.9008,4.6,2.7258,2.0438,1.555,1,1,,8450,3.43
grid2:normNS,,,PR8_x1.5,holdout,4,1001,headon,vfield,7fc96d523e,ok,0,0,0,0,0,0,3.3037,6.1828,2.7258,2.0438,1.555,1,1,,8450,3.5
grid2:normNS,,,PR8_x1.5,holdout,4,1003,headon,vfield,7fc96d523e,ok,0,0,0,0,0,0,1.6608,6.4078,2.7258,2.0438,1.555,1,1,,8450,3.41
grid2:normNS,,,PR8_x1.5,holdout,4,1005,headon,vfield,7fc96d523e,ok,1,0,0,0,1,0,0.0737,2.4407,2.7258,2.0438,1.555,1,1,13.19,8450,3.44
grid2:normNS,,,PR8_x1.5,holdout,4,1007,headon,vfield,7fc96d523e,ok,0,0,0,0,0,0,1.839,6.2858,2.7258,2.0438,1.555,1,1,,8450,3.44
grid2:normNS,,,PR8_x1.5,holdout,4,1009,headon,vfield,7fc96d523e,ok,0,0,0,0,0,0,2.1571,5.5352,2.7258,2.0438,1.555,1,1,,8450,3.45
grid2:normNS,,,PR8_x1.5,holdout,4,1011,headon,vfield,7fc96d523e,ok,0,0,0,0,0,0,3.0706,2.9045,2.7258,2.0438,1.555,1,1,,8450,3.44
grid2:normNS,,,PR8_x1.5,holdout,4,1013,headon,vfield,7fc96d523e,ok,0,0,0,0,0,0,2.114,1.0544,2.7258,2.0438,1.555,1,1,,8450,3.42
grid2:normNS,,,PR8_x1.5,holdout,4,1015,headon,vfield,7fc96d523e,ok,0,0,0,0,0,0,1.3565,2.7976,2.7258,2.0438,1.555,1,1,,8450,3.43
grid2:normNS,,,PR8_x1.5,holdout,4,1017,headon,vfield,7fc96d523e,ok,0,0,0,0,0,0,3.1226,1.2795,2.7258,2.0438,1.555,1,1,,8450,3.45
grid2:normNS,,,PR8_x1.5,holdout,4,1019,headon,vfield,7fc96d523e,ok,0,0,0,0,0,0,1.2996,5.7189,2.7258,2.0438,1.555,1,1,,8450,3.41
grid2:normNS,,,PR8_x1.5,holdout,4,1021,headon,vfield,7fc96d523e,ok,0,0,0,0,0,0,1.5681,5.514,2.7258,2.0438,1.555,1,1,,8450,3.42
grid2:normNS,,,PR8_x1.5,holdout,4,1023,headon,vfield,7fc96d523e,ok,0,0,0,0,0,0,3.7983,5.8618,2.7258,2.0438,1.555,1,1,,8450,3.4
grid2:normNS,,,PR8_x1.5,holdout,4,1025,headon,vfield,7fc96d523e,ok,0,0,0,0,0,0,2.9396,3.0068,2.7258,2.0438,1.555,1,1,,8450,3.42
grid2:normNS,,,PR8_x1.5,holdout,4,1027,headon,vfield,7fc96d523e,ok,1,0,1,0,0,0,3.5053,0.7263,2.7258,2.0438,1.555,1,1,7.78,8450,3.45
grid2:normNS,,,PR8_x1.5,holdout,4,1029,headon,vfield,7fc96d523e,ok,1,0,1,0,0,0,1.4227,0.4267,2.7258,2.0438,1.555,1,1,6.12,8450,3.42
grid2:normNS,,,PR8_x1.5,holdout,4,1031,headon,vfield,7fc96d523e,ok,0,0,0,0,0,0,1.3889,6.2211,2.7258,2.0438,1.555,1,1,,8450,3.43
grid2:normNS,,,PR8_x1.5,holdout,4,1033,headon,vfield,7fc96d523e,ok,0,0,0,0,0,0,1.7078,2.4251,2.7258,2.0438,1.555,1,1,,8450,3.44
grid2:normNS,,,PR8_x1.5,holdout,4,1035,headon,vfield,7fc96d523e,ok,0,0,0,0,0,0,3.1893,5.4881,2.7258,2.0438,1.555,1,1,,8450,3.4
grid2:normNS,,,PR8_x1.5,holdout,4,1037,headon,vfield,7fc96d523e,ok,0,0,0,0,0,0,3.6249,4.6268,2.7258,2.0438,1.555,1,1,,8450,3.47
grid2:normNS,,,PR8_x1.5,holdout,4,1039,headon,vfield,7fc96d523e,ok,1,0,0,1,0,0,0.8946,2.4153,2.7258,2.0438,1.555,1,1,-29.74,8450,3.44
grid2:normNS,,,PR8_x1.5,holdout,4,1041,headon,vfield,7fc96d523e,ok,0,0,0,0,0,0,1.2172,1.027,2.7258,2.0438,1.555,1,1,,8450,3.42
grid2:normNS,,,PR8_x1.5,holdout,4,1043,headon,vfield,7fc96d523e,ok,0,0,0,0,0,0,3.4583,6.2161,2.7258,2.0438,1.555,1,1,,8450,3.47
grid2:normNS,,,PR8_x1.5,holdout,4,1045,headon,vfield,7fc96d523e,ok,0,0,0,0,0,0,3.3743,5.9121,2.7258,2.0438,1.555,1,1,,8450,3.47
grid2:normNS,,,PR8_x1.5,holdout,4,1047,headon,vfield,7fc96d523e,ok,0,0,0,0,0,0,1.5264,2.0236,2.7258,2.0438,1.555,1,1,,8450,3.41
grid2:normNS,,,PR8_x1.5,holdout,4,1049,headon,vfield,7fc96d523e,ok,0,0,0,0,0,0,4.3155,6.1421,2.7258,2.0438,1.555,1,1,,8450,3.46
grid2:normNS,,,PR8_x1.5,holdout,4,1051,headon,vfield,7fc96d523e,ok,0,0,0,0,0,0,5.1501,1.9222,2.7258,2.0438,1.555,1,1,,8450,3.42
grid2:normNS,,,PR8_x1.5,holdout,4,1053,headon,vfield,7fc96d523e,ok,0,0,0,0,0,0,2.7245,3.7526,2.7258,2.0438,1.555,1,1,,8450,3.42
grid2:normNS,,,PR8_x1.5,holdout,4,1055,headon,vfield,7fc96d523e,ok,0,0,0,0,0,0,1.6754,5.8518,2.7258,2.0438,1.555,1,1,,8450,3.43
grid2:normNS,,,PR8_x1.5,holdout,4,1057,headon,vfield,7fc96d523e,ok,0,0,0,0,0,0,2.9149,5.9832,2.7258,2.0438,1.555,1,1,,8450,3.41
grid2:normNS,,,PR8_x1.5,holdout,4,1059,headon,vfield,7fc96d523e,ok,1,0,1,0,0,0,3.6732,0.4434,2.7258,2.0438,1.555,1,1,19.1,8450,3.41
grid2:normNS,,,PR8_x2,holdout,4,1001,headon,vfield,fafc7095ee,ok,0,0,0,0,0,0,1.9749,5.8181,2.7258,2.0438,1.555,1,1,,8450,3.42
grid2:normNS,,,PR8_x2,holdout,4,1003,headon,vfield,fafc7095ee,ok,0,0,0,0,0,0,1.456,6.2525,2.7258,2.0438,1.555,1,1,,8450,3.46
grid2:normNS,,,PR8_x2,holdout,4,1005,headon,vfield,fafc7095ee,ok,0,0,0,0,0,0,3.2561,4.3372,2.7258,2.0438,1.555,1,1,,8450,3.41
grid2:normNS,,,PR8_x2,holdout,4,1007,headon,vfield,fafc7095ee,ok,0,0,0,0,0,0,3.0698,6.4051,2.7258,2.0438,1.555,1,1,,8450,3.41
grid2:normNS,,,PR8_x2,holdout,4,1009,headon,vfield,fafc7095ee,ok,0,0,0,0,0,0,3.7177,1.282,2.7258,2.0438,1.555,1,1,,8450,3.47
grid2:normNS,,,PR8_x2,holdout,4,1011,headon,vfield,fafc7095ee,ok,0,0,0,0,0,0,2.7885,6.2636,2.7258,2.0438,1.555,1,1,,8450,3.45
grid2:normNS,,,PR8_x2,holdout,4,1013,headon,vfield,fafc7095ee,ok,0,0,0,0,0,0,1.5584,5.3747,2.7258,2.0438,1.555,1,1,,8450,3.45
grid2:normNS,,,PR8_x2,holdout,4,1015,headon,vfield,fafc7095ee,ok,0,0,0,0,0,0,2.4222,2.5318,2.7258,2.0438,1.555,1,1,,8450,3.41
grid2:normNS,,,PR8_x2,holdout,4,1017,headon,vfield,fafc7095ee,ok,0,0,0,0,0,0,2.8544,5.9731,2.7258,2.0438,1.555,1,1,,8450,3.42
grid2:normNS,,,PR8_x2,holdout,4,1019,headon,vfield,fafc7095ee,ok,0,0,0,0,0,0,2.4544,5.9719,2.7258,2.0438,1.555,1,1,,8450,3.43
grid2:normNS,,,PR8_x2,holdout,4,1021,headon,vfield,fafc7095ee,ok,0,0,0,0,0,0,4.7761,5.1715,2.7258,2.0438,1.555,1,1,,8450,3.41
grid2:normNS,,,PR8_x2,holdout,4,1023,headon,vfield,fafc7095ee,ok,0,0,0,0,0,0,4.1945,2.3067,2.7258,2.0438,1.555,1,1,,8450,3.46
grid2:normNS,,,PR8_x2,holdout,4,1025,headon,vfield,fafc7095ee,ok,0,0,0,0,0,0,3.0308,6.2443,2.7258,2.0438,1.555,1,1,,8450,3.4
grid2:normNS,,,PR8_x2,holdout,4,1027,headon,vfield,fafc7095ee,ok,1,0,1,0,0,0,3.5303,0.3535,2.7258,2.0438,1.555,1,1,5.27,8450,3.41
grid2:normNS,,,PR8_x2,holdout,4,1029,headon,vfield,fafc7095ee,ok,1,0,0,0,1,0,0.0452,3.8481,2.7258,2.0438,1.555,1,1,29.18,8450,3.42
grid2:normNS,,,PR8_x2,holdout,4,1031,headon,vfield,fafc7095ee,ok,0,0,0,0,0,0,2.7834,5.8344,2.7258,2.0438,1.555,1,1,,8450,3.56
grid2:normNS,,,PR8_x2,holdout,4,1033,headon,vfield,fafc7095ee,ok,0,0,0,0,0,0,2.6654,3.7957,2.7258,2.0438,1.555,1,1,,8450,3.51
grid2:normNS,,,PR8_x2,holdout,4,1035,headon,vfield,fafc7095ee,ok,0,0,0,0,0,0,2.6187,5.9184,2.7258,2.0438,1.555,1,1,,8450,3.44
grid2:normNS,,,PR8_x2,holdout,4,1037,headon,vfield,fafc7095ee,ok,1,0,1,0,0,0,1.8189,0.5858,2.7258,2.0438,1.555,1,1,10.11,8450,3.46
grid2:normNS,,,PR8_x2,holdout,4,1039,headon,vfield,fafc7095ee,ok,0,0,0,0,0,0,2.3484,6.3207,2.7258,2.0438,1.555,1,1,,8450,3.55
grid2:normNS,,,PR8_x2,holdout,4,1041,headon,vfield,fafc7095ee,ok,0,0,0,0,0,0,1.0147,4.0996,2.7258,2.0438,1.555,1,1,,8450,3.53
grid2:normNS,,,PR8_x2,holdout,4,1043,headon,vfield,fafc7095ee,ok,0,0,0,0,0,0,3.2531,6.3911,2.7258,2.0438,1.555,1,1,,8450,3.48
grid2:normNS,,,PR8_x2,holdout,4,1045,headon,vfield,fafc7095ee,ok,1,0,0,0,1,0,0.9729,6.0073,2.7258,2.0438,1.555,1,1,28.74,8450,3.48
grid2:normNS,,,PR8_x2,holdout,4,1047,headon,vfield,fafc7095ee,ok,0,0,0,0,0,0,3.8889,1.4664,2.7258,2.0438,1.555,1,1,,8450,3.42
grid2:normNS,,,PR8_x2,holdout,4,1049,headon,vfield,fafc7095ee,ok,1,0,1,0,0,0,1.8531,0.7438,2.7258,2.0438,1.555,1,1,23.15,8450,3.53
grid2:normNS,,,PR8_x2,holdout,4,1051,headon,vfield,fafc7095ee,ok,0,0,0,0,0,0,2.1123,6.2639,2.7258,2.0438,1.555,1,1,,8450,3.61
grid2:normNS,,,PR8_x2,holdout,4,1053,headon,vfield,fafc7095ee,ok,1,0,1,0,0,0,2.1532,0.6669,2.7258,2.0438,1.555,1,1,8.85,8450,3.43
grid2:normNS,,,PR8_x2,holdout,4,1055,headon,vfield,fafc7095ee,ok,0,0,0,0,0,0,2.505,1.8498,2.7258,2.0438,1.555,1,1,,8450,3.45
grid2:normNS,,,PR8_x2,holdout,4,1057,headon,vfield,fafc7095ee,ok,1,0,1,0,0,0,1.6449,0.4154,2.7258,2.0438,1.555,1,1,4.38,8450,3.46
grid2:normNS,,,PR8_x2,holdout,4,1059,headon,vfield,fafc7095ee,ok,0,0,0,0,0,0,3.7501,6.2402,2.7258,2.0438,1.555,1,1,,8450,3.45
grid2:normNS,,,PR10_x0.5,holdout,4,1001,headon,vfield,36c190dbb9,ok,2,0,0,1,1,0,0.2352,1.423,2.7258,2.0438,1.555,1,1,9.61,8450,3.43
grid2:normNS,,,PR10_x0.5,holdout,4,1003,headon,vfield,36c190dbb9,ok,0,0,0,0,0,0,1.5219,3.3954,2.7258,2.0438,1.555,1,1,,8450,3.49
grid2:normNS,,,PR10_x0.5,holdout,4,1005,headon,vfield,36c190dbb9,ok,1,0,1,0,0,0,1.0845,0.7453,2.7258,2.0438,1.555,1,1,10.17,8450,3.55
grid2:normNS,,,PR10_x0.5,holdout,4,1007,headon,vfield,36c190dbb9,ok,0,0,0,0,0,0,1.3621,2.2788,2.7258,2.0438,1.555,1,1,,8450,3.51
grid2:normNS,,,PR10_x0.5,holdout,4,1009,headon,vfield,36c190dbb9,ok,0,0,0,0,0,0,2.9895,1.1376,2.7258,2.0438,1.555,1,1,,8450,3.48
grid2:normNS,,,PR10_x0.5,holdout,4,1011,headon,vfield,36c190dbb9,ok,1,0,1,0,0,0,3.2386,0.6105,2.7258,2.0438,1.555,1,1,5.53,8450,3.45
grid2:normNS,,,PR10_x0.5,holdout,4,1013,headon,vfield,36c190dbb9,ok,0,0,0,0,0,0,3.391,3.8285,2.7258,2.0438,1.555,1,1,,8450,3.49
grid2:normNS,,,PR10_x0.5,holdout,4,1015,headon,vfield,36c190dbb9,ok,0,0,0,0,0,0,2.4025,3.145,2.7258,2.0438,1.555,1,1,,8450,3.5
grid2:normNS,,,PR10_x0.5,holdout,4,1017,headon,vfield,36c190dbb9,ok,1,0,1,0,0,0,3.4479,0.2504,2.7258,2.0438,1.555,1,1,24.7,8450,3.51
grid2:normNS,,,PR10_x0.5,holdout,4,1019,headon,vfield,36c190dbb9,ok,0,0,0,0,0,0,2.8114,2.9835,2.7258,2.0438,1.555,1,1,,8450,3.46
grid2:normNS,,,PR10_x0.5,holdout,4,1021,headon,vfield,36c190dbb9,ok,3,0,1,0,2,0,0.5886,0.3873,2.7258,2.0438,1.555,1,1,6.54,8450,3.45
grid2:normNS,,,PR10_x0.5,holdout,4,1023,headon,vfield,36c190dbb9,ok,1,0,1,0,0,0,4.1796,0.3738,2.7258,2.0438,1.555,1,1,10.92,8450,3.43
grid2:normNS,,,PR10_x0.5,holdout,4,1025,headon,vfield,36c190dbb9,ok,2,0,2,0,0,0,4.3213,0.5947,2.7258,2.0438,1.555,1,1,5.69,8450,3.45
grid2:normNS,,,PR10_x0.5,holdout,4,1027,headon,vfield,36c190dbb9,ok,1,0,0,0,1,0,0.8196,5.49,2.7258,2.0438,1.555,1,1,36.22,8450,3.56
grid2:normNS,,,PR10_x0.5,holdout,4,1029,headon,vfield,36c190dbb9,ok,1,0,0,1,0,0,0.4092,1.3801,2.7258,2.0438,1.555,1,1,12.11,8450,3.52
grid2:normNS,,,PR10_x0.5,holdout,4,1031,headon,vfield,36c190dbb9,ok,0,0,0,0,0,0,2.4134,1.2702,2.7258,2.0438,1.555,1,1,,8450,3.45
grid2:normNS,,,PR10_x0.5,holdout,4,1033,headon,vfield,36c190dbb9,ok,1,0,0,0,1,0,0.1872,1.9045,2.7258,2.0438,1.555,1,1,21.31,8450,3.48
grid2:normNS,,,PR10_x0.5,holdout,4,1035,headon,vfield,36c190dbb9,ok,1,0,0,0,1,0,0.8874,1.0804,2.7258,2.0438,1.555,1,1,17.68,8450,3.47
grid2:normNS,,,PR10_x0.5,holdout,4,1037,headon,vfield,36c190dbb9,ok,0,0,0,0,0,0,4.0273,5.3533,2.7258,2.0438,1.555,1,1,,8450,3.56
grid2:normNS,,,PR10_x0.5,holdout,4,1039,headon,vfield,36c190dbb9,ok,2,0,2,0,0,0,1.2865,0.2152,2.7258,2.0438,1.555,1,1,5.5,8450,3.87
grid2:normNS,,,PR10_x0.5,holdout,4,1041,headon,vfield,36c190dbb9,ok,1,0,1,0,0,0,1.5707,0.7169,2.7258,2.0438,1.555,1,1,24.56,8450,3.66
grid2:normNS,,,PR10_x0.5,holdout,4,1043,headon,vfield,36c190dbb9,ok,0,0,0,0,0,0,2.2768,2.2348,2.7258,2.0438,1.555,1,1,,8450,3.48
grid2:normNS,,,PR10_x0.5,holdout,4,1045,headon,vfield,36c190dbb9,ok,0,0,0,0,0,0,4.4946,1.4194,2.7258,2.0438,1.555,1,1,,8450,3.45
grid2:normNS,,,PR10_x0.5,holdout,4,1047,headon,vfield,36c190dbb9,ok,0,0,0,0,0,0,1.7184,1.6942,2.7258,2.0438,1.555,1,1,,8450,3.46
grid2:normNS,,,PR10_x0.5,holdout,4,1049,headon,vfield,36c190dbb9,ok,0,0,0,0,0,0,1.7786,3.751,2.7258,2.0438,1.555,1,1,,8450,3.55
grid2:normNS,,,PR10_x0.5,holdout,4,1051,headon,vfield,36c190dbb9,ok,0,0,0,0,0,0,1.5882,1.0424,2.7258,2.0438,1.555,1,1,,8450,3.53
grid2:normNS,,,PR10_x0.5,holdout,4,1053,headon,vfield,36c190dbb9,ok,0,0,0,0,0,0,3.6899,2.5121,2.7258,2.0438,1.555,1,1,,8450,3.45
grid2:normNS,,,PR10_x0.5,holdout,4,1055,headon,vfield,36c190dbb9,ok,0,0,0,0,0,0,2.817,4.1263,2.7258,2.0438,1.555,1,1,,8450,3.6
grid2:normNS,,,PR10_x0.5,holdout,4,1057,headon,vfield,36c190dbb9,ok,0,0,0,0,0,0,1.8115,3.0148,2.7258,2.0438,1.555,1,1,,8450,3.63
grid2:normNS,,,PR10_x0.5,holdout,4,1059,headon,vfield,36c190dbb9,ok,2,0,1,0,1,0,0.2076,0.9878,2.7258,2.0438,1.555,1,1,4.45,8450,3.47
grid2:normNS,,,PR10_x0.75,holdout,4,1001,headon,vfield,d9beee2ba4,ok,1,0,0,0,1,0,0.5751,1.6246,2.7258,2.0438,1.555,1,1,34.01,8450,3.64
grid2:normNS,,,PR10_x0.75,holdout,4,1003,headon,vfield,d9beee2ba4,ok,1,0,1,0,0,0,3.4815,0.7445,2.7258,2.0438,1.555,1,1,13.85,8450,3.44
grid2:normNS,,,PR10_x0.75,holdout,4,1005,headon,vfield,d9beee2ba4,ok,1,0,0,0,1,0,0.2433,3.4856,2.7258,2.0438,1.555,1,1,27.5,8450,3.45
grid2:normNS,,,PR10_x0.75,holdout,4,1007,headon,vfield,d9beee2ba4,ok,1,0,1,0,0,0,3.6564,0.7908,2.7258,2.0438,1.555,1,1,13.84,8450,3.45
grid2:normNS,,,PR10_x0.75,holdout,4,1009,headon,vfield,d9beee2ba4,ok,0,0,0,0,0,0,3.1729,3.2519,2.7258,2.0438,1.555,1,1,,8450,3.46
grid2:normNS,,,PR10_x0.75,holdout,4,1011,headon,vfield,d9beee2ba4,ok,1,0,1,0,0,0,3.2997,0.2658,2.7258,2.0438,1.555,1,1,11.68,8450,3.47
grid2:normNS,,,PR10_x0.75,holdout,4,1013,headon,vfield,d9beee2ba4,ok,0,0,0,0,0,0,2.1972,2.4164,2.7258,2.0438,1.555,1,1,,8450,3.47
grid2:normNS,,,PR10_x0.75,holdout,4,1015,headon,vfield,d9beee2ba4,ok,0,0,0,0,0,0,1.5641,1.6311,2.7258,2.0438,1.555,1,1,,8450,3.49
grid2:normNS,,,PR10_x0.75,holdout,4,1017,headon,vfield,d9beee2ba4,ok,0,0,0,0,0,0,1.928,3.7061,2.7258,2.0438,1.555,1,1,,8450,3.45
grid2:normNS,,,PR10_x0.75,holdout,4,1019,headon,vfield,d9beee2ba4,ok,0,0,0,0,0,0,2.3361,4.8264,2.7258,2.0438,1.555,1,1,,8450,3.5
grid2:normNS,,,PR10_x0.75,holdout,4,1021,headon,vfield,d9beee2ba4,ok,0,0,0,0,0,0,1.0714,4.7738,2.7258,2.0438,1.555,1,1,,8450,3.45
grid2:normNS,,,PR10_x0.75,holdout,4,1023,headon,vfield,d9beee2ba4,ok,1,0,0,0,1,0,0.6694,1.3901,2.7258,2.0438,1.555,1,1,9.4,8450,3.64
grid2:normNS,,,PR10_x0.75,holdout,4,1025,headon,vfield,d9beee2ba4,ok,0,0,0,0,0,0,4.4794,2.4311,2.7258,2.0438,1.555,1,1,,8450,3.68
grid2:normNS,,,PR10_x0.75,holdout,4,1027,headon,vfield,d9beee2ba4,ok,2,0,1,1,0,0,0.3696,0.0566,2.7258,2.0438,1.555,1,1,14.61,8450,3.68
grid2:normNS,,,PR10_x0.75,holdout,4,1029,headon,vfield,d9beee2ba4,ok,0,0,0,0,0,0,3.5304,2.7253,2.7258,2.0438,1.555,1,1,,8450,3.48
grid2:normNS,,,PR10_x0.75,holdout,4,1031,headon,vfield,d9beee2ba4,ok,0,0,0,0,0,0,3.4871,4.3812,2.7258,2.0438,1.555,1,1,,8450,3.48
grid2:normNS,,,PR10_x0.75,holdout,4,1033,headon,vfield,d9beee2ba4,ok,2,0,1,0,1,0,0.9956,0.2757,2.7258,2.0438,1.555,1,1,5.2,8450,3.46
grid2:normNS,,,PR10_x0.75,holdout,4,1035,headon,vfield,d9beee2ba4,ok,0,0,0,0,0,0,2.9322,2.1415,2.7258,2.0438,1.555,1,1,,8450,3.48
grid2:normNS,,,PR10_x0.75,holdout,4,1037,headon,vfield,d9beee2ba4,ok,0,0,0,0,0,0,2.2462,2.9568,2.7258,2.0438,1.555,1,1,,8450,3.47
grid2:normNS,,,PR10_x0.75,holdout,4,1039,headon,vfield,d9beee2ba4,ok,0,0,0,0,0,0,1.034,1.0068,2.7258,2.0438,1.555,1,1,,8450,3.49
grid2:normNS,,,PR10_x0.75,holdout,4,1041,headon,vfield,d9beee2ba4,ok,1,0,1,0,0,0,3.0521,0.8091,2.7258,2.0438,1.555,1,1,13.28,8450,3.45
grid2:normNS,,,PR10_x0.75,holdout,4,1043,headon,vfield,d9beee2ba4,ok,0,0,0,0,0,0,2.6966,1.13,2.7258,2.0438,1.555,1,1,,8450,3.46
grid2:normNS,,,PR10_x0.75,holdout,4,1045,headon,vfield,d9beee2ba4,ok,1,0,1,0,0,0,2.5957,0.1825,2.7258,2.0438,1.555,1,1,5.71,8450,3.44
grid2:normNS,,,PR10_x0.75,holdout,4,1047,headon,vfield,d9beee2ba4,ok,0,0,0,0,0,0,1.2617,1.3068,2.7258,2.0438,1.555,1,1,,8450,3.46
grid2:normNS,,,PR10_x0.75,holdout,4,1049,headon,vfield,d9beee2ba4,ok,0,0,0,0,0,0,2.3081,2.1422,2.7258,2.0438,1.555,1,1,,8450,3.48
grid2:normNS,,,PR10_x0.75,holdout,4,1051,headon,vfield,d9beee2ba4,ok,0,0,0,0,0,0,3.9736,6.0653,2.7258,2.0438,1.555,1,1,,8450,3.46
grid2:normNS,,,PR10_x0.75,holdout,4,1053,headon,vfield,d9beee2ba4,ok,2,0,2,0,0,0,1.9384,0.0631,2.7258,2.0438,1.555,1,1,5.35,8450,3.48
grid2:normNS,,,PR10_x0.75,holdout,4,1055,headon,vfield,d9beee2ba4,ok,1,0,1,0,0,0,3.7322,0.6283,2.7258,2.0438,1.555,1,1,11.13,8450,3.47
grid2:normNS,,,PR10_x0.75,holdout,4,1057,headon,vfield,d9beee2ba4,ok,0,0,0,0,0,0,1.8855,4.6497,2.7258,2.0438,1.555,1,1,,8450,3.46
grid2:normNS,,,PR10_x0.75,holdout,4,1059,headon,vfield,d9beee2ba4,ok,1,0,1,0,0,0,1.9601,0.6434,2.7258,2.0438,1.555,1,1,5.66,8450,3.48
grid2:normNS,,,PR10_x1,holdout,4,1001,headon,vfield,e8d1ad2469,ok,1,0,0,1,0,0,0.3108,1.1457,2.7258,2.0438,1.555,1,1,21.85,8450,3.51
grid2:normNS,,,PR10_x1,holdout,4,1003,headon,vfield,e8d1ad2469,ok,1,0,1,0,0,0,2.8538,0.6508,2.7258,2.0438,1.555,1,1,11.59,8450,3.5
grid2:normNS,,,PR10_x1,holdout,4,1005,headon,vfield,e8d1ad2469,ok,1,0,1,0,0,0,3.5096,0.928,2.7258,2.0438,1.555,1,1,13.55,8450,3.54
grid2:normNS,,,PR10_x1,holdout,4,1007,headon,vfield,e8d1ad2469,ok,0,0,0,0,0,0,3.3525,2.0877,2.7258,2.0438,1.555,1,1,,8450,3.51
grid2:normNS,,,PR10_x1,holdout,4,1009,headon,vfield,e8d1ad2469,ok,1,0,0,1,0,0,0.0587,1.2216,2.7258,2.0438,1.555,1,1,32.72,8450,3.51
grid2:normNS,,,PR10_x1,holdout,4,1011,headon,vfield,e8d1ad2469,ok,0,0,0,0,0,0,4.1698,3.1267,2.7258,2.0438,1.555,1,1,,8450,3.46
grid2:normNS,,,PR10_x1,holdout,4,1013,headon,vfield,e8d1ad2469,ok,1,0,0,0,1,0,0.8992,1.2437,2.7258,2.0438,1.555,1,1,25.49,8450,3.48
grid2:normNS,,,PR10_x1,holdout,4,1015,headon,vfield,e8d1ad2469,ok,1,0,0,0,1,0,0.0487,2.5741,2.7258,2.0438,1.555,1,1,15.29,8450,3.42
grid2:normNS,,,PR10_x1,holdout,4,1017,headon,vfield,e8d1ad2469,ok,0,0,0,0,0,0,2.7516,1.674,2.7258,2.0438,1.555,1,1,,8450,3.44
grid2:normNS,,,PR10_x1,holdout,4,1019,headon,vfield,e8d1ad2469,ok,0,0,0,0,0,0,3.0353,1.2324,2.7258,2.0438,1.555,1,1,,8450,3.46
grid2:normNS,,,PR10_x1,holdout,4,1021,headon,vfield,e8d1ad2469,ok,1,0,1,0,0,0,1.5986,0.929,2.7258,2.0438,1.555,1,1,11.17,8450,3.45
grid2:normNS,,,PR10_x1,holdout,4,1023,headon,vfield,e8d1ad2469,ok,2,0,1,0,1,0,0.2898,0.6416,2.7258,2.0438,1.555,1,1,13.37,8450,3.45
grid2:normNS,,,PR10_x1,holdout,4,1025,headon,vfield,e8d1ad2469,ok,0,0,0,0,0,0,1.9899,4.3431,2.7258,2.0438,1.555,1,1,,8450,3.53
grid2:normNS,,,PR10_x1,holdout,4,1027,headon,vfield,e8d1ad2469,ok,0,0,0,0,0,0,1.8739,4.8148,2.7258,2.0438,1.555,1,1,,8450,3.42
grid2:normNS,,,PR10_x1,holdout,4,1029,headon,vfield,e8d1ad2469,ok,0,0,0,0,0,0,2.2681,1.1731,2.7258,2.0438,1.555,1,1,,8450,3.45
grid2:normNS,,,PR10_x1,holdout,4,1031,headon,vfield,e8d1ad2469,ok,0,0,0,0,0,0,2.9072,1.8532,2.7258,2.0438,1.555,1,1,,8450,3.43
grid2:normNS,,,PR10_x1,holdout,4,1033,headon,vfield,e8d1ad2469,ok,0,0,0,0,0,0,3.7962,1.2348,2.7258,2.0438,1.555,1,1,,8450,3.42
grid2:normNS,,,PR10_x1,holdout,4,1035,headon,vfield,e8d1ad2469,ok,1,0,1,0,0,0,3.2307,0.5992,2.7258,2.0438,1.555,1,1,12.77,8450,3.44
grid2:normNS,,,PR10_x1,holdout,4,1037,headon,vfield,e8d1ad2469,ok,0,0,0,0,0,0,2.5658,1.6205,2.7258,2.0438,1.555,1,1,,8450,3.43
grid2:normNS,,,PR10_x1,holdout,4,1039,headon,vfield,e8d1ad2469,ok,0,0,0,0,0,0,1.228,1.2779,2.7258,2.0438,1.555,1,1,,8450,3.43
grid2:normNS,,,PR10_x1,holdout,4,1041,headon,vfield,e8d1ad2469,ok,0,0,0,0,0,0,2.4443,1.5426,2.7258,2.0438,1.555,1,1,,8450,3.42
grid2:normNS,,,PR10_x1,holdout,4,1043,headon,vfield,e8d1ad2469,ok,2,0,1,1,0,0,0.2402,0.1799,2.7258,2.0438,1.555,1,1,13.75,8450,3.55
grid2:normNS,,,PR10_x1,holdout,4,1045,headon,vfield,e8d1ad2469,ok,0,0,0,0,0,0,4.7821,1.2107,2.7258,2.0438,1.555,1,1,,8450,3.62
grid2:normNS,,,PR10_x1,holdout,4,1047,headon,vfield,e8d1ad2469,ok,0,0,0,0,0,0,3.0928,3.6187,2.7258,2.0438,1.555,1,1,,8450,3.44
grid2:normNS,,,PR10_x1,holdout,4,1049,headon,vfield,e8d1ad2469,ok,2,0,1,0,1,0,0.8528,0.0557,2.7258,2.0438,1.555,1,1,12.12,8450,3.44
grid2:normNS,,,PR10_x1,holdout,4,1051,headon,vfield,e8d1ad2469,ok,0,0,0,0,0,0,1.0085,4.0155,2.7258,2.0438,1.555,1,1,,8450,3.43
grid2:normNS,,,PR10_x1,holdout,4,1053,headon,vfield,e8d1ad2469,ok,0,0,0,0,0,0,2.6787,1.1271,2.7258,2.0438,1.555,1,1,,8450,3.43
grid2:normNS,,,PR10_x1,holdout,4,1055,headon,vfield,e8d1ad2469,ok,0,0,0,0,0,0,4.3138,2.6164,2.7258,2.0438,1.555,1,1,,8450,4.2
grid2:normNS,,,PR10_x1,holdout,4,1057,headon,vfield,e8d1ad2469,ok,1,0,0,1,0,0,0.8033,4.1784,2.7258,2.0438,1.555,1,1,-29.43,8450,3.63
grid2:normNS,,,PR10_x1,holdout,4,1059,headon,vfield,e8d1ad2469,ok,1,0,1,0,0,0,2.2376,0.8004,2.7258,2.0438,1.555,1,1,13.63,8450,3.6
grid2:normNS,,,PR10_x1.25,holdout,4,1001,headon,vfield,7d7c5dd06a,ok,0,0,0,0,0,0,2.5685,4.2516,2.7258,2.0438,1.555,1,1,,8450,3.53
grid2:normNS,,,PR10_x1.25,holdout,4,1003,headon,vfield,7d7c5dd06a,ok,0,0,0,0,0,0,2.4804,1.0857,2.7258,2.0438,1.555,1,1,,8450,3.51
grid2:normNS,,,PR10_x1.25,holdout,4,1005,headon,vfield,7d7c5dd06a,ok,1,0,1,0,0,0,1.9992,0.3027,2.7258,2.0438,1.555,1,1,12.28,8450,3.45
grid2:normNS,,,PR10_x1.25,holdout,4,1007,headon,vfield,7d7c5dd06a,ok,1,0,1,0,0,0,2.5779,0.6924,2.7258,2.0438,1.555,1,1,11.64,8450,3.48
grid2:normNS,,,PR10_x1.25,holdout,4,1009,headon,vfield,7d7c5dd06a,ok,0,0,0,0,0,0,2.0256,2.4399,2.7258,2.0438,1.555,1,1,,8450,3.47
grid2:normNS,,,PR10_x1.25,holdout,4,1011,headon,vfield,7d7c5dd06a,ok,0,0,0,0,0,0,2.3276,2.5798,2.7258,2.0438,1.555,1,1,,8450,3.48
grid2:normNS,,,PR10_x1.25,holdout,4,1013,headon,vfield,7d7c5dd06a,ok,1,0,0,1,0,0,0.6881,1.6463,2.7258,2.0438,1.555,1,1,32.5,8450,3.49
grid2:normNS,,,PR10_x1.25,holdout,4,1015,headon,vfield,7d7c5dd06a,ok,0,0,0,0,0,0,1.7967,1.1,2.7258,2.0438,1.555,1,1,,8450,3.73
grid2:normNS,,,PR10_x1.25,holdout,4,1017,headon,vfield,7d7c5dd06a,ok,1,0,0,1,0,0,0.2683,1.7601,2.7258,2.0438,1.555,1,1,20.28,8450,3.54
grid2:normNS,,,PR10_x1.25,holdout,4,1019,headon,vfield,7d7c5dd06a,ok,0,0,0,0,0,0,1.804,3.4659,2.7258,2.0438,1.555,1,1,,8450,3.46
grid2:normNS,,,PR10_x1.25,holdout,4,1021,headon,vfield,7d7c5dd06a,ok,0,0,0,0,0,0,3.3097,1.8891,2.7258,2.0438,1.555,1,1,,8450,3.46
grid2:normNS,,,PR10_x1.25,holdout,4,1023,headon,vfield,7d7c5dd06a,ok,0,0,0,0,0,0,4.4426,3.8901,2.7258,2.0438,1.555,1,1,,8450,3.47
grid2:normNS,,,PR10_x1.25,holdout,4,1025,headon,vfield,7d7c5dd06a,ok,1,0,1,0,0,0,1.042,0.4525,2.7258,2.0438,1.555,1,1,12.02,8450,3.47
grid2:normNS,,,PR10_x1.25,holdout,4,1027,headon,vfield,7d7c5dd06a,ok,0,0,0,0,0,0,2.5975,3.6716,2.7258,2.0438,1.555,1,1,,8450,3.51
grid2:normNS,,,PR10_x1.25,holdout,4,1029,headon,vfield,7d7c5dd06a,ok,0,0,0,0,0,0,1.0347,1.1865,2.7258,2.0438,1.555,1,1,,8450,3.56
grid2:normNS,,,PR10_x1.25,holdout,4,1031,headon,vfield,7d7c5dd06a,ok,0,0,0,0,0,0,1.8746,2.0437,2.7258,2.0438,1.555,1,1,,8450,3.49
grid2:normNS,,,PR10_x1.25,holdout,4,1033,headon,vfield,7d7c5dd06a,ok,0,0,0,0,0,0,4.081,3.4545,2.7258,2.0438,1.555,1,1,,8450,3.49
grid2:normNS,,,PR10_x1.25,holdout,4,1035,headon,vfield,7d7c5dd06a,ok,1,0,1,0,0,0,4.7295,0.0783,2.7258,2.0438,1.555,1,1,14.6,8450,3.49
grid2:normNS,,,PR10_x1.25,holdout,4,1037,headon,vfield,7d7c5dd06a,ok,0,0,0,0,0,0,1.9237,1.1609,2.7258,2.0438,1.555,1,1,,8450,3.5
grid2:normNS,,,PR10_x1.25,holdout,4,1039,headon,vfield,7d7c5dd06a,ok,1,0,1,0,0,0,1.8056,0.1024,2.7258,2.0438,1.555,1,1,14.13,8450,3.7
grid2:normNS,,,PR10_x1.25,holdout,4,1041,headon,vfield,7d7c5dd06a,ok,0,0,0,0,0,0,1.0468,1.0767,2.7258,2.0438,1.555,1,1,,8450,4.89
grid2:normNS,,,PR10_x1.25,holdout,4,1043,headon,vfield,7d7c5dd06a,ok,1,0,0,1,0,0,0.3929,2.3928,2.7258,2.0438,1.555,1,1,21.19,8450,4.84
grid2:normNS,,,PR10_x1.25,holdout,4,1045,headon,vfield,7d7c5dd06a,ok,0,0,0,0,0,0,1.8435,1.0134,2.7258,2.0438,1.555,1,1,,8450,4.92
grid2:normNS,,,PR10_x1.25,holdout,4,1047,headon,vfield,7d7c5dd06a,ok,0,0,0,0,0,0,1.8346,3.2671,2.7258,2.0438,1.555,1,1,,8450,4.84
grid2:normNS,,,PR10_x1.25,holdout,4,1049,headon,vfield,7d7c5dd06a,ok,0,0,0,0,0,0,2.3226,1.4137,2.7258,2.0438,1.555,1,1,,8450,4.79
grid2:normNS,,,PR10_x1.25,holdout,4,1051,headon,vfield,7d7c5dd06a,ok,1,0,0,0,1,0,0.9098,2.3495,2.7258,2.0438,1.555,1,1,32.33,8450,4.58
grid2:normNS,,,PR10_x1.25,holdout,4,1053,headon,vfield,7d7c5dd06a,ok,0,0,0,0,0,0,1.2112,3.1131,2.7258,2.0438,1.555,1,1,,8450,4.1
grid2:normNS,,,PR10_x1.25,holdout,4,1055,headon,vfield,7d7c5dd06a,ok,0,0,0,0,0,0,1.4847,2.0583,2.7258,2.0438,1.555,1,1,,8450,4.0
grid2:normNS,,,PR10_x1.25,holdout,4,1057,headon,vfield,7d7c5dd06a,ok,0,0,0,0,0,0,1.3525,1.0589,2.7258,2.0438,1.555,1,1,,8450,4.0
grid2:normNS,,,PR10_x1.25,holdout,4,1059,headon,vfield,7d7c5dd06a,ok,0,0,0,0,0,0,1.1731,3.2369,2.7258,2.0438,1.555,1,1,,8450,4.16
grid2:normNS,,,PR10_x1.5,holdout,4,1001,headon,vfield,8680a8801d,ok,0,0,0,0,0,0,3.2933,2.3199,2.7258,2.0438,1.555,1,1,,8450,4.36
grid2:normNS,,,PR10_x1.5,holdout,4,1003,headon,vfield,8680a8801d,ok,0,0,0,0,0,0,2.0258,1.399,2.7258,2.0438,1.555,1,1,,8450,4.1
grid2:normNS,,,PR10_x1.5,holdout,4,1005,headon,vfield,8680a8801d,ok,0,0,0,0,0,0,2.4592,4.4851,2.7258,2.0438,1.555,1,1,,8450,4.08
grid2:normNS,,,PR10_x1.5,holdout,4,1007,headon,vfield,8680a8801d,ok,1,0,1,0,0,0,2.4513,0.9313,2.7258,2.0438,1.555,1,1,11.93,8450,4.08
grid2:normNS,,,PR10_x1.5,holdout,4,1009,headon,vfield,8680a8801d,ok,1,0,1,0,0,0,2.0722,0.2489,2.7258,2.0438,1.555,1,1,13.67,8450,3.94
grid2:normNS,,,PR10_x1.5,holdout,4,1011,headon,vfield,8680a8801d,ok,0,0,0,0,0,0,3.3122,5.2875,2.7258,2.0438,1.555,1,1,,8450,4.03
grid2:normNS,,,PR10_x1.5,holdout,4,1013,headon,vfield,8680a8801d,ok,1,0,0,0,1,0,0.8252,4.0048,2.7258,2.0438,1.555,1,1,35.45,8450,3.81
grid2:normNS,,,PR10_x1.5,holdout,4,1015,headon,vfield,8680a8801d,ok,0,0,0,0,0,0,2.6726,3.857,2.7258,2.0438,1.555,1,1,,8450,3.44
grid2:normNS,,,PR10_x1.5,holdout,4,1017,headon,vfield,8680a8801d,ok,1,0,1,0,0,0,4.3359,0.0484,2.7258,2.0438,1.555,1,1,11.08,8450,3.42
grid2:normNS,,,PR10_x1.5,holdout,4,1019,headon,vfield,8680a8801d,ok,1,0,1,0,0,0,2.4954,0.417,2.7258,2.0438,1.555,1,1,12.26,8450,3.45
grid2:normNS,,,PR10_x1.5,holdout,4,1021,headon,vfield,8680a8801d,ok,1,0,0,0,1,0,0.8862,4.8881,2.7258,2.0438,1.555,1,1,14.64,8450,3.43
grid2:normNS,,,PR10_x1.5,holdout,4,1023,headon,vfield,8680a8801d,ok,0,0,0,0,0,0,2.1953,1.2514,2.7258,2.0438,1.555,1,1,,8450,3.45
grid2:normNS,,,PR10_x1.5,holdout,4,1025,headon,vfield,8680a8801d,ok,1,0,0,1,0,0,0.6859,1.7038,2.7258,2.0438,1.555,1,1,22.17,8450,3.45
grid2:normNS,,,PR10_x1.5,holdout,4,1027,headon,vfield,8680a8801d,ok,1,0,1,0,0,0,3.9703,0.8689,2.7258,2.0438,1.555,1,1,8.05,8450,3.42
grid2:normNS,,,PR10_x1.5,holdout,4,1029,headon,vfield,8680a8801d,ok,0,0,0,0,0,0,1.1515,1.2976,2.7258,2.0438,1.555,1,1,,8450,3.46
grid2:normNS,,,PR10_x1.5,holdout,4,1031,headon,vfield,8680a8801d,ok,1,0,1,0,0,0,4.2202,0.1815,2.7258,2.0438,1.555,1,1,12.26,8450,3.44
grid2:normNS,,,PR10_x1.5,holdout,4,1033,headon,vfield,8680a8801d,ok,0,0,0,0,0,0,3.4183,3.6118,2.7258,2.0438,1.555,1,1,,8450,3.44
grid2:normNS,,,PR10_x1.5,holdout,4,1035,headon,vfield,8680a8801d,ok,0,0,0,0,0,0,1.8175,2.4253,2.7258,2.0438,1.555,1,1,,8450,3.54
grid2:normNS,,,PR10_x1.5,holdout,4,1037,headon,vfield,8680a8801d,ok,1,0,1,0,0,0,2.2322,0.6101,2.7258,2.0438,1.555,1,1,11.84,8450,3.47
grid2:normNS,,,PR10_x1.5,holdout,4,1039,headon,vfield,8680a8801d,ok,0,0,0,0,0,0,3.8973,4.9694,2.7258,2.0438,1.555,1,1,,8450,3.52
grid2:normNS,,,PR10_x1.5,holdout,4,1041,headon,vfield,8680a8801d,ok,0,0,0,0,0,0,3.6228,1.9352,2.7258,2.0438,1.555,1,1,,8450,4.58
grid2:normNS,,,PR10_x1.5,holdout,4,1043,headon,vfield,8680a8801d,ok,0,0,0,0,0,0,2.1708,3.4734,2.7258,2.0438,1.555,1,1,,8450,4.84
grid2:normNS,,,PR10_x1.5,holdout,4,1045,headon,vfield,8680a8801d,ok,0,0,0,0,0,0,2.6925,5.1242,2.7258,2.0438,1.555,1,1,,8450,4.87
grid2:normNS,,,PR10_x1.5,holdout,4,1047,headon,vfield,8680a8801d,ok,1,0,1,0,0,0,1.4778,0.0445,2.7258,2.0438,1.555,1,1,11.89,8450,4.84
grid2:normNS,,,PR10_x1.5,holdout,4,1049,headon,vfield,8680a8801d,ok,0,0,0,0,0,0,1.3209,1.5868,2.7258,2.0438,1.555,1,1,,8450,4.8
grid2:normNS,,,PR10_x1.5,holdout,4,1051,headon,vfield,8680a8801d,ok,0,0,0,0,0,0,3.6191,1.2847,2.7258,2.0438,1.555,1,1,,8450,4.5
grid2:normNS,,,PR10_x1.5,holdout,4,1053,headon,vfield,8680a8801d,ok,1,0,1,0,0,0,2.5067,0.2449,2.7258,2.0438,1.555,1,1,13.99,8450,3.91
grid2:normNS,,,PR10_x1.5,holdout,4,1055,headon,vfield,8680a8801d,ok,0,0,0,0,0,0,2.4802,3.1155,2.7258,2.0438,1.555,1,1,,8450,4.19
grid2:normNS,,,PR10_x1.5,holdout,4,1057,headon,vfield,8680a8801d,ok,0,0,0,0,0,0,3.0261,4.8151,2.7258,2.0438,1.555,1,1,,8450,3.84
grid2:normNS,,,PR10_x1.5,holdout,4,1059,headon,vfield,8680a8801d,ok,0,0,0,0,0,0,3.0526,4.9558,2.7258,2.0438,1.555,1,1,,8450,3.43
grid2:normNS,,,PR10_x2,holdout,4,1001,headon,vfield,8b8841a0ee,ok,0,0,0,0,0,0,3.2242,2.1564,2.7258,2.0438,1.555,1,1,,8450,3.45
grid2:normNS,,,PR10_x2,holdout,4,1003,headon,vfield,8b8841a0ee,ok,1,0,1,0,0,0,1.4723,0.7514,2.7258,2.0438,1.555,1,1,11.81,8450,3.48
grid2:normNS,,,PR10_x2,holdout,4,1005,headon,vfield,8b8841a0ee,ok,0,0,0,0,0,0,4.6056,2.9946,2.7258,2.0438,1.555,1,1,,8450,3.47
grid2:normNS,,,PR10_x2,holdout,4,1007,headon,vfield,8b8841a0ee,ok,1,0,1,0,0,0,1.5856,0.4326,2.7258,2.0438,1.555,1,1,11.82,8450,3.46
grid2:normNS,,,PR10_x2,holdout,4,1009,headon,vfield,8b8841a0ee,ok,0,0,0,0,0,0,4.6705,3.6793,2.7258,2.0438,1.555,1,1,,8450,3.47
grid2:normNS,,,PR10_x2,holdout,4,1011,headon,vfield,8b8841a0ee,ok,1,0,1,0,0,0,3.7281,0.7018,2.7258,2.0438,1.555,1,1,13.54,8450,3.47
grid2:normNS,,,PR10_x2,holdout,4,1013,headon,vfield,8b8841a0ee,ok,1,0,1,0,0,0,1.9316,0.8271,2.7258,2.0438,1.555,1,1,14.26,8450,3.47
grid2:normNS,,,PR10_x2,holdout,4,1015,headon,vfield,8b8841a0ee,ok,0,0,0,0,0,0,1.9118,3.0576,2.7258,2.0438,1.555,1,1,,8450,3.5
grid2:normNS,,,PR10_x2,holdout,4,1017,headon,vfield,8b8841a0ee,ok,0,0,0,0,0,0,4.8948,3.0852,2.7258,2.0438,1.555,1,1,,8450,3.5
grid2:normNS,,,PR10_x2,holdout,4,1019,headon,vfield,8b8841a0ee,ok,0,0,0,0,0,0,1.6647,1.0167,2.7258,2.0438,1.555,1,1,,8450,3.45
grid2:normNS,,,PR10_x2,holdout,4,1021,headon,vfield,8b8841a0ee,ok,0,0,0,0,0,0,3.0723,1.1769,2.7258,2.0438,1.555,1,1,,8450,3.43
grid2:normNS,,,PR10_x2,holdout,4,1023,headon,vfield,8b8841a0ee,ok,0,0,0,0,0,0,3.1052,3.2233,2.7258,2.0438,1.555,1,1,,8450,3.51
grid2:normNS,,,PR10_x2,holdout,4,1025,headon,vfield,8b8841a0ee,ok,0,0,0,0,0,0,4.0751,1.3743,2.7258,2.0438,1.555,1,1,,8450,3.43
grid2:normNS,,,PR10_x2,holdout,4,1027,headon,vfield,8b8841a0ee,ok,0,0,0,0,0,0,2.9801,1.6741,2.7258,2.0438,1.555,1,1,,8450,3.46
grid2:normNS,,,PR10_x2,holdout,4,1029,headon,vfield,8b8841a0ee,ok,0,0,0,0,0,0,3.3588,4.9223,2.7258,2.0438,1.555,1,1,,8450,3.49
grid2:normNS,,,PR10_x2,holdout,4,1031,headon,vfield,8b8841a0ee,ok,0,0,0,0,0,0,2.4723,1.8395,2.7258,2.0438,1.555,1,1,,8450,3.49
grid2:normNS,,,PR10_x2,holdout,4,1033,headon,vfield,8b8841a0ee,ok,0,0,0,0,0,0,2.5184,4.1878,2.7258,2.0438,1.555,1,1,,8450,3.45
grid2:normNS,,,PR10_x2,holdout,4,1035,headon,vfield,8b8841a0ee,ok,0,0,0,0,0,0,4.3101,3.4545,2.7258,2.0438,1.555,1,1,,8450,3.47
grid2:normNS,,,PR10_x2,holdout,4,1037,headon,vfield,8b8841a0ee,ok,0,0,0,0,0,0,1.5924,1.6492,2.7258,2.0438,1.555,1,1,,8450,3.46
grid2:normNS,,,PR10_x2,holdout,4,1039,headon,vfield,8b8841a0ee,ok,0,0,0,0,0,0,1.7936,1.4327,2.7258,2.0438,1.555,1,1,,8450,3.45
grid2:normNS,,,PR10_x2,holdout,4,1041,headon,vfield,8b8841a0ee,ok,1,0,1,0,0,0,3.3248,0.8846,2.7258,2.0438,1.555,1,1,10.88,8450,3.44
grid2:normNS,,,PR10_x2,holdout,4,1043,headon,vfield,8b8841a0ee,ok,0,0,0,0,0,0,1.8656,4.593,2.7258,2.0438,1.555,1,1,,8450,3.46
grid2:normNS,,,PR10_x2,holdout,4,1045,headon,vfield,8b8841a0ee,ok,0,0,0,0,0,0,4.2795,2.9762,2.7258,2.0438,1.555,1,1,,8450,3.45
grid2:normNS,,,PR10_x2,holdout,4,1047,headon,vfield,8b8841a0ee,ok,0,0,0,0,0,0,4.8629,1.4102,2.7258,2.0438,1.555,1,1,,8450,3.47
grid2:normNS,,,PR10_x2,holdout,4,1049,headon,vfield,8b8841a0ee,ok,0,0,0,0,0,0,3.6901,1.4841,2.7258,2.0438,1.555,1,1,,8450,3.42
grid2:normNS,,,PR10_x2,holdout,4,1051,headon,vfield,8b8841a0ee,ok,0,0,0,0,0,0,3.5385,2.1951,2.7258,2.0438,1.555,1,1,,8450,3.48
grid2:normNS,,,PR10_x2,holdout,4,1053,headon,vfield,8b8841a0ee,ok,1,0,1,0,0,0,1.7464,0.2399,2.7258,2.0438,1.555,1,1,13.99,8450,3.46
grid2:normNS,,,PR10_x2,holdout,4,1055,headon,vfield,8b8841a0ee,ok,1,0,1,0,0,0,1.3728,0.8266,2.7258,2.0438,1.555,1,1,14.19,8450,3.43
grid2:normNS,,,PR10_x2,holdout,4,1057,headon,vfield,8b8841a0ee,ok,0,0,0,0,0,0,3.1961,6.3563,2.7258,2.0438,1.555,1,1,,8450,3.47
grid2:normNS,,,PR10_x2,holdout,4,1059,headon,vfield,8b8841a0ee,ok,0,0,0,0,0,0,3.2058,5.4136,2.7258,2.0438,1.555,1,1,,8450,3.43
grid2:normNS,,,PR13_x0.5,holdout,4,1001,headon,vfield,a38b5f8641,ok,0,0,0,0,0,0,2.7982,1.9155,2.7258,2.0438,1.555,1,1,,8450,3.45
grid2:normNS,,,PR13_x0.5,holdout,4,1003,headon,vfield,a38b5f8641,ok,0,0,0,0,0,0,2.9215,2.4398,2.7258,2.0438,1.555,1,1,,8450,3.46
grid2:normNS,,,PR13_x0.5,holdout,4,1005,headon,vfield,a38b5f8641,ok,1,0,0,0,1,0,0.6197,6.2297,2.7258,2.0438,1.555,1,1,27.3,8450,3.45
grid2:normNS,,,PR13_x0.5,holdout,4,1007,headon,vfield,a38b5f8641,ok,0,0,0,0,0,0,1.4098,4.0074,2.7258,2.0438,1.555,1,1,,8450,3.46
grid2:normNS,,,PR13_x0.5,holdout,4,1009,headon,vfield,a38b5f8641,ok,0,0,0,0,0,0,2.0971,1.4239,2.7258,2.0438,1.555,1,1,,8450,3.46
grid2:normNS,,,PR13_x0.5,holdout,4,1011,headon,vfield,a38b5f8641,ok,0,0,0,0,0,0,2.5027,2.9005,2.7258,2.0438,1.555,1,1,,8450,3.46
grid2:normNS,,,PR13_x0.5,holdout,4,1013,headon,vfield,a38b5f8641,ok,0,0,0,0,0,0,3.9206,1.2735,2.7258,2.0438,1.555,1,1,,8450,3.95
grid2:normNS,,,PR13_x0.5,holdout,4,1015,headon,vfield,a38b5f8641,ok,0,0,0,0,0,0,3.2899,5.0641,2.7258,2.0438,1.555,1,1,,8450,3.5
grid2:normNS,,,PR13_x0.5,holdout,4,1017,headon,vfield,a38b5f8641,ok,0,0,0,0,0,0,3.2688,5.9328,2.7258,2.0438,1.555,1,1,,8450,3.57
grid2:normNS,,,PR13_x0.5,holdout,4,1019,headon,vfield,a38b5f8641,ok,0,0,0,0,0,0,1.9332,2.1998,2.7258,2.0438,1.555,1,1,,8450,3.57
grid2:normNS,,,PR13_x0.5,holdout,4,1021,headon,vfield,a38b5f8641,ok,0,0,0,0,0,0,4.1701,2.6786,2.7258,2.0438,1.555,1,1,,8450,3.49
grid2:normNS,,,PR13_x0.5,holdout,4,1023,headon,vfield,a38b5f8641,ok,0,0,0,0,0,0,3.653,2.0697,2.7258,2.0438,1.555,1,1,,8450,3.45
grid2:normNS,,,PR13_x0.5,holdout,4,1025,headon,vfield,a38b5f8641,ok,1,0,1,0,0,0,2.4182,0.539,2.7258,2.0438,1.555,1,1,14.07,8450,3.45
grid2:normNS,,,PR13_x0.5,holdout,4,1027,headon,vfield,a38b5f8641,ok,0,0,0,0,0,0,2.8776,3.9444,2.7258,2.0438,1.555,1,1,,8450,3.6
grid2:normNS,,,PR13_x0.5,holdout,4,1029,headon,vfield,a38b5f8641,ok,1,0,0,0,1,0,0.8779,1.4969,2.7258,2.0438,1.555,1,1,30.27,8450,3.52
grid2:normNS,,,PR13_x0.5,holdout,4,1031,headon,vfield,a38b5f8641,ok,0,0,0,0,0,0,2.4001,1.3391,2.7258,2.0438,1.555,1,1,,8450,3.7
grid2:normNS,,,PR13_x0.5,holdout,4,1033,headon,vfield,a38b5f8641,ok,0,0,0,0,0,0,1.1549,1.0798,2.7258,2.0438,1.555,1,1,,8450,3.46
grid2:normNS,,,PR13_x0.5,holdout,4,1035,headon,vfield,a38b5f8641,ok,1,0,1,0,0,0,1.5742,0.1451,2.7258,2.0438,1.555,1,1,7.69,8450,3.45
grid2:normNS,,,PR13_x0.5,holdout,4,1037,headon,vfield,a38b5f8641,ok,1,0,0,1,0,0,0.7054,4.3103,2.7258,2.0438,1.555,1,1,35.93,8450,3.47
grid2:normNS,,,PR13_x0.5,holdout,4,1039,headon,vfield,a38b5f8641,ok,0,0,0,0,0,0,2.579,3.1555,2.7258,2.0438,1.555,1,1,,8450,3.47
grid2:normNS,,,PR13_x0.5,holdout,4,1041,headon,vfield,a38b5f8641,ok,0,0,0,0,0,0,2.6727,3.1328,2.7258,2.0438,1.555,1,1,,8450,3.46
grid2:normNS,,,PR13_x0.5,holdout,4,1043,headon,vfield,a38b5f8641,ok,0,0,0,0,0,0,3.0057,1.0925,2.7258,2.0438,1.555,1,1,,8450,3.44
grid2:normNS,,,PR13_x0.5,holdout,4,1045,headon,vfield,a38b5f8641,ok,1,0,1,0,0,0,2.1018,0.0102,2.7258,2.0438,1.555,1,1,7.56,8450,3.44
grid2:normNS,,,PR13_x0.5,holdout,4,1047,headon,vfield,a38b5f8641,ok,1,0,0,1,0,0,0.4779,4.3271,2.7258,2.0438,1.555,1,1,24.13,8450,3.45
grid2:normNS,,,PR13_x0.5,holdout,4,1049,headon,vfield,a38b5f8641,ok,1,0,0,1,0,0,0.6155,5.3545,2.7258,2.0438,1.555,1,1,17.85,8450,3.46
grid2:normNS,,,PR13_x0.5,holdout,4,1051,headon,vfield,a38b5f8641,ok,0,0,0,0,0,0,1.3613,6.3255,2.7258,2.0438,1.555,1,1,,8450,3.65
grid2:normNS,,,PR13_x0.5,holdout,4,1053,headon,vfield,a38b5f8641,ok,0,0,0,0,0,0,4.459,6.1764,2.7258,2.0438,1.555,1,1,,8450,3.59
grid2:normNS,,,PR13_x0.5,holdout,4,1055,headon,vfield,a38b5f8641,ok,1,0,1,0,0,0,2.4332,0.7862,2.7258,2.0438,1.555,1,1,27.85,8450,3.64
grid2:normNS,,,PR13_x0.5,holdout,4,1057,headon,vfield,a38b5f8641,ok,0,0,0,0,0,0,3.2133,1.674,2.7258,2.0438,1.555,1,1,,8450,3.54
grid2:normNS,,,PR13_x0.5,holdout,4,1059,headon,vfield,a38b5f8641,ok,0,0,0,0,0,0,3.8803,6.1431,2.7258,2.0438,1.555,1,1,,8450,3.46
grid2:normNS,,,PR13_x0.75,holdout,4,1001,headon,vfield,a87c721cee,ok,0,0,0,0,0,0,2.7042,3.043,2.7258,2.0438,1.555,1,1,,8450,3.43
grid2:normNS,,,PR13_x0.75,holdout,4,1003,headon,vfield,a87c721cee,ok,0,0,0,0,0,0,3.476,1.2175,2.7258,2.0438,1.555,1,1,,8450,3.44
grid2:normNS,,,PR13_x0.75,holdout,4,1005,headon,vfield,a87c721cee,ok,0,0,0,0,0,0,2.0006,1.5223,2.7258,2.0438,1.555,1,1,,8450,3.46
grid2:normNS,,,PR13_x0.75,holdout,4,1007,headon,vfield,a87c721cee,ok,0,0,0,0,0,0,5.343,1.4181,2.7258,2.0438,1.555,1,1,,8450,3.45
grid2:normNS,,,PR13_x0.75,holdout,4,1009,headon,vfield,a87c721cee,ok,0,0,0,0,0,0,1.8342,2.6426,2.7258,2.0438,1.555,1,1,,8450,3.44
grid2:normNS,,,PR13_x0.75,holdout,4,1011,headon,vfield,a87c721cee,ok,0,0,0,0,0,0,4.3094,5.4714,2.7258,2.0438,1.555,1,1,,8450,3.44
grid2:normNS,,,PR13_x0.75,holdout,4,1013,headon,vfield,a87c721cee,ok,0,0,0,0,0,0,3.743,2.0127,2.7258,2.0438,1.555,1,1,,8450,3.46
grid2:normNS,,,PR13_x0.75,holdout,4,1015,headon,vfield,a87c721cee,ok,1,0,1,0,0,0,4.2847,0.5112,2.7258,2.0438,1.555,1,1,12.52,8450,3.45
grid2:normNS,,,PR13_x0.75,holdout,4,1017,headon,vfield,a87c721cee,ok,0,0,0,0,0,0,1.7804,3.3389,2.7258,2.0438,1.555,1,1,,8450,3.45
grid2:normNS,,,PR13_x0.75,holdout,4,1019,headon,vfield,a87c721cee,ok,1,0,1,0,0,0,1.49,0.7184,2.7258,2.0438,1.555,1,1,8.53,8450,3.43
grid2:normNS,,,PR13_x0.75,holdout,4,1021,headon,vfield,a87c721cee,ok,0,0,0,0,0,0,1.3698,3.8233,2.7258,2.0438,1.555,1,1,,8450,3.42
grid2:normNS,,,PR13_x0.75,holdout,4,1023,headon,vfield,a87c721cee,ok,1,0,1,0,0,0,3.302,0.1261,2.7258,2.0438,1.555,1,1,6.49,8450,3.45
grid2:normNS,,,PR13_x0.75,holdout,4,1025,headon,vfield,a87c721cee,ok,0,0,0,0,0,0,3.2666,3.3901,2.7258,2.0438,1.555,1,1,,8450,3.45
grid2:normNS,,,PR13_x0.75,holdout,4,1027,headon,vfield,a87c721cee,ok,0,0,0,0,0,0,2.7549,1.592,2.7258,2.0438,1.555,1,1,,8450,3.45
grid2:normNS,,,PR13_x0.75,holdout,4,1029,headon,vfield,a87c721cee,ok,0,0,0,0,0,0,4.4448,2.6511,2.7258,2.0438,1.555,1,1,,8450,3.45
grid2:normNS,,,PR13_x0.75,holdout,4,1031,headon,vfield,a87c721cee,ok,0,0,0,0,0,0,3.3089,1.7512,2.7258,2.0438,1.555,1,1,,8450,3.45
grid2:normNS,,,PR13_x0.75,holdout,4,1033,headon,vfield,a87c721cee,ok,0,0,0,0,0,0,2.1311,1.5749,2.7258,2.0438,1.555,1,1,,8450,3.46
grid2:normNS,,,PR13_x0.75,holdout,4,1035,headon,vfield,a87c721cee,ok,0,0,0,0,0,0,3.0561,1.8193,2.7258,2.0438,1.555,1,1,,8450,3.46
grid2:normNS,,,PR13_x0.75,holdout,4,1037,headon,vfield,a87c721cee,ok,0,0,0,0,0,0,3.7672,2.334,2.7258,2.0438,1.555,1,1,,8450,3.43
grid2:normNS,,,PR13_x0.75,holdout,4,1039,headon,vfield,a87c721cee,ok,0,0,0,0,0,0,3.3648,6.2459,2.7258,2.0438,1.555,1,1,,8450,3.44
grid2:normNS,,,PR13_x0.75,holdout,4,1041,headon,vfield,a87c721cee,ok,0,0,0,0,0,0,3.5707,3.3852,2.7258,2.0438,1.555,1,1,,8450,3.43
grid2:normNS,,,PR13_x0.75,holdout,4,1043,headon,vfield,a87c721cee,ok,0,0,0,0,0,0,1.9677,4.2083,2.7258,2.0438,1.555,1,1,,8450,3.43
grid2:normNS,,,PR13_x0.75,holdout,4,1045,headon,vfield,a87c721cee,ok,0,0,0,0,0,0,1.9019,1.6971,2.7258,2.0438,1.555,1,1,,8450,3.44
grid2:normNS,,,PR13_x0.75,holdout,4,1047,headon,vfield,a87c721cee,ok,0,0,0,0,0,0,2.5169,4.0494,2.7258,2.0438,1.555,1,1,,8450,3.45
grid2:normNS,,,PR13_x0.75,holdout,4,1049,headon,vfield,a87c721cee,ok,1,0,0,1,0,0,0.1365,1.8277,2.7258,2.0438,1.555,1,1,22.11,8450,3.46
grid2:normNS,,,PR13_x0.75,holdout,4,1051,headon,vfield,a87c721cee,ok,0,0,0,0,0,0,3.9495,4.3351,2.7258,2.0438,1.555,1,1,,8450,3.46
grid2:normNS,,,PR13_x0.75,holdout,4,1053,headon,vfield,a87c721cee,ok,0,0,0,0,0,0,5.2647,3.3049,2.7258,2.0438,1.555,1,1,,8450,3.45
grid2:normNS,,,PR13_x0.75,holdout,4,1055,headon,vfield,a87c721cee,ok,0,0,0,0,0,0,3.6535,2.2327,2.7258,2.0438,1.555,1,1,,8450,3.44
grid2:normNS,,,PR13_x0.75,holdout,4,1057,headon,vfield,a87c721cee,ok,0,0,0,0,0,0,4.8761,5.0692,2.7258,2.0438,1.555,1,1,,8450,3.46
grid2:normNS,,,PR13_x0.75,holdout,4,1059,headon,vfield,a87c721cee,ok,1,0,1,0,0,0,4.3215,0.6688,2.7258,2.0438,1.555,1,1,13.95,8450,3.47
grid2:normNS,,,PR13_x1,holdout,4,1001,headon,vfield,a1b21b3f06,ok,0,0,0,0,0,0,1.2781,2.1177,2.7258,2.0438,1.555,1,1,,8450,3.43
grid2:normNS,,,PR13_x1,holdout,4,1003,headon,vfield,a1b21b3f06,ok,0,0,0,0,0,0,4.2914,2.7281,2.7258,2.0438,1.555,1,1,,8450,3.46
grid2:normNS,,,PR13_x1,holdout,4,1005,headon,vfield,a1b21b3f06,ok,0,0,0,0,0,0,1.7992,2.1334,2.7258,2.0438,1.555,1,1,,8450,3.44
grid2:normNS,,,PR13_x1,holdout,4,1007,headon,vfield,a1b21b3f06,ok,0,0,0,0,0,0,2.5112,3.0086,2.7258,2.0438,1.555,1,1,,8450,3.43
grid2:normNS,,,PR13_x1,holdout,4,1009,headon,vfield,a1b21b3f06,ok,0,0,0,0,0,0,5.529,5.7327,2.7258,2.0438,1.555,1,1,,8450,3.43
grid2:normNS,,,PR13_x1,holdout,4,1011,headon,vfield,a1b21b3f06,ok,0,0,0,0,0,0,5.0046,3.1881,2.7258,2.0438,1.555,1,1,,8450,3.43
grid2:normNS,,,PR13_x1,holdout,4,1013,headon,vfield,a1b21b3f06,ok,0,0,0,0,0,0,2.8502,3.2344,2.7258,2.0438,1.555,1,1,,8450,3.44
grid2:normNS,,,PR13_x1,holdout,4,1015,headon,vfield,a1b21b3f06,ok,0,0,0,0,0,0,2.9522,2.8917,2.7258,2.0438,1.555,1,1,,8450,3.55
grid2:normNS,,,PR13_x1,holdout,4,1017,headon,vfield,a1b21b3f06,ok,0,0,0,0,0,0,5.1654,1.709,2.7258,2.0438,1.555,1,1,,8450,3.59
grid2:normNS,,,PR13_x1,holdout,4,1019,headon,vfield,a1b21b3f06,ok,0,0,0,0,0,0,2.1794,2.2887,2.7258,2.0438,1.555,1,1,,8450,3.42
grid2:normNS,,,PR13_x1,holdout,4,1021,headon,vfield,a1b21b3f06,ok,0,0,0,0,0,0,4.4689,2.9476,2.7258,2.0438,1.555,1,1,,8450,3.42
grid2:normNS,,,PR13_x1,holdout,4,1023,headon,vfield,a1b21b3f06,ok,0,0,0,0,0,0,3.1962,3.6253,2.7258,2.0438,1.555,1,1,,8450,3.43
grid2:normNS,,,PR13_x1,holdout,4,1025,headon,vfield,a1b21b3f06,ok,0,0,0,0,0,0,1.7212,2.0218,2.7258,2.0438,1.555,1,1,,8450,3.46
grid2:normNS,,,PR13_x1,holdout,4,1027,headon,vfield,a1b21b3f06,ok,0,0,0,0,0,0,2.5833,2.9078,2.7258,2.0438,1.555,1,1,,8450,3.44
grid2:normNS,,,PR13_x1,holdout,4,1029,headon,vfield,a1b21b3f06,ok,0,0,0,0,0,0,6.0062,2.8004,2.7258,2.0438,1.555,1,1,,8450,3.48
grid2:normNS,,,PR13_x1,holdout,4,1031,headon,vfield,a1b21b3f06,ok,0,0,0,0,0,0,5.1544,4.3233,2.7258,2.0438,1.555,1,1,,8450,3.47
grid2:normNS,,,PR13_x1,holdout,4,1033,headon,vfield,a1b21b3f06,ok,0,0,0,0,0,0,2.6021,2.3239,2.7258,2.0438,1.555,1,1,,8450,3.48
grid2:normNS,,,PR13_x1,holdout,4,1035,headon,vfield,a1b21b3f06,ok,0,0,0,0,0,0,2.2816,1.367,2.7258,2.0438,1.555,1,1,,8450,3.51
grid2:normNS,,,PR13_x1,holdout,4,1037,headon,vfield,a1b21b3f06,ok,0,0,0,0,0,0,3.3793,2.5408,2.7258,2.0438,1.555,1,1,,8450,3.48
grid2:normNS,,,PR13_x1,holdout,4,1039,headon,vfield,a1b21b3f06,ok,0,0,0,0,0,0,2.8803,2.5948,2.7258,2.0438,1.555,1,1,,8450,3.57
grid2:normNS,,,PR13_x1,holdout,4,1041,headon,vfield,a1b21b3f06,ok,0,0,0,0,0,0,4.1596,3.114,2.7258,2.0438,1.555,1,1,,8450,3.65
grid2:normNS,,,PR13_x1,holdout,4,1043,headon,vfield,a1b21b3f06,ok,0,0,0,0,0,0,3.989,2.3328,2.7258,2.0438,1.555,1,1,,8450,3.46
grid2:normNS,,,PR13_x1,holdout,4,1045,headon,vfield,a1b21b3f06,ok,0,0,0,0,0,0,3.5931,4.1309,2.7258,2.0438,1.555,1,1,,8450,3.5
grid2:normNS,,,PR13_x1,holdout,4,1047,headon,vfield,a1b21b3f06,ok,0,0,0,0,0,0,3.6242,2.5854,2.7258,2.0438,1.555,1,1,,8450,3.51
grid2:normNS,,,PR13_x1,holdout,4,1049,headon,vfield,a1b21b3f06,ok,0,0,0,0,0,0,4.4392,2.8894,2.7258,2.0438,1.555,1,1,,8450,3.48
grid2:normNS,,,PR13_x1,holdout,4,1051,headon,vfield,a1b21b3f06,ok,0,0,0,0,0,0,3.4082,3.3002,2.7258,2.0438,1.555,1,1,,8450,3.54
grid2:normNS,,,PR13_x1,holdout,4,1053,headon,vfield,a1b21b3f06,ok,0,0,0,0,0,0,3.932,2.8088,2.7258,2.0438,1.555,1,1,,8450,3.45
grid2:normNS,,,PR13_x1,holdout,4,1055,headon,vfield,a1b21b3f06,ok,0,0,0,0,0,0,6.1204,4.6106,2.7258,2.0438,1.555,1,1,,8450,3.43
grid2:normNS,,,PR13_x1,holdout,4,1057,headon,vfield,a1b21b3f06,ok,0,0,0,0,0,0,3.4702,1.537,2.7258,2.0438,1.555,1,1,,8450,3.51
grid2:normNS,,,PR13_x1,holdout,4,1059,headon,vfield,a1b21b3f06,ok,0,0,0,0,0,0,2.2478,1.0366,2.7258,2.0438,1.555,1,1,,8450,3.49
grid2:normNS,,,PR13_x1.25,holdout,4,1001,headon,vfield,5fb0cd270c,ok,0,0,0,0,0,0,3.9868,1.79,2.7258,2.0438,1.555,1,1,,8450,3.54
grid2:normNS,,,PR13_x1.25,holdout,4,1003,headon,vfield,5fb0cd270c,ok,0,0,0,0,0,0,3.8466,1.8143,2.7258,2.0438,1.555,1,1,,8450,3.5
grid2:normNS,,,PR13_x1.25,holdout,4,1005,headon,vfield,5fb0cd270c,ok,0,0,0,0,0,0,4.2542,2.105,2.7258,2.0438,1.555,1,1,,8450,3.46
grid2:normNS,,,PR13_x1.25,holdout,4,1007,headon,vfield,5fb0cd270c,ok,0,0,0,0,0,0,1.018,1.7847,2.7258,2.0438,1.555,1,1,,8450,3.56
grid2:normNS,,,PR13_x1.25,holdout,4,1009,headon,vfield,5fb0cd270c,ok,0,0,0,0,0,0,3.2943,5.0621,2.7258,2.0438,1.555,1,1,,8450,3.54
grid2:normNS,,,PR13_x1.25,holdout,4,1011,headon,vfield,5fb0cd270c,ok,0,0,0,0,0,0,2.069,2.129,2.7258,2.0438,1.555,1,1,,8450,3.49
grid2:normNS,,,PR13_x1.25,holdout,4,1013,headon,vfield,5fb0cd270c,ok,0,0,0,0,0,0,3.1716,3.4981,2.7258,2.0438,1.555,1,1,,8450,3.47
grid2:normNS,,,PR13_x1.25,holdout,4,1015,headon,vfield,5fb0cd270c,ok,0,0,0,0,0,0,3.7745,2.0486,2.7258,2.0438,1.555,1,1,,8450,3.75
grid2:normNS,,,PR13_x1.25,holdout,4,1017,headon,vfield,5fb0cd270c,ok,0,0,0,0,0,0,7.0914,1.8353,2.7258,2.0438,1.555,1,1,,8450,3.47
grid2:normNS,,,PR13_x1.25,holdout,4,1019,headon,vfield,5fb0cd270c,ok,0,0,0,0,0,0,2.8815,1.7901,2.7258,2.0438,1.555,1,1,,8450,3.5
grid2:normNS,,,PR13_x1.25,holdout,4,1021,headon,vfield,5fb0cd270c,ok,1,0,0,1,0,0,0.5757,2.0971,2.7258,2.0438,1.555,1,1,28.12,8450,3.44
grid2:normNS,,,PR13_x1.25,holdout,4,1023,headon,vfield,5fb0cd270c,ok,0,0,0,0,0,0,1.24,1.8155,2.7258,2.0438,1.555,1,1,,8450,3.48
grid2:normNS,,,PR13_x1.25,holdout,4,1025,headon,vfield,5fb0cd270c,ok,0,0,0,0,0,0,4.1963,1.7847,2.7258,2.0438,1.555,1,1,,8450,3.54
grid2:normNS,,,PR13_x1.25,holdout,4,1027,headon,vfield,5fb0cd270c,ok,0,0,0,0,0,0,4.3787,1.8301,2.7258,2.0438,1.555,1,1,,8450,3.45
grid2:normNS,,,PR13_x1.25,holdout,4,1029,headon,vfield,5fb0cd270c,ok,0,0,0,0,0,0,5.9451,1.7733,2.7258,2.0438,1.555,1,1,,8450,3.47
grid2:normNS,,,PR13_x1.25,holdout,4,1031,headon,vfield,5fb0cd270c,ok,0,0,0,0,0,0,4.2961,1.8785,2.7258,2.0438,1.555,1,1,,8450,3.43
grid2:normNS,,,PR13_x1.25,holdout,4,1033,headon,vfield,5fb0cd270c,ok,0,0,0,0,0,0,3.8438,1.8205,2.7258,2.0438,1.555,1,1,,8450,3.46
grid2:normNS,,,PR13_x1.25,holdout,4,1035,headon,vfield,5fb0cd270c,ok,0,0,0,0,0,0,5.178,1.1257,2.7258,2.0438,1.555,1,1,,8450,3.43
grid2:normNS,,,PR13_x1.25,holdout,4,1037,headon,vfield,5fb0cd270c,ok,1,0,0,0,1,0,0.2326,1.7374,2.7258,2.0438,1.555,1,1,34.44,8450,3.44
grid2:normNS,,,PR13_x1.25,holdout,4,1039,headon,vfield,5fb0cd270c,ok,0,0,0,0,0,0,3.9876,1.806,2.7258,2.0438,1.555,1,1,,8450,3.43
grid2:normNS,,,PR13_x1.25,holdout,4,1041,headon,vfield,5fb0cd270c,ok,0,0,0,0,0,0,5.2318,1.7803,2.7258,2.0438,1.555,1,1,,8450,3.43
grid2:normNS,,,PR13_x1.25,holdout,4,1043,headon,vfield,5fb0cd270c,ok,0,0,0,0,0,0,3.4511,1.7847,2.7258,2.0438,1.555,1,1,,8450,3.46
grid2:normNS,,,PR13_x1.25,holdout,4,1045,headon,vfield,5fb0cd270c,ok,0,0,0,0,0,0,4.0181,1.9007,2.7258,2.0438,1.555,1,1,,8450,3.49
grid2:normNS,,,PR13_x1.25,holdout,4,1047,headon,vfield,5fb0cd270c,ok,0,0,0,0,0,0,1.5621,1.5347,2.7258,2.0438,1.555,1,1,,8450,3.62
grid2:normNS,,,PR13_x1.25,holdout,4,1049,headon,vfield,5fb0cd270c,ok,0,0,0,0,0,0,5.8132,1.751,2.7258,2.0438,1.555,1,1,,8450,3.6
grid2:normNS,,,PR13_x1.25,holdout,4,1051,headon,vfield,5fb0cd270c,ok,0,0,0,0,0,0,4.5642,1.7928,2.7258,2.0438,1.555,1,1,,8450,3.52
grid2:normNS,,,PR13_x1.25,holdout,4,1053,headon,vfield,5fb0cd270c,ok,0,0,0,0,0,0,4.4717,2.0134,2.7258,2.0438,1.555,1,1,,8450,3.47
grid2:normNS,,,PR13_x1.25,holdout,4,1055,headon,vfield,5fb0cd270c,ok,0,0,0,0,0,0,4.3394,2.0093,2.7258,2.0438,1.555,1,1,,8450,3.53
grid2:normNS,,,PR13_x1.25,holdout,4,1057,headon,vfield,5fb0cd270c,ok,0,0,0,0,0,0,2.2372,2.0447,2.7258,2.0438,1.555,1,1,,8450,3.48
grid2:normNS,,,PR13_x1.25,holdout,4,1059,headon,vfield,5fb0cd270c,ok,0,0,0,0,0,0,3.6019,1.782,2.7258,2.0438,1.555,1,1,,8450,3.56
grid2:normNS,,,PR13_x1.5,holdout,4,1001,headon,vfield,f2245ced3a,ok,0,0,0,0,0,0,5.0322,1.7847,2.7258,2.0438,1.555,1,1,,8450,3.5
grid2:normNS,,,PR13_x1.5,holdout,4,1003,headon,vfield,f2245ced3a,ok,0,0,0,0,0,0,5.1818,1.7854,2.7258,2.0438,1.555,1,1,,8450,3.53
grid2:normNS,,,PR13_x1.5,holdout,4,1005,headon,vfield,f2245ced3a,ok,0,0,0,0,0,0,5.433,6.1484,2.7258,2.0438,1.555,1,1,,8450,3.5
grid2:normNS,,,PR13_x1.5,holdout,4,1007,headon,vfield,f2245ced3a,ok,0,0,0,0,0,0,4.2415,1.7847,2.7258,2.0438,1.555,1,1,,8450,3.46
grid2:normNS,,,PR13_x1.5,holdout,4,1009,headon,vfield,f2245ced3a,ok,0,0,0,0,0,0,6.7879,4.5229,2.7258,2.0438,1.555,1,1,,8450,3.44
grid2:normNS,,,PR13_x1.5,holdout,4,1011,headon,vfield,f2245ced3a,ok,1,0,1,0,0,0,3.4872,0.1331,2.7258,2.0438,1.555,1,1,14.58,8450,3.42
grid2:normNS,,,PR13_x1.5,holdout,4,1013,headon,vfield,f2245ced3a,ok,0,0,0,0,0,0,5.395,2.0175,2.7258,2.0438,1.555,1,1,,8450,3.44
grid2:normNS,,,PR13_x1.5,holdout,4,1015,headon,vfield,f2245ced3a,ok,0,0,0,0,0,0,3.5479,5.8093,2.7258,2.0438,1.555,1,1,,8450,3.44
grid2:normNS,,,PR13_x1.5,holdout,4,1017,headon,vfield,f2245ced3a,ok,0,0,0,0,0,0,6.0233,2.6007,2.7258,2.0438,1.555,1,1,,8450,3.44
grid2:normNS,,,PR13_x1.5,holdout,4,1019,headon,vfield,f2245ced3a,ok,0,0,0,0,0,0,5.0046,1.785,2.7258,2.0438,1.555,1,1,,8450,3.42
grid2:normNS,,,PR13_x1.5,holdout,4,1021,headon,vfield,f2245ced3a,ok,0,0,0,0,0,0,5.45,2.1276,2.7258,2.0438,1.555,1,1,,8450,3.46
grid2:normNS,,,PR13_x1.5,holdout,4,1023,headon,vfield,f2245ced3a,ok,0,0,0,0,0,0,3.1046,1.7871,2.7258,2.0438,1.555,1,1,,8450,3.42
grid2:normNS,,,PR13_x1.5,holdout,4,1025,headon,vfield,f2245ced3a,ok,0,0,0,0,0,0,4.4778,1.7847,2.7258,2.0438,1.555,1,1,,8450,3.45
grid2:normNS,,,PR13_x1.5,holdout,4,1027,headon,vfield,f2245ced3a,ok,0,0,0,0,0,0,6.2301,6.4567,2.7258,2.0438,1.555,1,1,,8450,3.43
grid2:normNS,,,PR13_x1.5,holdout,4,1029,headon,vfield,f2245ced3a,ok,0,0,0,0,0,0,3.5772,2.1598,2.7258,2.0438,1.555,1,1,,8450,3.44
grid2:normNS,,,PR13_x1.5,holdout,4,1031,headon,vfield,f2245ced3a,ok,0,0,0,0,0,0,4.2351,1.6687,2.7258,2.0438,1.555,1,1,,8450,3.43
grid2:normNS,,,PR13_x1.5,holdout,4,1033,headon,vfield,f2245ced3a,ok,0,0,0,0,0,0,2.164,1.7847,2.7258,2.0438,1.555,1,1,,8450,3.41
grid2:normNS,,,PR13_x1.5,holdout,4,1035,headon,vfield,f2245ced3a,ok,0,0,0,0,0,0,3.8115,1.9953,2.7258,2.0438,1.555,1,1,,8450,3.46
grid2:normNS,,,PR13_x1.5,holdout,4,1037,headon,vfield,f2245ced3a,ok,0,0,0,0,0,0,5.3432,1.8775,2.7258,2.0438,1.555,1,1,,8450,3.44
grid2:normNS,,,PR13_x1.5,holdout,4,1039,headon,vfield,f2245ced3a,ok,0,0,0,0,0,0,4.9043,1.7847,2.7258,2.0438,1.555,1,1,,8450,3.43
grid2:normNS,,,PR13_x1.5,holdout,4,1041,headon,vfield,f2245ced3a,ok,0,0,0,0,0,0,3.1257,1.8101,2.7258,2.0438,1.555,1,1,,8450,3.44
grid2:normNS,,,PR13_x1.5,holdout,4,1043,headon,vfield,f2245ced3a,ok,0,0,0,0,0,0,2.5147,1.7847,2.7258,2.0438,1.555,1,1,,8450,3.43
grid2:normNS,,,PR13_x1.5,holdout,4,1045,headon,vfield,f2245ced3a,ok,0,0,0,0,0,0,7.1193,2.0315,2.7258,2.0438,1.555,1,1,,8450,3.41
grid2:normNS,,,PR13_x1.5,holdout,4,1047,headon,vfield,f2245ced3a,ok,0,0,0,0,0,0,4.5962,2.0062,2.7258,2.0438,1.555,1,1,,8450,3.5
grid2:normNS,,,PR13_x1.5,holdout,4,1049,headon,vfield,f2245ced3a,ok,0,0,0,0,0,0,5.1408,1.8114,2.7258,2.0438,1.555,1,1,,8450,3.44
grid2:normNS,,,PR13_x1.5,holdout,4,1051,headon,vfield,f2245ced3a,ok,0,0,0,0,0,0,2.2162,1.7847,2.7258,2.0438,1.555,1,1,,8450,3.47
grid2:normNS,,,PR13_x1.5,holdout,4,1053,headon,vfield,f2245ced3a,ok,0,0,0,0,0,0,4.4642,2.0315,2.7258,2.0438,1.555,1,1,,8450,3.47
grid2:normNS,,,PR13_x1.5,holdout,4,1055,headon,vfield,f2245ced3a,ok,1,0,1,0,0,0,3.1968,0.7883,2.7258,2.0438,1.555,1,1,24.78,8450,3.51
grid2:normNS,,,PR13_x1.5,holdout,4,1057,headon,vfield,f2245ced3a,ok,0,0,0,0,0,0,2.8241,2.0415,2.7258,2.0438,1.555,1,1,,8450,3.47
grid2:normNS,,,PR13_x1.5,holdout,4,1059,headon,vfield,f2245ced3a,ok,0,0,0,0,0,0,2.3949,1.7847,2.7258,2.0438,1.555,1,1,,8450,3.49
grid2:normNS,,,PR13_x2,holdout,4,1001,headon,vfield,85cc463575,ok,0,0,0,0,0,0,5.4516,1.7847,2.7258,2.0438,1.555,1,1,,8450,3.53
grid2:normNS,,,PR13_x2,holdout,4,1003,headon,vfield,85cc463575,ok,0,0,0,0,0,0,2.5558,1.7847,2.7258,2.0438,1.555,1,1,,8450,3.48
grid2:normNS,,,PR13_x2,holdout,4,1005,headon,vfield,85cc463575,ok,0,0,0,0,0,0,1.9642,1.6759,2.7258,2.0438,1.555,1,1,,8450,3.48
grid2:normNS,,,PR13_x2,holdout,4,1007,headon,vfield,85cc463575,ok,1,0,1,0,0,0,2.2006,0.923,2.7258,2.0438,1.555,1,1,16.79,8450,3.45
grid2:normNS,,,PR13_x2,holdout,4,1009,headon,vfield,85cc463575,ok,0,0,0,0,0,0,4.0137,3.174,2.7258,2.0438,1.555,1,1,,8450,3.68
grid2:normNS,,,PR13_x2,holdout,4,1011,headon,vfield,85cc463575,ok,0,0,0,0,0,0,2.6296,7.386,2.7258,2.0438,1.555,1,1,,8450,3.49
grid2:normNS,,,PR13_x2,holdout,4,1013,headon,vfield,85cc463575,ok,0,0,0,0,0,0,5.2026,2.1392,2.7258,2.0438,1.555,1,1,,8450,3.5
grid2:normNS,,,PR13_x2,holdout,4,1015,headon,vfield,85cc463575,ok,0,0,0,0,0,0,4.5647,8.6588,2.7258,2.0438,1.555,1,1,,8450,3.52
grid2:normNS,,,PR13_x2,holdout,4,1017,headon,vfield,85cc463575,ok,0,0,0,0,0,0,3.9226,5.08,2.7258,2.0438,1.555,1,1,,8450,3.47
grid2:normNS,,,PR13_x2,holdout,4,1019,headon,vfield,85cc463575,ok,0,0,0,0,0,0,3.9136,1.7847,2.7258,2.0438,1.555,1,1,,8450,3.46
grid2:normNS,,,PR13_x2,holdout,4,1021,headon,vfield,85cc463575,ok,0,0,0,0,0,0,5.1553,4.3421,2.7258,2.0438,1.555,1,1,,8450,3.47
grid2:normNS,,,PR13_x2,holdout,4,1023,headon,vfield,85cc463575,ok,0,0,0,0,0,0,5.7001,9.2995,2.7258,2.0438,1.555,1,1,,8450,3.46
grid2:normNS,,,PR13_x2,holdout,4,1025,headon,vfield,85cc463575,ok,0,0,0,0,0,0,4.1976,1.7847,2.7258,2.0438,1.555,1,1,,8450,3.5
grid2:normNS,,,PR13_x2,holdout,4,1027,headon,vfield,85cc463575,ok,0,0,0,0,0,0,2.347,8.368,2.7258,2.0438,1.555,1,1,,8450,3.54
grid2:normNS,,,PR13_x2,holdout,4,1029,headon,vfield,85cc463575,ok,0,0,0,0,0,0,1.2798,2.0982,2.7258,2.0438,1.555,1,1,,8450,3.46
grid2:normNS,,,PR13_x2,holdout,4,1031,headon,vfield,85cc463575,ok,0,0,0,0,0,0,1.0831,1.9952,2.7258,2.0438,1.555,1,1,,8450,3.44
grid2:normNS,,,PR13_x2,holdout,4,1033,headon,vfield,85cc463575,ok,0,0,0,0,0,0,4.3939,1.7847,2.7258,2.0438,1.555,1,1,,8450,3.51
grid2:normNS,,,PR13_x2,holdout,4,1035,headon,vfield,85cc463575,ok,0,0,0,0,0,0,4.2038,2.2441,2.7258,2.0438,1.555,1,1,,8450,3.46
grid2:normNS,,,PR13_x2,holdout,4,1037,headon,vfield,85cc463575,ok,0,0,0,0,0,0,5.2226,1.8082,2.7258,2.0438,1.555,1,1,,8450,3.5
grid2:normNS,,,PR13_x2,holdout,4,1039,headon,vfield,85cc463575,ok,0,0,0,0,0,0,3.1035,1.7856,2.7258,2.0438,1.555,1,1,,8450,3.47
grid2:normNS,,,PR13_x2,holdout,4,1041,headon,vfield,85cc463575,ok,0,0,0,0,0,0,3.073,5.033,2.7258,2.0438,1.555,1,1,,8450,3.45
grid2:normNS,,,PR13_x2,holdout,4,1043,headon,vfield,85cc463575,ok,0,0,0,0,0,0,5.234,1.7847,2.7258,2.0438,1.555,1,1,,8450,3.44
grid2:normNS,,,PR13_x2,holdout,4,1045,headon,vfield,85cc463575,ok,1,0,0,1,0,0,0.8152,1.5694,2.7258,2.0438,1.555,1,1,29.58,8450,3.42
grid2:normNS,,,PR13_x2,holdout,4,1047,headon,vfield,85cc463575,ok,0,0,0,0,0,0,4.7983,2.1867,2.7258,2.0438,1.555,1,1,,8450,3.49
grid2:normNS,,,PR13_x2,holdout,4,1049,headon,vfield,85cc463575,ok,0,0,0,0,0,0,5.4214,6.1762,2.7258,2.0438,1.555,1,1,,8450,3.45
grid2:normNS,,,PR13_x2,holdout,4,1051,headon,vfield,85cc463575,ok,0,0,0,0,0,0,3.8936,1.8037,2.7258,2.0438,1.555,1,1,,8450,3.44
grid2:normNS,,,PR13_x2,holdout,4,1053,headon,vfield,85cc463575,ok,0,0,0,0,0,0,3.7466,2.0315,2.7258,2.0438,1.555,1,1,,8450,3.43
grid2:normNS,,,PR13_x2,holdout,4,1055,headon,vfield,85cc463575,ok,0,0,0,0,0,0,3.0969,8.5544,2.7258,2.0438,1.555,1,1,,8450,3.42
grid2:normNS,,,PR13_x2,holdout,4,1057,headon,vfield,85cc463575,ok,0,0,0,0,0,0,1.5684,2.8542,2.7258,2.0438,1.555,1,1,,8450,3.45
grid2:normNS,,,PR13_x2,holdout,4,1059,headon,vfield,85cc463575,ok,0,0,0,0,0,0,3.4304,1.6876,2.7258,2.0438,1.555,1,1,,8450,3.45
grid2:normNS,,,PR16_x0.5,holdout,4,1001,headon,vfield,0c476ff325,ok,0,0,0,0,0,0,3.5092,7.4554,2.7258,2.0438,1.555,1,1,,8450,3.91
grid2:normNS,,,PR16_x0.5,holdout,4,1003,headon,vfield,0c476ff325,ok,0,0,0,0,0,0,6.5978,3.3483,2.7258,2.0438,1.555,1,1,,8450,4.13
grid2:normNS,,,PR16_x0.5,holdout,4,1005,headon,vfield,0c476ff325,ok,0,0,0,0,0,0,2.9463,3.2961,2.7258,2.0438,1.555,1,1,,8450,3.78
grid2:normNS,,,PR16_x0.5,holdout,4,1007,headon,vfield,0c476ff325,ok,0,0,0,0,0,0,1.865,3.1641,2.7258,2.0438,1.555,1,1,,8450,3.43
grid2:normNS,,,PR16_x0.5,holdout,4,1009,headon,vfield,0c476ff325,ok,0,0,0,0,0,0,3.0776,4.4588,2.7258,2.0438,1.555,1,1,,8450,3.46
grid2:normNS,,,PR16_x0.5,holdout,4,1011,headon,vfield,0c476ff325,ok,0,0,0,0,0,0,5.2716,2.9314,2.7258,2.0438,1.555,1,1,,8450,3.57
grid2:normNS,,,PR16_x0.5,holdout,4,1013,headon,vfield,0c476ff325,ok,0,0,0,0,0,0,1.1218,4.6356,2.7258,2.0438,1.555,1,1,,8450,3.43
grid2:normNS,,,PR16_x0.5,holdout,4,1015,headon,vfield,0c476ff325,ok,0,0,0,0,0,0,3.3123,4.183,2.7258,2.0438,1.555,1,1,,8450,3.76
grid2:normNS,,,PR16_x0.5,holdout,4,1017,headon,vfield,0c476ff325,ok,0,0,0,0,0,0,6.9306,4.3438,2.7258,2.0438,1.555,1,1,,8450,3.43
grid2:normNS,,,PR16_x0.5,holdout,4,1019,headon,vfield,0c476ff325,ok,1,0,1,0,0,0,2.4772,0.0658,2.7258,2.0438,1.555,1,1,24.07,8450,3.41
grid2:normNS,,,PR16_x0.5,holdout,4,1021,headon,vfield,0c476ff325,ok,0,0,0,0,0,0,4.3596,4.1561,2.7258,2.0438,1.555,1,1,,8450,3.44
grid2:normNS,,,PR16_x0.5,holdout,4,1023,headon,vfield,0c476ff325,ok,0,0,0,0,0,0,5.3396,3.6905,2.7258,2.0438,1.555,1,1,,8450,3.41
grid2:normNS,,,PR16_x0.5,holdout,4,1025,headon,vfield,0c476ff325,ok,0,0,0,0,0,0,3.2966,4.5593,2.7258,2.0438,1.555,1,1,,8450,3.44
grid2:normNS,,,PR16_x0.5,holdout,4,1027,headon,vfield,0c476ff325,ok,0,0,0,0,0,0,2.7769,4.1141,2.7258,2.0438,1.555,1,1,,8450,3.43
grid2:normNS,,,PR16_x0.5,holdout,4,1029,headon,vfield,0c476ff325,ok,0,0,0,0,0,0,3.671,1.4214,2.7258,2.0438,1.555,1,1,,8450,3.41
grid2:normNS,,,PR16_x0.5,holdout,4,1031,headon,vfield,0c476ff325,ok,0,0,0,0,0,0,3.709,4.3722,2.7258,2.0438,1.555,1,1,,8450,3.43
grid2:normNS,,,PR16_x0.5,holdout,4,1033,headon,vfield,0c476ff325,ok,0,0,0,0,0,0,2.0372,4.8112,2.7258,2.0438,1.555,1,1,,8450,3.44
grid2:normNS,,,PR16_x0.5,holdout,4,1035,headon,vfield,0c476ff325,ok,0,0,0,0,0,0,4.6759,3.2107,2.7258,2.0438,1.555,1,1,,8450,3.41
grid2:normNS,,,PR16_x0.5,holdout,4,1037,headon,vfield,0c476ff325,ok,0,0,0,0,0,0,2.9347,4.0886,2.7258,2.0438,1.555,1,1,,8450,3.42
grid2:normNS,,,PR16_x0.5,holdout,4,1039,headon,vfield,0c476ff325,ok,0,0,0,0,0,0,3.323,6.6774,2.7258,2.0438,1.555,1,1,,8450,3.47
grid2:normNS,,,PR16_x0.5,holdout,4,1041,headon,vfield,0c476ff325,ok,0,0,0,0,0,0,3.9404,5.9366,2.7258,2.0438,1.555,1,1,,8450,3.45
grid2:normNS,,,PR16_x0.5,holdout,4,1043,headon,vfield,0c476ff325,ok,0,0,0,0,0,0,2.8843,4.3544,2.7258,2.0438,1.555,1,1,,8450,3.44
grid2:normNS,,,PR16_x0.5,holdout,4,1045,headon,vfield,0c476ff325,ok,0,0,0,0,0,0,5.4829,3.2265,2.7258,2.0438,1.555,1,1,,8450,3.43
grid2:normNS,,,PR16_x0.5,holdout,4,1047,headon,vfield,0c476ff325,ok,0,0,0,0,0,0,1.6062,2.8633,2.7258,2.0438,1.555,1,1,,8450,3.43
grid2:normNS,,,PR16_x0.5,holdout,4,1049,headon,vfield,0c476ff325,ok,0,0,0,0,0,0,3.8018,4.4558,2.7258,2.0438,1.555,1,1,,8450,3.44
grid2:normNS,,,PR16_x0.5,holdout,4,1051,headon,vfield,0c476ff325,ok,0,0,0,0,0,0,6.2424,4.2967,2.7258,2.0438,1.555,1,1,,8450,3.41
grid2:normNS,,,PR16_x0.5,holdout,4,1053,headon,vfield,0c476ff325,ok,0,0,0,0,0,0,4.7964,4.087,2.7258,2.0438,1.555,1,1,,8450,3.44
grid2:normNS,,,PR16_x0.5,holdout,4,1055,headon,vfield,0c476ff325,ok,0,0,0,0,0,0,4.39,4.2626,2.7258,2.0438,1.555,1,1,,8450,3.41
grid2:normNS,,,PR16_x0.5,holdout,4,1057,headon,vfield,0c476ff325,ok,0,0,0,0,0,0,2.6518,2.4302,2.7258,2.0438,1.555,1,1,,8450,3.41
grid2:normNS,,,PR16_x0.5,holdout,4,1059,headon,vfield,0c476ff325,ok,0,0,0,0,0,0,4.0295,4.1786,2.7258,2.0438,1.555,1,1,,8450,3.43
grid2:normNS,,,PR16_x0.75,holdout,4,1001,headon,vfield,f440996377,ok,0,0,0,0,0,0,4.4988,3.4789,2.7258,2.0438,1.555,1,1,,8450,3.42
grid2:normNS,,,PR16_x0.75,holdout,4,1003,headon,vfield,f440996377,ok,0,0,0,0,0,0,4.428,2.3801,2.7258,2.0438,1.555,1,1,,8450,3.43
grid2:normNS,,,PR16_x0.75,holdout,4,1005,headon,vfield,f440996377,ok,0,0,0,0,0,0,3.6246,8.2027,2.7258,2.0438,1.555,1,1,,8450,3.43
grid2:normNS,,,PR16_x0.75,holdout,4,1007,headon,vfield,f440996377,ok,0,0,0,0,0,0,5.2262,3.6698,2.7258,2.0438,1.555,1,1,,8450,3.42
grid2:normNS,,,PR16_x0.75,holdout,4,1009,headon,vfield,f440996377,ok,0,0,0,0,0,0,4.4822,3.0365,2.7258,2.0438,1.555,1,1,,8450,3.42
grid2:normNS,,,PR16_x0.75,holdout,4,1011,headon,vfield,f440996377,ok,0,0,0,0,0,0,2.9144,2.9613,2.7258,2.0438,1.555,1,1,,8450,3.41
grid2:normNS,,,PR16_x0.75,holdout,4,1013,headon,vfield,f440996377,ok,0,0,0,0,0,0,2.4654,1.3992,2.7258,2.0438,1.555,1,1,,8450,3.4
grid2:normNS,,,PR16_x0.75,holdout,4,1015,headon,vfield,f440996377,ok,0,0,0,0,0,0,3.6998,5.2841,2.7258,2.0438,1.555,1,1,,8450,3.46
grid2:normNS,,,PR16_x0.75,holdout,4,1017,headon,vfield,f440996377,ok,0,0,0,0,0,0,4.5667,4.5724,2.7258,2.0438,1.555,1,1,,8450,3.45
grid2:normNS,,,PR16_x0.75,holdout,4,1019,headon,vfield,f440996377,ok,1,0,0,0,1,0,0.7121,2.2352,2.7258,2.0438,1.555,1,1,38.34,8450,3.46
grid2:normNS,,,PR16_x0.75,holdout,4,1021,headon,vfield,f440996377,ok,0,0,0,0,0,0,2.7991,4.2278,2.7258,2.0438,1.555,1,1,,8450,3.55
grid2:normNS,,,PR16_x0.75,holdout,4,1023,headon,vfield,f440996377,ok,0,0,0,0,0,0,4.8293,5.3821,2.7258,2.0438,1.555,1,1,,8450,3.7
grid2:normNS,,,PR16_x0.75,holdout,4,1025,headon,vfield,f440996377,ok,0,0,0,0,0,0,4.9333,2.8127,2.7258,2.0438,1.555,1,1,,8450,3.46
grid2:normNS,,,PR16_x0.75,holdout,4,1027,headon,vfield,f440996377,ok,0,0,0,0,0,0,2.8344,3.9257,2.7258,2.0438,1.555,1,1,,8450,3.48
grid2:normNS,,,PR16_x0.75,holdout,4,1029,headon,vfield,f440996377,ok,0,0,0,0,0,0,2.041,1.8074,2.7258,2.0438,1.555,1,1,,8450,3.46
grid2:normNS,,,PR16_x0.75,holdout,4,1031,headon,vfield,f440996377,ok,0,0,0,0,0,0,5.9587,3.7956,2.7258,2.0438,1.555,1,1,,8450,3.48
grid2:normNS,,,PR16_x0.75,holdout,4,1033,headon,vfield,f440996377,ok,0,0,0,0,0,0,4.4009,2.9299,2.7258,2.0438,1.555,1,1,,8450,3.49
grid2:normNS,,,PR16_x0.75,holdout,4,1035,headon,vfield,f440996377,ok,0,0,0,0,0,0,4.4225,4.0066,2.7258,2.0438,1.555,1,1,,8450,3.5
grid2:normNS,,,PR16_x0.75,holdout,4,1037,headon,vfield,f440996377,ok,0,0,0,0,0,0,1.9551,3.6349,2.7258,2.0438,1.555,1,1,,8450,3.47
grid2:normNS,,,PR16_x0.75,holdout,4,1039,headon,vfield,f440996377,ok,1,0,0,0,1,0,0.9316,2.4956,2.7258,2.0438,1.555,1,1,36.59,8450,3.48
grid2:normNS,,,PR16_x0.75,holdout,4,1041,headon,vfield,f440996377,ok,0,0,0,0,0,0,4.2078,3.517,2.7258,2.0438,1.555,1,1,,8450,3.59
grid2:normNS,,,PR16_x0.75,holdout,4,1043,headon,vfield,f440996377,ok,0,0,0,0,0,0,5.6865,3.402,2.7258,2.0438,1.555,1,1,,8450,3.59
grid2:normNS,,,PR16_x0.75,holdout,4,1045,headon,vfield,f440996377,ok,0,0,0,0,0,0,4.5896,3.2237,2.7258,2.0438,1.555,1,1,,8450,3.96
grid2:normNS,,,PR16_x0.75,holdout,4,1047,headon,vfield,f440996377,ok,0,0,0,0,0,0,3.7055,4.3451,2.7258,2.0438,1.555,1,1,,8450,3.45
grid2:normNS,,,PR16_x0.75,holdout,4,1049,headon,vfield,f440996377,ok,0,0,0,0,0,0,7.1081,7.9841,2.7258,2.0438,1.555,1,1,,8450,3.51
grid2:normNS,,,PR16_x0.75,holdout,4,1051,headon,vfield,f440996377,ok,0,0,0,0,0,0,3.2716,2.2348,2.7258,2.0438,1.555,1,1,,8450,3.43
grid2:normNS,,,PR16_x0.75,holdout,4,1053,headon,vfield,f440996377,ok,0,0,0,0,0,0,6.9375,6.0529,2.7258,2.0438,1.555,1,1,,8450,3.45
grid2:normNS,,,PR16_x0.75,holdout,4,1055,headon,vfield,f440996377,ok,0,0,0,0,0,0,3.5189,4.3687,2.7258,2.0438,1.555,1,1,,8450,3.56
grid2:normNS,,,PR16_x0.75,holdout,4,1057,headon,vfield,f440996377,ok,0,0,0,0,0,0,4.9719,8.7761,2.7258,2.0438,1.555,1,1,,8450,3.57
grid2:normNS,,,PR16_x0.75,holdout,4,1059,headon,vfield,f440996377,ok,0,0,0,0,0,0,7.2368,4.073,2.7258,2.0438,1.555,1,1,,8450,3.5
grid2:normNS,,,PR16_x1,holdout,4,1001,headon,vfield,c42c18dc9d,ok,0,0,0,0,0,0,3.0607,3.0263,2.7258,2.0438,1.555,1,1,,8450,3.76
grid2:normNS,,,PR16_x1,holdout,4,1003,headon,vfield,c42c18dc9d,ok,0,0,0,0,0,0,6.8801,7.9646,2.7258,2.0438,1.555,1,1,,8450,3.54
grid2:normNS,,,PR16_x1,holdout,4,1005,headon,vfield,c42c18dc9d,ok,0,0,0,0,0,0,2.9843,3.476,2.7258,2.0438,1.555,1,1,,8450,3.45
grid2:normNS,,,PR16_x1,holdout,4,1007,headon,vfield,c42c18dc9d,ok,0,0,0,0,0,0,2.222,3.4009,2.7258,2.0438,1.555,1,1,,8450,3.52
grid2:normNS,,,PR16_x1,holdout,4,1009,headon,vfield,c42c18dc9d,ok,0,0,0,0,0,0,6.7304,8.6309,2.7258,2.0438,1.555,1,1,,8450,3.49
grid2:normNS,,,PR16_x1,holdout,4,1011,headon,vfield,c42c18dc9d,ok,0,0,0,0,0,0,5.5676,2.3839,2.7258,2.0438,1.555,1,1,,8450,3.46
grid2:normNS,,,PR16_x1,holdout,4,1013,headon,vfield,c42c18dc9d,ok,0,0,0,0,0,0,1.5962,3.7568,2.7258,2.0438,1.555,1,1,,8450,3.93
grid2:normNS,,,PR16_x1,holdout,4,1015,headon,vfield,c42c18dc9d,ok,0,0,0,0,0,0,6.192,3.7488,2.7258,2.0438,1.555,1,1,,8450,4.14
grid2:normNS,,,PR16_x1,holdout,4,1017,headon,vfield,c42c18dc9d,ok,0,0,0,0,0,0,5.2551,4.5136,2.7258,2.0438,1.555,1,1,,8450,3.69
grid2:normNS,,,PR16_x1,holdout,4,1019,headon,vfield,c42c18dc9d,ok,0,0,0,0,0,0,5.292,3.5174,2.7258,2.0438,1.555,1,1,,8450,3.54
grid2:normNS,,,PR16_x1,holdout,4,1021,headon,vfield,c42c18dc9d,ok,0,0,0,0,0,0,3.7171,4.8687,2.7258,2.0438,1.555,1,1,,8450,3.63
grid2:normNS,,,PR16_x1,holdout,4,1023,headon,vfield,c42c18dc9d,ok,0,0,0,0,0,0,4.1934,3.3764,2.7258,2.0438,1.555,1,1,,8450,3.49
grid2:normNS,,,PR16_x1,holdout,4,1025,headon,vfield,c42c18dc9d,ok,0,0,0,0,0,0,6.0969,3.7305,2.7258,2.0438,1.555,1,1,,8450,3.47
grid2:normNS,,,PR16_x1,holdout,4,1027,headon,vfield,c42c18dc9d,ok,0,0,0,0,0,0,5.0531,8.1412,2.7258,2.0438,1.555,1,1,,8450,3.45
grid2:normNS,,,PR16_x1,holdout,4,1029,headon,vfield,c42c18dc9d,ok,0,0,0,0,0,0,6.6341,6.1567,2.7258,2.0438,1.555,1,1,,8450,3.43
grid2:normNS,,,PR16_x1,holdout,4,1031,headon,vfield,c42c18dc9d,ok,0,0,0,0,0,0,5.3994,3.3372,2.7258,2.0438,1.555,1,1,,8450,3.45
grid2:normNS,,,PR16_x1,holdout,4,1033,headon,vfield,c42c18dc9d,ok,0,0,0,0,0,0,3.7187,1.8824,2.7258,2.0438,1.555,1,1,,8450,3.44
grid2:normNS,,,PR16_x1,holdout,4,1035,headon,vfield,c42c18dc9d,ok,0,0,0,0,0,0,6.6687,6.9536,2.7258,2.0438,1.555,1,1,,8450,3.48
grid2:normNS,,,PR16_x1,holdout,4,1037,headon,vfield,c42c18dc9d,ok,0,0,0,0,0,0,3.6671,7.9402,2.7258,2.0438,1.555,1,1,,8450,3.48
grid2:normNS,,,PR16_x1,holdout,4,1039,headon,vfield,c42c18dc9d,ok,0,0,0,0,0,0,3.0095,4.2062,2.7258,2.0438,1.555,1,1,,8450,3.49
grid2:normNS,,,PR16_x1,holdout,4,1041,headon,vfield,c42c18dc9d,ok,0,0,0,0,0,0,2.8145,3.4437,2.7258,2.0438,1.555,1,1,,8450,3.54
grid2:normNS,,,PR16_x1,holdout,4,1043,headon,vfield,c42c18dc9d,ok,0,0,0,0,0,0,5.2276,3.3546,2.7258,2.0438,1.555,1,1,,8450,3.55
grid2:normNS,,,PR16_x1,holdout,4,1045,headon,vfield,c42c18dc9d,ok,0,0,0,0,0,0,4.233,7.3779,2.7258,2.0438,1.555,1,1,,8450,3.5
grid2:normNS,,,PR16_x1,holdout,4,1047,headon,vfield,c42c18dc9d,ok,0,0,0,0,0,0,4.9225,4.171,2.7258,2.0438,1.555,1,1,,8450,3.59
grid2:normNS,,,PR16_x1,holdout,4,1049,headon,vfield,c42c18dc9d,ok,0,0,0,0,0,0,7.9203,3.2399,2.7258,2.0438,1.555,1,1,,8450,3.65
grid2:normNS,,,PR16_x1,holdout,4,1051,headon,vfield,c42c18dc9d,ok,0,0,0,0,0,0,3.8158,3.3701,2.7258,2.0438,1.555,1,1,,8450,3.47
grid2:normNS,,,PR16_x1,holdout,4,1053,headon,vfield,c42c18dc9d,ok,0,0,0,0,0,0,7.2584,3.7568,2.7258,2.0438,1.555,1,1,,8450,3.52
grid2:normNS,,,PR16_x1,holdout,4,1055,headon,vfield,c42c18dc9d,ok,0,0,0,0,0,0,7.133,6.8314,2.7258,2.0438,1.555,1,1,,8450,3.46
grid2:normNS,,,PR16_x1,holdout,4,1057,headon,vfield,c42c18dc9d,ok,0,0,0,0,0,0,4.5592,7.5795,2.7258,2.0438,1.555,1,1,,8450,3.48
grid2:normNS,,,PR16_x1,holdout,4,1059,headon,vfield,c42c18dc9d,ok,0,0,0,0,0,0,6.8939,3.6241,2.7258,2.0438,1.555,1,1,,8450,3.51
grid2:normNS,,,PR16_x1.25,holdout,4,1001,headon,vfield,122d1c16dd,ok,0,0,0,0,0,0,5.5676,3.3737,2.7258,2.0438,1.555,1,1,,8450,3.44
grid2:normNS,,,PR16_x1.25,holdout,4,1003,headon,vfield,122d1c16dd,ok,0,0,0,0,0,0,2.2193,3.4458,2.7258,2.0438,1.555,1,1,,8450,3.45
grid2:normNS,,,PR16_x1.25,holdout,4,1005,headon,vfield,122d1c16dd,ok,0,0,0,0,0,0,5.391,1.7179,2.7258,2.0438,1.555,1,1,,8450,3.44
grid2:normNS,,,PR16_x1.25,holdout,4,1007,headon,vfield,122d1c16dd,ok,0,0,0,0,0,0,3.7718,3.3737,2.7258,2.0438,1.555,1,1,,8450,3.43
grid2:normNS,,,PR16_x1.25,holdout,4,1009,headon,vfield,122d1c16dd,ok,1,0,1,0,0,0,8.0925,0.9788,2.7258,2.0438,1.555,1,1,13.16,8450,3.45
grid2:normNS,,,PR16_x1.25,holdout,4,1011,headon,vfield,122d1c16dd,ok,0,0,0,0,0,0,5.9282,7.8611,2.7258,2.0438,1.555,1,1,,8450,3.43
grid2:normNS,,,PR16_x1.25,holdout,4,1013,headon,vfield,122d1c16dd,ok,0,0,0,0,0,0,2.9999,6.9534,2.7258,2.0438,1.555,1,1,,8450,3.44
grid2:normNS,,,PR16_x1.25,holdout,4,1015,headon,vfield,122d1c16dd,ok,0,0,0,0,0,0,3.7071,2.9141,2.7258,2.0438,1.555,1,1,,8450,3.48
grid2:normNS,,,PR16_x1.25,holdout,4,1017,headon,vfield,122d1c16dd,ok,0,0,0,0,0,0,6.0638,6.6302,2.7258,2.0438,1.555,1,1,,8450,3.5
grid2:normNS,,,PR16_x1.25,holdout,4,1019,headon,vfield,122d1c16dd,ok,0,0,0,0,0,0,6.3477,3.376,2.7258,2.0438,1.555,1,1,,8450,3.5
grid2:normNS,,,PR16_x1.25,holdout,4,1021,headon,vfield,122d1c16dd,ok,0,0,0,0,0,0,6.5744,3.0324,2.7258,2.0438,1.555,1,1,,8450,3.48
grid2:normNS,,,PR16_x1.25,holdout,4,1023,headon,vfield,122d1c16dd,ok,0,0,0,0,0,0,4.9931,3.439,2.7258,2.0438,1.555,1,1,,8450,3.46
grid2:normNS,,,PR16_x1.25,holdout,4,1025,headon,vfield,122d1c16dd,ok,0,0,0,0,0,0,5.1354,3.3737,2.7258,2.0438,1.555,1,1,,8450,3.54
grid2:normNS,,,PR16_x1.25,holdout,4,1027,headon,vfield,122d1c16dd,ok,0,0,0,0,0,0,5.78,12.8707,2.7258,2.0438,1.555,1,1,,8450,3.51
grid2:normNS,,,PR16_x1.25,holdout,4,1029,headon,vfield,122d1c16dd,ok,0,0,0,0,0,0,5.712,3.1559,2.7258,2.0438,1.555,1,1,,8450,3.47
grid2:normNS,,,PR16_x1.25,holdout,4,1031,headon,vfield,122d1c16dd,ok,0,0,0,0,0,0,4.8398,3.3399,2.7258,2.0438,1.555,1,1,,8450,3.54
grid2:normNS,,,PR16_x1.25,holdout,4,1033,headon,vfield,122d1c16dd,ok,0,0,0,0,0,0,3.3302,3.3737,2.7258,2.0438,1.555,1,1,,8450,3.57
grid2:normNS,,,PR16_x1.25,holdout,4,1035,headon,vfield,122d1c16dd,ok,0,0,0,0,0,0,6.2572,3.7285,2.7258,2.0438,1.555,1,1,,8450,3.58
grid2:normNS,,,PR16_x1.25,holdout,4,1037,headon,vfield,122d1c16dd,ok,0,0,0,0,0,0,5.7524,3.436,2.7258,2.0438,1.555,1,1,,8450,3.99
grid2:normNS,,,PR16_x1.25,holdout,4,1039,headon,vfield,122d1c16dd,ok,0,0,0,0,0,0,5.552,3.3737,2.7258,2.0438,1.555,1,1,,8450,3.63
grid2:normNS,,,PR16_x1.25,holdout,4,1041,headon,vfield,122d1c16dd,ok,0,0,0,0,0,0,4.6115,3.4839,2.7258,2.0438,1.555,1,1,,8450,3.62
grid2:normNS,,,PR16_x1.25,holdout,4,1043,headon,vfield,122d1c16dd,ok,0,0,0,0,0,0,6.0313,3.3737,2.7258,2.0438,1.555,1,1,,8450,3.56
grid2:normNS,,,PR16_x1.25,holdout,4,1045,headon,vfield,122d1c16dd,ok,0,0,0,0,0,0,6.9564,3.7483,2.7258,2.0438,1.555,1,1,,8450,3.48
grid2:normNS,,,PR16_x1.25,holdout,4,1047,headon,vfield,122d1c16dd,ok,0,0,0,0,0,0,6.4098,3.7483,2.7258,2.0438,1.555,1,1,,8450,3.46
grid2:normNS,,,PR16_x1.25,holdout,4,1049,headon,vfield,122d1c16dd,ok,0,0,0,0,0,0,6.2945,3.3972,2.7258,2.0438,1.555,1,1,,8450,3.46
grid2:normNS,,,PR16_x1.25,holdout,4,1051,headon,vfield,122d1c16dd,ok,0,0,0,0,0,0,8.1927,3.3734,2.7258,2.0438,1.555,1,1,,8450,3.49
grid2:normNS,,,PR16_x1.25,holdout,4,1053,headon,vfield,122d1c16dd,ok,0,0,0,0,0,0,6.943,3.7483,2.7258,2.0438,1.555,1,1,,8450,3.47
grid2:normNS,,,PR16_x1.25,holdout,4,1055,headon,vfield,122d1c16dd,ok,0,0,0,0,0,0,5.4858,2.6911,2.7258,2.0438,1.555,1,1,,8450,3.56
grid2:normNS,,,PR16_x1.25,holdout,4,1057,headon,vfield,122d1c16dd,ok,0,0,0,0,0,0,6.201,3.8398,2.7258,2.0438,1.555,1,1,,8450,3.61
grid2:normNS,,,PR16_x1.25,holdout,4,1059,headon,vfield,122d1c16dd,ok,0,0,0,0,0,0,2.7227,6.9221,2.7258,2.0438,1.555,1,1,,8450,3.52
grid2:normNS,,,PR16_x1.5,holdout,4,1001,headon,vfield,ce5aa26bfb,ok,0,0,0,0,0,0,4.1847,3.3737,2.7258,2.0438,1.555,1,1,,8450,3.62
grid2:normNS,,,PR16_x1.5,holdout,4,1003,headon,vfield,ce5aa26bfb,ok,0,0,0,0,0,0,6.6273,3.3737,2.7258,2.0438,1.555,1,1,,8450,3.52
grid2:normNS,,,PR16_x1.5,holdout,4,1005,headon,vfield,ce5aa26bfb,ok,0,0,0,0,0,0,5.6746,9.6842,2.7258,2.0438,1.555,1,1,,8450,3.5
grid2:normNS,,,PR16_x1.5,holdout,4,1007,headon,vfield,ce5aa26bfb,ok,0,0,0,0,0,0,4.4285,3.3737,2.7258,2.0438,1.555,1,1,,8450,3.49
grid2:normNS,,,PR16_x1.5,holdout,4,1009,headon,vfield,ce5aa26bfb,ok,0,0,0,0,0,0,5.4911,6.485,2.7258,2.0438,1.555,1,1,,8450,3.47
grid2:normNS,,,PR16_x1.5,holdout,4,1011,headon,vfield,ce5aa26bfb,ok,0,0,0,0,0,0,4.5361,5.5955,2.7258,2.0438,1.555,1,1,,8450,3.53
grid2:normNS,,,PR16_x1.5,holdout,4,1013,headon,vfield,ce5aa26bfb,ok,0,0,0,0,0,0,5.5369,3.4951,2.7258,2.0438,1.555,1,1,,8450,3.61
grid2:normNS,,,PR16_x1.5,holdout,4,1015,headon,vfield,ce5aa26bfb,ok,0,0,0,0,0,0,4.1305,1.2171,2.7258,2.0438,1.555,1,1,,8450,3.46
grid2:normNS,,,PR16_x1.5,holdout,4,1017,headon,vfield,ce5aa26bfb,ok,0,0,0,0,0,0,1.9943,6.0029,2.7258,2.0438,1.555,1,1,,8450,3.47
grid2:normNS,,,PR16_x1.5,holdout,4,1019,headon,vfield,ce5aa26bfb,ok,0,0,0,0,0,0,3.4028,3.3737,2.7258,2.0438,1.555,1,1,,8450,3.44
grid2:normNS,,,PR16_x1.5,holdout,4,1021,headon,vfield,ce5aa26bfb,ok,0,0,0,0,0,0,2.0864,9.0629,2.7258,2.0438,1.555,1,1,,8450,3.48
grid2:normNS,,,PR16_x1.5,holdout,4,1023,headon,vfield,ce5aa26bfb,ok,0,0,0,0,0,0,6.3195,3.3422,2.7258,2.0438,1.555,1,1,,8450,3.47
grid2:normNS,,,PR16_x1.5,holdout,4,1025,headon,vfield,ce5aa26bfb,ok,0,0,0,0,0,0,5.5478,3.3737,2.7258,2.0438,1.555,1,1,,8450,3.52
grid2:normNS,,,PR16_x1.5,holdout,4,1027,headon,vfield,ce5aa26bfb,ok,0,0,0,0,0,0,6.2637,8.9439,2.7258,2.0438,1.555,1,1,,8450,3.48
grid2:normNS,,,PR16_x1.5,holdout,4,1029,headon,vfield,ce5aa26bfb,ok,0,0,0,0,0,0,4.6496,3.1462,2.7258,2.0438,1.555,1,1,,8450,3.48
grid2:normNS,,,PR16_x1.5,holdout,4,1031,headon,vfield,ce5aa26bfb,ok,0,0,0,0,0,0,3.801,3.4085,2.7258,2.0438,1.555,1,1,,8450,3.47
grid2:normNS,,,PR16_x1.5,holdout,4,1033,headon,vfield,ce5aa26bfb,ok,0,0,0,0,0,0,5.1625,1.7253,2.7258,2.0438,1.555,1,1,,8450,3.48
grid2:normNS,,,PR16_x1.5,holdout,4,1035,headon,vfield,ce5aa26bfb,ok,0,0,0,0,0,0,2.0608,3.729,2.7258,2.0438,1.555,1,1,,8450,3.48
grid2:normNS,,,PR16_x1.5,holdout,4,1037,headon,vfield,ce5aa26bfb,ok,0,0,0,0,0,0,3.1827,3.3738,2.7258,2.0438,1.555,1,1,,8450,3.48
grid2:normNS,,,PR16_x1.5,holdout,4,1039,headon,vfield,ce5aa26bfb,ok,0,0,0,0,0,0,7.757,3.3737,2.7258,2.0438,1.555,1,1,,8450,3.46
grid2:normNS,,,PR16_x1.5,holdout,4,1041,headon,vfield,ce5aa26bfb,ok,0,0,0,0,0,0,6.1433,7.16,2.7258,2.0438,1.555,1,1,,8450,3.5
grid2:normNS,,,PR16_x1.5,holdout,4,1043,headon,vfield,ce5aa26bfb,ok,0,0,0,0,0,0,7.6458,3.3737,2.7258,2.0438,1.555,1,1,,8450,3.5
grid2:normNS,,,PR16_x1.5,holdout,4,1045,headon,vfield,ce5aa26bfb,ok,0,0,0,0,0,0,6.7252,3.7483,2.7258,2.0438,1.555,1,1,,8450,3.46
grid2:normNS,,,PR16_x1.5,holdout,4,1047,headon,vfield,ce5aa26bfb,ok,0,0,0,0,0,0,6.2642,3.7912,2.7258,2.0438,1.555,1,1,,8450,3.61
grid2:normNS,,,PR16_x1.5,holdout,4,1049,headon,vfield,ce5aa26bfb,ok,0,0,0,0,0,0,7.1185,6.2978,2.7258,2.0438,1.555,1,1,,8450,3.47
grid2:normNS,,,PR16_x1.5,holdout,4,1051,headon,vfield,ce5aa26bfb,ok,0,0,0,0,0,0,4.0134,3.3737,2.7258,2.0438,1.555,1,1,,8450,3.48
grid2:normNS,,,PR16_x1.5,holdout,4,1053,headon,vfield,ce5aa26bfb,ok,0,0,0,0,0,0,5.965,2.5061,2.7258,2.0438,1.555,1,1,,8450,3.88
grid2:normNS,,,PR16_x1.5,holdout,4,1055,headon,vfield,ce5aa26bfb,ok,0,0,0,0,0,0,6.8105,6.8441,2.7258,2.0438,1.555,1,1,,8450,3.46
grid2:normNS,,,PR16_x1.5,holdout,4,1057,headon,vfield,ce5aa26bfb,ok,0,0,0,0,0,0,5.1838,2.1521,2.7258,2.0438,1.555,1,1,,8450,3.47
grid2:normNS,,,PR16_x1.5,holdout,4,1059,headon,vfield,ce5aa26bfb,ok,0,0,0,0,0,0,4.7355,3.3734,2.7258,2.0438,1.555,1,1,,8450,3.46
grid2:normNS,,,PR16_x2,holdout,4,1001,headon,vfield,971d73801f,ok,0,0,0,0,0,0,3.6833,3.3737,2.7258,2.0438,1.555,1,1,,8450,3.47
grid2:normNS,,,PR16_x2,holdout,4,1003,headon,vfield,971d73801f,ok,0,0,0,0,0,0,4.9335,3.387,2.7258,2.0438,1.555,1,1,,8450,3.5
grid2:normNS,,,PR16_x2,holdout,4,1005,headon,vfield,971d73801f,ok,0,0,0,0,0,0,5.0893,6.5839,2.7258,2.0438,1.555,1,1,,8450,3.46
grid2:normNS,,,PR16_x2,holdout,4,1007,headon,vfield,971d73801f,ok,0,0,0,0,0,0,4.2648,3.3737,2.7258,2.0438,1.555,1,1,,8450,3.5
grid2:normNS,,,PR16_x2,holdout,4,1009,headon,vfield,971d73801f,ok,1,0,1,0,0,0,9.7416,0.7431,2.7258,2.0438,1.555,1,1,16.23,8450,3.48
grid2:normNS,,,PR16_x2,holdout,4,1011,headon,vfield,971d73801f,ok,0,0,0,0,0,0,5.7976,10.1612,2.7258,2.0438,1.555,1,1,,8450,3.47
grid2:normNS,,,PR16_x2,holdout,4,1013,headon,vfield,971d73801f,ok,0,0,0,0,0,0,4.6342,4.2143,2.7258,2.0438,1.555,1,1,,8450,3.5
grid2:normNS,,,PR16_x2,holdout,4,1015,headon,vfield,971d73801f,ok,0,0,0,0,0,0,4.6711,7.99,2.7258,2.0438,1.555,1,1,,8450,3.45
grid2:normNS,,,PR16_x2,holdout,4,1017,headon,vfield,971d73801f,ok,0,0,0,0,0,0,6.8503,4.5689,2.7258,2.0438,1.555,1,1,,8450,3.45
grid2:normNS,,,PR16_x2,holdout,4,1019,headon,vfield,971d73801f,ok,0,0,0,0,0,0,3.1769,2.8567,2.7258,2.0438,1.555,1,1,,8450,3.43
grid2:normNS,,,PR16_x2,holdout,4,1021,headon,vfield,971d73801f,ok,0,0,0,0,0,0,6.3306,6.5617,2.7258,2.0438,1.555,1,1,,8450,3.45
grid2:normNS,,,PR16_x2,holdout,4,1023,headon,vfield,971d73801f,ok,0,0,0,0,0,0,6.2712,8.007,2.7258,2.0438,1.555,1,1,,8450,3.47
grid2:normNS,,,PR16_x2,holdout,4,1025,headon,vfield,971d73801f,ok,0,0,0,0,0,0,4.7881,3.3572,2.7258,2.0438,1.555,1,1,,8450,3.48
grid2:normNS,,,PR16_x2,holdout,4,1027,headon,vfield,971d73801f,ok,0,0,0,0,0,0,6.6281,8.2147,2.7258,2.0438,1.555,1,1,,8450,3.44
grid2:normNS,,,PR16_x2,holdout,4,1029,headon,vfield,971d73801f,ok,0,0,0,0,0,0,6.7671,6.5903,2.7258,2.0438,1.555,1,1,,8450,3.45
grid2:normNS,,,PR16_x2,holdout,4,1031,headon,vfield,971d73801f,ok,0,0,0,0,0,0,4.8844,1.8786,2.7258,2.0438,1.555,1,1,,8450,3.46
grid2:normNS,,,PR16_x2,holdout,4,1033,headon,vfield,971d73801f,ok,0,0,0,0,0,0,4.8942,3.3737,2.7258,2.0438,1.555,1,1,,8450,3.47
grid2:normNS,,,PR16_x2,holdout,4,1035,headon,vfield,971d73801f,ok,0,0,0,0,0,0,5.2067,8.9025,2.7258,2.0438,1.555,1,1,,8450,3.45
grid2:normNS,,,PR16_x2,holdout,4,1037,headon,vfield,971d73801f,ok,0,0,0,0,0,0,7.4552,6.7455,2.7258,2.0438,1.555,1,1,,8450,3.54
grid2:normNS,,,PR16_x2,holdout,4,1039,headon,vfield,971d73801f,ok,0,0,0,0,0,0,5.8453,3.4849,2.7258,2.0438,1.555,1,1,,8450,3.46
grid2:normNS,,,PR16_x2,holdout,4,1041,headon,vfield,971d73801f,ok,0,0,0,0,0,0,5.0036,5.2778,2.7258,2.0438,1.555,1,1,,8450,3.48
grid2:normNS,,,PR16_x2,holdout,4,1043,headon,vfield,971d73801f,ok,0,0,0,0,0,0,6.7984,3.3737,2.7258,2.0438,1.555,1,1,,8450,3.48
grid2:normNS,,,PR16_x2,holdout,4,1045,headon,vfield,971d73801f,ok,0,0,0,0,0,0,7.6952,3.7483,2.7258,2.0438,1.555,1,1,,8450,3.49
grid2:normNS,,,PR16_x2,holdout,4,1047,headon,vfield,971d73801f,ok,0,0,0,0,0,0,2.8839,6.942,2.7258,2.0438,1.555,1,1,,8450,3.44
grid2:normNS,,,PR16_x2,holdout,4,1049,headon,vfield,971d73801f,ok,0,0,0,0,0,0,5.8457,5.882,2.7258,2.0438,1.555,1,1,,8450,3.47
grid2:normNS,,,PR16_x2,holdout,4,1051,headon,vfield,971d73801f,ok,0,0,0,0,0,0,7.2897,3.7483,2.7258,2.0438,1.555,1,1,,8450,3.47
grid2:normNS,,,PR16_x2,holdout,4,1053,headon,vfield,971d73801f,ok,0,0,0,0,0,0,5.1733,3.7483,2.7258,2.0438,1.555,1,1,,8450,3.61
grid2:normNS,,,PR16_x2,holdout,4,1055,headon,vfield,971d73801f,ok,0,0,0,0,0,0,5.4366,7.9653,2.7258,2.0438,1.555,1,1,,8450,3.53
grid2:normNS,,,PR16_x2,holdout,4,1057,headon,vfield,971d73801f,ok,0,0,0,0,0,0,5.1251,6.9693,2.7258,2.0438,1.555,1,1,,8450,3.68
grid2:normNS,,,PR16_x2,holdout,4,1059,headon,vfield,971d73801f,ok,0,0,0,0,0,0,4.7184,11.9156,2.7258,2.0438,1.555,1,1,,8450,3.48
grid2:normNS,,,PR20_x0.5,holdout,4,1001,headon,vfield,599f7e667a,ok,0,0,0,0,0,0,5.5792,6.5774,2.7258,2.0438,1.555,1,1,,8450,3.51
grid2:normNS,,,PR20_x0.5,holdout,4,1003,headon,vfield,599f7e667a,ok,0,0,0,0,0,0,6.0017,5.4412,2.7258,2.0438,1.555,1,1,,8450,3.46
grid2:normNS,,,PR20_x0.5,holdout,4,1005,headon,vfield,599f7e667a,ok,0,0,0,0,0,0,6.2767,8.6401,2.7258,2.0438,1.555,1,1,,8450,3.56
grid2:normNS,,,PR20_x0.5,holdout,4,1007,headon,vfield,599f7e667a,ok,0,0,0,0,0,0,3.7495,6.033,2.7258,2.0438,1.555,1,1,,8450,3.48
grid2:normNS,,,PR20_x0.5,holdout,4,1009,headon,vfield,599f7e667a,ok,0,0,0,0,0,0,6.4376,1.7426,2.7258,2.0438,1.555,1,1,,8450,3.44
grid2:normNS,,,PR20_x0.5,holdout,4,1011,headon,vfield,599f7e667a,ok,0,0,0,0,0,0,5.5176,2.6615,2.7258,2.0438,1.555,1,1,,8450,3.51
grid2:normNS,,,PR20_x0.5,holdout,4,1013,headon,vfield,599f7e667a,ok,0,0,0,0,0,0,4.0251,7.091,2.7258,2.0438,1.555,1,1,,8450,3.52
grid2:normNS,,,PR20_x0.5,holdout,4,1015,headon,vfield,599f7e667a,ok,0,0,0,0,0,0,4.9976,2.1692,2.7258,2.0438,1.555,1,1,,8450,3.49
grid2:normNS,,,PR20_x0.5,holdout,4,1017,headon,vfield,599f7e667a,ok,0,0,0,0,0,0,8.1425,6.2518,2.7258,2.0438,1.555,1,1,,8450,3.53
grid2:normNS,,,PR20_x0.5,holdout,4,1019,headon,vfield,599f7e667a,ok,0,0,0,0,0,0,5.4816,8.3535,2.7258,2.0438,1.555,1,1,,8450,3.57
grid2:normNS,,,PR20_x0.5,holdout,4,1021,headon,vfield,599f7e667a,ok,0,0,0,0,0,0,3.4945,5.8762,2.7258,2.0438,1.555,1,1,,8450,3.56
grid2:normNS,,,PR20_x0.5,holdout,4,1023,headon,vfield,599f7e667a,ok,0,0,0,0,0,0,6.1379,4.8425,2.7258,2.0438,1.555,1,1,,8450,3.53
grid2:normNS,,,PR20_x0.5,holdout,4,1025,headon,vfield,599f7e667a,ok,0,0,0,0,0,0,5.9438,11.1321,2.7258,2.0438,1.555,1,1,,8450,3.55
grid2:normNS,,,PR20_x0.5,holdout,4,1027,headon,vfield,599f7e667a,ok,1,0,1,0,0,0,1.0443,0.35,2.7258,2.0438,1.555,1,1,17.08,8450,3.63
grid2:normNS,,,PR20_x0.5,holdout,4,1029,headon,vfield,599f7e667a,ok,0,0,0,0,0,0,1.8296,7.8222,2.7258,2.0438,1.555,1,1,,8450,3.62
grid2:normNS,,,PR20_x0.5,holdout,4,1031,headon,vfield,599f7e667a,ok,0,0,0,0,0,0,6.8808,6.0553,2.7258,2.0438,1.555,1,1,,8450,3.51
grid2:normNS,,,PR20_x0.5,holdout,4,1033,headon,vfield,599f7e667a,ok,0,0,0,0,0,0,1.4799,10.5707,2.7258,2.0438,1.555,1,1,,8450,3.51
grid2:normNS,,,PR20_x0.5,holdout,4,1035,headon,vfield,599f7e667a,ok,0,0,0,0,0,0,5.6671,6.0441,2.7258,2.0438,1.555,1,1,,8450,3.52
grid2:normNS,,,PR20_x0.5,holdout,4,1037,headon,vfield,599f7e667a,ok,0,0,0,0,0,0,4.0893,4.476,2.7258,2.0438,1.555,1,1,,8450,3.5
grid2:normNS,,,PR20_x0.5,holdout,4,1039,headon,vfield,599f7e667a,ok,0,0,0,0,0,0,4.0925,7.5628,2.7258,2.0438,1.555,1,1,,8450,3.51
grid2:normNS,,,PR20_x0.5,holdout,4,1041,headon,vfield,599f7e667a,ok,0,0,0,0,0,0,5.5689,9.249,2.7258,2.0438,1.555,1,1,,8450,3.52
grid2:normNS,,,PR20_x0.5,holdout,4,1043,headon,vfield,599f7e667a,ok,0,0,0,0,0,0,3.6765,5.7218,2.7258,2.0438,1.555,1,1,,8450,3.48
grid2:normNS,,,PR20_x0.5,holdout,4,1045,headon,vfield,599f7e667a,ok,0,0,0,0,0,0,5.3066,7.953,2.7258,2.0438,1.555,1,1,,8450,3.48
grid2:normNS,,,PR20_x0.5,holdout,4,1047,headon,vfield,599f7e667a,ok,0,0,0,0,0,0,4.2912,5.2517,2.7258,2.0438,1.555,1,1,,8450,3.49
grid2:normNS,,,PR20_x0.5,holdout,4,1049,headon,vfield,599f7e667a,ok,0,0,0,0,0,0,6.3969,4.1631,2.7258,2.0438,1.555,1,1,,8450,3.52
grid2:normNS,,,PR20_x0.5,holdout,4,1051,headon,vfield,599f7e667a,ok,0,0,0,0,0,0,6.0534,5.4981,2.7258,2.0438,1.555,1,1,,8450,3.53
grid2:normNS,,,PR20_x0.5,holdout,4,1053,headon,vfield,599f7e667a,ok,0,0,0,0,0,0,7.2039,5.583,2.7258,2.0438,1.555,1,1,,8450,3.66
grid2:normNS,,,PR20_x0.5,holdout,4,1055,headon,vfield,599f7e667a,ok,0,0,0,0,0,0,3.9201,6.3457,2.7258,2.0438,1.555,1,1,,8450,3.55
grid2:normNS,,,PR20_x0.5,holdout,4,1057,headon,vfield,599f7e667a,ok,0,0,0,0,0,0,4.0628,9.308,2.7258,2.0438,1.555,1,1,,8450,3.47
grid2:normNS,,,PR20_x0.5,holdout,4,1059,headon,vfield,599f7e667a,ok,0,0,0,0,0,0,4.2346,5.7626,2.7258,2.0438,1.555,1,1,,8450,3.49
grid2:normNS,,,PR20_x0.75,holdout,4,1001,headon,vfield,4d34311077,ok,0,0,0,0,0,0,6.8525,6.7551,2.7258,2.0438,1.555,1,1,,8450,3.51
grid2:normNS,,,PR20_x0.75,holdout,4,1003,headon,vfield,4d34311077,ok,0,0,0,0,0,0,6.7919,6.5606,2.7258,2.0438,1.555,1,1,,8450,3.48
grid2:normNS,,,PR20_x0.75,holdout,4,1005,headon,vfield,4d34311077,ok,0,0,0,0,0,0,6.0235,1.5019,2.7258,2.0438,1.555,1,1,,8450,3.58
grid2:normNS,,,PR20_x0.75,holdout,4,1007,headon,vfield,4d34311077,ok,0,0,0,0,0,0,5.5259,7.1847,2.7258,2.0438,1.555,1,1,,8450,3.49
grid2:normNS,,,PR20_x0.75,holdout,4,1009,headon,vfield,4d34311077,ok,0,0,0,0,0,0,5.9791,7.5161,2.7258,2.0438,1.555,1,1,,8450,3.52
grid2:normNS,,,PR20_x0.75,holdout,4,1011,headon,vfield,4d34311077,ok,0,0,0,0,0,0,8.7966,4.6344,2.7258,2.0438,1.555,1,1,,8450,3.55
grid2:normNS,,,PR20_x0.75,holdout,4,1013,headon,vfield,4d34311077,ok,0,0,0,0,0,0,3.9312,7.0202,2.7258,2.0438,1.555,1,1,,8450,3.51
grid2:normNS,,,PR20_x0.75,holdout,4,1015,headon,vfield,4d34311077,ok,1,0,1,0,0,0,4.1935,0.354,2.7258,2.0438,1.555,1,1,17.08,8450,3.49
grid2:normNS,,,PR20_x0.75,holdout,4,1017,headon,vfield,4d34311077,ok,0,0,0,0,0,0,7.6962,4.2232,2.7258,2.0438,1.555,1,1,,8450,3.54
grid2:normNS,,,PR20_x0.75,holdout,4,1019,headon,vfield,4d34311077,ok,0,0,0,0,0,0,3.985,6.1568,2.7258,2.0438,1.555,1,1,,8450,3.49
grid2:normNS,,,PR20_x0.75,holdout,4,1021,headon,vfield,4d34311077,ok,0,0,0,0,0,0,3.9933,6.5001,2.7258,2.0438,1.555,1,1,,8450,3.63
grid2:normNS,,,PR20_x0.75,holdout,4,1023,headon,vfield,4d34311077,ok,0,0,0,0,0,0,6.889,3.0715,2.7258,2.0438,1.555,1,1,,8450,3.51
grid2:normNS,,,PR20_x0.75,holdout,4,1025,headon,vfield,4d34311077,ok,1,0,1,0,0,0,1.8629,0.3608,2.7258,2.0438,1.555,1,1,17.07,8450,3.52
grid2:normNS,,,PR20_x0.75,holdout,4,1027,headon,vfield,4d34311077,ok,0,0,0,0,0,0,6.3668,12.6769,2.7258,2.0438,1.555,1,1,,8450,3.51
grid2:normNS,,,PR20_x0.75,holdout,4,1029,headon,vfield,4d34311077,ok,0,0,0,0,0,0,5.0624,11.6436,2.7258,2.0438,1.555,1,1,,8450,3.49
grid2:normNS,,,PR20_x0.75,holdout,4,1031,headon,vfield,4d34311077,ok,0,0,0,0,0,0,5.4308,4.8786,2.7258,2.0438,1.555,1,1,,8450,3.52
grid2:normNS,,,PR20_x0.75,holdout,4,1033,headon,vfield,4d34311077,ok,0,0,0,0,0,0,6.1317,1.1876,2.7258,2.0438,1.555,1,1,,8450,3.48
grid2:normNS,,,PR20_x0.75,holdout,4,1035,headon,vfield,4d34311077,ok,0,0,0,0,0,0,8.6781,7.1759,2.7258,2.0438,1.555,1,1,,8450,3.49
grid2:normNS,,,PR20_x0.75,holdout,4,1037,headon,vfield,4d34311077,ok,0,0,0,0,0,0,2.3642,9.507,2.7258,2.0438,1.555,1,1,,8450,3.5
grid2:normNS,,,PR20_x0.75,holdout,4,1039,headon,vfield,4d34311077,ok,0,0,0,0,0,0,7.2431,4.0099,2.7258,2.0438,1.555,1,1,,8450,3.48
grid2:normNS,,,PR20_x0.75,holdout,4,1041,headon,vfield,4d34311077,ok,0,0,0,0,0,0,6.5124,10.6028,2.7258,2.0438,1.555,1,1,,8450,3.49
grid2:normNS,,,PR20_x0.75,holdout,4,1043,headon,vfield,4d34311077,ok,0,0,0,0,0,0,6.1143,7.5509,2.7258,2.0438,1.555,1,1,,8450,3.55
grid2:normNS,,,PR20_x0.75,holdout,4,1045,headon,vfield,4d34311077,ok,0,0,0,0,0,0,9.004,3.6013,2.7258,2.0438,1.555,1,1,,8450,3.56
grid2:normNS,,,PR20_x0.75,holdout,4,1047,headon,vfield,4d34311077,ok,0,0,0,0,0,0,4.1767,6.4135,2.7258,2.0438,1.555,1,1,,8450,3.5
grid2:normNS,,,PR20_x0.75,holdout,4,1049,headon,vfield,4d34311077,ok,0,0,0,0,0,0,6.7638,7.663,2.7258,2.0438,1.555,1,1,,8450,3.48
grid2:normNS,,,PR20_x0.75,holdout,4,1051,headon,vfield,4d34311077,ok,0,0,0,0,0,0,6.5603,7.2868,2.7258,2.0438,1.555,1,1,,8450,3.48
grid2:normNS,,,PR20_x0.75,holdout,4,1053,headon,vfield,4d34311077,ok,0,0,0,0,0,0,7.4131,6.3993,2.7258,2.0438,1.555,1,1,,8450,3.51
grid2:normNS,,,PR20_x0.75,holdout,4,1055,headon,vfield,4d34311077,ok,0,0,0,0,0,0,3.1854,7.1167,2.7258,2.0438,1.555,1,1,,8450,3.48
grid2:normNS,,,PR20_x0.75,holdout,4,1057,headon,vfield,4d34311077,ok,0,0,0,0,0,0,5.9906,1.8069,2.7258,2.0438,1.555,1,1,,8450,3.49
grid2:normNS,,,PR20_x0.75,holdout,4,1059,headon,vfield,4d34311077,ok,0,0,0,0,0,0,8.495,7.7839,2.7258,2.0438,1.555,1,1,,8450,3.5
grid2:normNS,,,PR20_x1,holdout,4,1001,headon,vfield,2e079d8833,ok,0,0,0,0,0,0,6.1554,6.1684,2.7258,2.0438,1.555,1,1,,8450,3.5
grid2:normNS,,,PR20_x1,holdout,4,1003,headon,vfield,2e079d8833,ok,0,0,0,0,0,0,6.5779,5.7312,2.7258,2.0438,1.555,1,1,,8450,3.51
grid2:normNS,,,PR20_x1,holdout,4,1005,headon,vfield,2e079d8833,ok,0,0,0,0,0,0,6.1588,9.4574,2.7258,2.0438,1.555,1,1,,8450,3.51
grid2:normNS,,,PR20_x1,holdout,4,1007,headon,vfield,2e079d8833,ok,0,0,0,0,0,0,5.3832,5.6559,2.7258,2.0438,1.555,1,1,,8450,3.5
grid2:normNS,,,PR20_x1,holdout,4,1009,headon,vfield,2e079d8833,ok,0,0,0,0,0,0,6.7396,8.9654,2.7258,2.0438,1.555,1,1,,8450,3.49
grid2:normNS,,,PR20_x1,holdout,4,1011,headon,vfield,2e079d8833,ok,1,0,0,1,0,0,0.8062,9.0302,2.7258,2.0438,1.555,1,1,17.49,8450,3.5
grid2:normNS,,,PR20_x1,holdout,4,1013,headon,vfield,2e079d8833,ok,0,0,0,0,0,0,7.6863,7.2458,2.7258,2.0438,1.555,1,1,,8450,3.5
grid2:normNS,,,PR20_x1,holdout,4,1015,headon,vfield,2e079d8833,ok,0,0,0,0,0,0,7.9328,6.4834,2.7258,2.0438,1.555,1,1,,8450,3.49
grid2:normNS,,,PR20_x1,holdout,4,1017,headon,vfield,2e079d8833,ok,0,0,0,0,0,0,6.2016,4.1659,2.7258,2.0438,1.555,1,1,,8450,3.49
grid2:normNS,,,PR20_x1,holdout,4,1019,headon,vfield,2e079d8833,ok,0,0,0,0,0,0,7.7399,5.656,2.7258,2.0438,1.555,1,1,,8450,3.49
grid2:normNS,,,PR20_x1,holdout,4,1021,headon,vfield,2e079d8833,ok,0,0,0,0,0,0,6.6137,11.7893,2.7258,2.0438,1.555,1,1,,8450,3.49
grid2:normNS,,,PR20_x1,holdout,4,1023,headon,vfield,2e079d8833,ok,0,0,0,0,0,0,5.5207,5.6939,2.7258,2.0438,1.555,1,1,,8450,3.52
grid2:normNS,,,PR20_x1,holdout,4,1025,headon,vfield,2e079d8833,ok,0,0,0,0,0,0,6.1781,5.9273,2.7258,2.0438,1.555,1,1,,8450,3.5
grid2:normNS,,,PR20_x1,holdout,4,1027,headon,vfield,2e079d8833,ok,0,0,0,0,0,0,7.1518,6.9304,2.7258,2.0438,1.555,1,1,,8450,3.52
grid2:normNS,,,PR20_x1,holdout,4,1029,headon,vfield,2e079d8833,ok,0,0,0,0,0,0,4.1133,7.9863,2.7258,2.0438,1.555,1,1,,8450,3.5
grid2:normNS,,,PR20_x1,holdout,4,1031,headon,vfield,2e079d8833,ok,0,0,0,0,0,0,5.2287,5.2902,2.7258,2.0438,1.555,1,1,,8450,3.49
grid2:normNS,,,PR20_x1,holdout,4,1033,headon,vfield,2e079d8833,ok,0,0,0,0,0,0,6.7668,5.157,2.7258,2.0438,1.555,1,1,,8450,3.51
grid2:normNS,,,PR20_x1,holdout,4,1035,headon,vfield,2e079d8833,ok,0,0,0,0,0,0,5.8585,9.3151,2.7258,2.0438,1.555,1,1,,8450,3.49
grid2:normNS,,,PR20_x1,holdout,4,1037,headon,vfield,2e079d8833,ok,0,0,0,0,0,0,5.1666,9.8684,2.7258,2.0438,1.555,1,1,,8450,3.48
grid2:normNS,,,PR20_x1,holdout,4,1039,headon,vfield,2e079d8833,ok,0,0,0,0,0,0,8.152,6.5195,2.7258,2.0438,1.555,1,1,,8450,3.49
grid2:normNS,,,PR20_x1,holdout,4,1041,headon,vfield,2e079d8833,ok,0,0,0,0,0,0,5.8843,10.8648,2.7258,2.0438,1.555,1,1,,8450,3.49
grid2:normNS,,,PR20_x1,holdout,4,1043,headon,vfield,2e079d8833,ok,0,0,0,0,0,0,6.8334,5.1851,2.7258,2.0438,1.555,1,1,,8450,3.48
grid2:normNS,,,PR20_x1,holdout,4,1045,headon,vfield,2e079d8833,ok,0,0,0,0,0,0,8.4183,4.4528,2.7258,2.0438,1.555,1,1,,8450,3.5
grid2:normNS,,,PR20_x1,holdout,4,1047,headon,vfield,2e079d8833,ok,0,0,0,0,0,0,3.0752,10.8676,2.7258,2.0438,1.555,1,1,,8450,3.48
grid2:normNS,,,PR20_x1,holdout,4,1049,headon,vfield,2e079d8833,ok,0,0,0,0,0,0,7.2749,9.1298,2.7258,2.0438,1.555,1,1,,8450,3.49
grid2:normNS,,,PR20_x1,holdout,4,1051,headon,vfield,2e079d8833,ok,0,0,0,0,0,0,8.5632,5.6423,2.7258,2.0438,1.555,1,1,,8450,3.48
grid2:normNS,,,PR20_x1,holdout,4,1053,headon,vfield,2e079d8833,ok,0,0,0,0,0,0,7.9714,6.3395,2.7258,2.0438,1.555,1,1,,8450,3.5
grid2:normNS,,,PR20_x1,holdout,4,1055,headon,vfield,2e079d8833,ok,0,0,0,0,0,0,6.9939,4.3714,2.7258,2.0438,1.555,1,1,,8450,3.51
grid2:normNS,,,PR20_x1,holdout,4,1057,headon,vfield,2e079d8833,ok,0,0,0,0,0,0,1.7115,6.8612,2.7258,2.0438,1.555,1,1,,8450,3.52
grid2:normNS,,,PR20_x1,holdout,4,1059,headon,vfield,2e079d8833,ok,0,0,0,0,0,0,4.1634,9.6142,2.7258,2.0438,1.555,1,1,,8450,3.52
grid2:normNS,,,PR20_x1.25,holdout,4,1001,headon,vfield,3022e9f881,ok,0,0,0,0,0,0,8.1705,5.6559,2.7258,2.0438,1.555,1,1,,8450,3.53
grid2:normNS,,,PR20_x1.25,holdout,4,1003,headon,vfield,3022e9f881,ok,0,0,0,0,0,0,7.0119,5.6559,2.7258,2.0438,1.555,1,1,,8450,3.59
grid2:normNS,,,PR20_x1.25,holdout,4,1005,headon,vfield,3022e9f881,ok,0,0,0,0,0,0,5.7908,6.2956,2.7258,2.0438,1.555,1,1,,8450,3.54
grid2:normNS,,,PR20_x1.25,holdout,4,1007,headon,vfield,3022e9f881,ok,0,0,0,0,0,0,3.6764,5.6559,2.7258,2.0438,1.555,1,1,,8450,3.63
grid2:normNS,,,PR20_x1.25,holdout,4,1009,headon,vfield,3022e9f881,ok,0,0,0,0,0,0,5.7472,7.0103,2.7258,2.0438,1.555,1,1,,8450,3.54
grid2:normNS,,,PR20_x1.25,holdout,4,1011,headon,vfield,3022e9f881,ok,0,0,0,0,0,0,3.0955,9.595,2.7258,2.0438,1.555,1,1,,8450,3.57
grid2:normNS,,,PR20_x1.25,holdout,4,1013,headon,vfield,3022e9f881,ok,0,0,0,0,0,0,4.9601,5.7564,2.7258,2.0438,1.555,1,1,,8450,3.71
grid2:normNS,,,PR20_x1.25,holdout,4,1015,headon,vfield,3022e9f881,ok,0,0,0,0,0,0,5.8399,1.6957,2.7258,2.0438,1.555,1,1,,8450,3.53
grid2:normNS,,,PR20_x1.25,holdout,4,1017,headon,vfield,3022e9f881,ok,0,0,0,0,0,0,7.3123,10.0845,2.7258,2.0438,1.555,1,1,,8450,3.65
grid2:normNS,,,PR20_x1.25,holdout,4,1019,headon,vfield,3022e9f881,ok,0,0,0,0,0,0,6.8163,4.0666,2.7258,2.0438,1.555,1,1,,8450,3.58
grid2:normNS,,,PR20_x1.25,holdout,4,1021,headon,vfield,3022e9f881,ok,0,0,0,0,0,0,7.0941,5.8359,2.7258,2.0438,1.555,1,1,,8450,3.63
grid2:normNS,,,PR20_x1.25,holdout,4,1023,headon,vfield,3022e9f881,ok,0,0,0,0,0,0,6.5652,4.9481,2.7258,2.0438,1.555,1,1,,8450,3.47
grid2:normNS,,,PR20_x1.25,holdout,4,1025,headon,vfield,3022e9f881,ok,0,0,0,0,0,0,6.5982,5.6559,2.7258,2.0438,1.555,1,1,,8450,3.64
grid2:normNS,,,PR20_x1.25,holdout,4,1027,headon,vfield,3022e9f881,ok,0,0,0,0,0,0,6.6099,11.1317,2.7258,2.0438,1.555,1,1,,8450,3.53
grid2:normNS,,,PR20_x1.25,holdout,4,1029,headon,vfield,3022e9f881,ok,0,0,0,0,0,0,6.7794,10.3728,2.7258,2.0438,1.555,1,1,,8450,3.58
grid2:normNS,,,PR20_x1.25,holdout,4,1031,headon,vfield,3022e9f881,ok,0,0,0,0,0,0,4.7625,5.0906,2.7258,2.0438,1.555,1,1,,8450,3.5
grid2:normNS,,,PR20_x1.25,holdout,4,1033,headon,vfield,3022e9f881,ok,0,0,0,0,0,0,4.9531,4.8196,2.7258,2.0438,1.555,1,1,,8450,3.51
grid2:normNS,,,PR20_x1.25,holdout,4,1035,headon,vfield,3022e9f881,ok,0,0,0,0,0,0,3.5776,6.1304,2.7258,2.0438,1.555,1,1,,8450,3.47
grid2:normNS,,,PR20_x1.25,holdout,4,1037,headon,vfield,3022e9f881,ok,0,0,0,0,0,0,6.0188,5.5508,2.7258,2.0438,1.555,1,1,,8450,3.46
grid2:normNS,,,PR20_x1.25,holdout,4,1039,headon,vfield,3022e9f881,ok,0,0,0,0,0,0,6.9051,9.2838,2.7258,2.0438,1.555,1,1,,8450,3.55
grid2:normNS,,,PR20_x1.25,holdout,4,1041,headon,vfield,3022e9f881,ok,0,0,0,0,0,0,6.8781,12.0418,2.7258,2.0438,1.555,1,1,,8450,3.49
grid2:normNS,,,PR20_x1.25,holdout,4,1043,headon,vfield,3022e9f881,ok,1,0,0,0,1,0,0.6475,5.808,2.7258,2.0438,1.555,1,1,39.61,8450,3.45
grid2:normNS,,,PR20_x1.25,holdout,4,1045,headon,vfield,3022e9f881,ok,0,0,0,0,0,0,11.8822,6.1684,2.7258,2.0438,1.555,1,1,,8450,3.48
grid2:normNS,,,PR20_x1.25,holdout,4,1047,headon,vfield,3022e9f881,ok,0,0,0,0,0,0,6.863,9.6736,2.7258,2.0438,1.555,1,1,,8450,3.5
grid2:normNS,,,PR20_x1.25,holdout,4,1049,headon,vfield,3022e9f881,ok,0,0,0,0,0,0,8.6334,9.6129,2.7258,2.0438,1.555,1,1,,8450,3.5
grid2:normNS,,,PR20_x1.25,holdout,4,1051,headon,vfield,3022e9f881,ok,0,0,0,0,0,0,7.7363,4.7503,2.7258,2.0438,1.555,1,1,,8450,3.44
grid2:normNS,,,PR20_x1.25,holdout,4,1053,headon,vfield,3022e9f881,ok,0,0,0,0,0,0,7.963,5.9565,2.7258,2.0438,1.555,1,1,,8450,3.41
grid2:normNS,,,PR20_x1.25,holdout,4,1055,headon,vfield,3022e9f881,ok,0,0,0,0,0,0,9.8039,9.94,2.7258,2.0438,1.555,1,1,,8450,3.48
grid2:normNS,,,PR20_x1.25,holdout,4,1057,headon,vfield,3022e9f881,ok,0,0,0,0,0,0,5.3985,2.9688,2.7258,2.0438,1.555,1,1,,8450,3.47
grid2:normNS,,,PR20_x1.25,holdout,4,1059,headon,vfield,3022e9f881,ok,0,0,0,0,0,0,8.1337,5.7885,2.7258,2.0438,1.555,1,1,,8450,3.45
grid2:normNS,,,PR20_x1.5,holdout,4,1001,headon,vfield,3adc9754df,ok,0,0,0,0,0,0,9.9967,5.6559,2.7258,2.0438,1.555,1,1,,8450,3.58
grid2:normNS,,,PR20_x1.5,holdout,4,1003,headon,vfield,3adc9754df,ok,0,0,0,0,0,0,6.3114,5.6773,2.7258,2.0438,1.555,1,1,,8450,3.5
grid2:normNS,,,PR20_x1.5,holdout,4,1005,headon,vfield,3adc9754df,ok,0,0,0,0,0,0,5.9508,2.8927,2.7258,2.0438,1.555,1,1,,8450,3.55
grid2:normNS,,,PR20_x1.5,holdout,4,1007,headon,vfield,3adc9754df,ok,0,0,0,0,0,0,5.4854,1.4758,2.7258,2.0438,1.555,1,1,,8450,4.02
grid2:normNS,,,PR20_x1.5,holdout,4,1009,headon,vfield,3adc9754df,ok,0,0,0,0,0,0,11.5815,6.7692,2.7258,2.0438,1.555,1,1,,8450,3.66
grid2:normNS,,,PR20_x1.5,holdout,4,1011,headon,vfield,3adc9754df,ok,0,0,0,0,0,0,6.6077,8.7601,2.7258,2.0438,1.555,1,1,,8450,3.47
grid2:normNS,,,PR20_x1.5,holdout,4,1013,headon,vfield,3adc9754df,ok,0,0,0,0,0,0,6.3176,7.4395,2.7258,2.0438,1.555,1,1,,8450,3.51
grid2:normNS,,,PR20_x1.5,holdout,4,1015,headon,vfield,3adc9754df,ok,0,0,0,0,0,0,7.1364,8.6966,2.7258,2.0438,1.555,1,1,,8450,3.48
grid2:normNS,,,PR20_x1.5,holdout,4,1017,headon,vfield,3adc9754df,ok,0,0,0,0,0,0,2.5338,10.231,2.7258,2.0438,1.555,1,1,,8450,3.5
grid2:normNS,,,PR20_x1.5,holdout,4,1019,headon,vfield,3adc9754df,ok,0,0,0,0,0,0,6.555,5.6559,2.7258,2.0438,1.555,1,1,,8450,3.46
grid2:normNS,,,PR20_x1.5,holdout,4,1021,headon,vfield,3adc9754df,ok,0,0,0,0,0,0,7.586,11.1511,2.7258,2.0438,1.555,1,1,,8450,3.5
grid2:normNS,,,PR20_x1.5,holdout,4,1023,headon,vfield,3adc9754df,ok,0,0,0,0,0,0,7.571,9.8564,2.7258,2.0438,1.555,1,1,,8450,3.47
grid2:normNS,,,PR20_x1.5,holdout,4,1025,headon,vfield,3adc9754df,ok,0,0,0,0,0,0,7.4506,5.6559,2.7258,2.0438,1.555,1,1,,8450,3.45
grid2:normNS,,,PR20_x1.5,holdout,4,1027,headon,vfield,3adc9754df,ok,0,0,0,0,0,0,7.8255,11.6591,2.7258,2.0438,1.555,1,1,,8450,3.45
grid2:normNS,,,PR20_x1.5,holdout,4,1029,headon,vfield,3adc9754df,ok,0,0,0,0,0,0,6.5835,2.5324,2.7258,2.0438,1.555,1,1,,8450,3.46
grid2:normNS,,,PR20_x1.5,holdout,4,1031,headon,vfield,3adc9754df,ok,0,0,0,0,0,0,3.9865,6.1684,2.7258,2.0438,1.555,1,1,,8450,3.43
grid2:normNS,,,PR20_x1.5,holdout,4,1033,headon,vfield,3adc9754df,ok,0,0,0,0,0,0,2.6257,5.6559,2.7258,2.0438,1.555,1,1,,8450,3.45
grid2:normNS,,,PR20_x1.5,holdout,4,1035,headon,vfield,3adc9754df,ok,0,0,0,0,0,0,6.3048,8.7055,2.7258,2.0438,1.555,1,1,,8450,3.6
grid2:normNS,,,PR20_x1.5,holdout,4,1037,headon,vfield,3adc9754df,ok,0,0,0,0,0,0,7.1384,9.5183,2.7258,2.0438,1.555,1,1,,8450,3.43
grid2:normNS,,,PR20_x1.5,holdout,4,1039,headon,vfield,3adc9754df,ok,0,0,0,0,0,0,4.3675,5.4172,2.7258,2.0438,1.555,1,1,,8450,3.48
grid2:normNS,,,PR20_x1.5,holdout,4,1041,headon,vfield,3adc9754df,ok,0,0,0,0,0,0,6.2869,10.0258,2.7258,2.0438,1.555,1,1,,8450,3.45
grid2:normNS,,,PR20_x1.5,holdout,4,1043,headon,vfield,3adc9754df,ok,0,0,0,0,0,0,1.8941,5.6559,2.7258,2.0438,1.555,1,1,,8450,3.47
grid2:normNS,,,PR20_x1.5,holdout,4,1045,headon,vfield,3adc9754df,ok,0,0,0,0,0,0,7.2658,6.1684,2.7258,2.0438,1.555,1,1,,8450,3.45
grid2:normNS,,,PR20_x1.5,holdout,4,1047,headon,vfield,3adc9754df,ok,0,0,0,0,0,0,7.4996,5.4313,2.7258,2.0438,1.555,1,1,,8450,3.44
grid2:normNS,,,PR20_x1.5,holdout,4,1049,headon,vfield,3adc9754df,ok,0,0,0,0,0,0,7.4766,2.0371,2.7258,2.0438,1.555,1,1,,8450,3.45
grid2:normNS,,,PR20_x1.5,holdout,4,1051,headon,vfield,3adc9754df,ok,0,0,0,0,0,0,5.9943,6.1684,2.7258,2.0438,1.555,1,1,,8450,3.44
grid2:normNS,,,PR20_x1.5,holdout,4,1053,headon,vfield,3adc9754df,ok,0,0,0,0,0,0,8.1032,6.1684,2.7258,2.0438,1.555,1,1,,8450,3.43
grid2:normNS,,,PR20_x1.5,holdout,4,1055,headon,vfield,3adc9754df,ok,0,0,0,0,0,0,4.9838,10.8806,2.7258,2.0438,1.555,1,1,,8450,3.46
grid2:normNS,,,PR20_x1.5,holdout,4,1057,headon,vfield,3adc9754df,ok,0,0,0,0,0,0,5.8751,8.8238,2.7258,2.0438,1.555,1,1,,8450,3.44
grid2:normNS,,,PR20_x1.5,holdout,4,1059,headon,vfield,3adc9754df,ok,0,0,0,0,0,0,7.6286,11.9642,2.7258,2.0438,1.555,1,1,,8450,3.46
grid2:normNS,,,PR20_x2,holdout,4,1001,headon,vfield,82eb14e725,ok,0,0,0,0,0,0,10.1389,5.6559,2.7258,2.0438,1.555,1,1,,8450,3.44
grid2:normNS,,,PR20_x2,holdout,4,1003,headon,vfield,82eb14e725,ok,0,0,0,0,0,0,11.1738,1.2737,2.7258,2.0438,1.555,1,1,,8450,3.44
grid2:normNS,,,PR20_x2,holdout,4,1005,headon,vfield,82eb14e725,ok,0,0,0,0,0,0,3.3405,7.5832,2.7258,2.0438,1.555,1,1,,8450,3.44
grid2:normNS,,,PR20_x2,holdout,4,1007,headon,vfield,82eb14e725,ok,0,0,0,0,0,0,6.2154,5.6247,2.7258,2.0438,1.555,1,1,,8450,3.42
grid2:normNS,,,PR20_x2,holdout,4,1009,headon,vfield,82eb14e725,ok,0,0,0,0,0,0,7.145,5.4107,2.7258,2.0438,1.555,1,1,,8450,3.42
grid2:normNS,,,PR20_x2,holdout,4,1011,headon,vfield,82eb14e725,ok,0,0,0,0,0,0,6.556,10.5471,2.7258,2.0438,1.555,1,1,,8450,3.46
grid2:normNS,,,PR20_x2,holdout,4,1013,headon,vfield,82eb14e725,ok,0,0,0,0,0,0,7.5052,4.6053,2.7258,2.0438,1.555,1,1,,8450,3.43
grid2:normNS,,,PR20_x2,holdout,4,1015,headon,vfield,82eb14e725,ok,0,0,0,0,0,0,6.3454,8.6293,2.7258,2.0438,1.555,1,1,,8450,3.49
grid2:normNS,,,PR20_x2,holdout,4,1017,headon,vfield,82eb14e725,ok,0,0,0,0,0,0,7.1398,16.101,2.7258,2.0438,1.555,1,1,,8450,3.43
grid2:normNS,,,PR20_x2,holdout,4,1019,headon,vfield,82eb14e725,ok,0,0,0,0,0,0,6.7608,5.6559,2.7258,2.0438,1.555,1,1,,8450,3.41
grid2:normNS,,,PR20_x2,holdout,4,1021,headon,vfield,82eb14e725,ok,0,0,0,0,0,0,8.4231,13.9755,2.7258,2.0438,1.555,1,1,,8450,3.45
grid2:normNS,,,PR20_x2,holdout,4,1023,headon,vfield,82eb14e725,ok,0,0,0,0,0,0,9.9366,10.503,2.7258,2.0438,1.555,1,1,,8450,3.43
grid2:normNS,,,PR20_x2,holdout,4,1025,headon,vfield,82eb14e725,ok,0,0,0,0,0,0,6.7201,5.5744,2.7258,2.0438,1.555,1,1,,8450,3.45
grid2:normNS,,,PR20_x2,holdout,4,1027,headon,vfield,82eb14e725,ok,0,0,0,0,0,0,6.815,6.3126,2.7258,2.0438,1.555,1,1,,8450,3.45
grid2:normNS,,,PR20_x2,holdout,4,1029,headon,vfield,82eb14e725,ok,0,0,0,0,0,0,5.1411,5.2003,2.7258,2.0438,1.555,1,1,,8450,3.44
grid2:normNS,,,PR20_x2,holdout,4,1031,headon,vfield,82eb14e725,ok,0,0,0,0,0,0,4.6335,5.9781,2.7258,2.0438,1.555,1,1,,8450,3.47
grid2:normNS,,,PR20_x2,holdout,4,1033,headon,vfield,82eb14e725,ok,0,0,0,0,0,0,5.1158,5.5505,2.7258,2.0438,1.555,1,1,,8450,3.43
grid2:normNS,,,PR20_x2,holdout,4,1035,headon,vfield,82eb14e725,ok,0,0,0,0,0,0,5.2027,12.8898,2.7258,2.0438,1.555,1,1,,8450,3.58
grid2:normNS,,,PR20_x2,holdout,4,1037,headon,vfield,82eb14e725,ok,0,0,0,0,0,0,6.4045,7.5452,2.7258,2.0438,1.555,1,1,,8450,3.44
grid2:normNS,,,PR20_x2,holdout,4,1039,headon,vfield,82eb14e725,ok,0,0,0,0,0,0,5.7268,10.9898,2.7258,2.0438,1.555,1,1,,8450,3.79
grid2:normNS,,,PR20_x2,holdout,4,1041,headon,vfield,82eb14e725,ok,0,0,0,0,0,0,5.1147,2.5652,2.7258,2.0438,1.555,1,1,,8450,3.47
grid2:normNS,,,PR20_x2,holdout,4,1043,headon,vfield,82eb14e725,ok,0,0,0,0,0,0,7.42,5.6854,2.7258,2.0438,1.555,1,1,,8450,3.44
grid2:normNS,,,PR20_x2,holdout,4,1045,headon,vfield,82eb14e725,ok,0,0,0,0,0,0,6.9057,6.0297,2.7258,2.0438,1.555,1,1,,8450,3.44
grid2:normNS,,,PR20_x2,holdout,4,1047,headon,vfield,82eb14e725,ok,0,0,0,0,0,0,8.7838,13.0801,2.7258,2.0438,1.555,1,1,,8450,3.47
grid2:normNS,,,PR20_x2,holdout,4,1049,headon,vfield,82eb14e725,ok,0,0,0,0,0,0,6.5028,13.9582,2.7258,2.0438,1.555,1,1,,8450,3.45
grid2:normNS,,,PR20_x2,holdout,4,1051,headon,vfield,82eb14e725,ok,1,0,1,0,0,0,6.7897,0.5525,2.7258,2.0438,1.555,1,1,14.69,8450,3.47
grid2:normNS,,,PR20_x2,holdout,4,1053,headon,vfield,82eb14e725,ok,0,0,0,0,0,0,6.2559,6.1684,2.7258,2.0438,1.555,1,1,,8450,3.43
grid2:normNS,,,PR20_x2,holdout,4,1055,headon,vfield,82eb14e725,ok,0,0,0,0,0,0,11.9936,3.4232,2.7258,2.0438,1.555,1,1,,8450,3.46
grid2:normNS,,,PR20_x2,holdout,4,1057,headon,vfield,82eb14e725,ok,0,0,0,0,0,0,7.0987,6.6507,2.7258,2.0438,1.555,1,1,,8450,3.45
grid2:normNS,,,PR20_x2,holdout,4,1059,headon,vfield,82eb14e725,ok,0,0,0,0,0,0,7.1232,10.8275,2.7258,2.0438,1.555,1,1,,8450,3.5
