mode,param,value,label,split,nFan,seed,geometry,guidance,configHash,status,totalCollisions,fanOwnCap,fanForeignCap,fanFanSame,fanFanCross,leaderLeader,minFanFanGap,minFanCapGap,minLeaderGap,redRMS,goldRMS,redArrived,goldArrived,firstCollisionRelCPA,steps,runtimeSec
grid2:flat,,,PR8_x0.5,holdout,3,1001,headon,vfield,4fd5d9898c,ok,2,0,1,0,1,0,0.4161,0.7564,2.7258,2.0438,1.555,1,1,8.02,8450,3.91
grid2:flat,,,PR8_x0.5,holdout,3,1003,headon,vfield,4fd5d9898c,ok,1,0,1,0,0,0,1.4282,0.3108,2.7258,2.0438,1.555,1,1,5.19,8450,3.76
grid2:flat,,,PR8_x0.5,holdout,3,1005,headon,vfield,4fd5d9898c,ok,1,0,1,0,0,0,2.4507,0.515,2.7258,2.0438,1.555,1,1,18.02,8450,3.67
grid2:flat,,,PR8_x0.5,holdout,3,1007,headon,vfield,4fd5d9898c,ok,0,0,0,0,0,0,1.6692,2.2569,2.7258,2.0438,1.555,1,1,,8450,3.71
grid2:flat,,,PR8_x0.5,holdout,3,1009,headon,vfield,4fd5d9898c,ok,1,0,1,0,0,0,1.9819,0.7758,2.7258,2.0438,1.555,1,1,18.12,8450,3.82
grid2:flat,,,PR8_x0.5,holdout,3,1011,headon,vfield,4fd5d9898c,ok,0,0,0,0,0,0,2.386,1.9469,2.7258,2.0438,1.555,1,1,,8450,3.7
grid2:flat,,,PR8_x0.5,holdout,3,1013,headon,vfield,4fd5d9898c,ok,0,0,0,0,0,0,1.8545,2.0158,2.7258,2.0438,1.555,1,1,,8450,3.68
grid2:flat,,,PR8_x0.5,holdout,3,1015,headon,vfield,4fd5d9898c,ok,0,0,0,0,0,0,3.0554,3.1425,2.7258,2.0438,1.555,1,1,,8450,3.67
grid2:flat,,,PR8_x0.5,holdout,3,1017,headon,vfield,4fd5d9898c,ok,2,0,2,0,0,0,3.7788,0.1095,2.7258,2.0438,1.555,1,1,6.27,8450,3.73
grid2:flat,,,PR8_x0.5,holdout,3,1019,headon,vfield,4fd5d9898c,ok,1,0,0,0,1,0,0.4671,2.506,2.7258,2.0438,1.555,1,1,22.04,8450,3.71
grid2:flat,,,PR8_x0.5,holdout,3,1021,headon,vfield,4fd5d9898c,ok,0,0,0,0,0,0,6.2498,1.3268,2.7258,2.0438,1.555,1,1,,8450,3.68
grid2:flat,,,PR8_x0.5,holdout,3,1023,headon,vfield,4fd5d9898c,ok,1,0,1,0,0,0,1.1494,0.2028,2.7258,2.0438,1.555,1,1,10.3,8450,3.76
grid2:flat,,,PR8_x0.5,holdout,3,1025,headon,vfield,4fd5d9898c,ok,2,0,1,0,1,0,0.7523,0.8328,2.7258,2.0438,1.555,1,1,15.3,8450,3.75
grid2:flat,,,PR8_x0.5,holdout,3,1027,headon,vfield,4fd5d9898c,ok,0,0,0,0,0,0,5.2633,1.9717,2.7258,2.0438,1.555,1,1,,8450,3.68
grid2:flat,,,PR8_x0.5,holdout,3,1029,headon,vfield,4fd5d9898c,ok,0,0,0,0,0,0,2.6911,2.5693,2.7258,2.0438,1.555,1,1,,8450,3.66
grid2:flat,,,PR8_x0.5,holdout,3,1031,headon,vfield,4fd5d9898c,ok,1,0,0,0,1,0,0.6769,3.4881,2.7258,2.0438,1.555,1,1,9.92,8450,3.67
grid2:flat,,,PR8_x0.5,holdout,3,1033,headon,vfield,4fd5d9898c,ok,0,0,0,0,0,0,3.1148,2.327,2.7258,2.0438,1.555,1,1,,8450,3.68
grid2:flat,,,PR8_x0.5,holdout,3,1035,headon,vfield,4fd5d9898c,ok,0,0,0,0,0,0,3.777,3.3184,2.7258,2.0438,1.555,1,1,,8450,3.66
grid2:flat,,,PR8_x0.5,holdout,3,1037,headon,vfield,4fd5d9898c,ok,0,0,0,0,0,0,2.9581,1.2567,2.7258,2.0438,1.555,1,1,,8450,3.68
grid2:flat,,,PR8_x0.5,holdout,3,1039,headon,vfield,4fd5d9898c,ok,0,0,0,0,0,0,4.1403,3.4109,2.7258,2.0438,1.555,1,1,,8450,3.69
grid2:flat,,,PR8_x0.5,holdout,3,1041,headon,vfield,4fd5d9898c,ok,0,0,0,0,0,0,4.3856,1.3254,2.7258,2.0438,1.555,1,1,,8450,3.76
grid2:flat,,,PR8_x0.5,holdout,3,1043,headon,vfield,4fd5d9898c,ok,1,0,1,0,0,0,1.85,0.831,2.7258,2.0438,1.555,1,1,7.94,8450,3.71
grid2:flat,,,PR8_x0.5,holdout,3,1045,headon,vfield,4fd5d9898c,ok,2,0,1,0,1,0,0.6351,0.6938,2.7258,2.0438,1.555,1,1,4.39,8450,3.66
grid2:flat,,,PR8_x0.5,holdout,3,1047,headon,vfield,4fd5d9898c,ok,0,0,0,0,0,0,3.1952,1.1619,2.7258,2.0438,1.555,1,1,,8450,3.64
grid2:flat,,,PR8_x0.5,holdout,3,1049,headon,vfield,4fd5d9898c,ok,1,0,1,0,0,0,3.8708,0.9981,2.7258,2.0438,1.555,1,1,7.2,8450,3.62
grid2:flat,,,PR8_x0.5,holdout,3,1051,headon,vfield,4fd5d9898c,ok,2,0,0,0,2,0,0.0766,2.0937,2.7258,2.0438,1.555,1,1,2.41,8450,3.64
grid2:flat,,,PR8_x0.5,holdout,3,1053,headon,vfield,4fd5d9898c,ok,1,0,1,0,0,0,1.1058,0.5984,2.7258,2.0438,1.555,1,1,4.15,8450,3.62
grid2:flat,,,PR8_x0.5,holdout,3,1055,headon,vfield,4fd5d9898c,ok,0,0,0,0,0,0,3.8581,1.054,2.7258,2.0438,1.555,1,1,,8450,3.59
grid2:flat,,,PR8_x0.5,holdout,3,1057,headon,vfield,4fd5d9898c,ok,0,0,0,0,0,0,1.2986,1.0678,2.7258,2.0438,1.555,1,1,,8450,3.61
grid2:flat,,,PR8_x0.5,holdout,3,1059,headon,vfield,4fd5d9898c,ok,1,0,1,0,0,0,2.2754,0.8622,2.7258,2.0438,1.555,1,1,18.29,8450,3.59
grid2:flat,,,PR8_x0.75,holdout,3,1001,headon,vfield,8a3dfb5124,ok,0,0,0,0,0,0,2.0662,2.4811,2.7258,2.0438,1.555,1,1,,8450,3.66
grid2:flat,,,PR8_x0.75,holdout,3,1003,headon,vfield,8a3dfb5124,ok,1,0,1,0,0,0,3.2881,0.3051,2.7258,2.0438,1.555,1,1,4.88,8450,3.64
grid2:flat,,,PR8_x0.75,holdout,3,1005,headon,vfield,8a3dfb5124,ok,0,0,0,0,0,0,1.7019,2.5574,2.7258,2.0438,1.555,1,1,,8450,3.57
grid2:flat,,,PR8_x0.75,holdout,3,1007,headon,vfield,8a3dfb5124,ok,0,0,0,0,0,0,2.7201,1.4648,2.7258,2.0438,1.555,1,1,,8450,3.63
grid2:flat,,,PR8_x0.75,holdout,3,1009,headon,vfield,8a3dfb5124,ok,0,0,0,0,0,0,2.0896,1.9092,2.7258,2.0438,1.555,1,1,,8450,3.59
grid2:flat,,,PR8_x0.75,holdout,3,1011,headon,vfield,8a3dfb5124,ok,1,0,1,0,0,0,3.5758,0.9671,2.7258,2.0438,1.555,1,1,17.08,8450,3.63
grid2:flat,,,PR8_x0.75,holdout,3,1013,headon,vfield,8a3dfb5124,ok,0,0,0,0,0,0,3.5197,2.3584,2.7258,2.0438,1.555,1,1,,8450,3.65
grid2:flat,,,PR8_x0.75,holdout,3,1015,headon,vfield,8a3dfb5124,ok,0,0,0,0,0,0,1.6798,4.0186,2.7258,2.0438,1.555,1,1,,8450,3.7
grid2:flat,,,PR8_x0.75,holdout,3,1017,headon,vfield,8a3dfb5124,ok,0,0,0,0,0,0,3.4703,1.7341,2.7258,2.0438,1.555,1,1,,8450,3.64
grid2:flat,,,PR8_x0.75,holdout,3,1019,headon,vfield,8a3dfb5124,ok,0,0,0,0,0,0,1.428,1.0519,2.7258,2.0438,1.555,1,1,,8450,3.67
grid2:flat,,,PR8_x0.75,holdout,3,1021,headon,vfield,8a3dfb5124,ok,0,0,0,0,0,0,1.431,6.0379,2.7258,2.0438,1.555,1,1,,8450,3.62
grid2:flat,,,PR8_x0.75,holdout,3,1023,headon,vfield,8a3dfb5124,ok,0,0,0,0,0,0,3.1131,5.983,2.7258,2.0438,1.555,1,1,,8450,3.61
grid2:flat,,,PR8_x0.75,holdout,3,1025,headon,vfield,8a3dfb5124,ok,0,0,0,0,0,0,2.3505,1.2503,2.7258,2.0438,1.555,1,1,,8450,3.61
grid2:flat,,,PR8_x0.75,holdout,3,1027,headon,vfield,8a3dfb5124,ok,0,0,0,0,0,0,4.9361,6.0812,2.7258,2.0438,1.555,1,1,,8450,3.62
grid2:flat,,,PR8_x0.75,holdout,3,1029,headon,vfield,8a3dfb5124,ok,1,1,0,0,0,0,4.5564,0.0566,2.7258,2.0438,1.555,1,1,11.54,8450,3.6
grid2:flat,,,PR8_x0.75,holdout,3,1031,headon,vfield,8a3dfb5124,ok,0,0,0,0,0,0,1.797,2.4801,2.7258,2.0438,1.555,1,1,,8450,3.62
grid2:flat,,,PR8_x0.75,holdout,3,1033,headon,vfield,8a3dfb5124,ok,1,0,1,0,0,0,4.6567,0.6881,2.7258,2.0438,1.555,1,1,16.58,8450,3.59
grid2:flat,,,PR8_x0.75,holdout,3,1035,headon,vfield,8a3dfb5124,ok,2,0,1,0,1,0,0.0173,0.1013,2.7258,2.0438,1.555,1,1,-2.87,8450,3.62
grid2:flat,,,PR8_x0.75,holdout,3,1037,headon,vfield,8a3dfb5124,ok,0,0,0,0,0,0,3.1872,4.5247,2.7258,2.0438,1.555,1,1,,8450,3.63
grid2:flat,,,PR8_x0.75,holdout,3,1039,headon,vfield,8a3dfb5124,ok,0,0,0,0,0,0,1.5707,4.6427,2.7258,2.0438,1.555,1,1,,8450,3.63
grid2:flat,,,PR8_x0.75,holdout,3,1041,headon,vfield,8a3dfb5124,ok,1,0,0,0,1,0,0.2208,4.4491,2.7258,2.0438,1.555,1,1,2.94,8450,3.62
grid2:flat,,,PR8_x0.75,holdout,3,1043,headon,vfield,8a3dfb5124,ok,0,0,0,0,0,0,4.2016,5.8966,2.7258,2.0438,1.555,1,1,,8450,3.58
grid2:flat,,,PR8_x0.75,holdout,3,1045,headon,vfield,8a3dfb5124,ok,0,0,0,0,0,0,4.2493,5.5526,2.7258,2.0438,1.555,1,1,,8450,3.6
grid2:flat,,,PR8_x0.75,holdout,3,1047,headon,vfield,8a3dfb5124,ok,0,0,0,0,0,0,4.6409,2.6464,2.7258,2.0438,1.555,1,1,,8450,3.62
grid2:flat,,,PR8_x0.75,holdout,3,1049,headon,vfield,8a3dfb5124,ok,1,0,1,0,0,0,2.8706,0.8367,2.7258,2.0438,1.555,1,1,-2.37,8450,3.63
grid2:flat,,,PR8_x0.75,holdout,3,1051,headon,vfield,8a3dfb5124,ok,0,0,0,0,0,0,1.5925,5.2566,2.7258,2.0438,1.555,1,1,,8450,3.63
grid2:flat,,,PR8_x0.75,holdout,3,1053,headon,vfield,8a3dfb5124,ok,0,0,0,0,0,0,4.6904,4.42,2.7258,2.0438,1.555,1,1,,8450,3.62
grid2:flat,,,PR8_x0.75,holdout,3,1055,headon,vfield,8a3dfb5124,ok,1,0,1,0,0,0,1.0878,0.7598,2.7258,2.0438,1.555,1,1,10.41,8450,3.62
grid2:flat,,,PR8_x0.75,holdout,3,1057,headon,vfield,8a3dfb5124,ok,2,1,1,0,0,0,3.0245,0.646,2.7258,2.0438,1.555,1,1,-0.18,8450,3.61
grid2:flat,,,PR8_x0.75,holdout,3,1059,headon,vfield,8a3dfb5124,ok,1,0,1,0,0,0,3.8584,0.79,2.7258,2.0438,1.555,1,1,14.82,8450,3.62
grid2:flat,,,PR8_x1,holdout,3,1001,headon,vfield,2eca7aead8,ok,1,0,0,0,1,0,0.7358,5.6716,2.7258,2.0438,1.555,1,1,8.06,8450,3.61
grid2:flat,,,PR8_x1,holdout,3,1003,headon,vfield,2eca7aead8,ok,0,0,0,0,0,0,1.9681,5.1529,2.7258,2.0438,1.555,1,1,,8450,3.58
grid2:flat,,,PR8_x1,holdout,3,1005,headon,vfield,2eca7aead8,ok,0,0,0,0,0,0,2.6016,5.9226,2.7258,2.0438,1.555,1,1,,8450,3.62
grid2:flat,,,PR8_x1,holdout,3,1007,headon,vfield,2eca7aead8,ok,0,0,0,0,0,0,3.2026,5.3019,2.7258,2.0438,1.555,1,1,,8450,3.6
grid2:flat,,,PR8_x1,holdout,3,1009,headon,vfield,2eca7aead8,ok,0,0,0,0,0,0,4.3721,3.6001,2.7258,2.0438,1.555,1,1,,8450,3.63
grid2:flat,,,PR8_x1,holdout,3,1011,headon,vfield,2eca7aead8,ok,0,0,0,0,0,0,4.0569,6.0425,2.7258,2.0438,1.555,1,1,,8450,3.62
grid2:flat,,,PR8_x1,holdout,3,1013,headon,vfield,2eca7aead8,ok,0,0,0,0,0,0,2.1955,4.2249,2.7258,2.0438,1.555,1,1,,8450,3.58
grid2:flat,,,PR8_x1,holdout,3,1015,headon,vfield,2eca7aead8,ok,0,0,0,0,0,0,5.0145,1.7163,2.7258,2.0438,1.555,1,1,,8450,3.6
grid2:flat,,,PR8_x1,holdout,3,1017,headon,vfield,2eca7aead8,ok,1,0,1,0,0,0,2.4498,0.9571,2.7258,2.0438,1.555,1,1,19.85,8450,3.64
grid2:flat,,,PR8_x1,holdout,3,1019,headon,vfield,2eca7aead8,ok,1,0,1,0,0,0,2.0406,0.6659,2.7258,2.0438,1.555,1,1,-2.82,8450,3.61
grid2:flat,,,PR8_x1,holdout,3,1021,headon,vfield,2eca7aead8,ok,0,0,0,0,0,0,4.6606,1.539,2.7258,2.0438,1.555,1,1,,8450,3.63
grid2:flat,,,PR8_x1,holdout,3,1023,headon,vfield,2eca7aead8,ok,0,0,0,0,0,0,4.0411,5.8833,2.7258,2.0438,1.555,1,1,,8450,3.58
grid2:flat,,,PR8_x1,holdout,3,1025,headon,vfield,2eca7aead8,ok,1,0,1,0,0,0,2.8805,0.688,2.7258,2.0438,1.555,1,1,14.25,8450,3.6
grid2:flat,,,PR8_x1,holdout,3,1027,headon,vfield,2eca7aead8,ok,0,0,0,0,0,0,2.2008,4.3838,2.7258,2.0438,1.555,1,1,,8450,3.64
grid2:flat,,,PR8_x1,holdout,3,1029,headon,vfield,2eca7aead8,ok,0,0,0,0,0,0,2.1174,5.736,2.7258,2.0438,1.555,1,1,,8450,3.6
grid2:flat,,,PR8_x1,holdout,3,1031,headon,vfield,2eca7aead8,ok,0,0,0,0,0,0,3.7296,5.6607,2.7258,2.0438,1.555,1,1,,8450,3.6
grid2:flat,,,PR8_x1,holdout,3,1033,headon,vfield,2eca7aead8,ok,0,0,0,0,0,0,1.6912,5.8604,2.7258,2.0438,1.555,1,1,,8450,3.59
grid2:flat,,,PR8_x1,holdout,3,1035,headon,vfield,2eca7aead8,ok,0,0,0,0,0,0,2.222,2.1655,2.7258,2.0438,1.555,1,1,,8450,3.61
grid2:flat,,,PR8_x1,holdout,3,1037,headon,vfield,2eca7aead8,ok,0,0,0,0,0,0,3.334,5.6008,2.7258,2.0438,1.555,1,1,,8450,3.61
grid2:flat,,,PR8_x1,holdout,3,1039,headon,vfield,2eca7aead8,ok,0,0,0,0,0,0,2.7758,5.9537,2.7258,2.0438,1.555,1,1,,8450,3.63
grid2:flat,,,PR8_x1,holdout,3,1041,headon,vfield,2eca7aead8,ok,0,0,0,0,0,0,2.8833,5.0782,2.7258,2.0438,1.555,1,1,,8450,3.59
grid2:flat,,,PR8_x1,holdout,3,1043,headon,vfield,2eca7aead8,ok,0,0,0,0,0,0,2.3483,4.9608,2.7258,2.0438,1.555,1,1,,8450,3.62
grid2:flat,,,PR8_x1,holdout,3,1045,headon,vfield,2eca7aead8,ok,0,0,0,0,0,0,3.5708,6.0073,2.7258,2.0438,1.555,1,1,,8450,3.62
grid2:flat,,,PR8_x1,holdout,3,1047,headon,vfield,2eca7aead8,ok,1,0,0,0,1,0,0.5553,5.4959,2.7258,2.0438,1.555,1,1,16.62,8450,3.58
grid2:flat,,,PR8_x1,holdout,3,1049,headon,vfield,2eca7aead8,ok,1,0,1,0,0,0,2.3736,0.5944,2.7258,2.0438,1.555,1,1,9.95,8450,3.62
grid2:flat,,,PR8_x1,holdout,3,1051,headon,vfield,2eca7aead8,ok,1,0,0,0,1,0,0.8959,2.3634,2.7258,2.0438,1.555,1,1,38.92,8450,3.58
grid2:flat,,,PR8_x1,holdout,3,1053,headon,vfield,2eca7aead8,ok,0,0,0,0,0,0,5.3193,1.5919,2.7258,2.0438,1.555,1,1,,8450,3.6
grid2:flat,,,PR8_x1,holdout,3,1055,headon,vfield,2eca7aead8,ok,2,0,1,0,1,0,0.2419,0.515,2.7258,2.0438,1.555,1,1,8.31,8450,3.61
grid2:flat,,,PR8_x1,holdout,3,1057,headon,vfield,2eca7aead8,ok,0,0,0,0,0,0,3.2064,5.5594,2.7258,2.0438,1.555,1,1,,8450,3.62
grid2:flat,,,PR8_x1,holdout,3,1059,headon,vfield,2eca7aead8,ok,0,0,0,0,0,0,2.3074,2.4927,2.7258,2.0438,1.555,1,1,,8450,3.58
grid2:flat,,,PR8_x1.25,holdout,3,1001,headon,vfield,255ff3729e,ok,0,0,0,0,0,0,4.8136,5.3601,2.7258,2.0438,1.555,1,1,,8450,3.6
grid2:flat,,,PR8_x1.25,holdout,3,1003,headon,vfield,255ff3729e,ok,0,0,0,0,0,0,1.6936,3.9987,2.7258,2.0438,1.555,1,1,,8450,3.63
grid2:flat,,,PR8_x1.25,holdout,3,1005,headon,vfield,255ff3729e,ok,1,0,0,0,1,0,0.4923,6.2095,2.7258,2.0438,1.555,1,1,15.14,8450,3.67
grid2:flat,,,PR8_x1.25,holdout,3,1007,headon,vfield,255ff3729e,ok,0,0,0,0,0,0,3.6974,5.9584,2.7258,2.0438,1.555,1,1,,8450,3.6
grid2:flat,,,PR8_x1.25,holdout,3,1009,headon,vfield,255ff3729e,ok,0,0,0,0,0,0,1.6978,5.5645,2.7258,2.0438,1.555,1,1,,8450,3.64
grid2:flat,,,PR8_x1.25,holdout,3,1011,headon,vfield,255ff3729e,ok,0,0,0,0,0,0,1.5218,5.0995,2.7258,2.0438,1.555,1,1,,8450,3.59
grid2:flat,,,PR8_x1.25,holdout,3,1013,headon,vfield,255ff3729e,ok,1,0,0,0,1,0,0.0418,4.73,2.7258,2.0438,1.555,1,1,13.35,8450,3.57
grid2:flat,,,PR8_x1.25,holdout,3,1015,headon,vfield,255ff3729e,ok,1,0,0,0,1,0,0.9128,5.4309,2.7258,2.0438,1.555,1,1,6.13,8450,3.65
grid2:flat,,,PR8_x1.25,holdout,3,1017,headon,vfield,255ff3729e,ok,0,0,0,0,0,0,1.9681,1.9149,2.7258,2.0438,1.555,1,1,,8450,3.59
grid2:flat,,,PR8_x1.25,holdout,3,1019,headon,vfield,255ff3729e,ok,0,0,0,0,0,0,1.8627,1.3736,2.7258,2.0438,1.555,1,1,,8450,3.61
grid2:flat,,,PR8_x1.25,holdout,3,1021,headon,vfield,255ff3729e,ok,0,0,0,0,0,0,1.0784,4.3385,2.7258,2.0438,1.555,1,1,,8450,3.57
grid2:flat,,,PR8_x1.25,holdout,3,1023,headon,vfield,255ff3729e,ok,0,0,0,0,0,0,2.3178,5.1415,2.7258,2.0438,1.555,1,1,,8450,3.56
grid2:flat,,,PR8_x1.25,holdout,3,1025,headon,vfield,255ff3729e,ok,0,0,0,0,0,0,1.3689,3.0848,2.7258,2.0438,1.555,1,1,,8450,3.62
grid2:flat,,,PR8_x1.25,holdout,3,1027,headon,vfield,255ff3729e,ok,0,0,0,0,0,0,4.2274,3.1283,2.7258,2.0438,1.555,1,1,,8450,3.59
grid2:flat,,,PR8_x1.25,holdout,3,1029,headon,vfield,255ff3729e,ok,0,0,0,0,0,0,2.6803,5.9109,2.7258,2.0438,1.555,1,1,,8450,3.64
grid2:flat,,,PR8_x1.25,holdout,3,1031,headon,vfield,255ff3729e,ok,0,0,0,0,0,0,1.2205,4.699,2.7258,2.0438,1.555,1,1,,8450,3.57
grid2:flat,,,PR8_x1.25,holdout,3,1033,headon,vfield,255ff3729e,ok,0,0,0,0,0,0,4.4403,5.5041,2.7258,2.0438,1.555,1,1,,8450,3.59
grid2:flat,,,PR8_x1.25,holdout,3,1035,headon,vfield,255ff3729e,ok,1,0,0,1,0,0,0.5445,4.9475,2.7258,2.0438,1.555,1,1,-27.9,8450,3.63
grid2:flat,,,PR8_x1.25,holdout,3,1037,headon,vfield,255ff3729e,ok,0,0,0,0,0,0,1.486,2.8784,2.7258,2.0438,1.555,1,1,,8450,3.61
grid2:flat,,,PR8_x1.25,holdout,3,1039,headon,vfield,255ff3729e,ok,0,0,0,0,0,0,2.3071,1.8316,2.7258,2.0438,1.555,1,1,,8450,3.63
grid2:flat,,,PR8_x1.25,holdout,3,1041,headon,vfield,255ff3729e,ok,0,0,0,0,0,0,1.3751,4.1336,2.7258,2.0438,1.555,1,1,,8450,3.62
grid2:flat,,,PR8_x1.25,holdout,3,1043,headon,vfield,255ff3729e,ok,0,0,0,0,0,0,4.9875,4.8624,2.7258,2.0438,1.555,1,1,,8450,3.56
grid2:flat,,,PR8_x1.25,holdout,3,1045,headon,vfield,255ff3729e,ok,0,0,0,0,0,0,3.0292,2.8186,2.7258,2.0438,1.555,1,1,,8450,3.6
grid2:flat,,,PR8_x1.25,holdout,3,1047,headon,vfield,255ff3729e,ok,1,0,1,0,0,0,1.3904,0.8091,2.7258,2.0438,1.555,1,1,4.18,8450,3.61
grid2:flat,,,PR8_x1.25,holdout,3,1049,headon,vfield,255ff3729e,ok,0,0,0,0,0,0,2.4289,1.7808,2.7258,2.0438,1.555,1,1,,8450,3.62
grid2:flat,,,PR8_x1.25,holdout,3,1051,headon,vfield,255ff3729e,ok,1,0,1,0,0,0,3.4319,0.326,2.7258,2.0438,1.555,1,1,3.59,8450,3.57
grid2:flat,,,PR8_x1.25,holdout,3,1053,headon,vfield,255ff3729e,ok,0,0,0,0,0,0,2.2687,5.3511,2.7258,2.0438,1.555,1,1,,8450,3.58
grid2:flat,,,PR8_x1.25,holdout,3,1055,headon,vfield,255ff3729e,ok,0,0,0,0,0,0,1.6803,4.7257,2.7258,2.0438,1.555,1,1,,8450,3.63
grid2:flat,,,PR8_x1.25,holdout,3,1057,headon,vfield,255ff3729e,ok,0,0,0,0,0,0,2.0719,4.4914,2.7258,2.0438,1.555,1,1,,8450,3.61
grid2:flat,,,PR8_x1.25,holdout,3,1059,headon,vfield,255ff3729e,ok,0,0,0,0,0,0,5.7911,2.3362,2.7258,2.0438,1.555,1,1,,8450,3.62
grid2:flat,,,PR8_x1.5,holdout,3,1001,headon,vfield,7901479e37,ok,0,0,0,0,0,0,1.9497,5.7919,2.7258,2.0438,1.555,1,1,,8450,3.61
grid2:flat,,,PR8_x1.5,holdout,3,1003,headon,vfield,7901479e37,ok,0,0,0,0,0,0,1.9864,4.002,2.7258,2.0438,1.555,1,1,,8450,3.64
grid2:flat,,,PR8_x1.5,holdout,3,1005,headon,vfield,7901479e37,ok,0,0,0,0,0,0,3.2303,5.9879,2.7258,2.0438,1.555,1,1,,8450,3.63
grid2:flat,,,PR8_x1.5,holdout,3,1007,headon,vfield,7901479e37,ok,0,0,0,0,0,0,2.9592,6.0273,2.7258,2.0438,1.555,1,1,,8450,3.63
grid2:flat,,,PR8_x1.5,holdout,3,1009,headon,vfield,7901479e37,ok,0,0,0,0,0,0,2.5013,6.1811,2.7258,2.0438,1.555,1,1,,8450,3.6
grid2:flat,,,PR8_x1.5,holdout,3,1011,headon,vfield,7901479e37,ok,0,0,0,0,0,0,1.9676,5.6143,2.7258,2.0438,1.555,1,1,,8450,3.59
grid2:flat,,,PR8_x1.5,holdout,3,1013,headon,vfield,7901479e37,ok,0,0,0,0,0,0,2.7956,2.286,2.7258,2.0438,1.555,1,1,,8450,3.56
grid2:flat,,,PR8_x1.5,holdout,3,1015,headon,vfield,7901479e37,ok,0,0,0,0,0,0,3.9609,5.8458,2.7258,2.0438,1.555,1,1,,8450,3.61
grid2:flat,,,PR8_x1.5,holdout,3,1017,headon,vfield,7901479e37,ok,0,0,0,0,0,0,3.0966,6.2746,2.7258,2.0438,1.555,1,1,,8450,3.58
grid2:flat,,,PR8_x1.5,holdout,3,1019,headon,vfield,7901479e37,ok,0,0,0,0,0,0,1.4312,5.677,2.7258,2.0438,1.555,1,1,,8450,3.62
grid2:flat,,,PR8_x1.5,holdout,3,1021,headon,vfield,7901479e37,ok,0,0,0,0,0,0,5.3563,6.0574,2.7258,2.0438,1.555,1,1,,8450,3.58
grid2:flat,,,PR8_x1.5,holdout,3,1023,headon,vfield,7901479e37,ok,0,0,0,0,0,0,1.2342,6.1032,2.7258,2.0438,1.555,1,1,,8450,3.59
grid2:flat,,,PR8_x1.5,holdout,3,1025,headon,vfield,7901479e37,ok,0,0,0,0,0,0,2.7498,5.56,2.7258,2.0438,1.555,1,1,,8450,3.63
grid2:flat,,,PR8_x1.5,holdout,3,1027,headon,vfield,7901479e37,ok,0,0,0,0,0,0,2.1284,5.542,2.7258,2.0438,1.555,1,1,,8450,3.6
grid2:flat,,,PR8_x1.5,holdout,3,1029,headon,vfield,7901479e37,ok,0,0,0,0,0,0,1.5926,4.8299,2.7258,2.0438,1.555,1,1,,8450,3.61
grid2:flat,,,PR8_x1.5,holdout,3,1031,headon,vfield,7901479e37,ok,0,0,0,0,0,0,2.859,5.8697,2.7258,2.0438,1.555,1,1,,8450,3.56
grid2:flat,,,PR8_x1.5,holdout,3,1033,headon,vfield,7901479e37,ok,0,0,0,0,0,0,3.0025,5.4082,2.7258,2.0438,1.555,1,1,,8450,3.59
grid2:flat,,,PR8_x1.5,holdout,3,1035,headon,vfield,7901479e37,ok,1,0,0,1,0,0,0.5574,5.2198,2.7258,2.0438,1.555,1,1,7.74,8450,3.6
grid2:flat,,,PR8_x1.5,holdout,3,1037,headon,vfield,7901479e37,ok,0,0,0,0,0,0,1.5614,5.1844,2.7258,2.0438,1.555,1,1,,8450,3.6
grid2:flat,,,PR8_x1.5,holdout,3,1039,headon,vfield,7901479e37,ok,0,0,0,0,0,0,4.6077,6.6258,2.7258,2.0438,1.555,1,1,,8450,3.6
grid2:flat,,,PR8_x1.5,holdout,3,1041,headon,vfield,7901479e37,ok,0,0,0,0,0,0,5.5968,5.7766,2.7258,2.0438,1.555,1,1,,8450,3.58
grid2:flat,,,PR8_x1.5,holdout,3,1043,headon,vfield,7901479e37,ok,0,0,0,0,0,0,1.7034,5.9345,2.7258,2.0438,1.555,1,1,,8450,3.61
grid2:flat,,,PR8_x1.5,holdout,3,1045,headon,vfield,7901479e37,ok,0,0,0,0,0,0,3.3444,1.9788,2.7258,2.0438,1.555,1,1,,8450,3.6
grid2:flat,,,PR8_x1.5,holdout,3,1047,headon,vfield,7901479e37,ok,0,0,0,0,0,0,4.3405,5.767,2.7258,2.0438,1.555,1,1,,8450,3.62
grid2:flat,,,PR8_x1.5,holdout,3,1049,headon,vfield,7901479e37,ok,1,0,0,1,0,0,0.703,5.9386,2.7258,2.0438,1.555,1,1,9.17,8450,3.59
grid2:flat,,,PR8_x1.5,holdout,3,1051,headon,vfield,7901479e37,ok,0,0,0,0,0,0,2.4122,4.3199,2.7258,2.0438,1.555,1,1,,8450,3.62
grid2:flat,,,PR8_x1.5,holdout,3,1053,headon,vfield,7901479e37,ok,0,0,0,0,0,0,3.1706,5.5357,2.7258,2.0438,1.555,1,1,,8450,3.63
grid2:flat,,,PR8_x1.5,holdout,3,1055,headon,vfield,7901479e37,ok,1,0,0,1,0,0,0.8795,5.7202,2.7258,2.0438,1.555,1,1,8.99,8450,3.59
grid2:flat,,,PR8_x1.5,holdout,3,1057,headon,vfield,7901479e37,ok,0,0,0,0,0,0,3.3485,6.0308,2.7258,2.0438,1.555,1,1,,8450,3.65
grid2:flat,,,PR8_x1.5,holdout,3,1059,headon,vfield,7901479e37,ok,0,0,0,0,0,0,2.6005,3.375,2.7258,2.0438,1.555,1,1,,8450,3.59
grid2:flat,,,PR8_x2,holdout,3,1001,headon,vfield,8f8693e27a,ok,1,0,0,0,1,0,0.5919,6.1374,2.7258,2.0438,1.555,1,1,12.78,8450,3.59
grid2:flat,,,PR8_x2,holdout,3,1003,headon,vfield,8f8693e27a,ok,0,0,0,0,0,0,2.7288,3.4023,2.7258,2.0438,1.555,1,1,,8450,3.62
grid2:flat,,,PR8_x2,holdout,3,1005,headon,vfield,8f8693e27a,ok,0,0,0,0,0,0,2.3892,5.7767,2.7258,2.0438,1.555,1,1,,8450,3.67
grid2:flat,,,PR8_x2,holdout,3,1007,headon,vfield,8f8693e27a,ok,0,0,0,0,0,0,1.1592,6.0245,2.7258,2.0438,1.555,1,1,,8450,3.6
grid2:flat,,,PR8_x2,holdout,3,1009,headon,vfield,8f8693e27a,ok,0,0,0,0,0,0,2.3273,5.7842,2.7258,2.0438,1.555,1,1,,8450,3.63
grid2:flat,,,PR8_x2,holdout,3,1011,headon,vfield,8f8693e27a,ok,1,0,0,0,1,0,0.7149,5.9321,2.7258,2.0438,1.555,1,1,12.81,8450,3.6
grid2:flat,,,PR8_x2,holdout,3,1013,headon,vfield,8f8693e27a,ok,0,0,0,0,0,0,2.8414,5.78,2.7258,2.0438,1.555,1,1,,8450,3.63
grid2:flat,,,PR8_x2,holdout,3,1015,headon,vfield,8f8693e27a,ok,0,0,0,0,0,0,3.6769,5.691,2.7258,2.0438,1.555,1,1,,8450,3.64
grid2:flat,,,PR8_x2,holdout,3,1017,headon,vfield,8f8693e27a,ok,0,0,0,0,0,0,1.1201,6.23,2.7258,2.0438,1.555,1,1,,8450,3.63
grid2:flat,,,PR8_x2,holdout,3,1019,headon,vfield,8f8693e27a,ok,2,0,0,1,1,0,0.0949,5.6511,2.7258,2.0438,1.555,1,1,-26.95,8450,3.57
grid2:flat,,,PR8_x2,holdout,3,1021,headon,vfield,8f8693e27a,ok,2,0,0,0,2,0,0.2239,5.8335,2.7258,2.0438,1.555,1,1,12.69,8450,3.64
grid2:flat,,,PR8_x2,holdout,3,1023,headon,vfield,8f8693e27a,ok,0,0,0,0,0,0,2.9139,5.9209,2.7258,2.0438,1.555,1,1,,8450,3.61
grid2:flat,,,PR8_x2,holdout,3,1025,headon,vfield,8f8693e27a,ok,1,0,0,0,1,0,0.2686,3.892,2.7258,2.0438,1.555,1,1,35.37,8450,3.58
grid2:flat,,,PR8_x2,holdout,3,1027,headon,vfield,8f8693e27a,ok,0,0,0,0,0,0,1.3156,5.283,2.7258,2.0438,1.555,1,1,,8450,3.59
grid2:flat,,,PR8_x2,holdout,3,1029,headon,vfield,8f8693e27a,ok,0,0,0,0,0,0,1.32,6.42,2.7258,2.0438,1.555,1,1,,8450,3.63
grid2:flat,,,PR8_x2,holdout,3,1031,headon,vfield,8f8693e27a,ok,0,0,0,0,0,0,2.1316,6.0243,2.7258,2.0438,1.555,1,1,,8450,3.68
grid2:flat,,,PR8_x2,holdout,3,1033,headon,vfield,8f8693e27a,ok,0,0,0,0,0,0,5.0669,6.0434,2.7258,2.0438,1.555,1,1,,8450,3.64
grid2:flat,,,PR8_x2,holdout,3,1035,headon,vfield,8f8693e27a,ok,0,0,0,0,0,0,2.9465,6.2815,2.7258,2.0438,1.555,1,1,,8450,3.6
grid2:flat,,,PR8_x2,holdout,3,1037,headon,vfield,8f8693e27a,ok,2,0,1,1,0,0,0.5419,0.4814,2.7258,2.0438,1.555,1,1,10.17,8450,3.61
grid2:flat,,,PR8_x2,holdout,3,1039,headon,vfield,8f8693e27a,ok,0,0,0,0,0,0,1.4216,2.2854,2.7258,2.0438,1.555,1,1,,8450,3.6
grid2:flat,,,PR8_x2,holdout,3,1041,headon,vfield,8f8693e27a,ok,0,0,0,0,0,0,1.3232,5.757,2.7258,2.0438,1.555,1,1,,8450,3.67
grid2:flat,,,PR8_x2,holdout,3,1043,headon,vfield,8f8693e27a,ok,0,0,0,0,0,0,2.8698,6.0512,2.7258,2.0438,1.555,1,1,,8450,3.61
grid2:flat,,,PR8_x2,holdout,3,1045,headon,vfield,8f8693e27a,ok,0,0,0,0,0,0,1.8151,3.4463,2.7258,2.0438,1.555,1,1,,8450,3.62
grid2:flat,,,PR8_x2,holdout,3,1047,headon,vfield,8f8693e27a,ok,0,0,0,0,0,0,1.714,5.9058,2.7258,2.0438,1.555,1,1,,8450,3.63
grid2:flat,,,PR8_x2,holdout,3,1049,headon,vfield,8f8693e27a,ok,0,0,0,0,0,0,1.686,5.9373,2.7258,2.0438,1.555,1,1,,8450,3.6
grid2:flat,,,PR8_x2,holdout,3,1051,headon,vfield,8f8693e27a,ok,0,0,0,0,0,0,1.0407,5.6587,2.7258,2.0438,1.555,1,1,,8450,3.61
grid2:flat,,,PR8_x2,holdout,3,1053,headon,vfield,8f8693e27a,ok,0,0,0,0,0,0,3.6971,5.6983,2.7258,2.0438,1.555,1,1,,8450,3.61
grid2:flat,,,PR8_x2,holdout,3,1055,headon,vfield,8f8693e27a,ok,0,0,0,0,0,0,2.4949,2.6345,2.7258,2.0438,1.555,1,1,,8450,3.62
grid2:flat,,,PR8_x2,holdout,3,1057,headon,vfield,8f8693e27a,ok,0,0,0,0,0,0,1.9685,5.9036,2.7258,2.0438,1.555,1,1,,8450,3.6
grid2:flat,,,PR8_x2,holdout,3,1059,headon,vfield,8f8693e27a,ok,0,0,0,0,0,0,4.4471,1.8988,2.7258,2.0438,1.555,1,1,,8450,3.59
grid2:flat,,,PR10_x0.5,holdout,3,1001,headon,vfield,b0e9d1135a,ok,0,0,0,0,0,0,1.1691,4.4294,2.7258,2.0438,1.555,1,1,,8450,3.64
grid2:flat,,,PR10_x0.5,holdout,3,1003,headon,vfield,b0e9d1135a,ok,0,0,0,0,0,0,2.5523,1.8718,2.7258,2.0438,1.555,1,1,,8450,3.61
grid2:flat,,,PR10_x0.5,holdout,3,1005,headon,vfield,b0e9d1135a,ok,0,0,0,0,0,0,6.1468,6.9593,2.7258,2.0438,1.555,1,1,,8450,3.58
grid2:flat,,,PR10_x0.5,holdout,3,1007,headon,vfield,b0e9d1135a,ok,0,0,0,0,0,0,1.9222,3.4364,2.7258,2.0438,1.555,1,1,,8450,3.62
grid2:flat,,,PR10_x0.5,holdout,3,1009,headon,vfield,b0e9d1135a,ok,0,0,0,0,0,0,1.9946,1.2137,2.7258,2.0438,1.555,1,1,,8450,3.58
grid2:flat,,,PR10_x0.5,holdout,3,1011,headon,vfield,b0e9d1135a,ok,1,0,1,0,0,0,1.4974,0.0462,2.7258,2.0438,1.555,1,1,15.51,8450,3.63
grid2:flat,,,PR10_x0.5,holdout,3,1013,headon,vfield,b0e9d1135a,ok,0,0,0,0,0,0,2.0563,2.6153,2.7258,2.0438,1.555,1,1,,8450,3.62
grid2:flat,,,PR10_x0.5,holdout,3,1015,headon,vfield,b0e9d1135a,ok,1,0,1,0,0,0,2.0047,0.2309,2.7258,2.0438,1.555,1,1,7.0,8450,3.61
grid2:flat,,,PR10_x0.5,holdout,3,1017,headon,vfield,b0e9d1135a,ok,1,0,0,0,1,0,0.4679,1.7247,2.7258,2.0438,1.555,1,1,19.05,8450,3.61
grid2:flat,,,PR10_x0.5,holdout,3,1019,headon,vfield,b0e9d1135a,ok,1,0,1,0,0,0,4.071,0.1475,2.7258,2.0438,1.555,1,1,-4.03,8450,3.59
grid2:flat,,,PR10_x0.5,holdout,3,1021,headon,vfield,b0e9d1135a,ok,1,0,0,0,1,0,0.9212,5.703,2.7258,2.0438,1.555,1,1,3.71,8450,3.57
grid2:flat,,,PR10_x0.5,holdout,3,1023,headon,vfield,b0e9d1135a,ok,0,0,0,0,0,0,1.1197,1.0212,2.7258,2.0438,1.555,1,1,,8450,3.65
grid2:flat,,,PR10_x0.5,holdout,3,1025,headon,vfield,b0e9d1135a,ok,1,0,1,0,0,0,1.3088,0.9927,2.7258,2.0438,1.555,1,1,4.56,8450,3.62
grid2:flat,,,PR10_x0.5,holdout,3,1027,headon,vfield,b0e9d1135a,ok,0,0,0,0,0,0,2.0147,2.0119,2.7258,2.0438,1.555,1,1,,8450,3.63
grid2:flat,,,PR10_x0.5,holdout,3,1029,headon,vfield,b0e9d1135a,ok,0,0,0,0,0,0,1.2308,2.3521,2.7258,2.0438,1.555,1,1,,8450,3.6
grid2:flat,,,PR10_x0.5,holdout,3,1031,headon,vfield,b0e9d1135a,ok,0,0,0,0,0,0,2.4999,4.0445,2.7258,2.0438,1.555,1,1,,8450,3.6
grid2:flat,,,PR10_x0.5,holdout,3,1033,headon,vfield,b0e9d1135a,ok,0,0,0,0,0,0,4.0639,2.0007,2.7258,2.0438,1.555,1,1,,8450,3.59
grid2:flat,,,PR10_x0.5,holdout,3,1035,headon,vfield,b0e9d1135a,ok,1,0,1,0,0,0,4.2448,0.7023,2.7258,2.0438,1.555,1,1,1.36,8450,3.59
grid2:flat,,,PR10_x0.5,holdout,3,1037,headon,vfield,b0e9d1135a,ok,1,0,0,0,1,0,0.4465,1.0642,2.7258,2.0438,1.555,1,1,6.94,8450,3.59
grid2:flat,,,PR10_x0.5,holdout,3,1039,headon,vfield,b0e9d1135a,ok,0,0,0,0,0,0,4.2235,2.2215,2.7258,2.0438,1.555,1,1,,8450,3.62
grid2:flat,,,PR10_x0.5,holdout,3,1041,headon,vfield,b0e9d1135a,ok,0,0,0,0,0,0,5.4206,2.231,2.7258,2.0438,1.555,1,1,,8450,3.63
grid2:flat,,,PR10_x0.5,holdout,3,1043,headon,vfield,b0e9d1135a,ok,0,0,0,0,0,0,1.1802,2.1519,2.7258,2.0438,1.555,1,1,,8450,3.6
grid2:flat,,,PR10_x0.5,holdout,3,1045,headon,vfield,b0e9d1135a,ok,0,0,0,0,0,0,1.872,4.4085,2.7258,2.0438,1.555,1,1,,8450,3.61
grid2:flat,,,PR10_x0.5,holdout,3,1047,headon,vfield,b0e9d1135a,ok,0,0,0,0,0,0,4.5355,1.685,2.7258,2.0438,1.555,1,1,,8450,3.59
grid2:flat,,,PR10_x0.5,holdout,3,1049,headon,vfield,b0e9d1135a,ok,1,0,1,0,0,0,3.2083,0.4955,2.7258,2.0438,1.555,1,1,5.87,8450,3.6
grid2:flat,,,PR10_x0.5,holdout,3,1051,headon,vfield,b0e9d1135a,ok,1,0,0,0,1,0,0.6978,6.6183,2.7258,2.0438,1.555,1,1,13.83,8450,3.63
grid2:flat,,,PR10_x0.5,holdout,3,1053,headon,vfield,b0e9d1135a,ok,1,0,1,0,0,0,2.8047,0.5316,2.7258,2.0438,1.555,1,1,6.7,8450,3.6
grid2:flat,,,PR10_x0.5,holdout,3,1055,headon,vfield,b0e9d1135a,ok,1,0,1,0,0,0,3.884,0.2258,2.7258,2.0438,1.555,1,1,4.03,8450,3.6
grid2:flat,,,PR10_x0.5,holdout,3,1057,headon,vfield,b0e9d1135a,ok,0,0,0,0,0,0,1.5917,1.0371,2.7258,2.0438,1.555,1,1,,8450,3.65
grid2:flat,,,PR10_x0.5,holdout,3,1059,headon,vfield,b0e9d1135a,ok,1,0,1,0,0,0,5.7842,0.617,2.7258,2.0438,1.555,1,1,12.29,8450,3.6
grid2:flat,,,PR10_x0.75,holdout,3,1001,headon,vfield,e58e68a1fb,ok,1,0,0,0,1,0,0.9802,2.1883,2.7258,2.0438,1.555,1,1,2.81,8450,3.61
grid2:flat,,,PR10_x0.75,holdout,3,1003,headon,vfield,e58e68a1fb,ok,0,0,0,0,0,0,3.0056,2.3515,2.7258,2.0438,1.555,1,1,,8450,3.61
grid2:flat,,,PR10_x0.75,holdout,3,1005,headon,vfield,e58e68a1fb,ok,1,0,0,1,0,0,0.895,5.1381,2.7258,2.0438,1.555,1,1,4.91,8450,3.6
grid2:flat,,,PR10_x0.75,holdout,3,1007,headon,vfield,e58e68a1fb,ok,1,0,0,0,1,0,0.466,4.7396,2.7258,2.0438,1.555,1,1,36.49,8450,3.6
grid2:flat,,,PR10_x0.75,holdout,3,1009,headon,vfield,e58e68a1fb,ok,0,0,0,0,0,0,3.0381,3.9834,2.7258,2.0438,1.555,1,1,,8450,3.61
grid2:flat,,,PR10_x0.75,holdout,3,1011,headon,vfield,e58e68a1fb,ok,0,0,0,0,0,0,6.0976,4.1958,2.7258,2.0438,1.555,1,1,,8450,3.6
grid2:flat,,,PR10_x0.75,holdout,3,1013,headon,vfield,e58e68a1fb,ok,0,0,0,0,0,0,1.4719,3.833,2.7258,2.0438,1.555,1,1,,8450,3.6
grid2:flat,,,PR10_x0.75,holdout,3,1015,headon,vfield,e58e68a1fb,ok,1,1,0,0,0,0,2.6091,0.8315,2.7258,2.0438,1.555,1,1,17.94,8450,3.59
grid2:flat,,,PR10_x0.75,holdout,3,1017,headon,vfield,e58e68a1fb,ok,1,0,1,0,0,0,4.3017,0.2494,2.7258,2.0438,1.555,1,1,19.97,8450,3.61
grid2:flat,,,PR10_x0.75,holdout,3,1019,headon,vfield,e58e68a1fb,ok,2,0,2,0,0,0,3.5118,0.1747,2.7258,2.0438,1.555,1,1,-2.5,8450,3.59
grid2:flat,,,PR10_x0.75,holdout,3,1021,headon,vfield,e58e68a1fb,ok,1,0,0,0,1,0,0.2537,5.1011,2.7258,2.0438,1.555,1,1,13.1,8450,3.62
grid2:flat,,,PR10_x0.75,holdout,3,1023,headon,vfield,e58e68a1fb,ok,0,0,0,0,0,0,6.3781,3.9388,2.7258,2.0438,1.555,1,1,,8450,3.64
grid2:flat,,,PR10_x0.75,holdout,3,1025,headon,vfield,e58e68a1fb,ok,2,0,1,0,1,0,0.4061,0.7413,2.7258,2.0438,1.555,1,1,4.44,8450,3.6
grid2:flat,,,PR10_x0.75,holdout,3,1027,headon,vfield,e58e68a1fb,ok,0,0,0,0,0,0,5.3238,3.4559,2.7258,2.0438,1.555,1,1,,8450,3.6
grid2:flat,,,PR10_x0.75,holdout,3,1029,headon,vfield,e58e68a1fb,ok,0,0,0,0,0,0,5.6429,5.0701,2.7258,2.0438,1.555,1,1,,8450,3.59
grid2:flat,,,PR10_x0.75,holdout,3,1031,headon,vfield,e58e68a1fb,ok,0,0,0,0,0,0,1.9101,1.5033,2.7258,2.0438,1.555,1,1,,8450,3.61
grid2:flat,,,PR10_x0.75,holdout,3,1033,headon,vfield,e58e68a1fb,ok,0,0,0,0,0,0,9.0993,2.5976,2.7258,2.0438,1.555,1,1,,8450,3.59
grid2:flat,,,PR10_x0.75,holdout,3,1035,headon,vfield,e58e68a1fb,ok,1,0,1,0,0,0,5.2356,0.892,2.7258,2.0438,1.555,1,1,5.23,8450,3.61
grid2:flat,,,PR10_x0.75,holdout,3,1037,headon,vfield,e58e68a1fb,ok,0,0,0,0,0,0,5.4771,3.0248,2.7258,2.0438,1.555,1,1,,8450,3.59
grid2:flat,,,PR10_x0.75,holdout,3,1039,headon,vfield,e58e68a1fb,ok,1,0,1,0,0,0,1.6513,0.9924,2.7258,2.0438,1.555,1,1,5.36,8450,3.58
grid2:flat,,,PR10_x0.75,holdout,3,1041,headon,vfield,e58e68a1fb,ok,1,0,1,0,0,0,5.1943,0.7225,2.7258,2.0438,1.555,1,1,4.2,8450,3.63
grid2:flat,,,PR10_x0.75,holdout,3,1043,headon,vfield,e58e68a1fb,ok,1,0,1,0,0,0,1.1835,0.4289,2.7258,2.0438,1.555,1,1,5.92,8450,3.62
grid2:flat,,,PR10_x0.75,holdout,3,1045,headon,vfield,e58e68a1fb,ok,1,0,1,0,0,0,1.6618,0.1522,2.7258,2.0438,1.555,1,1,3.84,8450,3.6
grid2:flat,,,PR10_x0.75,holdout,3,1047,headon,vfield,e58e68a1fb,ok,0,0,0,0,0,0,1.3909,3.2522,2.7258,2.0438,1.555,1,1,,8450,3.61
grid2:flat,,,PR10_x0.75,holdout,3,1049,headon,vfield,e58e68a1fb,ok,0,0,0,0,0,0,2.7245,3.9471,2.7258,2.0438,1.555,1,1,,8450,3.59
grid2:flat,,,PR10_x0.75,holdout,3,1051,headon,vfield,e58e68a1fb,ok,0,0,0,0,0,0,1.5691,1.4646,2.7258,2.0438,1.555,1,1,,8450,3.61
grid2:flat,,,PR10_x0.75,holdout,3,1053,headon,vfield,e58e68a1fb,ok,0,0,0,0,0,0,1.8794,4.0716,2.7258,2.0438,1.555,1,1,,8450,3.59
grid2:flat,,,PR10_x0.75,holdout,3,1055,headon,vfield,e58e68a1fb,ok,1,0,0,1,0,0,0.9559,2.3733,2.7258,2.0438,1.555,1,1,16.05,8450,3.61
grid2:flat,,,PR10_x0.75,holdout,3,1057,headon,vfield,e58e68a1fb,ok,3,2,0,0,1,0,0.5184,0.2104,2.7258,2.0438,1.555,1,1,-4.94,8450,3.61
grid2:flat,,,PR10_x0.75,holdout,3,1059,headon,vfield,e58e68a1fb,ok,0,0,0,0,0,0,3.9719,1.5631,2.7258,2.0438,1.555,1,1,,8450,3.63
grid2:flat,,,PR10_x1,holdout,3,1001,headon,vfield,af16195f31,ok,1,1,0,0,0,0,1.8976,0.3381,2.7258,2.0438,1.555,1,1,13.65,8450,3.61
grid2:flat,,,PR10_x1,holdout,3,1003,headon,vfield,af16195f31,ok,0,0,0,0,0,0,5.4288,3.7184,2.7258,2.0438,1.555,1,1,,8450,3.61
grid2:flat,,,PR10_x1,holdout,3,1005,headon,vfield,af16195f31,ok,0,0,0,0,0,0,1.8755,2.4086,2.7258,2.0438,1.555,1,1,,8450,3.62
grid2:flat,,,PR10_x1,holdout,3,1007,headon,vfield,af16195f31,ok,0,0,0,0,0,0,3.1162,6.1175,2.7258,2.0438,1.555,1,1,,8450,3.62
grid2:flat,,,PR10_x1,holdout,3,1009,headon,vfield,af16195f31,ok,0,0,0,0,0,0,4.778,6.1869,2.7258,2.0438,1.555,1,1,,8450,3.55
grid2:flat,,,PR10_x1,holdout,3,1011,headon,vfield,af16195f31,ok,0,0,0,0,0,0,3.227,4.3775,2.7258,2.0438,1.555,1,1,,8450,3.63
grid2:flat,,,PR10_x1,holdout,3,1013,headon,vfield,af16195f31,ok,0,0,0,0,0,0,3.194,5.9384,2.7258,2.0438,1.555,1,1,,8450,3.63
grid2:flat,,,PR10_x1,holdout,3,1015,headon,vfield,af16195f31,ok,0,0,0,0,0,0,3.3467,5.9855,2.7258,2.0438,1.555,1,1,,8450,3.63
grid2:flat,,,PR10_x1,holdout,3,1017,headon,vfield,af16195f31,ok,0,0,0,0,0,0,6.2878,1.1463,2.7258,2.0438,1.555,1,1,,8450,3.59
grid2:flat,,,PR10_x1,holdout,3,1019,headon,vfield,af16195f31,ok,0,0,0,0,0,0,1.1402,3.0977,2.7258,2.0438,1.555,1,1,,8450,3.56
grid2:flat,,,PR10_x1,holdout,3,1021,headon,vfield,af16195f31,ok,0,0,0,0,0,0,6.2476,2.0403,2.7258,2.0438,1.555,1,1,,8450,3.62
grid2:flat,,,PR10_x1,holdout,3,1023,headon,vfield,af16195f31,ok,0,0,0,0,0,0,2.7924,4.8589,2.7258,2.0438,1.555,1,1,,8450,3.64
grid2:flat,,,PR10_x1,holdout,3,1025,headon,vfield,af16195f31,ok,0,0,0,0,0,0,5.7248,3.4467,2.7258,2.0438,1.555,1,1,,8450,3.6
grid2:flat,,,PR10_x1,holdout,3,1027,headon,vfield,af16195f31,ok,0,0,0,0,0,0,1.7751,6.2303,2.7258,2.0438,1.555,1,1,,8450,3.62
grid2:flat,,,PR10_x1,holdout,3,1029,headon,vfield,af16195f31,ok,0,0,0,0,0,0,2.9672,5.2403,2.7258,2.0438,1.555,1,1,,8450,3.61
grid2:flat,,,PR10_x1,holdout,3,1031,headon,vfield,af16195f31,ok,0,0,0,0,0,0,2.6598,1.183,2.7258,2.0438,1.555,1,1,,8450,3.6
grid2:flat,,,PR10_x1,holdout,3,1033,headon,vfield,af16195f31,ok,0,0,0,0,0,0,5.2567,1.5774,2.7258,2.0438,1.555,1,1,,8450,3.6
grid2:flat,,,PR10_x1,holdout,3,1035,headon,vfield,af16195f31,ok,0,0,0,0,0,0,1.0076,3.9824,2.7258,2.0438,1.555,1,1,,8450,3.62
grid2:flat,,,PR10_x1,holdout,3,1037,headon,vfield,af16195f31,ok,0,0,0,0,0,0,4.1915,6.3068,2.7258,2.0438,1.555,1,1,,8450,3.62
grid2:flat,,,PR10_x1,holdout,3,1039,headon,vfield,af16195f31,ok,0,0,0,0,0,0,2.9025,2.7664,2.7258,2.0438,1.555,1,1,,8450,3.61
grid2:flat,,,PR10_x1,holdout,3,1041,headon,vfield,af16195f31,ok,0,0,0,0,0,0,2.8957,2.6885,2.7258,2.0438,1.555,1,1,,8450,3.57
grid2:flat,,,PR10_x1,holdout,3,1043,headon,vfield,af16195f31,ok,0,0,0,0,0,0,3.0445,5.7941,2.7258,2.0438,1.555,1,1,,8450,3.61
grid2:flat,,,PR10_x1,holdout,3,1045,headon,vfield,af16195f31,ok,0,0,0,0,0,0,5.1576,5.5093,2.7258,2.0438,1.555,1,1,,8450,3.61
grid2:flat,,,PR10_x1,holdout,3,1047,headon,vfield,af16195f31,ok,0,0,0,0,0,0,3.642,5.4396,2.7258,2.0438,1.555,1,1,,8450,3.6
grid2:flat,,,PR10_x1,holdout,3,1049,headon,vfield,af16195f31,ok,0,0,0,0,0,0,3.4706,1.6331,2.7258,2.0438,1.555,1,1,,8450,3.62
grid2:flat,,,PR10_x1,holdout,3,1051,headon,vfield,af16195f31,ok,1,0,1,0,0,0,5.0368,0.0136,2.7258,2.0438,1.555,1,1,3.95,8450,3.61
grid2:flat,,,PR10_x1,holdout,3,1053,headon,vfield,af16195f31,ok,0,0,0,0,0,0,7.8166,1.664,2.7258,2.0438,1.555,1,1,,8450,3.81
grid2:flat,,,PR10_x1,holdout,3,1055,headon,vfield,af16195f31,ok,0,0,0,0,0,0,4.1191,3.6161,2.7258,2.0438,1.555,1,1,,8450,4.26
grid2:flat,,,PR10_x1,holdout,3,1057,headon,vfield,af16195f31,ok,0,0,0,0,0,0,2.8676,1.705,2.7258,2.0438,1.555,1,1,,8450,4.34
grid2:flat,,,PR10_x1,holdout,3,1059,headon,vfield,af16195f31,ok,0,0,0,0,0,0,4.3891,3.8235,2.7258,2.0438,1.555,1,1,,8450,4.01
grid2:flat,,,PR10_x1.25,holdout,3,1001,headon,vfield,054d4bc927,ok,0,0,0,0,0,0,4.7771,6.9793,2.7258,2.0438,1.555,1,1,,8450,3.84
grid2:flat,,,PR10_x1.25,holdout,3,1003,headon,vfield,054d4bc927,ok,0,0,0,0,0,0,1.1351,7.0028,2.7258,2.0438,1.555,1,1,,8450,3.64
grid2:flat,,,PR10_x1.25,holdout,3,1005,headon,vfield,054d4bc927,ok,0,0,0,0,0,0,4.4503,3.2679,2.7258,2.0438,1.555,1,1,,8450,3.61
grid2:flat,,,PR10_x1.25,holdout,3,1007,headon,vfield,054d4bc927,ok,1,0,0,0,1,0,0.8313,2.7675,2.7258,2.0438,1.555,1,1,24.14,8450,3.63
grid2:flat,,,PR10_x1.25,holdout,3,1009,headon,vfield,054d4bc927,ok,0,0,0,0,0,0,2.12,7.1632,2.7258,2.0438,1.555,1,1,,8450,3.61
grid2:flat,,,PR10_x1.25,holdout,3,1011,headon,vfield,054d4bc927,ok,0,0,0,0,0,0,1.7083,7.7892,2.7258,2.0438,1.555,1,1,,8450,3.59
grid2:flat,,,PR10_x1.25,holdout,3,1013,headon,vfield,054d4bc927,ok,0,0,0,0,0,0,2.957,6.7713,2.7258,2.0438,1.555,1,1,,8450,3.59
grid2:flat,,,PR10_x1.25,holdout,3,1015,headon,vfield,054d4bc927,ok,0,0,0,0,0,0,4.0303,7.3634,2.7258,2.0438,1.555,1,1,,8450,3.62
grid2:flat,,,PR10_x1.25,holdout,3,1017,headon,vfield,054d4bc927,ok,0,0,0,0,0,0,2.8666,7.7392,2.7258,2.0438,1.555,1,1,,8450,3.59
grid2:flat,,,PR10_x1.25,holdout,3,1019,headon,vfield,054d4bc927,ok,1,0,1,0,0,0,1.4315,0.4901,2.7258,2.0438,1.555,1,1,4.73,8450,3.62
grid2:flat,,,PR10_x1.25,holdout,3,1021,headon,vfield,054d4bc927,ok,0,0,0,0,0,0,1.1006,7.5757,2.7258,2.0438,1.555,1,1,,8450,3.62
grid2:flat,,,PR10_x1.25,holdout,3,1023,headon,vfield,054d4bc927,ok,0,0,0,0,0,0,3.1647,7.7269,2.7258,2.0438,1.555,1,1,,8450,3.62
grid2:flat,,,PR10_x1.25,holdout,3,1025,headon,vfield,054d4bc927,ok,0,0,0,0,0,0,3.9253,1.1159,2.7258,2.0438,1.555,1,1,,8450,3.58
grid2:flat,,,PR10_x1.25,holdout,3,1027,headon,vfield,054d4bc927,ok,0,0,0,0,0,0,4.1009,8.5334,2.7258,2.0438,1.555,1,1,,8450,3.6
grid2:flat,,,PR10_x1.25,holdout,3,1029,headon,vfield,054d4bc927,ok,0,0,0,0,0,0,6.8785,7.7389,2.7258,2.0438,1.555,1,1,,8450,3.62
grid2:flat,,,PR10_x1.25,holdout,3,1031,headon,vfield,054d4bc927,ok,0,0,0,0,0,0,4.2591,5.4242,2.7258,2.0438,1.555,1,1,,8450,3.61
grid2:flat,,,PR10_x1.25,holdout,3,1033,headon,vfield,054d4bc927,ok,0,0,0,0,0,0,7.8881,5.8208,2.7258,2.0438,1.555,1,1,,8450,3.63
grid2:flat,,,PR10_x1.25,holdout,3,1035,headon,vfield,054d4bc927,ok,0,0,0,0,0,0,2.1976,6.8458,2.7258,2.0438,1.555,1,1,,8450,3.62
grid2:flat,,,PR10_x1.25,holdout,3,1037,headon,vfield,054d4bc927,ok,0,0,0,0,0,0,1.0536,7.7614,2.7258,2.0438,1.555,1,1,,8450,3.6
grid2:flat,,,PR10_x1.25,holdout,3,1039,headon,vfield,054d4bc927,ok,0,0,0,0,0,0,4.9956,4.5818,2.7258,2.0438,1.555,1,1,,8450,3.61
grid2:flat,,,PR10_x1.25,holdout,3,1041,headon,vfield,054d4bc927,ok,0,0,0,0,0,0,1.7429,5.5526,2.7258,2.0438,1.555,1,1,,8450,3.62
grid2:flat,,,PR10_x1.25,holdout,3,1043,headon,vfield,054d4bc927,ok,0,0,0,0,0,0,3.5915,7.2374,2.7258,2.0438,1.555,1,1,,8450,3.62
grid2:flat,,,PR10_x1.25,holdout,3,1045,headon,vfield,054d4bc927,ok,0,0,0,0,0,0,1.036,7.2621,2.7258,2.0438,1.555,1,1,,8450,3.6
grid2:flat,,,PR10_x1.25,holdout,3,1047,headon,vfield,054d4bc927,ok,0,0,0,0,0,0,3.2753,5.6927,2.7258,2.0438,1.555,1,1,,8450,3.6
grid2:flat,,,PR10_x1.25,holdout,3,1049,headon,vfield,054d4bc927,ok,0,0,0,0,0,0,4.6965,7.2806,2.7258,2.0438,1.555,1,1,,8450,3.59
grid2:flat,,,PR10_x1.25,holdout,3,1051,headon,vfield,054d4bc927,ok,0,0,0,0,0,0,2.4476,3.0401,2.7258,2.0438,1.555,1,1,,8450,3.67
grid2:flat,,,PR10_x1.25,holdout,3,1053,headon,vfield,054d4bc927,ok,0,0,0,0,0,0,8.3767,7.777,2.7258,2.0438,1.555,1,1,,8450,3.6
grid2:flat,,,PR10_x1.25,holdout,3,1055,headon,vfield,054d4bc927,ok,0,0,0,0,0,0,3.0712,8.4096,2.7258,2.0438,1.555,1,1,,8450,3.62
grid2:flat,,,PR10_x1.25,holdout,3,1057,headon,vfield,054d4bc927,ok,1,0,0,0,1,0,0.2201,1.3095,2.7258,2.0438,1.555,1,1,27.2,8450,3.59
grid2:flat,,,PR10_x1.25,holdout,3,1059,headon,vfield,054d4bc927,ok,0,0,0,0,0,0,5.3847,5.1408,2.7258,2.0438,1.555,1,1,,8450,3.62
grid2:flat,,,PR10_x1.5,holdout,3,1001,headon,vfield,feda829b0d,ok,0,0,0,0,0,0,3.7038,6.2482,2.7258,2.0438,1.555,1,1,,8450,3.58
grid2:flat,,,PR10_x1.5,holdout,3,1003,headon,vfield,feda829b0d,ok,0,0,0,0,0,0,3.7789,4.5819,2.7258,2.0438,1.555,1,1,,8450,3.63
grid2:flat,,,PR10_x1.5,holdout,3,1005,headon,vfield,feda829b0d,ok,0,0,0,0,0,0,2.8871,6.5214,2.7258,2.0438,1.555,1,1,,8450,3.62
grid2:flat,,,PR10_x1.5,holdout,3,1007,headon,vfield,feda829b0d,ok,0,0,0,0,0,0,4.2854,6.0921,2.7258,2.0438,1.555,1,1,,8450,3.62
grid2:flat,,,PR10_x1.5,holdout,3,1009,headon,vfield,feda829b0d,ok,1,0,0,0,1,0,0.8981,8.4217,2.7258,2.0438,1.555,1,1,14.41,8450,3.59
grid2:flat,,,PR10_x1.5,holdout,3,1011,headon,vfield,feda829b0d,ok,0,0,0,0,0,0,4.0456,5.9405,2.7258,2.0438,1.555,1,1,,8450,3.61
grid2:flat,,,PR10_x1.5,holdout,3,1013,headon,vfield,feda829b0d,ok,0,0,0,0,0,0,2.977,8.1133,2.7258,2.0438,1.555,1,1,,8450,3.65
grid2:flat,,,PR10_x1.5,holdout,3,1015,headon,vfield,feda829b0d,ok,0,0,0,0,0,0,7.8169,5.6459,2.7258,2.0438,1.555,1,1,,8450,3.63
grid2:flat,,,PR10_x1.5,holdout,3,1017,headon,vfield,feda829b0d,ok,0,0,0,0,0,0,5.1695,5.2982,2.7258,2.0438,1.555,1,1,,8450,3.65
grid2:flat,,,PR10_x1.5,holdout,3,1019,headon,vfield,feda829b0d,ok,0,0,0,0,0,0,1.7949,1.3393,2.7258,2.0438,1.555,1,1,,8450,3.63
grid2:flat,,,PR10_x1.5,holdout,3,1021,headon,vfield,feda829b0d,ok,0,0,0,0,0,0,5.6981,7.6534,2.7258,2.0438,1.555,1,1,,8450,3.62
grid2:flat,,,PR10_x1.5,holdout,3,1023,headon,vfield,feda829b0d,ok,0,0,0,0,0,0,6.5172,8.5669,2.7258,2.0438,1.555,1,1,,8450,3.65
grid2:flat,,,PR10_x1.5,holdout,3,1025,headon,vfield,feda829b0d,ok,0,0,0,0,0,0,1.4947,2.0436,2.7258,2.0438,1.555,1,1,,8450,3.63
grid2:flat,,,PR10_x1.5,holdout,3,1027,headon,vfield,feda829b0d,ok,0,0,0,0,0,0,2.512,8.03,2.7258,2.0438,1.555,1,1,,8450,3.62
grid2:flat,,,PR10_x1.5,holdout,3,1029,headon,vfield,feda829b0d,ok,1,0,1,0,0,0,1.9467,0.5678,2.7258,2.0438,1.555,1,1,4.98,8450,3.58
grid2:flat,,,PR10_x1.5,holdout,3,1031,headon,vfield,feda829b0d,ok,1,0,1,0,0,0,4.8976,0.0736,2.7258,2.0438,1.555,1,1,9.56,8450,3.61
grid2:flat,,,PR10_x1.5,holdout,3,1033,headon,vfield,feda829b0d,ok,0,0,0,0,0,0,7.4315,5.9978,2.7258,2.0438,1.555,1,1,,8450,3.6
grid2:flat,,,PR10_x1.5,holdout,3,1035,headon,vfield,feda829b0d,ok,2,0,1,0,1,0,0.8804,0.6095,2.7258,2.0438,1.555,1,1,5.44,8450,3.7
grid2:flat,,,PR10_x1.5,holdout,3,1037,headon,vfield,feda829b0d,ok,0,0,0,0,0,0,7.2168,7.7369,2.7258,2.0438,1.555,1,1,,8450,3.66
grid2:flat,,,PR10_x1.5,holdout,3,1039,headon,vfield,feda829b0d,ok,0,0,0,0,0,0,5.0784,7.9523,2.7258,2.0438,1.555,1,1,,8450,3.62
grid2:flat,,,PR10_x1.5,holdout,3,1041,headon,vfield,feda829b0d,ok,0,0,0,0,0,0,3.944,6.1279,2.7258,2.0438,1.555,1,1,,8450,3.62
grid2:flat,,,PR10_x1.5,holdout,3,1043,headon,vfield,feda829b0d,ok,0,0,0,0,0,0,6.5058,7.8185,2.7258,2.0438,1.555,1,1,,8450,3.62
grid2:flat,,,PR10_x1.5,holdout,3,1045,headon,vfield,feda829b0d,ok,0,0,0,0,0,0,3.6819,5.0221,2.7258,2.0438,1.555,1,1,,8450,3.6
grid2:flat,,,PR10_x1.5,holdout,3,1047,headon,vfield,feda829b0d,ok,0,0,0,0,0,0,3.7467,7.1241,2.7258,2.0438,1.555,1,1,,8450,3.68
grid2:flat,,,PR10_x1.5,holdout,3,1049,headon,vfield,feda829b0d,ok,1,0,0,0,1,0,0.2173,8.1486,2.7258,2.0438,1.555,1,1,41.03,8450,3.61
grid2:flat,,,PR10_x1.5,holdout,3,1051,headon,vfield,feda829b0d,ok,1,0,0,0,1,0,0.1353,7.7502,2.7258,2.0438,1.555,1,1,18.99,8450,3.64
grid2:flat,,,PR10_x1.5,holdout,3,1053,headon,vfield,feda829b0d,ok,0,0,0,0,0,0,3.876,7.5426,2.7258,2.0438,1.555,1,1,,8450,3.61
grid2:flat,,,PR10_x1.5,holdout,3,1055,headon,vfield,feda829b0d,ok,1,0,0,0,1,0,0.341,7.6377,2.7258,2.0438,1.555,1,1,34.25,8450,3.62
grid2:flat,,,PR10_x1.5,holdout,3,1057,headon,vfield,feda829b0d,ok,1,0,0,0,1,0,0.8217,1.0583,2.7258,2.0438,1.555,1,1,35.94,8450,3.62
grid2:flat,,,PR10_x1.5,holdout,3,1059,headon,vfield,feda829b0d,ok,0,0,0,0,0,0,6.5957,7.5998,2.7258,2.0438,1.555,1,1,,8450,3.62
grid2:flat,,,PR10_x2,holdout,3,1001,headon,vfield,1868b6b4dc,ok,0,0,0,0,0,0,4.5645,7.4868,2.7258,2.0438,1.555,1,1,,8450,3.71
grid2:flat,,,PR10_x2,holdout,3,1003,headon,vfield,1868b6b4dc,ok,1,0,1,0,0,0,3.1395,0.8185,2.7258,2.0438,1.555,1,1,23.38,8450,3.66
grid2:flat,,,PR10_x2,holdout,3,1005,headon,vfield,1868b6b4dc,ok,0,0,0,0,0,0,1.0167,5.6257,2.7258,2.0438,1.555,1,1,,8450,3.63
grid2:flat,,,PR10_x2,holdout,3,1007,headon,vfield,1868b6b4dc,ok,1,0,1,0,0,0,5.9707,0.6404,2.7258,2.0438,1.555,1,1,4.98,8450,3.62
grid2:flat,,,PR10_x2,holdout,3,1009,headon,vfield,1868b6b4dc,ok,0,0,0,0,0,0,5.6688,5.6596,2.7258,2.0438,1.555,1,1,,8450,3.62
grid2:flat,,,PR10_x2,holdout,3,1011,headon,vfield,1868b6b4dc,ok,0,0,0,0,0,0,6.8669,1.4297,2.7258,2.0438,1.555,1,1,,8450,3.6
grid2:flat,,,PR10_x2,holdout,3,1013,headon,vfield,1868b6b4dc,ok,0,0,0,0,0,0,5.2494,7.8817,2.7258,2.0438,1.555,1,1,,8450,3.65
grid2:flat,,,PR10_x2,holdout,3,1015,headon,vfield,1868b6b4dc,ok,0,0,0,0,0,0,3.7633,1.2029,2.7258,2.0438,1.555,1,1,,8450,3.62
grid2:flat,,,PR10_x2,holdout,3,1017,headon,vfield,1868b6b4dc,ok,0,0,0,0,0,0,7.4386,1.2408,2.7258,2.0438,1.555,1,1,,8450,3.63
grid2:flat,,,PR10_x2,holdout,3,1019,headon,vfield,1868b6b4dc,ok,2,0,1,0,1,0,0.6222,0.1838,2.7258,2.0438,1.555,1,1,10.78,8450,3.63
grid2:flat,,,PR10_x2,holdout,3,1021,headon,vfield,1868b6b4dc,ok,0,0,0,0,0,0,7.195,5.6391,2.7258,2.0438,1.555,1,1,,8450,3.6
grid2:flat,,,PR10_x2,holdout,3,1023,headon,vfield,1868b6b4dc,ok,1,0,1,0,0,0,4.7157,0.1858,2.7258,2.0438,1.555,1,1,6.77,8450,3.63
grid2:flat,,,PR10_x2,holdout,3,1025,headon,vfield,1868b6b4dc,ok,0,0,0,0,0,0,3.6046,1.4695,2.7258,2.0438,1.555,1,1,,8450,3.62
grid2:flat,,,PR10_x2,holdout,3,1027,headon,vfield,1868b6b4dc,ok,0,0,0,0,0,0,2.0239,1.5434,2.7258,2.0438,1.555,1,1,,8450,3.63
grid2:flat,,,PR10_x2,holdout,3,1029,headon,vfield,1868b6b4dc,ok,0,0,0,0,0,0,2.9579,7.9275,2.7258,2.0438,1.555,1,1,,8450,3.62
grid2:flat,,,PR10_x2,holdout,3,1031,headon,vfield,1868b6b4dc,ok,0,0,0,0,0,0,7.2361,2.3029,2.7258,2.0438,1.555,1,1,,8450,3.64
grid2:flat,,,PR10_x2,holdout,3,1033,headon,vfield,1868b6b4dc,ok,0,0,0,0,0,0,7.5958,1.7465,2.7258,2.0438,1.555,1,1,,8450,3.63
grid2:flat,,,PR10_x2,holdout,3,1035,headon,vfield,1868b6b4dc,ok,0,0,0,0,0,0,5.3356,8.0592,2.7258,2.0438,1.555,1,1,,8450,3.63
grid2:flat,,,PR10_x2,holdout,3,1037,headon,vfield,1868b6b4dc,ok,0,0,0,0,0,0,5.5159,8.6014,2.7258,2.0438,1.555,1,1,,8450,3.61
grid2:flat,,,PR10_x2,holdout,3,1039,headon,vfield,1868b6b4dc,ok,0,0,0,0,0,0,5.8148,5.6923,2.7258,2.0438,1.555,1,1,,8450,3.62
grid2:flat,,,PR10_x2,holdout,3,1041,headon,vfield,1868b6b4dc,ok,0,0,0,0,0,0,6.233,8.2037,2.7258,2.0438,1.555,1,1,,8450,3.6
grid2:flat,,,PR10_x2,holdout,3,1043,headon,vfield,1868b6b4dc,ok,0,0,0,0,0,0,3.4005,7.9404,2.7258,2.0438,1.555,1,1,,8450,3.61
grid2:flat,,,PR10_x2,holdout,3,1045,headon,vfield,1868b6b4dc,ok,1,0,1,0,0,0,4.8222,0.6152,2.7258,2.0438,1.555,1,1,6.12,8450,3.63
grid2:flat,,,PR10_x2,holdout,3,1047,headon,vfield,1868b6b4dc,ok,1,0,1,0,0,0,5.0934,0.6267,2.7258,2.0438,1.555,1,1,9.67,8450,3.65
grid2:flat,,,PR10_x2,holdout,3,1049,headon,vfield,1868b6b4dc,ok,0,0,0,0,0,0,4.7506,7.7721,2.7258,2.0438,1.555,1,1,,8450,3.64
grid2:flat,,,PR10_x2,holdout,3,1051,headon,vfield,1868b6b4dc,ok,0,0,0,0,0,0,7.1684,7.7459,2.7258,2.0438,1.555,1,1,,8450,3.62
grid2:flat,,,PR10_x2,holdout,3,1053,headon,vfield,1868b6b4dc,ok,0,0,0,0,0,0,6.4731,1.9852,2.7258,2.0438,1.555,1,1,,8450,3.63
grid2:flat,,,PR10_x2,holdout,3,1055,headon,vfield,1868b6b4dc,ok,0,0,0,0,0,0,3.0497,8.6267,2.7258,2.0438,1.555,1,1,,8450,3.65
grid2:flat,,,PR10_x2,holdout,3,1057,headon,vfield,1868b6b4dc,ok,0,0,0,0,0,0,7.2018,1.5522,2.7258,2.0438,1.555,1,1,,8450,3.61
grid2:flat,,,PR10_x2,holdout,3,1059,headon,vfield,1868b6b4dc,ok,0,0,0,0,0,0,1.4277,6.5776,2.7258,2.0438,1.555,1,1,,8450,3.64
grid2:flat,,,PR13_x0.5,holdout,3,1001,headon,vfield,4ddc67d9fc,ok,0,0,0,0,0,0,1.319,2.245,2.7258,2.0438,1.555,1,1,,8450,3.63
grid2:flat,,,PR13_x0.5,holdout,3,1003,headon,vfield,4ddc67d9fc,ok,0,0,0,0,0,0,2.4561,6.1444,2.7258,2.0438,1.555,1,1,,8450,3.63
grid2:flat,,,PR13_x0.5,holdout,3,1005,headon,vfield,4ddc67d9fc,ok,0,0,0,0,0,0,2.1165,2.4981,2.7258,2.0438,1.555,1,1,,8450,3.63
grid2:flat,,,PR13_x0.5,holdout,3,1007,headon,vfield,4ddc67d9fc,ok,0,0,0,0,0,0,3.4213,2.1238,2.7258,2.0438,1.555,1,1,,8450,3.62
grid2:flat,,,PR13_x0.5,holdout,3,1009,headon,vfield,4ddc67d9fc,ok,1,0,1,0,0,0,6.0244,0.0546,2.7258,2.0438,1.555,1,1,5.54,8450,3.61
grid2:flat,,,PR13_x0.5,holdout,3,1011,headon,vfield,4ddc67d9fc,ok,0,0,0,0,0,0,6.6077,4.2739,2.7258,2.0438,1.555,1,1,,8450,3.62
grid2:flat,,,PR13_x0.5,holdout,3,1013,headon,vfield,4ddc67d9fc,ok,0,0,0,0,0,0,1.6371,5.8742,2.7258,2.0438,1.555,1,1,,8450,3.62
grid2:flat,,,PR13_x0.5,holdout,3,1015,headon,vfield,4ddc67d9fc,ok,1,0,1,0,0,0,1.5942,0.474,2.7258,2.0438,1.555,1,1,8.22,8450,3.63
grid2:flat,,,PR13_x0.5,holdout,3,1017,headon,vfield,4ddc67d9fc,ok,0,0,0,0,0,0,6.4177,2.0989,2.7258,2.0438,1.555,1,1,,8450,3.63
grid2:flat,,,PR13_x0.5,holdout,3,1019,headon,vfield,4ddc67d9fc,ok,0,0,0,0,0,0,2.4797,1.6461,2.7258,2.0438,1.555,1,1,,8450,3.64
grid2:flat,,,PR13_x0.5,holdout,3,1021,headon,vfield,4ddc67d9fc,ok,0,0,0,0,0,0,4.7299,1.6761,2.7258,2.0438,1.555,1,1,,8450,3.63
grid2:flat,,,PR13_x0.5,holdout,3,1023,headon,vfield,4ddc67d9fc,ok,0,0,0,0,0,0,2.2306,8.0423,2.7258,2.0438,1.555,1,1,,8450,3.59
grid2:flat,,,PR13_x0.5,holdout,3,1025,headon,vfield,4ddc67d9fc,ok,0,0,0,0,0,0,1.5932,1.466,2.7258,2.0438,1.555,1,1,,8450,3.63
grid2:flat,,,PR13_x0.5,holdout,3,1027,headon,vfield,4ddc67d9fc,ok,0,0,0,0,0,0,3.134,6.8609,2.7258,2.0438,1.555,1,1,,8450,3.63
grid2:flat,,,PR13_x0.5,holdout,3,1029,headon,vfield,4ddc67d9fc,ok,1,0,1,0,0,0,4.3087,0.0975,2.7258,2.0438,1.555,1,1,11.05,8450,3.63
grid2:flat,,,PR13_x0.5,holdout,3,1031,headon,vfield,4ddc67d9fc,ok,1,0,1,0,0,0,3.8637,0.8822,2.7258,2.0438,1.555,1,1,6.09,8450,3.63
grid2:flat,,,PR13_x0.5,holdout,3,1033,headon,vfield,4ddc67d9fc,ok,0,0,0,0,0,0,3.0902,4.9203,2.7258,2.0438,1.555,1,1,,8450,3.63
grid2:flat,,,PR13_x0.5,holdout,3,1035,headon,vfield,4ddc67d9fc,ok,0,0,0,0,0,0,6.9343,1.2506,2.7258,2.0438,1.555,1,1,,8450,3.61
grid2:flat,,,PR13_x0.5,holdout,3,1037,headon,vfield,4ddc67d9fc,ok,0,0,0,0,0,0,6.8604,6.7096,2.7258,2.0438,1.555,1,1,,8450,3.58
grid2:flat,,,PR13_x0.5,holdout,3,1039,headon,vfield,4ddc67d9fc,ok,1,0,1,0,0,0,8.1062,0.9334,2.7258,2.0438,1.555,1,1,16.38,8450,3.62
grid2:flat,,,PR13_x0.5,holdout,3,1041,headon,vfield,4ddc67d9fc,ok,0,0,0,0,0,0,2.5112,5.5173,2.7258,2.0438,1.555,1,1,,8450,3.62
grid2:flat,,,PR13_x0.5,holdout,3,1043,headon,vfield,4ddc67d9fc,ok,0,0,0,0,0,0,4.4062,4.6716,2.7258,2.0438,1.555,1,1,,8450,3.62
grid2:flat,,,PR13_x0.5,holdout,3,1045,headon,vfield,4ddc67d9fc,ok,1,0,1,0,0,0,1.2264,0.1506,2.7258,2.0438,1.555,1,1,9.68,8450,3.61
grid2:flat,,,PR13_x0.5,holdout,3,1047,headon,vfield,4ddc67d9fc,ok,0,0,0,0,0,0,1.2565,2.2489,2.7258,2.0438,1.555,1,1,,8450,3.58
grid2:flat,,,PR13_x0.5,holdout,3,1049,headon,vfield,4ddc67d9fc,ok,0,0,0,0,0,0,7.9447,5.6064,2.7258,2.0438,1.555,1,1,,8450,3.65
grid2:flat,,,PR13_x0.5,holdout,3,1051,headon,vfield,4ddc67d9fc,ok,0,0,0,0,0,0,4.7792,6.9822,2.7258,2.0438,1.555,1,1,,8450,3.63
grid2:flat,,,PR13_x0.5,holdout,3,1053,headon,vfield,4ddc67d9fc,ok,0,0,0,0,0,0,6.0163,8.0381,2.7258,2.0438,1.555,1,1,,8450,3.61
grid2:flat,,,PR13_x0.5,holdout,3,1055,headon,vfield,4ddc67d9fc,ok,0,0,0,0,0,0,1.2572,5.9974,2.7258,2.0438,1.555,1,1,,8450,3.61
grid2:flat,,,PR13_x0.5,holdout,3,1057,headon,vfield,4ddc67d9fc,ok,0,0,0,0,0,0,1.5594,6.2012,2.7258,2.0438,1.555,1,1,,8450,3.63
grid2:flat,,,PR13_x0.5,holdout,3,1059,headon,vfield,4ddc67d9fc,ok,0,0,0,0,0,0,6.8088,2.9676,2.7258,2.0438,1.555,1,1,,8450,3.59
grid2:flat,,,PR13_x0.75,holdout,3,1001,headon,vfield,82a8563b45,ok,0,0,0,0,0,0,6.7976,8.0028,2.7258,2.0438,1.555,1,1,,8450,3.61
grid2:flat,,,PR13_x0.75,holdout,3,1003,headon,vfield,82a8563b45,ok,0,0,0,0,0,0,9.9861,1.8365,2.7258,2.0438,1.555,1,1,,8450,3.64
grid2:flat,,,PR13_x0.75,holdout,3,1005,headon,vfield,82a8563b45,ok,0,0,0,0,0,0,1.5696,6.4474,2.7258,2.0438,1.555,1,1,,8450,3.64
grid2:flat,,,PR13_x0.75,holdout,3,1007,headon,vfield,82a8563b45,ok,0,0,0,0,0,0,5.1231,6.7054,2.7258,2.0438,1.555,1,1,,8450,3.64
grid2:flat,,,PR13_x0.75,holdout,3,1009,headon,vfield,82a8563b45,ok,0,0,0,0,0,0,1.7223,8.1818,2.7258,2.0438,1.555,1,1,,8450,3.63
grid2:flat,,,PR13_x0.75,holdout,3,1011,headon,vfield,82a8563b45,ok,0,0,0,0,0,0,5.5851,7.1445,2.7258,2.0438,1.555,1,1,,8450,3.65
grid2:flat,,,PR13_x0.75,holdout,3,1013,headon,vfield,82a8563b45,ok,0,0,0,0,0,0,5.0789,4.803,2.7258,2.0438,1.555,1,1,,8450,3.63
grid2:flat,,,PR13_x0.75,holdout,3,1015,headon,vfield,82a8563b45,ok,0,0,0,0,0,0,5.3851,5.8901,2.7258,2.0438,1.555,1,1,,8450,3.61
grid2:flat,,,PR13_x0.75,holdout,3,1017,headon,vfield,82a8563b45,ok,0,0,0,0,0,0,7.3421,3.0663,2.7258,2.0438,1.555,1,1,,8450,3.6
grid2:flat,,,PR13_x0.75,holdout,3,1019,headon,vfield,82a8563b45,ok,0,0,0,0,0,0,2.1848,2.3845,2.7258,2.0438,1.555,1,1,,8450,3.62
grid2:flat,,,PR13_x0.75,holdout,3,1021,headon,vfield,82a8563b45,ok,0,0,0,0,0,0,4.5869,9.6458,2.7258,2.0438,1.555,1,1,,8450,3.66
grid2:flat,,,PR13_x0.75,holdout,3,1023,headon,vfield,82a8563b45,ok,0,0,0,0,0,0,4.9618,6.4929,2.7258,2.0438,1.555,1,1,,8450,3.65
grid2:flat,,,PR13_x0.75,holdout,3,1025,headon,vfield,82a8563b45,ok,0,0,0,0,0,0,8.5567,3.0426,2.7258,2.0438,1.555,1,1,,8450,3.62
grid2:flat,,,PR13_x0.75,holdout,3,1027,headon,vfield,82a8563b45,ok,0,0,0,0,0,0,7.8803,1.6637,2.7258,2.0438,1.555,1,1,,8450,3.64
grid2:flat,,,PR13_x0.75,holdout,3,1029,headon,vfield,82a8563b45,ok,0,0,0,0,0,0,6.6781,3.1213,2.7258,2.0438,1.555,1,1,,8450,3.64
grid2:flat,,,PR13_x0.75,holdout,3,1031,headon,vfield,82a8563b45,ok,0,0,0,0,0,0,3.9847,2.1379,2.7258,2.0438,1.555,1,1,,8450,3.63
grid2:flat,,,PR13_x0.75,holdout,3,1033,headon,vfield,82a8563b45,ok,0,0,0,0,0,0,7.9272,6.0484,2.7258,2.0438,1.555,1,1,,8450,3.62
grid2:flat,,,PR13_x0.75,holdout,3,1035,headon,vfield,82a8563b45,ok,0,0,0,0,0,0,2.8622,4.0604,2.7258,2.0438,1.555,1,1,,8450,3.6
grid2:flat,,,PR13_x0.75,holdout,3,1037,headon,vfield,82a8563b45,ok,0,0,0,0,0,0,6.284,5.8366,2.7258,2.0438,1.555,1,1,,8450,3.6
grid2:flat,,,PR13_x0.75,holdout,3,1039,headon,vfield,82a8563b45,ok,0,0,0,0,0,0,4.6499,3.4575,2.7258,2.0438,1.555,1,1,,8450,3.64
grid2:flat,,,PR13_x0.75,holdout,3,1041,headon,vfield,82a8563b45,ok,0,0,0,0,0,0,3.8192,3.1212,2.7258,2.0438,1.555,1,1,,8450,3.64
grid2:flat,,,PR13_x0.75,holdout,3,1043,headon,vfield,82a8563b45,ok,2,1,1,0,0,0,5.407,0.5664,2.7258,2.0438,1.555,1,1,-1.8,8450,3.62
grid2:flat,,,PR13_x0.75,holdout,3,1045,headon,vfield,82a8563b45,ok,0,0,0,0,0,0,2.6358,4.9605,2.7258,2.0438,1.555,1,1,,8450,3.62
grid2:flat,,,PR13_x0.75,holdout,3,1047,headon,vfield,82a8563b45,ok,0,0,0,0,0,0,3.1847,2.3316,2.7258,2.0438,1.555,1,1,,8450,3.59
grid2:flat,,,PR13_x0.75,holdout,3,1049,headon,vfield,82a8563b45,ok,0,0,0,0,0,0,1.7082,1.1115,2.7258,2.0438,1.555,1,1,,8450,3.63
grid2:flat,,,PR13_x0.75,holdout,3,1051,headon,vfield,82a8563b45,ok,0,0,0,0,0,0,4.3353,6.1197,2.7258,2.0438,1.555,1,1,,8450,3.64
grid2:flat,,,PR13_x0.75,holdout,3,1053,headon,vfield,82a8563b45,ok,0,0,0,0,0,0,5.5157,5.5826,2.7258,2.0438,1.555,1,1,,8450,3.6
grid2:flat,,,PR13_x0.75,holdout,3,1055,headon,vfield,82a8563b45,ok,0,0,0,0,0,0,3.5801,6.345,2.7258,2.0438,1.555,1,1,,8450,3.61
grid2:flat,,,PR13_x0.75,holdout,3,1057,headon,vfield,82a8563b45,ok,0,0,0,0,0,0,6.2695,5.7888,2.7258,2.0438,1.555,1,1,,8450,3.61
grid2:flat,,,PR13_x0.75,holdout,3,1059,headon,vfield,82a8563b45,ok,0,0,0,0,0,0,7.6923,1.8303,2.7258,2.0438,1.555,1,1,,8450,3.62
grid2:flat,,,PR13_x1,holdout,3,1001,headon,vfield,016407f790,ok,0,0,0,0,0,0,5.2036,6.7367,2.7258,2.0438,1.555,1,1,,8450,3.65
grid2:flat,,,PR13_x1,holdout,3,1003,headon,vfield,016407f790,ok,0,0,0,0,0,0,4.7187,2.326,2.7258,2.0438,1.555,1,1,,8450,3.63
grid2:flat,,,PR13_x1,holdout,3,1005,headon,vfield,016407f790,ok,0,0,0,0,0,0,1.5095,7.8497,2.7258,2.0438,1.555,1,1,,8450,3.61
grid2:flat,,,PR13_x1,holdout,3,1007,headon,vfield,016407f790,ok,0,0,0,0,0,0,4.7618,6.3807,2.7258,2.0438,1.555,1,1,,8450,3.65
grid2:flat,,,PR13_x1,holdout,3,1009,headon,vfield,016407f790,ok,0,0,0,0,0,0,4.3488,6.4794,2.7258,2.0438,1.555,1,1,,8450,3.62
grid2:flat,,,PR13_x1,holdout,3,1011,headon,vfield,016407f790,ok,1,0,1,0,0,0,8.2459,0.0573,2.7258,2.0438,1.555,1,1,8.98,8450,3.65
grid2:flat,,,PR13_x1,holdout,3,1013,headon,vfield,016407f790,ok,0,0,0,0,0,0,3.7954,1.3427,2.7258,2.0438,1.555,1,1,,8450,3.6
grid2:flat,,,PR13_x1,holdout,3,1015,headon,vfield,016407f790,ok,0,0,0,0,0,0,3.9922,6.776,2.7258,2.0438,1.555,1,1,,8450,3.6
grid2:flat,,,PR13_x1,holdout,3,1017,headon,vfield,016407f790,ok,2,0,1,0,1,0,0.3625,0.3179,2.7258,2.0438,1.555,1,1,8.05,8450,3.64
grid2:flat,,,PR13_x1,holdout,3,1019,headon,vfield,016407f790,ok,1,0,1,0,0,0,5.8921,0.3209,2.7258,2.0438,1.555,1,1,11.07,8450,3.62
grid2:flat,,,PR13_x1,holdout,3,1021,headon,vfield,016407f790,ok,0,0,0,0,0,0,4.4618,6.084,2.7258,2.0438,1.555,1,1,,8450,3.61
grid2:flat,,,PR13_x1,holdout,3,1023,headon,vfield,016407f790,ok,0,0,0,0,0,0,7.7677,6.6211,2.7258,2.0438,1.555,1,1,,8450,3.62
grid2:flat,,,PR13_x1,holdout,3,1025,headon,vfield,016407f790,ok,0,0,0,0,0,0,1.2702,2.4361,2.7258,2.0438,1.555,1,1,,8450,3.61
grid2:flat,,,PR13_x1,holdout,3,1027,headon,vfield,016407f790,ok,0,0,0,0,0,0,8.5991,6.1878,2.7258,2.0438,1.555,1,1,,8450,3.62
grid2:flat,,,PR13_x1,holdout,3,1029,headon,vfield,016407f790,ok,0,0,0,0,0,0,5.8134,5.0034,2.7258,2.0438,1.555,1,1,,8450,3.59
grid2:flat,,,PR13_x1,holdout,3,1031,headon,vfield,016407f790,ok,1,0,0,0,1,0,0.7343,6.9837,2.7258,2.0438,1.555,1,1,6.11,8450,3.59
grid2:flat,,,PR13_x1,holdout,3,1033,headon,vfield,016407f790,ok,0,0,0,0,0,0,5.4295,8.6306,2.7258,2.0438,1.555,1,1,,8450,3.64
grid2:flat,,,PR13_x1,holdout,3,1035,headon,vfield,016407f790,ok,1,0,1,0,0,0,3.2922,0.9983,2.7258,2.0438,1.555,1,1,6.1,8450,3.63
grid2:flat,,,PR13_x1,holdout,3,1037,headon,vfield,016407f790,ok,0,0,0,0,0,0,8.2276,6.6623,2.7258,2.0438,1.555,1,1,,8450,3.65
grid2:flat,,,PR13_x1,holdout,3,1039,headon,vfield,016407f790,ok,0,0,0,0,0,0,5.0667,7.5972,2.7258,2.0438,1.555,1,1,,8450,3.61
grid2:flat,,,PR13_x1,holdout,3,1041,headon,vfield,016407f790,ok,0,0,0,0,0,0,9.5418,3.3474,2.7258,2.0438,1.555,1,1,,8450,3.64
grid2:flat,,,PR13_x1,holdout,3,1043,headon,vfield,016407f790,ok,0,0,0,0,0,0,4.269,1.5821,2.7258,2.0438,1.555,1,1,,8450,3.64
grid2:flat,,,PR13_x1,holdout,3,1045,headon,vfield,016407f790,ok,0,0,0,0,0,0,7.8007,4.3985,2.7258,2.0438,1.555,1,1,,8450,3.6
grid2:flat,,,PR13_x1,holdout,3,1047,headon,vfield,016407f790,ok,1,0,0,1,0,0,0.9669,7.5664,2.7258,2.0438,1.555,1,1,32.35,8450,3.61
grid2:flat,,,PR13_x1,holdout,3,1049,headon,vfield,016407f790,ok,0,0,0,0,0,0,5.7298,2.6775,2.7258,2.0438,1.555,1,1,,8450,3.59
grid2:flat,,,PR13_x1,holdout,3,1051,headon,vfield,016407f790,ok,0,0,0,0,0,0,5.5889,1.497,2.7258,2.0438,1.555,1,1,,8450,3.61
grid2:flat,,,PR13_x1,holdout,3,1053,headon,vfield,016407f790,ok,0,0,0,0,0,0,2.1227,1.027,2.7258,2.0438,1.555,1,1,,8450,3.64
grid2:flat,,,PR13_x1,holdout,3,1055,headon,vfield,016407f790,ok,0,0,0,0,0,0,4.1918,2.4028,2.7258,2.0438,1.555,1,1,,8450,3.63
grid2:flat,,,PR13_x1,holdout,3,1057,headon,vfield,016407f790,ok,1,0,1,0,0,0,2.9532,0.5508,2.7258,2.0438,1.555,1,1,6.86,8450,3.62
grid2:flat,,,PR13_x1,holdout,3,1059,headon,vfield,016407f790,ok,0,0,0,0,0,0,3.0323,7.8789,2.7258,2.0438,1.555,1,1,,8450,3.64
grid2:flat,,,PR13_x1.25,holdout,3,1001,headon,vfield,68ab71474d,ok,0,0,0,0,0,0,8.7351,9.7567,2.7258,2.0438,1.555,1,1,,8450,3.61
grid2:flat,,,PR13_x1.25,holdout,3,1003,headon,vfield,68ab71474d,ok,1,0,0,1,0,0,0.799,4.2284,2.7258,2.0438,1.555,1,1,38.44,8450,3.61
grid2:flat,,,PR13_x1.25,holdout,3,1005,headon,vfield,68ab71474d,ok,0,0,0,0,0,0,6.3655,9.3551,2.7258,2.0438,1.555,1,1,,8450,3.6
grid2:flat,,,PR13_x1.25,holdout,3,1007,headon,vfield,68ab71474d,ok,0,0,0,0,0,0,1.8607,3.59,2.7258,2.0438,1.555,1,1,,8450,3.62
grid2:flat,,,PR13_x1.25,holdout,3,1009,headon,vfield,68ab71474d,ok,0,0,0,0,0,0,7.9814,7.813,2.7258,2.0438,1.555,1,1,,8450,3.6
grid2:flat,,,PR13_x1.25,holdout,3,1011,headon,vfield,68ab71474d,ok,0,0,0,0,0,0,4.057,7.8916,2.7258,2.0438,1.555,1,1,,8450,3.62
grid2:flat,,,PR13_x1.25,holdout,3,1013,headon,vfield,68ab71474d,ok,0,0,0,0,0,0,6.2323,7.1188,2.7258,2.0438,1.555,1,1,,8450,3.62
grid2:flat,,,PR13_x1.25,holdout,3,1015,headon,vfield,68ab71474d,ok,0,0,0,0,0,0,3.194,5.0524,2.7258,2.0438,1.555,1,1,,8450,3.6
grid2:flat,,,PR13_x1.25,holdout,3,1017,headon,vfield,68ab71474d,ok,0,0,0,0,0,0,7.4653,9.8087,2.7258,2.0438,1.555,1,1,,8450,3.62
grid2:flat,,,PR13_x1.25,holdout,3,1019,headon,vfield,68ab71474d,ok,0,0,0,0,0,0,2.3285,2.8284,2.7258,2.0438,1.555,1,1,,8450,3.66
grid2:flat,,,PR13_x1.25,holdout,3,1021,headon,vfield,68ab71474d,ok,0,0,0,0,0,0,8.8833,10.2347,2.7258,2.0438,1.555,1,1,,8450,3.64
grid2:flat,,,PR13_x1.25,holdout,3,1023,headon,vfield,68ab71474d,ok,0,0,0,0,0,0,7.711,8.876,2.7258,2.0438,1.555,1,1,,8450,3.61
grid2:flat,,,PR13_x1.25,holdout,3,1025,headon,vfield,68ab71474d,ok,0,0,0,0,0,0,4.4313,4.3037,2.7258,2.0438,1.555,1,1,,8450,3.6
grid2:flat,,,PR13_x1.25,holdout,3,1027,headon,vfield,68ab71474d,ok,0,0,0,0,0,0,8.2463,1.4601,2.7258,2.0438,1.555,1,1,,8450,3.62
grid2:flat,,,PR13_x1.25,holdout,3,1029,headon,vfield,68ab71474d,ok,0,0,0,0,0,0,6.1166,9.8856,2.7258,2.0438,1.555,1,1,,8450,3.61
grid2:flat,,,PR13_x1.25,holdout,3,1031,headon,vfield,68ab71474d,ok,0,0,0,0,0,0,4.6103,1.7335,2.7258,2.0438,1.555,1,1,,8450,3.61
grid2:flat,,,PR13_x1.25,holdout,3,1033,headon,vfield,68ab71474d,ok,1,0,0,1,0,0,0.8463,10.3232,2.7258,2.0438,1.555,1,1,33.1,8450,3.62
grid2:flat,,,PR13_x1.25,holdout,3,1035,headon,vfield,68ab71474d,ok,0,0,0,0,0,0,6.5589,7.7573,2.7258,2.0438,1.555,1,1,,8450,3.61
grid2:flat,,,PR13_x1.25,holdout,3,1037,headon,vfield,68ab71474d,ok,0,0,0,0,0,0,4.0037,5.9323,2.7258,2.0438,1.555,1,1,,8450,3.63
grid2:flat,,,PR13_x1.25,holdout,3,1039,headon,vfield,68ab71474d,ok,0,0,0,0,0,0,1.7021,8.2219,2.7258,2.0438,1.555,1,1,,8450,3.61
grid2:flat,,,PR13_x1.25,holdout,3,1041,headon,vfield,68ab71474d,ok,0,0,0,0,0,0,1.7797,10.1747,2.7258,2.0438,1.555,1,1,,8450,3.61
grid2:flat,,,PR13_x1.25,holdout,3,1043,headon,vfield,68ab71474d,ok,1,0,0,0,1,0,0.3994,5.7396,2.7258,2.0438,1.555,1,1,43.19,8450,3.6
grid2:flat,,,PR13_x1.25,holdout,3,1045,headon,vfield,68ab71474d,ok,0,0,0,0,0,0,9.0219,7.6862,2.7258,2.0438,1.555,1,1,,8450,3.62
grid2:flat,,,PR13_x1.25,holdout,3,1047,headon,vfield,68ab71474d,ok,0,0,0,0,0,0,9.2554,10.1581,2.7258,2.0438,1.555,1,1,,8450,3.61
grid2:flat,,,PR13_x1.25,holdout,3,1049,headon,vfield,68ab71474d,ok,0,0,0,0,0,0,8.6634,1.4633,2.7258,2.0438,1.555,1,1,,8450,3.63
grid2:flat,,,PR13_x1.25,holdout,3,1051,headon,vfield,68ab71474d,ok,1,0,1,0,0,0,4.2549,0.3739,2.7258,2.0438,1.555,1,1,15.19,8450,3.65
grid2:flat,,,PR13_x1.25,holdout,3,1053,headon,vfield,68ab71474d,ok,0,0,0,0,0,0,5.4793,9.8021,2.7258,2.0438,1.555,1,1,,8450,3.64
grid2:flat,,,PR13_x1.25,holdout,3,1055,headon,vfield,68ab71474d,ok,0,0,0,0,0,0,1.8855,6.0943,2.7258,2.0438,1.555,1,1,,8450,3.66
grid2:flat,,,PR13_x1.25,holdout,3,1057,headon,vfield,68ab71474d,ok,0,0,0,0,0,0,3.369,1.8725,2.7258,2.0438,1.555,1,1,,8450,3.59
grid2:flat,,,PR13_x1.25,holdout,3,1059,headon,vfield,68ab71474d,ok,0,0,0,0,0,0,5.3592,1.7078,2.7258,2.0438,1.555,1,1,,8450,3.61
grid2:flat,,,PR13_x1.5,holdout,3,1001,headon,vfield,e2c75ac9b9,ok,0,0,0,0,0,0,2.6905,10.0167,2.7258,2.0438,1.555,1,1,,8450,3.64
grid2:flat,,,PR13_x1.5,holdout,3,1003,headon,vfield,e2c75ac9b9,ok,1,0,0,1,0,0,0.1944,8.8242,2.7258,2.0438,1.555,1,1,41.23,8450,3.63
grid2:flat,,,PR13_x1.5,holdout,3,1005,headon,vfield,e2c75ac9b9,ok,0,0,0,0,0,0,6.6324,9.7444,2.7258,2.0438,1.555,1,1,,8450,3.64
grid2:flat,,,PR13_x1.5,holdout,3,1007,headon,vfield,e2c75ac9b9,ok,1,0,0,0,1,0,0.6956,5.8976,2.7258,2.0438,1.555,1,1,33.08,8450,3.65
grid2:flat,,,PR13_x1.5,holdout,3,1009,headon,vfield,e2c75ac9b9,ok,0,0,0,0,0,0,2.1678,6.7315,2.7258,2.0438,1.555,1,1,,8450,3.62
grid2:flat,,,PR13_x1.5,holdout,3,1011,headon,vfield,e2c75ac9b9,ok,0,0,0,0,0,0,6.9866,1.8442,2.7258,2.0438,1.555,1,1,,8450,3.62
grid2:flat,,,PR13_x1.5,holdout,3,1013,headon,vfield,e2c75ac9b9,ok,0,0,0,0,0,0,7.4229,4.4178,2.7258,2.0438,1.555,1,1,,8450,3.64
grid2:flat,,,PR13_x1.5,holdout,3,1015,headon,vfield,e2c75ac9b9,ok,0,0,0,0,0,0,3.9626,1.1599,2.7258,2.0438,1.555,1,1,,8450,3.61
grid2:flat,,,PR13_x1.5,holdout,3,1017,headon,vfield,e2c75ac9b9,ok,0,0,0,0,0,0,7.7375,1.0959,2.7258,2.0438,1.555,1,1,,8450,3.58
grid2:flat,,,PR13_x1.5,holdout,3,1019,headon,vfield,e2c75ac9b9,ok,0,0,0,0,0,0,4.795,2.6958,2.7258,2.0438,1.555,1,1,,8450,3.66
grid2:flat,,,PR13_x1.5,holdout,3,1021,headon,vfield,e2c75ac9b9,ok,0,0,0,0,0,0,7.1033,1.8767,2.7258,2.0438,1.555,1,1,,8450,3.63
grid2:flat,,,PR13_x1.5,holdout,3,1023,headon,vfield,e2c75ac9b9,ok,0,0,0,0,0,0,5.1275,2.2058,2.7258,2.0438,1.555,1,1,,8450,3.61
grid2:flat,,,PR13_x1.5,holdout,3,1025,headon,vfield,e2c75ac9b9,ok,0,0,0,0,0,0,1.1377,4.563,2.7258,2.0438,1.555,1,1,,8450,3.63
grid2:flat,,,PR13_x1.5,holdout,3,1027,headon,vfield,e2c75ac9b9,ok,1,0,1,0,0,0,3.3331,0.0161,2.7258,2.0438,1.555,1,1,10.02,8450,3.61
grid2:flat,,,PR13_x1.5,holdout,3,1029,headon,vfield,e2c75ac9b9,ok,0,0,0,0,0,0,3.4605,5.4009,2.7258,2.0438,1.555,1,1,,8450,3.58
grid2:flat,,,PR13_x1.5,holdout,3,1031,headon,vfield,e2c75ac9b9,ok,0,0,0,0,0,0,3.4238,2.4024,2.7258,2.0438,1.555,1,1,,8450,3.68
grid2:flat,,,PR13_x1.5,holdout,3,1033,headon,vfield,e2c75ac9b9,ok,1,0,0,0,1,0,0.6053,9.7987,2.7258,2.0438,1.555,1,1,39.64,8450,3.65
grid2:flat,,,PR13_x1.5,holdout,3,1035,headon,vfield,e2c75ac9b9,ok,0,0,0,0,0,0,7.0299,8.1776,2.7258,2.0438,1.555,1,1,,8450,3.6
grid2:flat,,,PR13_x1.5,holdout,3,1037,headon,vfield,e2c75ac9b9,ok,1,0,0,0,1,0,0.2031,10.3736,2.7258,2.0438,1.555,1,1,21.48,8450,3.62
grid2:flat,,,PR13_x1.5,holdout,3,1039,headon,vfield,e2c75ac9b9,ok,0,0,0,0,0,0,1.4793,8.6101,2.7258,2.0438,1.555,1,1,,8450,3.62
grid2:flat,,,PR13_x1.5,holdout,3,1041,headon,vfield,e2c75ac9b9,ok,0,0,0,0,0,0,7.0302,7.0917,2.7258,2.0438,1.555,1,1,,8450,3.64
grid2:flat,,,PR13_x1.5,holdout,3,1043,headon,vfield,e2c75ac9b9,ok,0,0,0,0,0,0,7.2624,9.0815,2.7258,2.0438,1.555,1,1,,8450,3.64
grid2:flat,,,PR13_x1.5,holdout,3,1045,headon,vfield,e2c75ac9b9,ok,0,0,0,0,0,0,9.2901,2.9865,2.7258,2.0438,1.555,1,1,,8450,3.64
grid2:flat,,,PR13_x1.5,holdout,3,1047,headon,vfield,e2c75ac9b9,ok,0,0,0,0,0,0,7.1704,7.8944,2.7258,2.0438,1.555,1,1,,8450,3.64
grid2:flat,,,PR13_x1.5,holdout,3,1049,headon,vfield,e2c75ac9b9,ok,0,0,0,0,0,0,8.6666,8.0631,2.7258,2.0438,1.555,1,1,,8450,3.63
grid2:flat,,,PR13_x1.5,holdout,3,1051,headon,vfield,e2c75ac9b9,ok,0,0,0,0,0,0,6.1653,9.2462,2.7258,2.0438,1.555,1,1,,8450,3.61
grid2:flat,,,PR13_x1.5,holdout,3,1053,headon,vfield,e2c75ac9b9,ok,1,0,1,0,0,0,6.1245,0.6362,2.7258,2.0438,1.555,1,1,8.66,8450,3.61
grid2:flat,,,PR13_x1.5,holdout,3,1055,headon,vfield,e2c75ac9b9,ok,0,0,0,0,0,0,6.5569,10.2546,2.7258,2.0438,1.555,1,1,,8450,3.6
grid2:flat,,,PR13_x1.5,holdout,3,1057,headon,vfield,e2c75ac9b9,ok,1,0,1,0,0,0,6.3172,0.1138,2.7258,2.0438,1.555,1,1,12.72,8450,3.61
grid2:flat,,,PR13_x1.5,holdout,3,1059,headon,vfield,e2c75ac9b9,ok,0,0,0,0,0,0,6.3473,10.3179,2.7258,2.0438,1.555,1,1,,8450,3.64
grid2:flat,,,PR13_x2,holdout,3,1001,headon,vfield,46103c1a0e,ok,0,0,0,0,0,0,4.3416,5.9003,2.7258,2.0438,1.555,1,1,,8450,3.61
grid2:flat,,,PR13_x2,holdout,3,1003,headon,vfield,46103c1a0e,ok,0,0,0,0,0,0,8.5578,1.744,2.7258,2.0438,1.555,1,1,,8450,3.66
grid2:flat,,,PR13_x2,holdout,3,1005,headon,vfield,46103c1a0e,ok,0,0,0,0,0,0,6.3453,3.3326,2.7258,2.0438,1.555,1,1,,8450,3.61
grid2:flat,,,PR13_x2,holdout,3,1007,headon,vfield,46103c1a0e,ok,0,0,0,0,0,0,6.9997,9.2464,2.7258,2.0438,1.555,1,1,,8450,3.64
grid2:flat,,,PR13_x2,holdout,3,1009,headon,vfield,46103c1a0e,ok,1,0,1,0,0,0,6.8899,0.1048,2.7258,2.0438,1.555,1,1,9.86,8450,3.63
grid2:flat,,,PR13_x2,holdout,3,1011,headon,vfield,46103c1a0e,ok,1,0,0,0,1,0,0.7529,1.3583,2.7258,2.0438,1.555,1,1,44.74,8450,3.6
grid2:flat,,,PR13_x2,holdout,3,1013,headon,vfield,46103c1a0e,ok,2,0,1,0,1,0,0.3678,0.5173,2.7258,2.0438,1.555,1,1,8.83,8450,3.64
grid2:flat,,,PR13_x2,holdout,3,1015,headon,vfield,46103c1a0e,ok,0,0,0,0,0,0,11.715,5.6425,2.7258,2.0438,1.555,1,1,,8450,3.62
grid2:flat,,,PR13_x2,holdout,3,1017,headon,vfield,46103c1a0e,ok,1,0,1,0,0,0,6.6708,0.4272,2.7258,2.0438,1.555,1,1,11.21,8450,3.61
grid2:flat,,,PR13_x2,holdout,3,1019,headon,vfield,46103c1a0e,ok,1,0,1,0,0,0,1.9575,0.2021,2.7258,2.0438,1.555,1,1,5.92,8450,3.64
grid2:flat,,,PR13_x2,holdout,3,1021,headon,vfield,46103c1a0e,ok,0,0,0,0,0,0,3.4156,5.7032,2.7258,2.0438,1.555,1,1,,8450,3.63
grid2:flat,,,PR13_x2,holdout,3,1023,headon,vfield,46103c1a0e,ok,0,0,0,0,0,0,10.5753,1.7084,2.7258,2.0438,1.555,1,1,,8450,3.65
grid2:flat,,,PR13_x2,holdout,3,1025,headon,vfield,46103c1a0e,ok,0,0,0,0,0,0,6.3022,2.2682,2.7258,2.0438,1.555,1,1,,8450,3.58
grid2:flat,,,PR13_x2,holdout,3,1027,headon,vfield,46103c1a0e,ok,0,0,0,0,0,0,12.0372,6.5775,2.7258,2.0438,1.555,1,1,,8450,3.63
grid2:flat,,,PR13_x2,holdout,3,1029,headon,vfield,46103c1a0e,ok,0,0,0,0,0,0,5.6389,1.0207,2.7258,2.0438,1.555,1,1,,8450,3.62
grid2:flat,,,PR13_x2,holdout,3,1031,headon,vfield,46103c1a0e,ok,0,0,0,0,0,0,2.8864,2.0019,2.7258,2.0438,1.555,1,1,,8450,3.63
grid2:flat,,,PR13_x2,holdout,3,1033,headon,vfield,46103c1a0e,ok,1,0,1,0,0,0,2.5614,0.7057,2.7258,2.0438,1.555,1,1,29.9,8450,3.66
grid2:flat,,,PR13_x2,holdout,3,1035,headon,vfield,46103c1a0e,ok,0,0,0,0,0,0,9.5116,3.0823,2.7258,2.0438,1.555,1,1,,8450,3.59
grid2:flat,,,PR13_x2,holdout,3,1037,headon,vfield,46103c1a0e,ok,1,0,1,0,0,0,5.1324,0.2942,2.7258,2.0438,1.555,1,1,9.27,8450,3.59
grid2:flat,,,PR13_x2,holdout,3,1039,headon,vfield,46103c1a0e,ok,0,0,0,0,0,0,8.7211,1.8746,2.7258,2.0438,1.555,1,1,,8450,3.65
grid2:flat,,,PR13_x2,holdout,3,1041,headon,vfield,46103c1a0e,ok,0,0,0,0,0,0,2.3411,2.0826,2.7258,2.0438,1.555,1,1,,8450,3.65
grid2:flat,,,PR13_x2,holdout,3,1043,headon,vfield,46103c1a0e,ok,0,0,0,0,0,0,1.3625,9.3684,2.7258,2.0438,1.555,1,1,,8450,3.6
grid2:flat,,,PR13_x2,holdout,3,1045,headon,vfield,46103c1a0e,ok,0,0,0,0,0,0,2.4597,5.3729,2.7258,2.0438,1.555,1,1,,8450,3.61
grid2:flat,,,PR13_x2,holdout,3,1047,headon,vfield,46103c1a0e,ok,0,0,0,0,0,0,11.1769,2.8461,2.7258,2.0438,1.555,1,1,,8450,3.62
grid2:flat,,,PR13_x2,holdout,3,1049,headon,vfield,46103c1a0e,ok,0,0,0,0,0,0,8.4668,2.6767,2.7258,2.0438,1.555,1,1,,8450,3.74
grid2:flat,,,PR13_x2,holdout,3,1051,headon,vfield,46103c1a0e,ok,0,0,0,0,0,0,9.7947,1.5914,2.7258,2.0438,1.555,1,1,,8450,3.65
grid2:flat,,,PR13_x2,holdout,3,1053,headon,vfield,46103c1a0e,ok,0,0,0,0,0,0,11.8458,5.8834,2.7258,2.0438,1.555,1,1,,8450,3.64
grid2:flat,,,PR13_x2,holdout,3,1055,headon,vfield,46103c1a0e,ok,1,0,1,0,0,0,8.1844,0.4913,2.7258,2.0438,1.555,1,1,8.53,8450,3.59
grid2:flat,,,PR13_x2,holdout,3,1057,headon,vfield,46103c1a0e,ok,0,0,0,0,0,0,9.4952,4.536,2.7258,2.0438,1.555,1,1,,8450,3.64
grid2:flat,,,PR13_x2,holdout,3,1059,headon,vfield,46103c1a0e,ok,0,0,0,0,0,0,5.9429,1.1695,2.7258,2.0438,1.555,1,1,,8450,3.6
grid2:flat,,,PR16_x0.5,holdout,3,1001,headon,vfield,c1132fb250,ok,0,0,0,0,0,0,9.9869,3.3046,2.7258,2.0438,1.555,1,1,,8450,3.6
grid2:flat,,,PR16_x0.5,holdout,3,1003,headon,vfield,c1132fb250,ok,1,0,0,1,0,0,0.9208,2.2404,2.7258,2.0438,1.555,1,1,27.27,8450,3.6
grid2:flat,,,PR16_x0.5,holdout,3,1005,headon,vfield,c1132fb250,ok,0,0,0,0,0,0,5.168,2.7721,2.7258,2.0438,1.555,1,1,,8450,3.6
grid2:flat,,,PR16_x0.5,holdout,3,1007,headon,vfield,c1132fb250,ok,0,0,0,0,0,0,3.4795,3.1705,2.7258,2.0438,1.555,1,1,,8450,3.63
grid2:flat,,,PR16_x0.5,holdout,3,1009,headon,vfield,c1132fb250,ok,0,0,0,0,0,0,5.1888,7.3366,2.7258,2.0438,1.555,1,1,,8450,3.58
grid2:flat,,,PR16_x0.5,holdout,3,1011,headon,vfield,c1132fb250,ok,0,0,0,0,0,0,9.5979,2.5205,2.7258,2.0438,1.555,1,1,,8450,3.61
grid2:flat,,,PR16_x0.5,holdout,3,1013,headon,vfield,c1132fb250,ok,0,0,0,0,0,0,5.4237,5.3499,2.7258,2.0438,1.555,1,1,,8450,3.62
grid2:flat,,,PR16_x0.5,holdout,3,1015,headon,vfield,c1132fb250,ok,0,0,0,0,0,0,4.6009,1.9364,2.7258,2.0438,1.555,1,1,,8450,3.63
grid2:flat,,,PR16_x0.5,holdout,3,1017,headon,vfield,c1132fb250,ok,1,0,0,0,1,0,0.6149,7.0413,2.7258,2.0438,1.555,1,1,41.26,8450,3.61
grid2:flat,,,PR16_x0.5,holdout,3,1019,headon,vfield,c1132fb250,ok,0,0,0,0,0,0,2.1866,5.6205,2.7258,2.0438,1.555,1,1,,8450,3.58
grid2:flat,,,PR16_x0.5,holdout,3,1021,headon,vfield,c1132fb250,ok,0,0,0,0,0,0,8.689,9.8038,2.7258,2.0438,1.555,1,1,,8450,3.58
grid2:flat,,,PR16_x0.5,holdout,3,1023,headon,vfield,c1132fb250,ok,0,0,0,0,0,0,9.296,8.461,2.7258,2.0438,1.555,1,1,,8450,3.6
grid2:flat,,,PR16_x0.5,holdout,3,1025,headon,vfield,c1132fb250,ok,0,0,0,0,0,0,3.8737,7.007,2.7258,2.0438,1.555,1,1,,8450,3.63
grid2:flat,,,PR16_x0.5,holdout,3,1027,headon,vfield,c1132fb250,ok,0,0,0,0,0,0,7.7657,4.1018,2.7258,2.0438,1.555,1,1,,8450,3.59
grid2:flat,,,PR16_x0.5,holdout,3,1029,headon,vfield,c1132fb250,ok,0,0,0,0,0,0,3.1241,3.5186,2.7258,2.0438,1.555,1,1,,8450,3.59
grid2:flat,,,PR16_x0.5,holdout,3,1031,headon,vfield,c1132fb250,ok,0,0,0,0,0,0,8.0814,3.5785,2.7258,2.0438,1.555,1,1,,8450,3.62
grid2:flat,,,PR16_x0.5,holdout,3,1033,headon,vfield,c1132fb250,ok,0,0,0,0,0,0,7.4661,8.2547,2.7258,2.0438,1.555,1,1,,8450,3.58
grid2:flat,,,PR16_x0.5,holdout,3,1035,headon,vfield,c1132fb250,ok,0,0,0,0,0,0,9.5894,1.5429,2.7258,2.0438,1.555,1,1,,8450,3.61
grid2:flat,,,PR16_x0.5,holdout,3,1037,headon,vfield,c1132fb250,ok,0,0,0,0,0,0,9.1748,2.3233,2.7258,2.0438,1.555,1,1,,8450,3.6
grid2:flat,,,PR16_x0.5,holdout,3,1039,headon,vfield,c1132fb250,ok,0,0,0,0,0,0,3.7099,8.1068,2.7258,2.0438,1.555,1,1,,8450,3.59
grid2:flat,,,PR16_x0.5,holdout,3,1041,headon,vfield,c1132fb250,ok,0,0,0,0,0,0,3.4044,5.6316,2.7258,2.0438,1.555,1,1,,8450,3.61
grid2:flat,,,PR16_x0.5,holdout,3,1043,headon,vfield,c1132fb250,ok,1,0,1,0,0,0,4.13,0.0038,2.7258,2.0438,1.555,1,1,14.34,8450,3.6
grid2:flat,,,PR16_x0.5,holdout,3,1045,headon,vfield,c1132fb250,ok,0,0,0,0,0,0,6.9116,6.7977,2.7258,2.0438,1.555,1,1,,8450,3.61
grid2:flat,,,PR16_x0.5,holdout,3,1047,headon,vfield,c1132fb250,ok,0,0,0,0,0,0,8.8083,6.5158,2.7258,2.0438,1.555,1,1,,8450,3.6
grid2:flat,,,PR16_x0.5,holdout,3,1049,headon,vfield,c1132fb250,ok,0,0,0,0,0,0,7.6902,1.8715,2.7258,2.0438,1.555,1,1,,8450,3.6
grid2:flat,,,PR16_x0.5,holdout,3,1051,headon,vfield,c1132fb250,ok,0,0,0,0,0,0,6.0344,7.2017,2.7258,2.0438,1.555,1,1,,8450,3.59
grid2:flat,,,PR16_x0.5,holdout,3,1053,headon,vfield,c1132fb250,ok,0,0,0,0,0,0,5.6325,9.3444,2.7258,2.0438,1.555,1,1,,8450,3.61
grid2:flat,,,PR16_x0.5,holdout,3,1055,headon,vfield,c1132fb250,ok,0,0,0,0,0,0,1.6593,7.2906,2.7258,2.0438,1.555,1,1,,8450,3.59
grid2:flat,,,PR16_x0.5,holdout,3,1057,headon,vfield,c1132fb250,ok,0,0,0,0,0,0,5.2646,3.4024,2.7258,2.0438,1.555,1,1,,8450,3.64
grid2:flat,,,PR16_x0.5,holdout,3,1059,headon,vfield,c1132fb250,ok,0,0,0,0,0,0,8.376,1.8493,2.7258,2.0438,1.555,1,1,,8450,3.64
grid2:flat,,,PR16_x0.75,holdout,3,1001,headon,vfield,9d22658d2d,ok,0,0,0,0,0,0,5.6484,5.3396,2.7258,2.0438,1.555,1,1,,8450,3.61
grid2:flat,,,PR16_x0.75,holdout,3,1003,headon,vfield,9d22658d2d,ok,1,0,1,0,0,0,4.2121,0.7165,2.7258,2.0438,1.555,1,1,13.67,8450,3.61
grid2:flat,,,PR16_x0.75,holdout,3,1005,headon,vfield,9d22658d2d,ok,0,0,0,0,0,0,4.97,8.2572,2.7258,2.0438,1.555,1,1,,8450,3.59
grid2:flat,,,PR16_x0.75,holdout,3,1007,headon,vfield,9d22658d2d,ok,1,0,1,0,0,0,2.9236,0.343,2.7258,2.0438,1.555,1,1,8.97,8450,3.64
grid2:flat,,,PR16_x0.75,holdout,3,1009,headon,vfield,9d22658d2d,ok,0,0,0,0,0,0,2.1641,2.5886,2.7258,2.0438,1.555,1,1,,8450,3.59
grid2:flat,,,PR16_x0.75,holdout,3,1011,headon,vfield,9d22658d2d,ok,0,0,0,0,0,0,12.0352,10.9582,2.7258,2.0438,1.555,1,1,,8450,3.67
grid2:flat,,,PR16_x0.75,holdout,3,1013,headon,vfield,9d22658d2d,ok,0,0,0,0,0,0,5.0116,2.372,2.7258,2.0438,1.555,1,1,,8450,3.56
grid2:flat,,,PR16_x0.75,holdout,3,1015,headon,vfield,9d22658d2d,ok,0,0,0,0,0,0,4.991,2.8155,2.7258,2.0438,1.555,1,1,,8450,3.66
grid2:flat,,,PR16_x0.75,holdout,3,1017,headon,vfield,9d22658d2d,ok,1,0,1,0,0,0,10.4503,0.5349,2.7258,2.0438,1.555,1,1,17.54,8450,3.61
grid2:flat,,,PR16_x0.75,holdout,3,1019,headon,vfield,9d22658d2d,ok,0,0,0,0,0,0,14.2523,4.2925,2.7258,2.0438,1.555,1,1,,8450,3.58
grid2:flat,,,PR16_x0.75,holdout,3,1021,headon,vfield,9d22658d2d,ok,0,0,0,0,0,0,6.9026,9.0144,2.7258,2.0438,1.555,1,1,,8450,3.6
grid2:flat,,,PR16_x0.75,holdout,3,1023,headon,vfield,9d22658d2d,ok,0,0,0,0,0,0,6.8113,10.339,2.7258,2.0438,1.555,1,1,,8450,3.58
grid2:flat,,,PR16_x0.75,holdout,3,1025,headon,vfield,9d22658d2d,ok,0,0,0,0,0,0,5.9529,3.0916,2.7258,2.0438,1.555,1,1,,8450,3.6
grid2:flat,,,PR16_x0.75,holdout,3,1027,headon,vfield,9d22658d2d,ok,0,0,0,0,0,0,1.7035,1.6311,2.7258,2.0438,1.555,1,1,,8450,3.6
grid2:flat,,,PR16_x0.75,holdout,3,1029,headon,vfield,9d22658d2d,ok,0,0,0,0,0,0,7.7566,1.3358,2.7258,2.0438,1.555,1,1,,8450,3.63
grid2:flat,,,PR16_x0.75,holdout,3,1031,headon,vfield,9d22658d2d,ok,0,0,0,0,0,0,9.253,7.0603,2.7258,2.0438,1.555,1,1,,8450,3.62
grid2:flat,,,PR16_x0.75,holdout,3,1033,headon,vfield,9d22658d2d,ok,0,0,0,0,0,0,2.8976,7.9905,2.7258,2.0438,1.555,1,1,,8450,3.58
grid2:flat,,,PR16_x0.75,holdout,3,1035,headon,vfield,9d22658d2d,ok,0,0,0,0,0,0,5.2594,6.6425,2.7258,2.0438,1.555,1,1,,8450,3.63
grid2:flat,,,PR16_x0.75,holdout,3,1037,headon,vfield,9d22658d2d,ok,0,0,0,0,0,0,4.019,4.5225,2.7258,2.0438,1.555,1,1,,8450,3.6
grid2:flat,,,PR16_x0.75,holdout,3,1039,headon,vfield,9d22658d2d,ok,0,0,0,0,0,0,8.8282,8.237,2.7258,2.0438,1.555,1,1,,8450,3.61
grid2:flat,,,PR16_x0.75,holdout,3,1041,headon,vfield,9d22658d2d,ok,0,0,0,0,0,0,6.5123,6.6482,2.7258,2.0438,1.555,1,1,,8450,3.63
grid2:flat,,,PR16_x0.75,holdout,3,1043,headon,vfield,9d22658d2d,ok,0,0,0,0,0,0,5.5776,5.4678,2.7258,2.0438,1.555,1,1,,8450,3.56
grid2:flat,,,PR16_x0.75,holdout,3,1045,headon,vfield,9d22658d2d,ok,1,0,0,0,1,0,0.7339,7.1514,2.7258,2.0438,1.555,1,1,3.03,8450,3.59
grid2:flat,,,PR16_x0.75,holdout,3,1047,headon,vfield,9d22658d2d,ok,0,0,0,0,0,0,1.4757,7.2864,2.7258,2.0438,1.555,1,1,,8450,3.6
grid2:flat,,,PR16_x0.75,holdout,3,1049,headon,vfield,9d22658d2d,ok,0,0,0,0,0,0,5.9927,6.0414,2.7258,2.0438,1.555,1,1,,8450,3.59
grid2:flat,,,PR16_x0.75,holdout,3,1051,headon,vfield,9d22658d2d,ok,0,0,0,0,0,0,6.7741,4.5023,2.7258,2.0438,1.555,1,1,,8450,3.6
grid2:flat,,,PR16_x0.75,holdout,3,1053,headon,vfield,9d22658d2d,ok,0,0,0,0,0,0,11.3486,4.2321,2.7258,2.0438,1.555,1,1,,8450,3.64
grid2:flat,,,PR16_x0.75,holdout,3,1055,headon,vfield,9d22658d2d,ok,0,0,0,0,0,0,3.9986,6.3302,2.7258,2.0438,1.555,1,1,,8450,3.61
grid2:flat,,,PR16_x0.75,holdout,3,1057,headon,vfield,9d22658d2d,ok,0,0,0,0,0,0,3.9863,5.2098,2.7258,2.0438,1.555,1,1,,8450,3.6
grid2:flat,,,PR16_x0.75,holdout,3,1059,headon,vfield,9d22658d2d,ok,0,0,0,0,0,0,7.152,7.3151,2.7258,2.0438,1.555,1,1,,8450,3.6
grid2:flat,,,PR16_x1,holdout,3,1001,headon,vfield,ed2147c553,ok,0,0,0,0,0,0,11.5151,10.7708,2.7258,2.0438,1.555,1,1,,8450,3.59
grid2:flat,,,PR16_x1,holdout,3,1003,headon,vfield,ed2147c553,ok,0,0,0,0,0,0,8.251,7.3303,2.7258,2.0438,1.555,1,1,,8450,3.61
grid2:flat,,,PR16_x1,holdout,3,1005,headon,vfield,ed2147c553,ok,0,0,0,0,0,0,8.7374,9.2029,2.7258,2.0438,1.555,1,1,,8450,3.61
grid2:flat,,,PR16_x1,holdout,3,1007,headon,vfield,ed2147c553,ok,1,0,1,0,0,0,7.978,0.1492,2.7258,2.0438,1.555,1,1,9.39,8450,3.61
grid2:flat,,,PR16_x1,holdout,3,1009,headon,vfield,ed2147c553,ok,0,0,0,0,0,0,7.4573,8.4779,2.7258,2.0438,1.555,1,1,,8450,3.57
grid2:flat,,,PR16_x1,holdout,3,1011,headon,vfield,ed2147c553,ok,0,0,0,0,0,0,13.0917,5.0377,2.7258,2.0438,1.555,1,1,,8450,3.58
grid2:flat,,,PR16_x1,holdout,3,1013,headon,vfield,ed2147c553,ok,0,0,0,0,0,0,3.2659,9.0883,2.7258,2.0438,1.555,1,1,,8450,3.64
grid2:flat,,,PR16_x1,holdout,3,1015,headon,vfield,ed2147c553,ok,0,0,0,0,0,0,13.1364,3.1937,2.7258,2.0438,1.555,1,1,,8450,3.6
grid2:flat,,,PR16_x1,holdout,3,1017,headon,vfield,ed2147c553,ok,0,0,0,0,0,0,4.5433,10.1086,2.7258,2.0438,1.555,1,1,,8450,3.61
grid2:flat,,,PR16_x1,holdout,3,1019,headon,vfield,ed2147c553,ok,0,0,0,0,0,0,6.0683,5.5916,2.7258,2.0438,1.555,1,1,,8450,3.58
grid2:flat,,,PR16_x1,holdout,3,1021,headon,vfield,ed2147c553,ok,0,0,0,0,0,0,6.192,7.0308,2.7258,2.0438,1.555,1,1,,8450,3.61
grid2:flat,,,PR16_x1,holdout,3,1023,headon,vfield,ed2147c553,ok,0,0,0,0,0,0,9.7855,2.1095,2.7258,2.0438,1.555,1,1,,8450,3.59
grid2:flat,,,PR16_x1,holdout,3,1025,headon,vfield,ed2147c553,ok,1,0,1,0,0,0,3.2803,0.0782,2.7258,2.0438,1.555,1,1,10.28,8450,3.61
grid2:flat,,,PR16_x1,holdout,3,1027,headon,vfield,ed2147c553,ok,0,0,0,0,0,0,3.7705,3.7154,2.7258,2.0438,1.555,1,1,,8450,3.62
grid2:flat,,,PR16_x1,holdout,3,1029,headon,vfield,ed2147c553,ok,1,0,1,0,0,0,6.7986,0.9893,2.7258,2.0438,1.555,1,1,6.56,8450,3.58
grid2:flat,,,PR16_x1,holdout,3,1031,headon,vfield,ed2147c553,ok,0,0,0,0,0,0,5.2393,2.7489,2.7258,2.0438,1.555,1,1,,8450,3.63
grid2:flat,,,PR16_x1,holdout,3,1033,headon,vfield,ed2147c553,ok,0,0,0,0,0,0,3.9801,12.689,2.7258,2.0438,1.555,1,1,,8450,3.62
grid2:flat,,,PR16_x1,holdout,3,1035,headon,vfield,ed2147c553,ok,0,0,0,0,0,0,4.548,9.3891,2.7258,2.0438,1.555,1,1,,8450,3.63
grid2:flat,,,PR16_x1,holdout,3,1037,headon,vfield,ed2147c553,ok,0,0,0,0,0,0,10.4318,1.4871,2.7258,2.0438,1.555,1,1,,8450,3.58
grid2:flat,,,PR16_x1,holdout,3,1039,headon,vfield,ed2147c553,ok,0,0,0,0,0,0,3.755,7.7328,2.7258,2.0438,1.555,1,1,,8450,3.6
grid2:flat,,,PR16_x1,holdout,3,1041,headon,vfield,ed2147c553,ok,1,0,1,0,0,0,3.6334,0.265,2.7258,2.0438,1.555,1,1,13.17,8450,3.61
grid2:flat,,,PR16_x1,holdout,3,1043,headon,vfield,ed2147c553,ok,0,0,0,0,0,0,3.7757,1.57,2.7258,2.0438,1.555,1,1,,8450,3.64
grid2:flat,,,PR16_x1,holdout,3,1045,headon,vfield,ed2147c553,ok,0,0,0,0,0,0,8.1293,8.4996,2.7258,2.0438,1.555,1,1,,8450,3.63
grid2:flat,,,PR16_x1,holdout,3,1047,headon,vfield,ed2147c553,ok,0,0,0,0,0,0,7.6027,1.4884,2.7258,2.0438,1.555,1,1,,8450,3.6
grid2:flat,,,PR16_x1,holdout,3,1049,headon,vfield,ed2147c553,ok,0,0,0,0,0,0,4.3955,4.2408,2.7258,2.0438,1.555,1,1,,8450,3.63
grid2:flat,,,PR16_x1,holdout,3,1051,headon,vfield,ed2147c553,ok,0,0,0,0,0,0,8.7642,8.3443,2.7258,2.0438,1.555,1,1,,8450,3.58
grid2:flat,,,PR16_x1,holdout,3,1053,headon,vfield,ed2147c553,ok,1,0,1,0,0,0,2.0855,0.4728,2.7258,2.0438,1.555,1,1,6.43,8450,3.6
grid2:flat,,,PR16_x1,holdout,3,1055,headon,vfield,ed2147c553,ok,0,0,0,0,0,0,6.8018,1.5963,2.7258,2.0438,1.555,1,1,,8450,3.61
grid2:flat,,,PR16_x1,holdout,3,1057,headon,vfield,ed2147c553,ok,0,0,0,0,0,0,7.8095,6.374,2.7258,2.0438,1.555,1,1,,8450,3.61
grid2:flat,,,PR16_x1,holdout,3,1059,headon,vfield,ed2147c553,ok,0,0,0,0,0,0,10.7115,2.1485,2.7258,2.0438,1.555,1,1,,8450,3.71
grid2:flat,,,PR16_x1.25,holdout,3,1001,headon,vfield,bd8efed9c0,ok,0,0,0,0,0,0,4.9418,12.138,2.7258,2.0438,1.555,1,1,,8450,3.72
grid2:flat,,,PR16_x1.25,holdout,3,1003,headon,vfield,bd8efed9c0,ok,0,0,0,0,0,0,5.8757,2.3185,2.7258,2.0438,1.555,1,1,,8450,3.7
grid2:flat,,,PR16_x1.25,holdout,3,1005,headon,vfield,bd8efed9c0,ok,0,0,0,0,0,0,8.5506,9.2515,2.7258,2.0438,1.555,1,1,,8450,3.62
grid2:flat,,,PR16_x1.25,holdout,3,1007,headon,vfield,bd8efed9c0,ok,0,0,0,0,0,0,5.6443,5.0964,2.7258,2.0438,1.555,1,1,,8450,3.63
grid2:flat,,,PR16_x1.25,holdout,3,1009,headon,vfield,bd8efed9c0,ok,0,0,0,0,0,0,7.9059,8.7344,2.7258,2.0438,1.555,1,1,,8450,3.6
grid2:flat,,,PR16_x1.25,holdout,3,1011,headon,vfield,bd8efed9c0,ok,1,0,1,0,0,0,8.6023,0.0551,2.7258,2.0438,1.555,1,1,10.17,8450,3.57
grid2:flat,,,PR16_x1.25,holdout,3,1013,headon,vfield,bd8efed9c0,ok,0,0,0,0,0,0,1.8836,12.03,2.7258,2.0438,1.555,1,1,,8450,3.59
grid2:flat,,,PR16_x1.25,holdout,3,1015,headon,vfield,bd8efed9c0,ok,1,0,1,0,0,0,11.726,0.1372,2.7258,2.0438,1.555,1,1,9.68,8450,3.63
grid2:flat,,,PR16_x1.25,holdout,3,1017,headon,vfield,bd8efed9c0,ok,0,0,0,0,0,0,10.4175,12.0841,2.7258,2.0438,1.555,1,1,,8450,3.63
grid2:flat,,,PR16_x1.25,holdout,3,1019,headon,vfield,bd8efed9c0,ok,1,0,1,0,0,0,7.4039,0.6305,2.7258,2.0438,1.555,1,1,11.6,8450,3.64
grid2:flat,,,PR16_x1.25,holdout,3,1021,headon,vfield,bd8efed9c0,ok,0,0,0,0,0,0,4.5106,3.5716,2.7258,2.0438,1.555,1,1,,8450,3.65
grid2:flat,,,PR16_x1.25,holdout,3,1023,headon,vfield,bd8efed9c0,ok,1,0,1,0,0,0,10.0829,0.6958,2.7258,2.0438,1.555,1,1,9.07,8450,3.59
grid2:flat,,,PR16_x1.25,holdout,3,1025,headon,vfield,bd8efed9c0,ok,0,0,0,0,0,0,9.4765,6.3184,2.7258,2.0438,1.555,1,1,,8450,3.61
grid2:flat,,,PR16_x1.25,holdout,3,1027,headon,vfield,bd8efed9c0,ok,0,0,0,0,0,0,10.059,3.0018,2.7258,2.0438,1.555,1,1,,8450,3.64
grid2:flat,,,PR16_x1.25,holdout,3,1029,headon,vfield,bd8efed9c0,ok,0,0,0,0,0,0,8.1101,1.0464,2.7258,2.0438,1.555,1,1,,8450,3.64
grid2:flat,,,PR16_x1.25,holdout,3,1031,headon,vfield,bd8efed9c0,ok,0,0,0,0,0,0,4.8654,7.8872,2.7258,2.0438,1.555,1,1,,8450,3.62
grid2:flat,,,PR16_x1.25,holdout,3,1033,headon,vfield,bd8efed9c0,ok,0,0,0,0,0,0,1.8607,12.1217,2.7258,2.0438,1.555,1,1,,8450,3.62
grid2:flat,,,PR16_x1.25,holdout,3,1035,headon,vfield,bd8efed9c0,ok,0,0,0,0,0,0,8.7859,9.7647,2.7258,2.0438,1.555,1,1,,8450,3.63
grid2:flat,,,PR16_x1.25,holdout,3,1037,headon,vfield,bd8efed9c0,ok,0,0,0,0,0,0,8.2905,2.7868,2.7258,2.0438,1.555,1,1,,8450,3.63
grid2:flat,,,PR16_x1.25,holdout,3,1039,headon,vfield,bd8efed9c0,ok,0,0,0,0,0,0,6.6133,8.6406,2.7258,2.0438,1.555,1,1,,8450,3.71
grid2:flat,,,PR16_x1.25,holdout,3,1041,headon,vfield,bd8efed9c0,ok,0,0,0,0,0,0,6.5425,3.2301,2.7258,2.0438,1.555,1,1,,8450,3.63
grid2:flat,,,PR16_x1.25,holdout,3,1043,headon,vfield,bd8efed9c0,ok,0,0,0,0,0,0,5.5741,5.148,2.7258,2.0438,1.555,1,1,,8450,3.63
grid2:flat,,,PR16_x1.25,holdout,3,1045,headon,vfield,bd8efed9c0,ok,0,0,0,0,0,0,4.4686,4.1653,2.7258,2.0438,1.555,1,1,,8450,3.62
grid2:flat,,,PR16_x1.25,holdout,3,1047,headon,vfield,bd8efed9c0,ok,0,0,0,0,0,0,9.4204,9.4326,2.7258,2.0438,1.555,1,1,,8450,3.61
grid2:flat,,,PR16_x1.25,holdout,3,1049,headon,vfield,bd8efed9c0,ok,0,0,0,0,0,0,5.3303,10.0684,2.7258,2.0438,1.555,1,1,,8450,3.62
grid2:flat,,,PR16_x1.25,holdout,3,1051,headon,vfield,bd8efed9c0,ok,0,0,0,0,0,0,7.639,3.0502,2.7258,2.0438,1.555,1,1,,8450,3.64
grid2:flat,,,PR16_x1.25,holdout,3,1053,headon,vfield,bd8efed9c0,ok,0,0,0,0,0,0,10.8978,3.6266,2.7258,2.0438,1.555,1,1,,8450,3.62
grid2:flat,,,PR16_x1.25,holdout,3,1055,headon,vfield,bd8efed9c0,ok,0,0,0,0,0,0,7.8329,2.2237,2.7258,2.0438,1.555,1,1,,8450,3.62
grid2:flat,,,PR16_x1.25,holdout,3,1057,headon,vfield,bd8efed9c0,ok,0,0,0,0,0,0,3.5282,3.3896,2.7258,2.0438,1.555,1,1,,8450,3.65
grid2:flat,,,PR16_x1.25,holdout,3,1059,headon,vfield,bd8efed9c0,ok,0,0,0,0,0,0,10.512,9.8022,2.7258,2.0438,1.555,1,1,,8450,3.65
grid2:flat,,,PR16_x1.5,holdout,3,1001,headon,vfield,114857054e,ok,0,0,0,0,0,0,7.9975,5.0577,2.7258,2.0438,1.555,1,1,,8450,3.65
grid2:flat,,,PR16_x1.5,holdout,3,1003,headon,vfield,114857054e,ok,0,0,0,0,0,0,5.6661,1.9586,2.7258,2.0438,1.555,1,1,,8450,3.62
grid2:flat,,,PR16_x1.5,holdout,3,1005,headon,vfield,114857054e,ok,1,0,1,0,0,0,6.6763,0.5051,2.7258,2.0438,1.555,1,1,11.49,8450,3.6
grid2:flat,,,PR16_x1.5,holdout,3,1007,headon,vfield,114857054e,ok,0,0,0,0,0,0,5.6625,1.2862,2.7258,2.0438,1.555,1,1,,8450,3.63
grid2:flat,,,PR16_x1.5,holdout,3,1009,headon,vfield,114857054e,ok,0,0,0,0,0,0,3.6153,2.28,2.7258,2.0438,1.555,1,1,,8450,3.6
grid2:flat,,,PR16_x1.5,holdout,3,1011,headon,vfield,114857054e,ok,0,0,0,0,0,0,3.351,2.2883,2.7258,2.0438,1.555,1,1,,8450,3.57
grid2:flat,,,PR16_x1.5,holdout,3,1013,headon,vfield,114857054e,ok,0,0,0,0,0,0,5.0945,1.5053,2.7258,2.0438,1.555,1,1,,8450,3.64
grid2:flat,,,PR16_x1.5,holdout,3,1015,headon,vfield,114857054e,ok,0,0,0,0,0,0,14.1027,4.6393,2.7258,2.0438,1.555,1,1,,8450,3.61
grid2:flat,,,PR16_x1.5,holdout,3,1017,headon,vfield,114857054e,ok,0,0,0,0,0,0,4.2981,4.2362,2.7258,2.0438,1.555,1,1,,8450,3.64
grid2:flat,,,PR16_x1.5,holdout,3,1019,headon,vfield,114857054e,ok,0,0,0,0,0,0,2.9803,9.4293,2.7258,2.0438,1.555,1,1,,8450,3.62
grid2:flat,,,PR16_x1.5,holdout,3,1021,headon,vfield,114857054e,ok,0,0,0,0,0,0,5.1607,2.4815,2.7258,2.0438,1.555,1,1,,8450,3.61
grid2:flat,,,PR16_x1.5,holdout,3,1023,headon,vfield,114857054e,ok,0,0,0,0,0,0,12.9555,4.7059,2.7258,2.0438,1.555,1,1,,8450,3.6
grid2:flat,,,PR16_x1.5,holdout,3,1025,headon,vfield,114857054e,ok,0,0,0,0,0,0,6.3041,9.6537,2.7258,2.0438,1.555,1,1,,8450,3.63
grid2:flat,,,PR16_x1.5,holdout,3,1027,headon,vfield,114857054e,ok,0,0,0,0,0,0,4.8676,3.1355,2.7258,2.0438,1.555,1,1,,8450,3.61
grid2:flat,,,PR16_x1.5,holdout,3,1029,headon,vfield,114857054e,ok,0,0,0,0,0,0,7.3377,5.0233,2.7258,2.0438,1.555,1,1,,8450,3.58
grid2:flat,,,PR16_x1.5,holdout,3,1031,headon,vfield,114857054e,ok,0,0,0,0,0,0,3.8562,8.27,2.7258,2.0438,1.555,1,1,,8450,3.62
grid2:flat,,,PR16_x1.5,holdout,3,1033,headon,vfield,114857054e,ok,0,0,0,0,0,0,6.8684,2.0407,2.7258,2.0438,1.555,1,1,,8450,3.62
grid2:flat,,,PR16_x1.5,holdout,3,1035,headon,vfield,114857054e,ok,0,0,0,0,0,0,5.9439,8.0011,2.7258,2.0438,1.555,1,1,,8450,3.59
grid2:flat,,,PR16_x1.5,holdout,3,1037,headon,vfield,114857054e,ok,1,0,1,0,0,0,1.4,0.8196,2.7258,2.0438,1.555,1,1,33.05,8450,3.63
grid2:flat,,,PR16_x1.5,holdout,3,1039,headon,vfield,114857054e,ok,0,0,0,0,0,0,2.6268,8.9074,2.7258,2.0438,1.555,1,1,,8450,3.58
grid2:flat,,,PR16_x1.5,holdout,3,1041,headon,vfield,114857054e,ok,0,0,0,0,0,0,1.3941,9.4205,2.7258,2.0438,1.555,1,1,,8450,3.61
grid2:flat,,,PR16_x1.5,holdout,3,1043,headon,vfield,114857054e,ok,0,0,0,0,0,0,7.7312,5.7255,2.7258,2.0438,1.555,1,1,,8450,3.66
grid2:flat,,,PR16_x1.5,holdout,3,1045,headon,vfield,114857054e,ok,1,0,1,0,0,0,12.3003,0.0148,2.7258,2.0438,1.555,1,1,18.3,8450,3.61
grid2:flat,,,PR16_x1.5,holdout,3,1047,headon,vfield,114857054e,ok,0,0,0,0,0,0,4.328,7.6654,2.7258,2.0438,1.555,1,1,,8450,3.6
grid2:flat,,,PR16_x1.5,holdout,3,1049,headon,vfield,114857054e,ok,0,0,0,0,0,0,7.3025,7.3031,2.7258,2.0438,1.555,1,1,,8450,3.63
grid2:flat,,,PR16_x1.5,holdout,3,1051,headon,vfield,114857054e,ok,0,0,0,0,0,0,6.235,2.2793,2.7258,2.0438,1.555,1,1,,8450,3.59
grid2:flat,,,PR16_x1.5,holdout,3,1053,headon,vfield,114857054e,ok,0,0,0,0,0,0,6.914,5.4543,2.7258,2.0438,1.555,1,1,,8450,3.64
grid2:flat,,,PR16_x1.5,holdout,3,1055,headon,vfield,114857054e,ok,0,0,0,0,0,0,10.7292,1.3018,2.7258,2.0438,1.555,1,1,,8450,3.63
grid2:flat,,,PR16_x1.5,holdout,3,1057,headon,vfield,114857054e,ok,0,0,0,0,0,0,10.5465,5.1657,2.7258,2.0438,1.555,1,1,,8450,3.61
grid2:flat,,,PR16_x1.5,holdout,3,1059,headon,vfield,114857054e,ok,0,0,0,0,0,0,5.3243,2.7764,2.7258,2.0438,1.555,1,1,,8450,3.62
grid2:flat,,,PR16_x2,holdout,3,1001,headon,vfield,4f726d4bf9,ok,0,0,0,0,0,0,8.6686,4.0355,2.7258,2.0438,1.555,1,1,,8450,3.6
grid2:flat,,,PR16_x2,holdout,3,1003,headon,vfield,4f726d4bf9,ok,0,0,0,0,0,0,6.6866,4.9405,2.7258,2.0438,1.555,1,1,,8450,3.63
grid2:flat,,,PR16_x2,holdout,3,1005,headon,vfield,4f726d4bf9,ok,0,0,0,0,0,0,5.6383,6.374,2.7258,2.0438,1.555,1,1,,8450,3.63
grid2:flat,,,PR16_x2,holdout,3,1007,headon,vfield,4f726d4bf9,ok,0,0,0,0,0,0,5.175,8.5082,2.7258,2.0438,1.555,1,1,,8450,3.6
grid2:flat,,,PR16_x2,holdout,3,1009,headon,vfield,4f726d4bf9,ok,1,0,1,0,0,0,9.8219,0.2266,2.7258,2.0438,1.555,1,1,29.42,8450,3.57
grid2:flat,,,PR16_x2,holdout,3,1011,headon,vfield,4f726d4bf9,ok,0,0,0,0,0,0,7.1069,2.1879,2.7258,2.0438,1.555,1,1,,8450,3.6
grid2:flat,,,PR16_x2,holdout,3,1013,headon,vfield,4f726d4bf9,ok,0,0,0,0,0,0,9.3181,4.679,2.7258,2.0438,1.555,1,1,,8450,3.63
grid2:flat,,,PR16_x2,holdout,3,1015,headon,vfield,4f726d4bf9,ok,0,0,0,0,0,0,12.9469,4.8536,2.7258,2.0438,1.555,1,1,,8450,3.62
grid2:flat,,,PR16_x2,holdout,3,1017,headon,vfield,4f726d4bf9,ok,0,0,0,0,0,0,14.194,3.7819,2.7258,2.0438,1.555,1,1,,8450,3.62
grid2:flat,,,PR16_x2,holdout,3,1019,headon,vfield,4f726d4bf9,ok,0,0,0,0,0,0,4.3358,1.3781,2.7258,2.0438,1.555,1,1,,8450,3.58
grid2:flat,,,PR16_x2,holdout,3,1021,headon,vfield,4f726d4bf9,ok,1,0,1,0,0,0,10.303,0.0036,2.7258,2.0438,1.555,1,1,29.92,8450,3.61
grid2:flat,,,PR16_x2,holdout,3,1023,headon,vfield,4f726d4bf9,ok,0,0,0,0,0,0,7.6646,3.219,2.7258,2.0438,1.555,1,1,,8450,3.65
grid2:flat,,,PR16_x2,holdout,3,1025,headon,vfield,4f726d4bf9,ok,0,0,0,0,0,0,9.5877,2.4542,2.7258,2.0438,1.555,1,1,,8450,3.61
grid2:flat,,,PR16_x2,holdout,3,1027,headon,vfield,4f726d4bf9,ok,0,0,0,0,0,0,8.5359,7.6784,2.7258,2.0438,1.555,1,1,,8450,3.61
grid2:flat,,,PR16_x2,holdout,3,1029,headon,vfield,4f726d4bf9,ok,0,0,0,0,0,0,4.5252,3.9475,2.7258,2.0438,1.555,1,1,,8450,3.59
grid2:flat,,,PR16_x2,holdout,3,1031,headon,vfield,4f726d4bf9,ok,0,0,0,0,0,0,6.1992,2.4032,2.7258,2.0438,1.555,1,1,,8450,3.67
grid2:flat,,,PR16_x2,holdout,3,1033,headon,vfield,4f726d4bf9,ok,0,0,0,0,0,0,3.3749,2.0909,2.7258,2.0438,1.555,1,1,,8450,3.61
grid2:flat,,,PR16_x2,holdout,3,1035,headon,vfield,4f726d4bf9,ok,0,0,0,0,0,0,7.2002,12.5939,2.7258,2.0438,1.555,1,1,,8450,3.63
grid2:flat,,,PR16_x2,holdout,3,1037,headon,vfield,4f726d4bf9,ok,0,0,0,0,0,0,10.0061,3.0002,2.7258,2.0438,1.555,1,1,,8450,3.61
grid2:flat,,,PR16_x2,holdout,3,1039,headon,vfield,4f726d4bf9,ok,0,0,0,0,0,0,13.2774,4.4254,2.7258,2.0438,1.555,1,1,,8450,3.61
grid2:flat,,,PR16_x2,holdout,3,1041,headon,vfield,4f726d4bf9,ok,0,0,0,0,0,0,5.5156,1.6601,2.7258,2.0438,1.555,1,1,,8450,3.61
grid2:flat,,,PR16_x2,holdout,3,1043,headon,vfield,4f726d4bf9,ok,0,0,0,0,0,0,5.9839,2.2103,2.7258,2.0438,1.555,1,1,,8450,3.62
grid2:flat,,,PR16_x2,holdout,3,1045,headon,vfield,4f726d4bf9,ok,0,0,0,0,0,0,5.4357,7.2665,2.7258,2.0438,1.555,1,1,,8450,3.62
grid2:flat,,,PR16_x2,holdout,3,1047,headon,vfield,4f726d4bf9,ok,0,0,0,0,0,0,10.5687,1.5585,2.7258,2.0438,1.555,1,1,,8450,3.62
grid2:flat,,,PR16_x2,holdout,3,1049,headon,vfield,4f726d4bf9,ok,0,0,0,0,0,0,8.9196,8.8607,2.7258,2.0438,1.555,1,1,,8450,3.62
grid2:flat,,,PR16_x2,holdout,3,1051,headon,vfield,4f726d4bf9,ok,0,0,0,0,0,0,3.051,4.3882,2.7258,2.0438,1.555,1,1,,8450,3.64
grid2:flat,,,PR16_x2,holdout,3,1053,headon,vfield,4f726d4bf9,ok,0,0,0,0,0,0,12.1083,10.2223,2.7258,2.0438,1.555,1,1,,8450,3.62
grid2:flat,,,PR16_x2,holdout,3,1055,headon,vfield,4f726d4bf9,ok,0,0,0,0,0,0,10.9269,1.5269,2.7258,2.0438,1.555,1,1,,8450,3.61
grid2:flat,,,PR16_x2,holdout,3,1057,headon,vfield,4f726d4bf9,ok,0,0,0,0,0,0,12.8854,9.006,2.7258,2.0438,1.555,1,1,,8450,3.6
grid2:flat,,,PR16_x2,holdout,3,1059,headon,vfield,4f726d4bf9,ok,0,0,0,0,0,0,6.273,5.9498,2.7258,2.0438,1.555,1,1,,8450,3.62
grid2:flat,,,PR20_x0.5,holdout,3,1001,headon,vfield,74dde7fa1a,ok,0,0,0,0,0,0,6.4637,6.3786,2.7258,2.0438,1.555,1,1,,8450,3.61
grid2:flat,,,PR20_x0.5,holdout,3,1003,headon,vfield,74dde7fa1a,ok,0,0,0,0,0,0,9.0112,7.6896,2.7258,2.0438,1.555,1,1,,8450,3.62
grid2:flat,,,PR20_x0.5,holdout,3,1005,headon,vfield,74dde7fa1a,ok,0,0,0,0,0,0,10.9976,8.4002,2.7258,2.0438,1.555,1,1,,8450,3.58
grid2:flat,,,PR20_x0.5,holdout,3,1007,headon,vfield,74dde7fa1a,ok,1,1,0,0,0,0,5.2603,0.1104,2.7258,2.0438,1.555,1,1,-28.15,8450,3.59
grid2:flat,,,PR20_x0.5,holdout,3,1009,headon,vfield,74dde7fa1a,ok,1,0,1,0,0,0,8.4535,0.4605,2.7258,2.0438,1.555,1,1,10.89,8450,3.61
grid2:flat,,,PR20_x0.5,holdout,3,1011,headon,vfield,74dde7fa1a,ok,0,0,0,0,0,0,5.3547,6.9625,2.7258,2.0438,1.555,1,1,,8450,3.63
grid2:flat,,,PR20_x0.5,holdout,3,1013,headon,vfield,74dde7fa1a,ok,0,0,0,0,0,0,11.4976,9.1607,2.7258,2.0438,1.555,1,1,,8450,3.63
grid2:flat,,,PR20_x0.5,holdout,3,1015,headon,vfield,74dde7fa1a,ok,0,0,0,0,0,0,11.4621,8.7965,2.7258,2.0438,1.555,1,1,,8450,3.62
grid2:flat,,,PR20_x0.5,holdout,3,1017,headon,vfield,74dde7fa1a,ok,0,0,0,0,0,0,7.7731,11.8869,2.7258,2.0438,1.555,1,1,,8450,3.61
grid2:flat,,,PR20_x0.5,holdout,3,1019,headon,vfield,74dde7fa1a,ok,0,0,0,0,0,0,5.6496,5.2164,2.7258,2.0438,1.555,1,1,,8450,3.58
grid2:flat,,,PR20_x0.5,holdout,3,1021,headon,vfield,74dde7fa1a,ok,0,0,0,0,0,0,7.5743,7.5777,2.7258,2.0438,1.555,1,1,,8450,3.62
grid2:flat,,,PR20_x0.5,holdout,3,1023,headon,vfield,74dde7fa1a,ok,0,0,0,0,0,0,8.7973,8.8841,2.7258,2.0438,1.555,1,1,,8450,3.59
grid2:flat,,,PR20_x0.5,holdout,3,1025,headon,vfield,74dde7fa1a,ok,0,0,0,0,0,0,4.5235,10.3174,2.7258,2.0438,1.555,1,1,,8450,3.63
grid2:flat,,,PR20_x0.5,holdout,3,1027,headon,vfield,74dde7fa1a,ok,0,0,0,0,0,0,11.0148,6.3022,2.7258,2.0438,1.555,1,1,,8450,3.61
grid2:flat,,,PR20_x0.5,holdout,3,1029,headon,vfield,74dde7fa1a,ok,0,0,0,0,0,0,10.1558,8.6225,2.7258,2.0438,1.555,1,1,,8450,3.63
grid2:flat,,,PR20_x0.5,holdout,3,1031,headon,vfield,74dde7fa1a,ok,0,0,0,0,0,0,7.7543,7.4358,2.7258,2.0438,1.555,1,1,,8450,3.63
grid2:flat,,,PR20_x0.5,holdout,3,1033,headon,vfield,74dde7fa1a,ok,0,0,0,0,0,0,14.1522,11.2954,2.7258,2.0438,1.555,1,1,,8450,3.61
grid2:flat,,,PR20_x0.5,holdout,3,1035,headon,vfield,74dde7fa1a,ok,0,0,0,0,0,0,8.1907,5.8136,2.7258,2.0438,1.555,1,1,,8450,3.63
grid2:flat,,,PR20_x0.5,holdout,3,1037,headon,vfield,74dde7fa1a,ok,0,0,0,0,0,0,7.667,6.0723,2.7258,2.0438,1.555,1,1,,8450,3.57
grid2:flat,,,PR20_x0.5,holdout,3,1039,headon,vfield,74dde7fa1a,ok,1,0,1,0,0,0,10.2263,0.826,2.7258,2.0438,1.555,1,1,15.85,8450,3.56
grid2:flat,,,PR20_x0.5,holdout,3,1041,headon,vfield,74dde7fa1a,ok,0,0,0,0,0,0,8.486,7.0737,2.7258,2.0438,1.555,1,1,,8450,3.64
grid2:flat,,,PR20_x0.5,holdout,3,1043,headon,vfield,74dde7fa1a,ok,0,0,0,0,0,0,8.6136,6.0224,2.7258,2.0438,1.555,1,1,,8450,3.62
grid2:flat,,,PR20_x0.5,holdout,3,1045,headon,vfield,74dde7fa1a,ok,0,0,0,0,0,0,11.5086,6.878,2.7258,2.0438,1.555,1,1,,8450,3.65
grid2:flat,,,PR20_x0.5,holdout,3,1047,headon,vfield,74dde7fa1a,ok,0,0,0,0,0,0,11.7305,12.0162,2.7258,2.0438,1.555,1,1,,8450,3.64
grid2:flat,,,PR20_x0.5,holdout,3,1049,headon,vfield,74dde7fa1a,ok,0,0,0,0,0,0,7.8085,9.1198,2.7258,2.0438,1.555,1,1,,8450,3.59
grid2:flat,,,PR20_x0.5,holdout,3,1051,headon,vfield,74dde7fa1a,ok,0,0,0,0,0,0,8.1587,11.9228,2.7258,2.0438,1.555,1,1,,8450,3.64
grid2:flat,,,PR20_x0.5,holdout,3,1053,headon,vfield,74dde7fa1a,ok,0,0,0,0,0,0,8.8435,13.1729,2.7258,2.0438,1.555,1,1,,8450,3.6
grid2:flat,,,PR20_x0.5,holdout,3,1055,headon,vfield,74dde7fa1a,ok,0,0,0,0,0,0,11.8107,7.4477,2.7258,2.0438,1.555,1,1,,8450,3.63
grid2:flat,,,PR20_x0.5,holdout,3,1057,headon,vfield,74dde7fa1a,ok,0,0,0,0,0,0,1.3912,6.2707,2.7258,2.0438,1.555,1,1,,8450,3.58
grid2:flat,,,PR20_x0.5,holdout,3,1059,headon,vfield,74dde7fa1a,ok,0,0,0,0,0,0,5.6378,8.058,2.7258,2.0438,1.555,1,1,,8450,3.61
grid2:flat,,,PR20_x0.75,holdout,3,1001,headon,vfield,168b51f050,ok,0,0,0,0,0,0,9.2262,10.6346,2.7258,2.0438,1.555,1,1,,8450,3.63
grid2:flat,,,PR20_x0.75,holdout,3,1003,headon,vfield,168b51f050,ok,0,0,0,0,0,0,6.9076,4.8477,2.7258,2.0438,1.555,1,1,,8450,3.61
grid2:flat,,,PR20_x0.75,holdout,3,1005,headon,vfield,168b51f050,ok,0,0,0,0,0,0,7.8942,7.2756,2.7258,2.0438,1.555,1,1,,8450,3.63
grid2:flat,,,PR20_x0.75,holdout,3,1007,headon,vfield,168b51f050,ok,0,0,0,0,0,0,8.1068,4.2024,2.7258,2.0438,1.555,1,1,,8450,3.62
grid2:flat,,,PR20_x0.75,holdout,3,1009,headon,vfield,168b51f050,ok,0,0,0,0,0,0,9.1789,8.4217,2.7258,2.0438,1.555,1,1,,8450,3.6
grid2:flat,,,PR20_x0.75,holdout,3,1011,headon,vfield,168b51f050,ok,0,0,0,0,0,0,9.8235,11.0478,2.7258,2.0438,1.555,1,1,,8450,3.62
grid2:flat,,,PR20_x0.75,holdout,3,1013,headon,vfield,168b51f050,ok,0,0,0,0,0,0,10.1264,8.1128,2.7258,2.0438,1.555,1,1,,8450,3.63
grid2:flat,,,PR20_x0.75,holdout,3,1015,headon,vfield,168b51f050,ok,0,0,0,0,0,0,13.8911,12.9891,2.7258,2.0438,1.555,1,1,,8450,3.61
grid2:flat,,,PR20_x0.75,holdout,3,1017,headon,vfield,168b51f050,ok,0,0,0,0,0,0,9.1867,3.3136,2.7258,2.0438,1.555,1,1,,8450,3.6
grid2:flat,,,PR20_x0.75,holdout,3,1019,headon,vfield,168b51f050,ok,1,0,1,0,0,0,12.2762,0.8402,2.7258,2.0438,1.555,1,1,12.82,8450,3.61
grid2:flat,,,PR20_x0.75,holdout,3,1021,headon,vfield,168b51f050,ok,0,0,0,0,0,0,10.1943,16.0438,2.7258,2.0438,1.555,1,1,,8450,3.6
grid2:flat,,,PR20_x0.75,holdout,3,1023,headon,vfield,168b51f050,ok,0,0,0,0,0,0,14.0551,11.4459,2.7258,2.0438,1.555,1,1,,8450,3.62
grid2:flat,,,PR20_x0.75,holdout,3,1025,headon,vfield,168b51f050,ok,0,0,0,0,0,0,4.316,4.6804,2.7258,2.0438,1.555,1,1,,8450,3.6
grid2:flat,,,PR20_x0.75,holdout,3,1027,headon,vfield,168b51f050,ok,0,0,0,0,0,0,12.5734,6.2756,2.7258,2.0438,1.555,1,1,,8450,3.62
grid2:flat,,,PR20_x0.75,holdout,3,1029,headon,vfield,168b51f050,ok,0,0,0,0,0,0,7.1516,11.3146,2.7258,2.0438,1.555,1,1,,8450,3.63
grid2:flat,,,PR20_x0.75,holdout,3,1031,headon,vfield,168b51f050,ok,0,0,0,0,0,0,12.8241,4.3952,2.7258,2.0438,1.555,1,1,,8450,3.61
grid2:flat,,,PR20_x0.75,holdout,3,1033,headon,vfield,168b51f050,ok,0,0,0,0,0,0,9.5291,11.1429,2.7258,2.0438,1.555,1,1,,8450,3.64
grid2:flat,,,PR20_x0.75,holdout,3,1035,headon,vfield,168b51f050,ok,0,0,0,0,0,0,11.5537,9.2322,2.7258,2.0438,1.555,1,1,,8450,3.6
grid2:flat,,,PR20_x0.75,holdout,3,1037,headon,vfield,168b51f050,ok,0,0,0,0,0,0,2.6181,4.9706,2.7258,2.0438,1.555,1,1,,8450,3.61
grid2:flat,,,PR20_x0.75,holdout,3,1039,headon,vfield,168b51f050,ok,0,0,0,0,0,0,5.0869,4.7165,2.7258,2.0438,1.555,1,1,,8450,3.59
grid2:flat,,,PR20_x0.75,holdout,3,1041,headon,vfield,168b51f050,ok,0,0,0,0,0,0,6.7143,8.786,2.7258,2.0438,1.555,1,1,,8450,3.6
grid2:flat,,,PR20_x0.75,holdout,3,1043,headon,vfield,168b51f050,ok,0,0,0,0,0,0,13.6838,5.2202,2.7258,2.0438,1.555,1,1,,8450,3.65
grid2:flat,,,PR20_x0.75,holdout,3,1045,headon,vfield,168b51f050,ok,1,0,1,0,0,0,9.95,0.2088,2.7258,2.0438,1.555,1,1,15.33,8450,3.6
grid2:flat,,,PR20_x0.75,holdout,3,1047,headon,vfield,168b51f050,ok,0,0,0,0,0,0,11.5769,10.5077,2.7258,2.0438,1.555,1,1,,8450,3.6
grid2:flat,,,PR20_x0.75,holdout,3,1049,headon,vfield,168b51f050,ok,0,0,0,0,0,0,12.3834,9.1616,2.7258,2.0438,1.555,1,1,,8450,3.6
grid2:flat,,,PR20_x0.75,holdout,3,1051,headon,vfield,168b51f050,ok,1,0,1,0,0,0,6.6574,0.5792,2.7258,2.0438,1.555,1,1,15.77,8450,3.64
grid2:flat,,,PR20_x0.75,holdout,3,1053,headon,vfield,168b51f050,ok,0,0,0,0,0,0,12.4672,10.5328,2.7258,2.0438,1.555,1,1,,8450,3.6
grid2:flat,,,PR20_x0.75,holdout,3,1055,headon,vfield,168b51f050,ok,0,0,0,0,0,0,5.8607,6.9127,2.7258,2.0438,1.555,1,1,,8450,3.6
grid2:flat,,,PR20_x0.75,holdout,3,1057,headon,vfield,168b51f050,ok,0,0,0,0,0,0,9.7226,5.9166,2.7258,2.0438,1.555,1,1,,8450,3.61
grid2:flat,,,PR20_x0.75,holdout,3,1059,headon,vfield,168b51f050,ok,0,0,0,0,0,0,6.1688,2.6622,2.7258,2.0438,1.555,1,1,,8450,3.62
grid2:flat,,,PR20_x1,holdout,3,1001,headon,vfield,4d9b052b6d,ok,0,0,0,0,0,0,13.3434,11.3212,2.7258,2.0438,1.555,1,1,,8450,3.64
grid2:flat,,,PR20_x1,holdout,3,1003,headon,vfield,4d9b052b6d,ok,0,0,0,0,0,0,15.9249,10.6896,2.7258,2.0438,1.555,1,1,,8450,3.63
grid2:flat,,,PR20_x1,holdout,3,1005,headon,vfield,4d9b052b6d,ok,0,0,0,0,0,0,5.6621,13.442,2.7258,2.0438,1.555,1,1,,8450,3.63
grid2:flat,,,PR20_x1,holdout,3,1007,headon,vfield,4d9b052b6d,ok,0,0,0,0,0,0,8.0001,9.0675,2.7258,2.0438,1.555,1,1,,8450,3.6
grid2:flat,,,PR20_x1,holdout,3,1009,headon,vfield,4d9b052b6d,ok,0,0,0,0,0,0,6.3102,4.7364,2.7258,2.0438,1.555,1,1,,8450,3.62
grid2:flat,,,PR20_x1,holdout,3,1011,headon,vfield,4d9b052b6d,ok,1,0,1,0,0,0,5.237,0.295,2.7258,2.0438,1.555,1,1,12.41,8450,3.62
grid2:flat,,,PR20_x1,holdout,3,1013,headon,vfield,4d9b052b6d,ok,0,0,0,0,0,0,3.6191,6.8372,2.7258,2.0438,1.555,1,1,,8450,3.62
grid2:flat,,,PR20_x1,holdout,3,1015,headon,vfield,4d9b052b6d,ok,0,0,0,0,0,0,9.0807,13.554,2.7258,2.0438,1.555,1,1,,8450,3.6
grid2:flat,,,PR20_x1,holdout,3,1017,headon,vfield,4d9b052b6d,ok,0,0,0,0,0,0,13.2741,9.0804,2.7258,2.0438,1.555,1,1,,8450,3.61
grid2:flat,,,PR20_x1,holdout,3,1019,headon,vfield,4d9b052b6d,ok,0,0,0,0,0,0,8.7458,5.0627,2.7258,2.0438,1.555,1,1,,8450,3.61
grid2:flat,,,PR20_x1,holdout,3,1021,headon,vfield,4d9b052b6d,ok,0,0,0,0,0,0,8.5687,2.8435,2.7258,2.0438,1.555,1,1,,8450,3.6
grid2:flat,,,PR20_x1,holdout,3,1023,headon,vfield,4d9b052b6d,ok,0,0,0,0,0,0,10.0877,12.4754,2.7258,2.0438,1.555,1,1,,8450,3.62
grid2:flat,,,PR20_x1,holdout,3,1025,headon,vfield,4d9b052b6d,ok,0,0,0,0,0,0,4.6735,2.7878,2.7258,2.0438,1.555,1,1,,8450,3.59
grid2:flat,,,PR20_x1,holdout,3,1027,headon,vfield,4d9b052b6d,ok,0,0,0,0,0,0,11.3937,7.6447,2.7258,2.0438,1.555,1,1,,8450,3.65
grid2:flat,,,PR20_x1,holdout,3,1029,headon,vfield,4d9b052b6d,ok,0,0,0,0,0,0,10.4976,13.6469,2.7258,2.0438,1.555,1,1,,8450,3.63
grid2:flat,,,PR20_x1,holdout,3,1031,headon,vfield,4d9b052b6d,ok,0,0,0,0,0,0,15.065,2.8175,2.7258,2.0438,1.555,1,1,,8450,3.6
grid2:flat,,,PR20_x1,holdout,3,1033,headon,vfield,4d9b052b6d,ok,0,0,0,0,0,0,8.34,5.2053,2.7258,2.0438,1.555,1,1,,8450,3.67
grid2:flat,,,PR20_x1,holdout,3,1035,headon,vfield,4d9b052b6d,ok,0,0,0,0,0,0,9.2371,10.086,2.7258,2.0438,1.555,1,1,,8450,3.59
grid2:flat,,,PR20_x1,holdout,3,1037,headon,vfield,4d9b052b6d,ok,0,0,0,0,0,0,6.3369,11.2983,2.7258,2.0438,1.555,1,1,,8450,3.57
grid2:flat,,,PR20_x1,holdout,3,1039,headon,vfield,4d9b052b6d,ok,0,0,0,0,0,0,12.0574,2.3216,2.7258,2.0438,1.555,1,1,,8450,3.63
grid2:flat,,,PR20_x1,holdout,3,1041,headon,vfield,4d9b052b6d,ok,0,0,0,0,0,0,8.5553,8.4274,2.7258,2.0438,1.555,1,1,,8450,3.6
grid2:flat,,,PR20_x1,holdout,3,1043,headon,vfield,4d9b052b6d,ok,0,0,0,0,0,0,10.754,2.932,2.7258,2.0438,1.555,1,1,,8450,3.7
grid2:flat,,,PR20_x1,holdout,3,1045,headon,vfield,4d9b052b6d,ok,1,0,1,0,0,0,10.5067,0.2811,2.7258,2.0438,1.555,1,1,16.09,8450,3.61
grid2:flat,,,PR20_x1,holdout,3,1047,headon,vfield,4d9b052b6d,ok,0,0,0,0,0,0,12.4377,13.0978,2.7258,2.0438,1.555,1,1,,8450,3.57
grid2:flat,,,PR20_x1,holdout,3,1049,headon,vfield,4d9b052b6d,ok,0,0,0,0,0,0,7.8086,2.1516,2.7258,2.0438,1.555,1,1,,8450,3.63
grid2:flat,,,PR20_x1,holdout,3,1051,headon,vfield,4d9b052b6d,ok,0,0,0,0,0,0,11.4839,14.0,2.7258,2.0438,1.555,1,1,,8450,3.61
grid2:flat,,,PR20_x1,holdout,3,1053,headon,vfield,4d9b052b6d,ok,0,0,0,0,0,0,12.5522,8.9921,2.7258,2.0438,1.555,1,1,,8450,3.68
grid2:flat,,,PR20_x1,holdout,3,1055,headon,vfield,4d9b052b6d,ok,0,0,0,0,0,0,11.3105,5.8438,2.7258,2.0438,1.555,1,1,,8450,3.59
grid2:flat,,,PR20_x1,holdout,3,1057,headon,vfield,4d9b052b6d,ok,0,0,0,0,0,0,10.5099,3.5943,2.7258,2.0438,1.555,1,1,,8450,3.57
grid2:flat,,,PR20_x1,holdout,3,1059,headon,vfield,4d9b052b6d,ok,1,0,1,0,0,0,10.7647,0.378,2.7258,2.0438,1.555,1,1,17.99,8450,3.63
grid2:flat,,,PR20_x1.25,holdout,3,1001,headon,vfield,2c22f832ea,ok,0,0,0,0,0,0,6.6782,3.9457,2.7258,2.0438,1.555,1,1,,8450,3.59
grid2:flat,,,PR20_x1.25,holdout,3,1003,headon,vfield,2c22f832ea,ok,0,0,0,0,0,0,8.9863,5.6011,2.7258,2.0438,1.555,1,1,,8450,3.61
grid2:flat,,,PR20_x1.25,holdout,3,1005,headon,vfield,2c22f832ea,ok,0,0,0,0,0,0,3.3941,7.0521,2.7258,2.0438,1.555,1,1,,8450,3.59
grid2:flat,,,PR20_x1.25,holdout,3,1007,headon,vfield,2c22f832ea,ok,0,0,0,0,0,0,10.1801,6.7824,2.7258,2.0438,1.555,1,1,,8450,3.6
grid2:flat,,,PR20_x1.25,holdout,3,1009,headon,vfield,2c22f832ea,ok,0,0,0,0,0,0,7.6074,1.1825,2.7258,2.0438,1.555,1,1,,8450,3.67
grid2:flat,,,PR20_x1.25,holdout,3,1011,headon,vfield,2c22f832ea,ok,0,0,0,0,0,0,10.8515,5.7326,2.7258,2.0438,1.555,1,1,,8450,3.63
grid2:flat,,,PR20_x1.25,holdout,3,1013,headon,vfield,2c22f832ea,ok,0,0,0,0,0,0,5.3352,10.5244,2.7258,2.0438,1.555,1,1,,8450,3.59
grid2:flat,,,PR20_x1.25,holdout,3,1015,headon,vfield,2c22f832ea,ok,0,0,0,0,0,0,16.892,15.9752,2.7258,2.0438,1.555,1,1,,8450,3.56
grid2:flat,,,PR20_x1.25,holdout,3,1017,headon,vfield,2c22f832ea,ok,0,0,0,0,0,0,18.2836,1.8166,2.7258,2.0438,1.555,1,1,,8450,3.59
grid2:flat,,,PR20_x1.25,holdout,3,1019,headon,vfield,2c22f832ea,ok,0,0,0,0,0,0,5.4142,1.0341,2.7258,2.0438,1.555,1,1,,8450,3.62
grid2:flat,,,PR20_x1.25,holdout,3,1021,headon,vfield,2c22f832ea,ok,0,0,0,0,0,0,7.6363,16.0483,2.7258,2.0438,1.555,1,1,,8450,3.62
grid2:flat,,,PR20_x1.25,holdout,3,1023,headon,vfield,2c22f832ea,ok,0,0,0,0,0,0,13.0801,6.6367,2.7258,2.0438,1.555,1,1,,8450,3.59
grid2:flat,,,PR20_x1.25,holdout,3,1025,headon,vfield,2c22f832ea,ok,0,0,0,0,0,0,11.5911,9.2084,2.7258,2.0438,1.555,1,1,,8450,3.62
grid2:flat,,,PR20_x1.25,holdout,3,1027,headon,vfield,2c22f832ea,ok,0,0,0,0,0,0,6.579,9.9032,2.7258,2.0438,1.555,1,1,,8450,3.6
grid2:flat,,,PR20_x1.25,holdout,3,1029,headon,vfield,2c22f832ea,ok,0,0,0,0,0,0,6.7741,15.9679,2.7258,2.0438,1.555,1,1,,8450,3.6
grid2:flat,,,PR20_x1.25,holdout,3,1031,headon,vfield,2c22f832ea,ok,0,0,0,0,0,0,5.6921,8.2924,2.7258,2.0438,1.555,1,1,,8450,3.64
grid2:flat,,,PR20_x1.25,holdout,3,1033,headon,vfield,2c22f832ea,ok,0,0,0,0,0,0,16.0715,6.621,2.7258,2.0438,1.555,1,1,,8450,3.63
grid2:flat,,,PR20_x1.25,holdout,3,1035,headon,vfield,2c22f832ea,ok,0,0,0,0,0,0,6.5726,4.8892,2.7258,2.0438,1.555,1,1,,8450,3.56
grid2:flat,,,PR20_x1.25,holdout,3,1037,headon,vfield,2c22f832ea,ok,0,0,0,0,0,0,5.4832,4.8851,2.7258,2.0438,1.555,1,1,,8450,3.62
grid2:flat,,,PR20_x1.25,holdout,3,1039,headon,vfield,2c22f832ea,ok,0,0,0,0,0,0,9.7029,8.9803,2.7258,2.0438,1.555,1,1,,8450,3.61
grid2:flat,,,PR20_x1.25,holdout,3,1041,headon,vfield,2c22f832ea,ok,0,0,0,0,0,0,9.454,5.0181,2.7258,2.0438,1.555,1,1,,8450,3.63
grid2:flat,,,PR20_x1.25,holdout,3,1043,headon,vfield,2c22f832ea,ok,0,0,0,0,0,0,9.8941,11.941,2.7258,2.0438,1.555,1,1,,8450,3.61
grid2:flat,,,PR20_x1.25,holdout,3,1045,headon,vfield,2c22f832ea,ok,0,0,0,0,0,0,6.2882,6.1681,2.7258,2.0438,1.555,1,1,,8450,3.59
grid2:flat,,,PR20_x1.25,holdout,3,1047,headon,vfield,2c22f832ea,ok,0,0,0,0,0,0,13.6897,10.02,2.7258,2.0438,1.555,1,1,,8450,3.64
grid2:flat,,,PR20_x1.25,holdout,3,1049,headon,vfield,2c22f832ea,ok,0,0,0,0,0,0,14.8627,14.2649,2.7258,2.0438,1.555,1,1,,8450,3.59
grid2:flat,,,PR20_x1.25,holdout,3,1051,headon,vfield,2c22f832ea,ok,0,0,0,0,0,0,11.9845,10.6881,2.7258,2.0438,1.555,1,1,,8450,3.61
grid2:flat,,,PR20_x1.25,holdout,3,1053,headon,vfield,2c22f832ea,ok,0,0,0,0,0,0,7.8283,12.9683,2.7258,2.0438,1.555,1,1,,8450,3.59
grid2:flat,,,PR20_x1.25,holdout,3,1055,headon,vfield,2c22f832ea,ok,0,0,0,0,0,0,5.931,7.7572,2.7258,2.0438,1.555,1,1,,8450,3.59
grid2:flat,,,PR20_x1.25,holdout,3,1057,headon,vfield,2c22f832ea,ok,0,0,0,0,0,0,9.6258,13.0403,2.7258,2.0438,1.555,1,1,,8450,3.63
grid2:flat,,,PR20_x1.25,holdout,3,1059,headon,vfield,2c22f832ea,ok,0,0,0,0,0,0,7.0946,12.2374,2.7258,2.0438,1.555,1,1,,8450,3.6
grid2:flat,,,PR20_x1.5,holdout,3,1001,headon,vfield,050f3ea200,ok,0,0,0,0,0,0,7.2003,6.8585,2.7258,2.0438,1.555,1,1,,8450,3.6
grid2:flat,,,PR20_x1.5,holdout,3,1003,headon,vfield,050f3ea200,ok,0,0,0,0,0,0,12.1935,12.0912,2.7258,2.0438,1.555,1,1,,8450,3.58
grid2:flat,,,PR20_x1.5,holdout,3,1005,headon,vfield,050f3ea200,ok,0,0,0,0,0,0,8.326,6.6988,2.7258,2.0438,1.555,1,1,,8450,3.56
grid2:flat,,,PR20_x1.5,holdout,3,1007,headon,vfield,050f3ea200,ok,0,0,0,0,0,0,9.8773,5.1999,2.7258,2.0438,1.555,1,1,,8450,3.63
grid2:flat,,,PR20_x1.5,holdout,3,1009,headon,vfield,050f3ea200,ok,0,0,0,0,0,0,7.0245,3.7388,2.7258,2.0438,1.555,1,1,,8450,3.6
grid2:flat,,,PR20_x1.5,holdout,3,1011,headon,vfield,050f3ea200,ok,0,0,0,0,0,0,6.9862,7.6223,2.7258,2.0438,1.555,1,1,,8450,3.64
grid2:flat,,,PR20_x1.5,holdout,3,1013,headon,vfield,050f3ea200,ok,0,0,0,0,0,0,4.3955,10.1548,2.7258,2.0438,1.555,1,1,,8450,3.61
grid2:flat,,,PR20_x1.5,holdout,3,1015,headon,vfield,050f3ea200,ok,0,0,0,0,0,0,5.9321,11.2231,2.7258,2.0438,1.555,1,1,,8450,3.59
grid2:flat,,,PR20_x1.5,holdout,3,1017,headon,vfield,050f3ea200,ok,0,0,0,0,0,0,15.8627,10.9351,2.7258,2.0438,1.555,1,1,,8450,3.63
grid2:flat,,,PR20_x1.5,holdout,3,1019,headon,vfield,050f3ea200,ok,0,0,0,0,0,0,11.1903,4.7631,2.7258,2.0438,1.555,1,1,,8450,3.61
grid2:flat,,,PR20_x1.5,holdout,3,1021,headon,vfield,050f3ea200,ok,0,0,0,0,0,0,10.7964,8.1733,2.7258,2.0438,1.555,1,1,,8450,3.64
grid2:flat,,,PR20_x1.5,holdout,3,1023,headon,vfield,050f3ea200,ok,0,0,0,0,0,0,6.6165,5.0285,2.7258,2.0438,1.555,1,1,,8450,3.58
grid2:flat,,,PR20_x1.5,holdout,3,1025,headon,vfield,050f3ea200,ok,0,0,0,0,0,0,9.7794,7.5806,2.7258,2.0438,1.555,1,1,,8450,3.6
grid2:flat,,,PR20_x1.5,holdout,3,1027,headon,vfield,050f3ea200,ok,0,0,0,0,0,0,16.427,7.0512,2.7258,2.0438,1.555,1,1,,8450,3.63
grid2:flat,,,PR20_x1.5,holdout,3,1029,headon,vfield,050f3ea200,ok,0,0,0,0,0,0,8.1473,8.3136,2.7258,2.0438,1.555,1,1,,8450,3.62
grid2:flat,,,PR20_x1.5,holdout,3,1031,headon,vfield,050f3ea200,ok,0,0,0,0,0,0,7.905,8.4172,2.7258,2.0438,1.555,1,1,,8450,3.61
grid2:flat,,,PR20_x1.5,holdout,3,1033,headon,vfield,050f3ea200,ok,0,0,0,0,0,0,16.5081,4.7123,2.7258,2.0438,1.555,1,1,,8450,3.55
grid2:flat,,,PR20_x1.5,holdout,3,1035,headon,vfield,050f3ea200,ok,0,0,0,0,0,0,6.3958,9.6965,2.7258,2.0438,1.555,1,1,,8450,3.6
grid2:flat,,,PR20_x1.5,holdout,3,1037,headon,vfield,050f3ea200,ok,0,0,0,0,0,0,13.6508,5.079,2.7258,2.0438,1.555,1,1,,8450,3.61
grid2:flat,,,PR20_x1.5,holdout,3,1039,headon,vfield,050f3ea200,ok,0,0,0,0,0,0,7.8438,1.7798,2.7258,2.0438,1.555,1,1,,8450,3.61
grid2:flat,,,PR20_x1.5,holdout,3,1041,headon,vfield,050f3ea200,ok,0,0,0,0,0,0,10.0705,10.5807,2.7258,2.0438,1.555,1,1,,8450,3.6
grid2:flat,,,PR20_x1.5,holdout,3,1043,headon,vfield,050f3ea200,ok,0,0,0,0,0,0,12.2324,8.1115,2.7258,2.0438,1.555,1,1,,8450,3.59
grid2:flat,,,PR20_x1.5,holdout,3,1045,headon,vfield,050f3ea200,ok,0,0,0,0,0,0,7.6652,2.5727,2.7258,2.0438,1.555,1,1,,8450,3.56
grid2:flat,,,PR20_x1.5,holdout,3,1047,headon,vfield,050f3ea200,ok,0,0,0,0,0,0,16.5934,4.703,2.7258,2.0438,1.555,1,1,,8450,3.61
grid2:flat,,,PR20_x1.5,holdout,3,1049,headon,vfield,050f3ea200,ok,0,0,0,0,0,0,14.4895,12.3743,2.7258,2.0438,1.555,1,1,,8450,3.72
grid2:flat,,,PR20_x1.5,holdout,3,1051,headon,vfield,050f3ea200,ok,0,0,0,0,0,0,8.1219,7.9679,2.7258,2.0438,1.555,1,1,,8450,3.61
grid2:flat,,,PR20_x1.5,holdout,3,1053,headon,vfield,050f3ea200,ok,0,0,0,0,0,0,18.6786,11.0431,2.7258,2.0438,1.555,1,1,,8450,3.58
grid2:flat,,,PR20_x1.5,holdout,3,1055,headon,vfield,050f3ea200,ok,0,0,0,0,0,0,5.0199,2.2155,2.7258,2.0438,1.555,1,1,,8450,3.56
grid2:flat,,,PR20_x1.5,holdout,3,1057,headon,vfield,050f3ea200,ok,0,0,0,0,0,0,7.9357,11.2978,2.7258,2.0438,1.555,1,1,,8450,3.62
grid2:flat,,,PR20_x1.5,holdout,3,1059,headon,vfield,050f3ea200,ok,0,0,0,0,0,0,9.287,9.4871,2.7258,2.0438,1.555,1,1,,8450,3.61
grid2:flat,,,PR20_x2,holdout,3,1001,headon,vfield,e42dcb3eec,ok,0,0,0,0,0,0,11.8403,7.0029,2.7258,2.0438,1.555,1,1,,8450,3.59
grid2:flat,,,PR20_x2,holdout,3,1003,headon,vfield,e42dcb3eec,ok,0,0,0,0,0,0,10.6126,12.1929,2.7258,2.0438,1.555,1,1,,8450,3.6
grid2:flat,,,PR20_x2,holdout,3,1005,headon,vfield,e42dcb3eec,ok,0,0,0,0,0,0,12.2208,5.6323,2.7258,2.0438,1.555,1,1,,8450,3.63
grid2:flat,,,PR20_x2,holdout,3,1007,headon,vfield,e42dcb3eec,ok,0,0,0,0,0,0,11.7904,11.6958,2.7258,2.0438,1.555,1,1,,8450,3.61
grid2:flat,,,PR20_x2,holdout,3,1009,headon,vfield,e42dcb3eec,ok,0,0,0,0,0,0,6.5456,7.6359,2.7258,2.0438,1.555,1,1,,8450,3.58
grid2:flat,,,PR20_x2,holdout,3,1011,headon,vfield,e42dcb3eec,ok,0,0,0,0,0,0,19.6246,6.3439,2.7258,2.0438,1.555,1,1,,8450,3.61
grid2:flat,,,PR20_x2,holdout,3,1013,headon,vfield,e42dcb3eec,ok,0,0,0,0,0,0,9.3096,7.9134,2.7258,2.0438,1.555,1,1,,8450,3.57
grid2:flat,,,PR20_x2,holdout,3,1015,headon,vfield,e42dcb3eec,ok,1,0,1,0,0,0,10.6759,0.6854,2.7258,2.0438,1.555,1,1,27.67,8450,3.58
grid2:flat,,,PR20_x2,holdout,3,1017,headon,vfield,e42dcb3eec,ok,0,0,0,0,0,0,12.8867,8.5984,2.7258,2.0438,1.555,1,1,,8450,3.7
grid2:flat,,,PR20_x2,holdout,3,1019,headon,vfield,e42dcb3eec,ok,0,0,0,0,0,0,11.0215,9.4122,2.7258,2.0438,1.555,1,1,,8450,3.65
grid2:flat,,,PR20_x2,holdout,3,1021,headon,vfield,e42dcb3eec,ok,0,0,0,0,0,0,11.0077,14.3146,2.7258,2.0438,1.555,1,1,,8450,3.63
grid2:flat,,,PR20_x2,holdout,3,1023,headon,vfield,e42dcb3eec,ok,0,0,0,0,0,0,8.4692,9.4017,2.7258,2.0438,1.555,1,1,,8450,3.59
grid2:flat,,,PR20_x2,holdout,3,1025,headon,vfield,e42dcb3eec,ok,1,0,1,0,0,0,11.7732,0.7758,2.7258,2.0438,1.555,1,1,12.81,8450,3.61
grid2:flat,,,PR20_x2,holdout,3,1027,headon,vfield,e42dcb3eec,ok,0,0,0,0,0,0,12.035,4.6792,2.7258,2.0438,1.555,1,1,,8450,3.59
grid2:flat,,,PR20_x2,holdout,3,1029,headon,vfield,e42dcb3eec,ok,0,0,0,0,0,0,11.3879,13.0314,2.7258,2.0438,1.555,1,1,,8450,3.58
grid2:flat,,,PR20_x2,holdout,3,1031,headon,vfield,e42dcb3eec,ok,0,0,0,0,0,0,10.6024,4.8342,2.7258,2.0438,1.555,1,1,,8450,3.6
grid2:flat,,,PR20_x2,holdout,3,1033,headon,vfield,e42dcb3eec,ok,0,0,0,0,0,0,14.5695,10.1211,2.7258,2.0438,1.555,1,1,,8450,3.59
grid2:flat,,,PR20_x2,holdout,3,1035,headon,vfield,e42dcb3eec,ok,0,0,0,0,0,0,9.7028,14.6566,2.7258,2.0438,1.555,1,1,,8450,3.58
grid2:flat,,,PR20_x2,holdout,3,1037,headon,vfield,e42dcb3eec,ok,0,0,0,0,0,0,15.0892,9.9277,2.7258,2.0438,1.555,1,1,,8450,3.61
grid2:flat,,,PR20_x2,holdout,3,1039,headon,vfield,e42dcb3eec,ok,0,0,0,0,0,0,8.435,9.1804,2.7258,2.0438,1.555,1,1,,8450,3.67
grid2:flat,,,PR20_x2,holdout,3,1041,headon,vfield,e42dcb3eec,ok,0,0,0,0,0,0,7.4153,8.3542,2.7258,2.0438,1.555,1,1,,8450,3.6
grid2:flat,,,PR20_x2,holdout,3,1043,headon,vfield,e42dcb3eec,ok,0,0,0,0,0,0,14.6083,2.0599,2.7258,2.0438,1.555,1,1,,8450,3.58
grid2:flat,,,PR20_x2,holdout,3,1045,headon,vfield,e42dcb3eec,ok,0,0,0,0,0,0,10.7544,10.7404,2.7258,2.0438,1.555,1,1,,8450,3.62
grid2:flat,,,PR20_x2,holdout,3,1047,headon,vfield,e42dcb3eec,ok,0,0,0,0,0,0,5.5212,15.107,2.7258,2.0438,1.555,1,1,,8450,3.62
grid2:flat,,,PR20_x2,holdout,3,1049,headon,vfield,e42dcb3eec,ok,0,0,0,0,0,0,8.0783,14.6675,2.7258,2.0438,1.555,1,1,,8450,3.71
grid2:flat,,,PR20_x2,holdout,3,1051,headon,vfield,e42dcb3eec,ok,0,0,0,0,0,0,11.1904,4.5437,2.7258,2.0438,1.555,1,1,,8450,3.6
grid2:flat,,,PR20_x2,holdout,3,1053,headon,vfield,e42dcb3eec,ok,0,0,0,0,0,0,16.3241,5.9239,2.7258,2.0438,1.555,1,1,,8450,3.62
grid2:flat,,,PR20_x2,holdout,3,1055,headon,vfield,e42dcb3eec,ok,0,0,0,0,0,0,11.0321,7.9976,2.7258,2.0438,1.555,1,1,,8450,3.61
grid2:flat,,,PR20_x2,holdout,3,1057,headon,vfield,e42dcb3eec,ok,0,0,0,0,0,0,3.6835,5.2471,2.7258,2.0438,1.555,1,1,,8450,3.72
grid2:flat,,,PR20_x2,holdout,3,1059,headon,vfield,e42dcb3eec,ok,0,0,0,0,0,0,6.6034,8.4328,2.7258,2.0438,1.555,1,1,,8450,3.63
grid2:flat,,,PR8_x0.5,holdout,4,1001,headon,vfield,4fd5d9898c,ok,1,0,0,0,1,0,0.5412,1.3655,2.7258,2.0438,1.555,1,1,17.93,8450,3.58
grid2:flat,,,PR8_x0.5,holdout,4,1003,headon,vfield,4fd5d9898c,ok,0,0,0,0,0,0,1.3492,1.8318,2.7258,2.0438,1.555,1,1,,8450,3.75
grid2:flat,,,PR8_x0.5,holdout,4,1005,headon,vfield,4fd5d9898c,ok,1,0,0,0,1,0,0.8563,3.9792,2.7258,2.0438,1.555,1,1,4.61,8450,3.64
grid2:flat,,,PR8_x0.5,holdout,4,1007,headon,vfield,4fd5d9898c,ok,0,0,0,0,0,0,1.5976,1.0928,2.7258,2.0438,1.555,1,1,,8450,3.66
grid2:flat,,,PR8_x0.5,holdout,4,1009,headon,vfield,4fd5d9898c,ok,6,1,3,1,1,0,0.0488,0.2173,2.7258,2.0438,1.555,1,1,3.61,8450,3.67
grid2:flat,,,PR8_x0.5,holdout,4,1011,headon,vfield,4fd5d9898c,ok,2,0,2,0,0,0,5.3964,0.5884,2.7258,2.0438,1.555,1,1,10.11,8450,3.59
grid2:flat,,,PR8_x0.5,holdout,4,1013,headon,vfield,4fd5d9898c,ok,0,0,0,0,0,0,1.3557,2.6017,2.7258,2.0438,1.555,1,1,,8450,3.61
grid2:flat,,,PR8_x0.5,holdout,4,1015,headon,vfield,4fd5d9898c,ok,1,0,0,0,1,0,0.6966,1.6497,2.7258,2.0438,1.555,1,1,-0.78,8450,3.67
grid2:flat,,,PR8_x0.5,holdout,4,1017,headon,vfield,4fd5d9898c,ok,0,0,0,0,0,0,1.8048,1.8452,2.7258,2.0438,1.555,1,1,,8450,3.75
grid2:flat,,,PR8_x0.5,holdout,4,1019,headon,vfield,4fd5d9898c,ok,0,0,0,0,0,0,1.281,2.1721,2.7258,2.0438,1.555,1,1,,8450,3.63
grid2:flat,,,PR8_x0.5,holdout,4,1021,headon,vfield,4fd5d9898c,ok,0,0,0,0,0,0,1.0293,2.7296,2.7258,2.0438,1.555,1,1,,8450,3.58
grid2:flat,,,PR8_x0.5,holdout,4,1023,headon,vfield,4fd5d9898c,ok,1,0,1,0,0,0,2.2751,0.8475,2.7258,2.0438,1.555,1,1,5.4,8450,3.61
grid2:flat,,,PR8_x0.5,holdout,4,1025,headon,vfield,4fd5d9898c,ok,1,0,1,0,0,0,1.085,0.3146,2.7258,2.0438,1.555,1,1,5.5,8450,3.65
grid2:flat,,,PR8_x0.5,holdout,4,1027,headon,vfield,4fd5d9898c,ok,1,0,1,0,0,0,1.0955,0.2193,2.7258,2.0438,1.555,1,1,-2.54,8450,3.63
grid2:flat,,,PR8_x0.5,holdout,4,1029,headon,vfield,4fd5d9898c,ok,1,0,1,0,0,0,2.0927,0.4707,2.7258,2.0438,1.555,1,1,18.16,8450,3.65
grid2:flat,,,PR8_x0.5,holdout,4,1031,headon,vfield,4fd5d9898c,ok,0,0,0,0,0,0,4.971,3.932,2.7258,2.0438,1.555,1,1,,8450,3.59
grid2:flat,,,PR8_x0.5,holdout,4,1033,headon,vfield,4fd5d9898c,ok,2,0,1,1,0,0,0.4205,0.4452,2.7258,2.0438,1.555,1,1,-29.27,8450,3.59
grid2:flat,,,PR8_x0.5,holdout,4,1035,headon,vfield,4fd5d9898c,ok,1,0,0,1,0,0,0.7522,1.5878,2.7258,2.0438,1.555,1,1,25.82,8450,3.64
grid2:flat,,,PR8_x0.5,holdout,4,1037,headon,vfield,4fd5d9898c,ok,1,0,1,0,0,0,3.11,0.882,2.7258,2.0438,1.555,1,1,10.33,8450,3.63
grid2:flat,,,PR8_x0.5,holdout,4,1039,headon,vfield,4fd5d9898c,ok,1,0,1,0,0,0,2.2084,0.1704,2.7258,2.0438,1.555,1,1,-2.54,8450,3.64
grid2:flat,,,PR8_x0.5,holdout,4,1041,headon,vfield,4fd5d9898c,ok,1,1,0,0,0,0,2.548,0.6024,2.7258,2.0438,1.555,1,1,13.12,8450,3.61
grid2:flat,,,PR8_x0.5,holdout,4,1043,headon,vfield,4fd5d9898c,ok,1,0,0,1,0,0,0.1871,2.5717,2.7258,2.0438,1.555,1,1,-2.27,8450,3.69
grid2:flat,,,PR8_x0.5,holdout,4,1045,headon,vfield,4fd5d9898c,ok,1,0,1,0,0,0,2.6015,0.8114,2.7258,2.0438,1.555,1,1,-2.39,8450,3.66
grid2:flat,,,PR8_x0.5,holdout,4,1047,headon,vfield,4fd5d9898c,ok,0,0,0,0,0,0,1.4904,1.4,2.7258,2.0438,1.555,1,1,,8450,3.64
grid2:flat,,,PR8_x0.5,holdout,4,1049,headon,vfield,4fd5d9898c,ok,2,0,1,0,1,0,0.2541,0.8136,2.7258,2.0438,1.555,1,1,-1.04,8450,3.62
grid2:flat,,,PR8_x0.5,holdout,4,1051,headon,vfield,4fd5d9898c,ok,0,0,0,0,0,0,2.525,1.7342,2.7258,2.0438,1.555,1,1,,8450,3.65
grid2:flat,,,PR8_x0.5,holdout,4,1053,headon,vfield,4fd5d9898c,ok,1,0,0,0,1,0,0.0537,2.3022,2.7258,2.0438,1.555,1,1,30.78,8450,3.63
grid2:flat,,,PR8_x0.5,holdout,4,1055,headon,vfield,4fd5d9898c,ok,1,0,1,0,0,0,1.7103,0.7874,2.7258,2.0438,1.555,1,1,3.99,8450,3.63
grid2:flat,,,PR8_x0.5,holdout,4,1057,headon,vfield,4fd5d9898c,ok,1,0,0,1,0,0,0.5058,1.1427,2.7258,2.0438,1.555,1,1,5.96,8450,3.63
grid2:flat,,,PR8_x0.5,holdout,4,1059,headon,vfield,4fd5d9898c,ok,1,0,0,0,1,0,0.6253,1.1069,2.7258,2.0438,1.555,1,1,14.48,8450,3.63
grid2:flat,,,PR8_x0.75,holdout,4,1001,headon,vfield,8a3dfb5124,ok,2,0,1,0,1,0,0.666,0.1247,2.7258,2.0438,1.555,1,1,4.64,8450,3.68
grid2:flat,,,PR8_x0.75,holdout,4,1003,headon,vfield,8a3dfb5124,ok,0,0,0,0,0,0,1.1021,1.6384,2.7258,2.0438,1.555,1,1,,8450,3.64
grid2:flat,,,PR8_x0.75,holdout,4,1005,headon,vfield,8a3dfb5124,ok,1,0,1,0,0,0,1.7272,0.237,2.7258,2.0438,1.555,1,1,8.62,8450,3.61
grid2:flat,,,PR8_x0.75,holdout,4,1007,headon,vfield,8a3dfb5124,ok,1,0,0,0,1,0,0.7434,1.4021,2.7258,2.0438,1.555,1,1,25.9,8450,3.65
grid2:flat,,,PR8_x0.75,holdout,4,1009,headon,vfield,8a3dfb5124,ok,3,0,2,0,1,0,0.8803,0.3202,2.7258,2.0438,1.555,1,1,6.79,8450,3.64
grid2:flat,,,PR8_x0.75,holdout,4,1011,headon,vfield,8a3dfb5124,ok,3,0,2,0,1,0,0.1761,0.0898,2.7258,2.0438,1.555,1,1,2.38,8450,3.64
grid2:flat,,,PR8_x0.75,holdout,4,1013,headon,vfield,8a3dfb5124,ok,1,0,0,0,1,0,0.5433,2.8169,2.7258,2.0438,1.555,1,1,21.78,8450,3.63
grid2:flat,,,PR8_x0.75,holdout,4,1015,headon,vfield,8a3dfb5124,ok,1,0,1,0,0,0,1.3197,0.3573,2.7258,2.0438,1.555,1,1,22.75,8450,3.63
grid2:flat,,,PR8_x0.75,holdout,4,1017,headon,vfield,8a3dfb5124,ok,0,0,0,0,0,0,3.8183,2.8628,2.7258,2.0438,1.555,1,1,,8450,3.64
grid2:flat,,,PR8_x0.75,holdout,4,1019,headon,vfield,8a3dfb5124,ok,3,0,1,1,1,0,0.083,0.8463,2.7258,2.0438,1.555,1,1,-3.19,8450,3.62
grid2:flat,,,PR8_x0.75,holdout,4,1021,headon,vfield,8a3dfb5124,ok,0,0,0,0,0,0,1.8143,3.4878,2.7258,2.0438,1.555,1,1,,8450,3.65
grid2:flat,,,PR8_x0.75,holdout,4,1023,headon,vfield,8a3dfb5124,ok,0,0,0,0,0,0,1.3176,1.2171,2.7258,2.0438,1.555,1,1,,8450,3.61
grid2:flat,,,PR8_x0.75,holdout,4,1025,headon,vfield,8a3dfb5124,ok,1,0,1,0,0,0,2.1365,0.6493,2.7258,2.0438,1.555,1,1,17.13,8450,3.62
grid2:flat,,,PR8_x0.75,holdout,4,1027,headon,vfield,8a3dfb5124,ok,2,0,1,1,0,0,0.3134,0.3687,2.7258,2.0438,1.555,1,1,2.86,8450,3.61
grid2:flat,,,PR8_x0.75,holdout,4,1029,headon,vfield,8a3dfb5124,ok,0,0,0,0,0,0,1.5537,5.9967,2.7258,2.0438,1.555,1,1,,8450,3.61
grid2:flat,,,PR8_x0.75,holdout,4,1031,headon,vfield,8a3dfb5124,ok,1,0,0,0,1,0,0.9279,6.9039,2.7258,2.0438,1.555,1,1,13.51,8450,3.64
grid2:flat,,,PR8_x0.75,holdout,4,1033,headon,vfield,8a3dfb5124,ok,0,0,0,0,0,0,3.1802,3.4484,2.7258,2.0438,1.555,1,1,,8450,3.63
grid2:flat,,,PR8_x0.75,holdout,4,1035,headon,vfield,8a3dfb5124,ok,0,0,0,0,0,0,4.0568,2.4339,2.7258,2.0438,1.555,1,1,,8450,3.64
grid2:flat,,,PR8_x0.75,holdout,4,1037,headon,vfield,8a3dfb5124,ok,0,0,0,0,0,0,3.3168,2.651,2.7258,2.0438,1.555,1,1,,8450,3.61
grid2:flat,,,PR8_x0.75,holdout,4,1039,headon,vfield,8a3dfb5124,ok,1,0,0,0,1,0,0.1391,1.3625,2.7258,2.0438,1.555,1,1,-0.63,8450,3.6
grid2:flat,,,PR8_x0.75,holdout,4,1041,headon,vfield,8a3dfb5124,ok,0,0,0,0,0,0,2.6764,1.3347,2.7258,2.0438,1.555,1,1,,8450,3.59
grid2:flat,,,PR8_x0.75,holdout,4,1043,headon,vfield,8a3dfb5124,ok,2,0,1,0,1,0,0.6927,0.3189,2.7258,2.0438,1.555,1,1,16.38,8450,3.64
grid2:flat,,,PR8_x0.75,holdout,4,1045,headon,vfield,8a3dfb5124,ok,0,0,0,0,0,0,5.0762,2.5564,2.7258,2.0438,1.555,1,1,,8450,3.63
grid2:flat,,,PR8_x0.75,holdout,4,1047,headon,vfield,8a3dfb5124,ok,0,0,0,0,0,0,2.5918,1.5865,2.7258,2.0438,1.555,1,1,,8450,3.65
grid2:flat,,,PR8_x0.75,holdout,4,1049,headon,vfield,8a3dfb5124,ok,0,0,0,0,0,0,1.6063,3.5377,2.7258,2.0438,1.555,1,1,,8450,3.59
grid2:flat,,,PR8_x0.75,holdout,4,1051,headon,vfield,8a3dfb5124,ok,1,0,1,0,0,0,1.1658,0.0518,2.7258,2.0438,1.555,1,1,11.31,8450,3.58
grid2:flat,,,PR8_x0.75,holdout,4,1053,headon,vfield,8a3dfb5124,ok,0,0,0,0,0,0,3.6665,1.9504,2.7258,2.0438,1.555,1,1,,8450,3.63
grid2:flat,,,PR8_x0.75,holdout,4,1055,headon,vfield,8a3dfb5124,ok,0,0,0,0,0,0,1.0221,2.2999,2.7258,2.0438,1.555,1,1,,8450,3.6
grid2:flat,,,PR8_x0.75,holdout,4,1057,headon,vfield,8a3dfb5124,ok,2,0,1,0,1,0,0.4471,0.594,2.7258,2.0438,1.555,1,1,10.91,8450,3.63
grid2:flat,,,PR8_x0.75,holdout,4,1059,headon,vfield,8a3dfb5124,ok,1,0,1,0,0,0,1.8458,0.8558,2.7258,2.0438,1.555,1,1,10.03,8450,3.62
grid2:flat,,,PR8_x1,holdout,4,1001,headon,vfield,2eca7aead8,ok,0,0,0,0,0,0,1.0432,2.1774,2.7258,2.0438,1.555,1,1,,8450,3.64
grid2:flat,,,PR8_x1,holdout,4,1003,headon,vfield,2eca7aead8,ok,1,0,0,0,1,0,0.7996,4.9189,2.7258,2.0438,1.555,1,1,4.9,8450,3.64
grid2:flat,,,PR8_x1,holdout,4,1005,headon,vfield,2eca7aead8,ok,0,0,0,0,0,0,1.7079,2.7961,2.7258,2.0438,1.555,1,1,,8450,3.66
grid2:flat,,,PR8_x1,holdout,4,1007,headon,vfield,2eca7aead8,ok,2,0,0,0,2,0,0.5186,1.0124,2.7258,2.0438,1.555,1,1,9.16,8450,3.63
grid2:flat,,,PR8_x1,holdout,4,1009,headon,vfield,2eca7aead8,ok,0,0,0,0,0,0,5.525,5.0953,2.7258,2.0438,1.555,1,1,,8450,3.6
grid2:flat,,,PR8_x1,holdout,4,1011,headon,vfield,2eca7aead8,ok,0,0,0,0,0,0,1.4449,4.1545,2.7258,2.0438,1.555,1,1,,8450,3.6
grid2:flat,,,PR8_x1,holdout,4,1013,headon,vfield,2eca7aead8,ok,0,0,0,0,0,0,1.9744,1.766,2.7258,2.0438,1.555,1,1,,8450,3.65
grid2:flat,,,PR8_x1,holdout,4,1015,headon,vfield,2eca7aead8,ok,1,0,0,0,1,0,0.733,2.9938,2.7258,2.0438,1.555,1,1,25.39,8450,3.62
grid2:flat,,,PR8_x1,holdout,4,1017,headon,vfield,2eca7aead8,ok,1,0,0,0,1,0,0.9871,1.5735,2.7258,2.0438,1.555,1,1,6.63,8450,3.62
grid2:flat,,,PR8_x1,holdout,4,1019,headon,vfield,2eca7aead8,ok,1,1,0,0,0,0,1.8111,0.1319,2.7258,2.0438,1.555,1,1,17.6,8450,3.6
grid2:flat,,,PR8_x1,holdout,4,1021,headon,vfield,2eca7aead8,ok,0,0,0,0,0,0,1.0608,3.3316,2.7258,2.0438,1.555,1,1,,8450,3.62
grid2:flat,,,PR8_x1,holdout,4,1023,headon,vfield,2eca7aead8,ok,1,0,1,0,0,0,1.6922,0.2974,2.7258,2.0438,1.555,1,1,3.82,8450,3.62
grid2:flat,,,PR8_x1,holdout,4,1025,headon,vfield,2eca7aead8,ok,1,0,0,1,0,0,0.6643,4.1317,2.7258,2.0438,1.555,1,1,28.32,8450,3.6
grid2:flat,,,PR8_x1,holdout,4,1027,headon,vfield,2eca7aead8,ok,1,0,0,1,0,0,0.4961,4.9194,2.7258,2.0438,1.555,1,1,42.51,8450,3.63
grid2:flat,,,PR8_x1,holdout,4,1029,headon,vfield,2eca7aead8,ok,1,0,0,1,0,0,0.6377,4.8296,2.7258,2.0438,1.555,1,1,30.04,8450,3.59
grid2:flat,,,PR8_x1,holdout,4,1031,headon,vfield,2eca7aead8,ok,1,0,0,0,1,0,0.5204,2.9462,2.7258,2.0438,1.555,1,1,7.86,8450,3.68
grid2:flat,,,PR8_x1,holdout,4,1033,headon,vfield,2eca7aead8,ok,1,0,1,0,0,0,2.2323,0.5599,2.7258,2.0438,1.555,1,1,12.08,8450,3.62
grid2:flat,,,PR8_x1,holdout,4,1035,headon,vfield,2eca7aead8,ok,1,0,0,0,1,0,0.6281,1.4927,2.7258,2.0438,1.555,1,1,20.19,8450,3.64
grid2:flat,,,PR8_x1,holdout,4,1037,headon,vfield,2eca7aead8,ok,2,0,1,1,0,0,0.6834,0.2478,2.7258,2.0438,1.555,1,1,3.36,8450,3.61
grid2:flat,,,PR8_x1,holdout,4,1039,headon,vfield,2eca7aead8,ok,0,0,0,0,0,0,1.2952,1.095,2.7258,2.0438,1.555,1,1,,8450,3.6
grid2:flat,,,PR8_x1,holdout,4,1041,headon,vfield,2eca7aead8,ok,4,0,1,0,3,0,0.249,0.9906,2.7258,2.0438,1.555,1,1,3.72,8450,3.68
grid2:flat,,,PR8_x1,holdout,4,1043,headon,vfield,2eca7aead8,ok,0,0,0,0,0,0,1.0603,4.4539,2.7258,2.0438,1.555,1,1,,8450,3.62
grid2:flat,,,PR8_x1,holdout,4,1045,headon,vfield,2eca7aead8,ok,1,0,0,0,1,0,0.9362,3.444,2.7258,2.0438,1.555,1,1,32.33,8450,3.62
grid2:flat,,,PR8_x1,holdout,4,1047,headon,vfield,2eca7aead8,ok,1,0,0,1,0,0,0.3546,3.401,2.7258,2.0438,1.555,1,1,30.51,8450,3.6
grid2:flat,,,PR8_x1,holdout,4,1049,headon,vfield,2eca7aead8,ok,1,0,0,0,1,0,0.7763,2.1327,2.7258,2.0438,1.555,1,1,13.08,8450,3.59
grid2:flat,,,PR8_x1,holdout,4,1051,headon,vfield,2eca7aead8,ok,2,1,0,1,0,0,0.5602,0.3846,2.7258,2.0438,1.555,1,1,13.3,8450,3.63
grid2:flat,,,PR8_x1,holdout,4,1053,headon,vfield,2eca7aead8,ok,1,0,0,0,1,0,0.794,1.618,2.7258,2.0438,1.555,1,1,10.13,8450,3.62
grid2:flat,,,PR8_x1,holdout,4,1055,headon,vfield,2eca7aead8,ok,1,0,0,0,1,0,0.3502,4.1857,2.7258,2.0438,1.555,1,1,35.47,8450,3.65
grid2:flat,,,PR8_x1,holdout,4,1057,headon,vfield,2eca7aead8,ok,0,0,0,0,0,0,2.0693,3.7171,2.7258,2.0438,1.555,1,1,,8450,3.6
grid2:flat,,,PR8_x1,holdout,4,1059,headon,vfield,2eca7aead8,ok,0,0,0,0,0,0,1.2767,1.4018,2.7258,2.0438,1.555,1,1,,8450,3.64
grid2:flat,,,PR8_x1.25,holdout,4,1001,headon,vfield,255ff3729e,ok,1,0,1,0,0,0,1.4661,0.2135,2.7258,2.0438,1.555,1,1,13.48,8450,3.61
grid2:flat,,,PR8_x1.25,holdout,4,1003,headon,vfield,255ff3729e,ok,0,0,0,0,0,0,1.5202,5.7977,2.7258,2.0438,1.555,1,1,,8450,3.64
grid2:flat,,,PR8_x1.25,holdout,4,1005,headon,vfield,255ff3729e,ok,0,0,0,0,0,0,1.1288,5.7654,2.7258,2.0438,1.555,1,1,,8450,3.66
grid2:flat,,,PR8_x1.25,holdout,4,1007,headon,vfield,255ff3729e,ok,0,0,0,0,0,0,3.2514,5.5285,2.7258,2.0438,1.555,1,1,,8450,3.59
grid2:flat,,,PR8_x1.25,holdout,4,1009,headon,vfield,255ff3729e,ok,0,0,0,0,0,0,2.4966,5.5627,2.7258,2.0438,1.555,1,1,,8450,3.6
grid2:flat,,,PR8_x1.25,holdout,4,1011,headon,vfield,255ff3729e,ok,0,0,0,0,0,0,1.391,3.2977,2.7258,2.0438,1.555,1,1,,8450,3.64
grid2:flat,,,PR8_x1.25,holdout,4,1013,headon,vfield,255ff3729e,ok,0,0,0,0,0,0,1.6481,3.6258,2.7258,2.0438,1.555,1,1,,8450,3.62
grid2:flat,,,PR8_x1.25,holdout,4,1015,headon,vfield,255ff3729e,ok,0,0,0,0,0,0,2.5368,6.113,2.7258,2.0438,1.555,1,1,,8450,3.62
grid2:flat,,,PR8_x1.25,holdout,4,1017,headon,vfield,255ff3729e,ok,0,0,0,0,0,0,2.5379,5.5899,2.7258,2.0438,1.555,1,1,,8450,3.59
grid2:flat,,,PR8_x1.25,holdout,4,1019,headon,vfield,255ff3729e,ok,2,0,0,0,2,0,0.0754,1.2518,2.7258,2.0438,1.555,1,1,1.22,8450,3.61
grid2:flat,,,PR8_x1.25,holdout,4,1021,headon,vfield,255ff3729e,ok,0,0,0,0,0,0,4.6305,5.1158,2.7258,2.0438,1.555,1,1,,8450,3.63
grid2:flat,,,PR8_x1.25,holdout,4,1023,headon,vfield,255ff3729e,ok,0,0,0,0,0,0,1.8548,5.5887,2.7258,2.0438,1.555,1,1,,8450,3.6
grid2:flat,,,PR8_x1.25,holdout,4,1025,headon,vfield,255ff3729e,ok,0,0,0,0,0,0,2.3929,5.6643,2.7258,2.0438,1.555,1,1,,8450,3.61
grid2:flat,,,PR8_x1.25,holdout,4,1027,headon,vfield,255ff3729e,ok,0,0,0,0,0,0,2.2128,2.0368,2.7258,2.0438,1.555,1,1,,8450,3.6
grid2:flat,,,PR8_x1.25,holdout,4,1029,headon,vfield,255ff3729e,ok,0,0,0,0,0,0,2.3206,5.7176,2.7258,2.0438,1.555,1,1,,8450,3.58
grid2:flat,,,PR8_x1.25,holdout,4,1031,headon,vfield,255ff3729e,ok,0,0,0,0,0,0,2.8249,5.1773,2.7258,2.0438,1.555,1,1,,8450,3.63
grid2:flat,,,PR8_x1.25,holdout,4,1033,headon,vfield,255ff3729e,ok,2,0,1,0,1,0,0.8974,0.0758,2.7258,2.0438,1.555,1,1,8.4,8450,3.64
grid2:flat,,,PR8_x1.25,holdout,4,1035,headon,vfield,255ff3729e,ok,0,0,0,0,0,0,2.5639,3.4593,2.7258,2.0438,1.555,1,1,,8450,3.62
grid2:flat,,,PR8_x1.25,holdout,4,1037,headon,vfield,255ff3729e,ok,0,0,0,0,0,0,1.4739,1.2558,2.7258,2.0438,1.555,1,1,,8450,3.61
grid2:flat,,,PR8_x1.25,holdout,4,1039,headon,vfield,255ff3729e,ok,0,0,0,0,0,0,1.5226,5.3585,2.7258,2.0438,1.555,1,1,,8450,3.63
grid2:flat,,,PR8_x1.25,holdout,4,1041,headon,vfield,255ff3729e,ok,1,0,0,0,1,0,0.1641,4.3724,2.7258,2.0438,1.555,1,1,5.25,8450,3.65
grid2:flat,,,PR8_x1.25,holdout,4,1043,headon,vfield,255ff3729e,ok,0,0,0,0,0,0,1.5546,4.8611,2.7258,2.0438,1.555,1,1,,8450,3.63
grid2:flat,,,PR8_x1.25,holdout,4,1045,headon,vfield,255ff3729e,ok,1,0,1,0,0,0,1.1651,0.2598,2.7258,2.0438,1.555,1,1,13.33,8450,3.63
grid2:flat,,,PR8_x1.25,holdout,4,1047,headon,vfield,255ff3729e,ok,1,0,0,0,1,0,0.0815,3.5331,2.7258,2.0438,1.555,1,1,11.05,8450,3.63
grid2:flat,,,PR8_x1.25,holdout,4,1049,headon,vfield,255ff3729e,ok,0,0,0,0,0,0,1.2056,3.0255,2.7258,2.0438,1.555,1,1,,8450,3.6
grid2:flat,,,PR8_x1.25,holdout,4,1051,headon,vfield,255ff3729e,ok,1,0,0,0,1,0,0.1318,5.245,2.7258,2.0438,1.555,1,1,26.7,8450,3.62
grid2:flat,,,PR8_x1.25,holdout,4,1053,headon,vfield,255ff3729e,ok,1,0,1,0,0,0,1.7235,0.4497,2.7258,2.0438,1.555,1,1,-2.5,8450,3.63
grid2:flat,,,PR8_x1.25,holdout,4,1055,headon,vfield,255ff3729e,ok,0,0,0,0,0,0,3.0073,5.1821,2.7258,2.0438,1.555,1,1,,8450,3.63
grid2:flat,,,PR8_x1.25,holdout,4,1057,headon,vfield,255ff3729e,ok,0,0,0,0,0,0,1.2002,3.8502,2.7258,2.0438,1.555,1,1,,8450,3.56
grid2:flat,,,PR8_x1.25,holdout,4,1059,headon,vfield,255ff3729e,ok,0,0,0,0,0,0,1.3065,1.4057,2.7258,2.0438,1.555,1,1,,8450,3.62
grid2:flat,,,PR8_x1.5,holdout,4,1001,headon,vfield,7901479e37,ok,0,0,0,0,0,0,3.7425,5.9923,2.7258,2.0438,1.555,1,1,,8450,3.67
grid2:flat,,,PR8_x1.5,holdout,4,1003,headon,vfield,7901479e37,ok,0,0,0,0,0,0,1.7924,5.3592,2.7258,2.0438,1.555,1,1,,8450,3.64
grid2:flat,,,PR8_x1.5,holdout,4,1005,headon,vfield,7901479e37,ok,0,0,0,0,0,0,2.8623,5.797,2.7258,2.0438,1.555,1,1,,8450,3.59
grid2:flat,,,PR8_x1.5,holdout,4,1007,headon,vfield,7901479e37,ok,0,0,0,0,0,0,1.8654,5.1771,2.7258,2.0438,1.555,1,1,,8450,3.63
grid2:flat,,,PR8_x1.5,holdout,4,1009,headon,vfield,7901479e37,ok,0,0,0,0,0,0,1.4546,4.916,2.7258,2.0438,1.555,1,1,,8450,3.63
grid2:flat,,,PR8_x1.5,holdout,4,1011,headon,vfield,7901479e37,ok,0,0,0,0,0,0,2.3524,5.3607,2.7258,2.0438,1.555,1,1,,8450,3.62
grid2:flat,,,PR8_x1.5,holdout,4,1013,headon,vfield,7901479e37,ok,0,0,0,0,0,0,1.5379,5.7417,2.7258,2.0438,1.555,1,1,,8450,3.63
grid2:flat,,,PR8_x1.5,holdout,4,1015,headon,vfield,7901479e37,ok,0,0,0,0,0,0,3.8392,5.8373,2.7258,2.0438,1.555,1,1,,8450,3.64
grid2:flat,,,PR8_x1.5,holdout,4,1017,headon,vfield,7901479e37,ok,1,0,1,0,0,0,1.0502,0.5816,2.7258,2.0438,1.555,1,1,9.49,8450,3.66
grid2:flat,,,PR8_x1.5,holdout,4,1019,headon,vfield,7901479e37,ok,1,0,0,1,0,0,0.0691,5.9979,2.7258,2.0438,1.555,1,1,-28.06,8450,3.66
grid2:flat,,,PR8_x1.5,holdout,4,1021,headon,vfield,7901479e37,ok,1,0,1,0,0,0,1.6111,0.1004,2.7258,2.0438,1.555,1,1,8.74,8450,3.63
grid2:flat,,,PR8_x1.5,holdout,4,1023,headon,vfield,7901479e37,ok,0,0,0,0,0,0,1.5883,2.337,2.7258,2.0438,1.555,1,1,,8450,3.64
grid2:flat,,,PR8_x1.5,holdout,4,1025,headon,vfield,7901479e37,ok,0,0,0,0,0,0,1.7037,3.177,2.7258,2.0438,1.555,1,1,,8450,3.61
grid2:flat,,,PR8_x1.5,holdout,4,1027,headon,vfield,7901479e37,ok,1,0,1,0,0,0,2.889,0.3795,2.7258,2.0438,1.555,1,1,10.19,8450,3.63
grid2:flat,,,PR8_x1.5,holdout,4,1029,headon,vfield,7901479e37,ok,1,0,1,0,0,0,2.9812,0.8808,2.7258,2.0438,1.555,1,1,10.26,8450,3.62
grid2:flat,,,PR8_x1.5,holdout,4,1031,headon,vfield,7901479e37,ok,1,0,0,0,1,0,0.3761,6.1901,2.7258,2.0438,1.555,1,1,38.43,8450,3.63
grid2:flat,,,PR8_x1.5,holdout,4,1033,headon,vfield,7901479e37,ok,1,0,0,0,1,0,0.8236,1.2249,2.7258,2.0438,1.555,1,1,36.02,8450,3.64
grid2:flat,,,PR8_x1.5,holdout,4,1035,headon,vfield,7901479e37,ok,0,0,0,0,0,0,2.519,5.8733,2.7258,2.0438,1.555,1,1,,8450,3.62
grid2:flat,,,PR8_x1.5,holdout,4,1037,headon,vfield,7901479e37,ok,0,0,0,0,0,0,1.8169,5.5914,2.7258,2.0438,1.555,1,1,,8450,3.64
grid2:flat,,,PR8_x1.5,holdout,4,1039,headon,vfield,7901479e37,ok,0,0,0,0,0,0,2.0934,5.7228,2.7258,2.0438,1.555,1,1,,8450,3.66
grid2:flat,,,PR8_x1.5,holdout,4,1041,headon,vfield,7901479e37,ok,0,0,0,0,0,0,1.674,5.4381,2.7258,2.0438,1.555,1,1,,8450,3.61
grid2:flat,,,PR8_x1.5,holdout,4,1043,headon,vfield,7901479e37,ok,0,0,0,0,0,0,2.863,5.128,2.7258,2.0438,1.555,1,1,,8450,3.63
grid2:flat,,,PR8_x1.5,holdout,4,1045,headon,vfield,7901479e37,ok,1,0,0,0,1,0,0.9698,1.3274,2.7258,2.0438,1.555,1,1,9.41,8450,3.62
grid2:flat,,,PR8_x1.5,holdout,4,1047,headon,vfield,7901479e37,ok,0,0,0,0,0,0,1.9621,4.5217,2.7258,2.0438,1.555,1,1,,8450,3.63
grid2:flat,,,PR8_x1.5,holdout,4,1049,headon,vfield,7901479e37,ok,0,0,0,0,0,0,1.911,5.3464,2.7258,2.0438,1.555,1,1,,8450,3.64
grid2:flat,,,PR8_x1.5,holdout,4,1051,headon,vfield,7901479e37,ok,0,0,0,0,0,0,2.3473,5.0373,2.7258,2.0438,1.555,1,1,,8450,3.64
grid2:flat,,,PR8_x1.5,holdout,4,1053,headon,vfield,7901479e37,ok,1,0,0,0,1,0,0.7662,2.4068,2.7258,2.0438,1.555,1,1,17.83,8450,3.65
grid2:flat,,,PR8_x1.5,holdout,4,1055,headon,vfield,7901479e37,ok,0,0,0,0,0,0,3.04,6.0693,2.7258,2.0438,1.555,1,1,,8450,3.59
grid2:flat,,,PR8_x1.5,holdout,4,1057,headon,vfield,7901479e37,ok,2,0,0,1,1,0,0.1888,5.6244,2.7258,2.0438,1.555,1,1,-24.73,8450,3.58
grid2:flat,,,PR8_x1.5,holdout,4,1059,headon,vfield,7901479e37,ok,0,0,0,0,0,0,2.7564,5.6233,2.7258,2.0438,1.555,1,1,,8450,3.65
grid2:flat,,,PR8_x2,holdout,4,1001,headon,vfield,8f8693e27a,ok,1,0,0,0,1,0,0.8858,6.0052,2.7258,2.0438,1.555,1,1,12.38,8450,3.6
grid2:flat,,,PR8_x2,holdout,4,1003,headon,vfield,8f8693e27a,ok,0,0,0,0,0,0,3.3111,6.5488,2.7258,2.0438,1.555,1,1,,8450,3.64
grid2:flat,,,PR8_x2,holdout,4,1005,headon,vfield,8f8693e27a,ok,1,0,1,0,0,0,1.8959,0.9815,2.7258,2.0438,1.555,1,1,8.91,8450,3.61
grid2:flat,,,PR8_x2,holdout,4,1007,headon,vfield,8f8693e27a,ok,2,0,1,0,1,0,0.7569,0.4893,2.7258,2.0438,1.555,1,1,4.75,8450,3.62
grid2:flat,,,PR8_x2,holdout,4,1009,headon,vfield,8f8693e27a,ok,0,0,0,0,0,0,1.0337,1.6924,2.7258,2.0438,1.555,1,1,,8450,3.64
grid2:flat,,,PR8_x2,holdout,4,1011,headon,vfield,8f8693e27a,ok,0,0,0,0,0,0,1.8384,6.5347,2.7258,2.0438,1.555,1,1,,8450,3.62
grid2:flat,,,PR8_x2,holdout,4,1013,headon,vfield,8f8693e27a,ok,1,0,0,0,1,0,0.5674,6.5249,2.7258,2.0438,1.555,1,1,34.07,8450,3.62
grid2:flat,,,PR8_x2,holdout,4,1015,headon,vfield,8f8693e27a,ok,3,0,1,1,1,0,0.5908,0.8192,2.7258,2.0438,1.555,1,1,8.79,8450,3.6
grid2:flat,,,PR8_x2,holdout,4,1017,headon,vfield,8f8693e27a,ok,0,0,0,0,0,0,2.0166,5.7237,2.7258,2.0438,1.555,1,1,,8450,3.59
grid2:flat,,,PR8_x2,holdout,4,1019,headon,vfield,8f8693e27a,ok,0,0,0,0,0,0,1.7101,3.3118,2.7258,2.0438,1.555,1,1,,8450,3.62
grid2:flat,,,PR8_x2,holdout,4,1021,headon,vfield,8f8693e27a,ok,0,0,0,0,0,0,1.0422,5.7808,2.7258,2.0438,1.555,1,1,,8450,3.61
grid2:flat,,,PR8_x2,holdout,4,1023,headon,vfield,8f8693e27a,ok,1,0,0,0,1,0,0.0084,1.3969,2.7258,2.0438,1.555,1,1,15.77,8450,3.62
grid2:flat,,,PR8_x2,holdout,4,1025,headon,vfield,8f8693e27a,ok,2,0,0,0,2,0,0.0116,5.8533,2.7258,2.0438,1.555,1,1,22.95,8450,3.62
grid2:flat,,,PR8_x2,holdout,4,1027,headon,vfield,8f8693e27a,ok,0,0,0,0,0,0,2.6443,6.2494,2.7258,2.0438,1.555,1,1,,8450,3.61
grid2:flat,,,PR8_x2,holdout,4,1029,headon,vfield,8f8693e27a,ok,0,0,0,0,0,0,1.8134,5.745,2.7258,2.0438,1.555,1,1,,8450,3.65
grid2:flat,,,PR8_x2,holdout,4,1031,headon,vfield,8f8693e27a,ok,0,0,0,0,0,0,3.7097,6.0691,2.7258,2.0438,1.555,1,1,,8450,3.65
grid2:flat,,,PR8_x2,holdout,4,1033,headon,vfield,8f8693e27a,ok,2,0,0,0,2,0,0.3051,4.5797,2.7258,2.0438,1.555,1,1,32.08,8450,3.62
grid2:flat,,,PR8_x2,holdout,4,1035,headon,vfield,8f8693e27a,ok,0,0,0,0,0,0,2.1375,5.8547,2.7258,2.0438,1.555,1,1,,8450,3.59
grid2:flat,,,PR8_x2,holdout,4,1037,headon,vfield,8f8693e27a,ok,1,0,1,0,0,0,1.1519,0.661,2.7258,2.0438,1.555,1,1,10.18,8450,3.62
grid2:flat,,,PR8_x2,holdout,4,1039,headon,vfield,8f8693e27a,ok,1,0,0,0,1,0,0.1425,6.4119,2.7258,2.0438,1.555,1,1,37.49,8450,3.66
grid2:flat,,,PR8_x2,holdout,4,1041,headon,vfield,8f8693e27a,ok,0,0,0,0,0,0,2.419,5.789,2.7258,2.0438,1.555,1,1,,8450,3.61
grid2:flat,,,PR8_x2,holdout,4,1043,headon,vfield,8f8693e27a,ok,1,0,0,0,1,0,0.4175,5.5999,2.7258,2.0438,1.555,1,1,12.72,8450,3.61
grid2:flat,,,PR8_x2,holdout,4,1045,headon,vfield,8f8693e27a,ok,2,0,0,0,2,0,0.5429,5.9366,2.7258,2.0438,1.555,1,1,13.69,8450,3.59
grid2:flat,,,PR8_x2,holdout,4,1047,headon,vfield,8f8693e27a,ok,0,0,0,0,0,0,1.0664,1.0062,2.7258,2.0438,1.555,1,1,,8450,3.61
grid2:flat,,,PR8_x2,holdout,4,1049,headon,vfield,8f8693e27a,ok,1,0,0,0,1,0,0.1005,2.3252,2.7258,2.0438,1.555,1,1,33.54,8450,3.67
grid2:flat,,,PR8_x2,holdout,4,1051,headon,vfield,8f8693e27a,ok,0,0,0,0,0,0,3.2516,5.9053,2.7258,2.0438,1.555,1,1,,8450,3.65
grid2:flat,,,PR8_x2,holdout,4,1053,headon,vfield,8f8693e27a,ok,0,0,0,0,0,0,1.4576,1.6244,2.7258,2.0438,1.555,1,1,,8450,3.59
grid2:flat,,,PR8_x2,holdout,4,1055,headon,vfield,8f8693e27a,ok,1,0,1,0,0,0,1.2007,0.6887,2.7258,2.0438,1.555,1,1,8.74,8450,3.63
grid2:flat,,,PR8_x2,holdout,4,1057,headon,vfield,8f8693e27a,ok,0,0,0,0,0,0,2.5567,1.1037,2.7258,2.0438,1.555,1,1,,8450,3.64
grid2:flat,,,PR8_x2,holdout,4,1059,headon,vfield,8f8693e27a,ok,1,0,0,0,1,0,0.2863,6.16,2.7258,2.0438,1.555,1,1,40.68,8450,3.64
grid2:flat,,,PR10_x0.5,holdout,4,1001,headon,vfield,b0e9d1135a,ok,0,0,0,0,0,0,3.8189,1.8587,2.7258,2.0438,1.555,1,1,,8450,3.62
grid2:flat,,,PR10_x0.5,holdout,4,1003,headon,vfield,b0e9d1135a,ok,0,0,0,0,0,0,1.4573,2.2501,2.7258,2.0438,1.555,1,1,,8450,3.63
grid2:flat,,,PR10_x0.5,holdout,4,1005,headon,vfield,b0e9d1135a,ok,0,0,0,0,0,0,1.0829,5.1597,2.7258,2.0438,1.555,1,1,,8450,3.59
grid2:flat,,,PR10_x0.5,holdout,4,1007,headon,vfield,b0e9d1135a,ok,0,0,0,0,0,0,1.373,1.3366,2.7258,2.0438,1.555,1,1,,8450,3.64
grid2:flat,,,PR10_x0.5,holdout,4,1009,headon,vfield,b0e9d1135a,ok,1,0,1,0,0,0,2.4426,0.3883,2.7258,2.0438,1.555,1,1,10.6,8450,3.64
grid2:flat,,,PR10_x0.5,holdout,4,1011,headon,vfield,b0e9d1135a,ok,2,0,1,0,1,0,0.89,0.8478,2.7258,2.0438,1.555,1,1,7.29,8450,3.66
grid2:flat,,,PR10_x0.5,holdout,4,1013,headon,vfield,b0e9d1135a,ok,2,0,2,0,0,0,2.5535,0.2408,2.7258,2.0438,1.555,1,1,7.81,8450,3.72
grid2:flat,,,PR10_x0.5,holdout,4,1015,headon,vfield,b0e9d1135a,ok,1,0,1,0,0,0,4.3511,0.1412,2.7258,2.0438,1.555,1,1,17.8,8450,3.63
grid2:flat,,,PR10_x0.5,holdout,4,1017,headon,vfield,b0e9d1135a,ok,0,0,0,0,0,0,3.7715,3.1594,2.7258,2.0438,1.555,1,1,,8450,3.64
grid2:flat,,,PR10_x0.5,holdout,4,1019,headon,vfield,b0e9d1135a,ok,0,0,0,0,0,0,2.0334,2.9238,2.7258,2.0438,1.555,1,1,,8450,3.63
grid2:flat,,,PR10_x0.5,holdout,4,1021,headon,vfield,b0e9d1135a,ok,2,0,1,0,1,0,0.8693,0.3527,2.7258,2.0438,1.555,1,1,9.57,8450,3.64
grid2:flat,,,PR10_x0.5,holdout,4,1023,headon,vfield,b0e9d1135a,ok,1,0,0,0,1,0,0.1109,1.7921,2.7258,2.0438,1.555,1,1,19.88,8450,3.58
grid2:flat,,,PR10_x0.5,holdout,4,1025,headon,vfield,b0e9d1135a,ok,1,0,1,0,0,0,2.2082,0.3407,2.7258,2.0438,1.555,1,1,21.62,8450,3.62
grid2:flat,,,PR10_x0.5,holdout,4,1027,headon,vfield,b0e9d1135a,ok,1,0,1,0,0,0,1.9855,0.5124,2.7258,2.0438,1.555,1,1,15.43,8450,3.64
grid2:flat,,,PR10_x0.5,holdout,4,1029,headon,vfield,b0e9d1135a,ok,0,0,0,0,0,0,1.3495,2.3196,2.7258,2.0438,1.555,1,1,,8450,3.64
grid2:flat,,,PR10_x0.5,holdout,4,1031,headon,vfield,b0e9d1135a,ok,0,0,0,0,0,0,1.0913,2.467,2.7258,2.0438,1.555,1,1,,8450,3.64
grid2:flat,,,PR10_x0.5,holdout,4,1033,headon,vfield,b0e9d1135a,ok,2,0,2,0,0,0,3.166,0.1524,2.7258,2.0438,1.555,1,1,9.14,8450,3.6
grid2:flat,,,PR10_x0.5,holdout,4,1035,headon,vfield,b0e9d1135a,ok,1,0,1,0,0,0,1.8421,0.7633,2.7258,2.0438,1.555,1,1,8.05,8450,3.61
grid2:flat,,,PR10_x0.5,holdout,4,1037,headon,vfield,b0e9d1135a,ok,2,1,0,1,0,0,0.0766,0.4944,2.7258,2.0438,1.555,1,1,-0.39,8450,3.6
grid2:flat,,,PR10_x0.5,holdout,4,1039,headon,vfield,b0e9d1135a,ok,1,0,0,0,1,0,0.8766,1.2654,2.7258,2.0438,1.555,1,1,28.92,8450,3.6
grid2:flat,,,PR10_x0.5,holdout,4,1041,headon,vfield,b0e9d1135a,ok,1,0,1,0,0,0,1.9703,0.5994,2.7258,2.0438,1.555,1,1,13.0,8450,3.64
grid2:flat,,,PR10_x0.5,holdout,4,1043,headon,vfield,b0e9d1135a,ok,1,0,0,1,0,0,0.1204,1.2138,2.7258,2.0438,1.555,1,1,27.15,8450,3.61
grid2:flat,,,PR10_x0.5,holdout,4,1045,headon,vfield,b0e9d1135a,ok,1,0,1,0,0,0,4.2386,0.5175,2.7258,2.0438,1.555,1,1,5.73,8450,3.58
grid2:flat,,,PR10_x0.5,holdout,4,1047,headon,vfield,b0e9d1135a,ok,2,0,1,1,0,0,0.7004,0.1626,2.7258,2.0438,1.555,1,1,9.65,8450,3.64
grid2:flat,,,PR10_x0.5,holdout,4,1049,headon,vfield,b0e9d1135a,ok,1,0,1,0,0,0,1.1658,0.6929,2.7258,2.0438,1.555,1,1,22.39,8450,3.65
grid2:flat,,,PR10_x0.5,holdout,4,1051,headon,vfield,b0e9d1135a,ok,1,0,1,0,0,0,1.0468,0.9919,2.7258,2.0438,1.555,1,1,17.69,8450,3.64
grid2:flat,,,PR10_x0.5,holdout,4,1053,headon,vfield,b0e9d1135a,ok,3,0,2,0,1,0,0.9962,0.0102,2.7258,2.0438,1.555,1,1,-3.97,8450,3.63
grid2:flat,,,PR10_x0.5,holdout,4,1055,headon,vfield,b0e9d1135a,ok,0,0,0,0,0,0,2.5427,4.719,2.7258,2.0438,1.555,1,1,,8450,3.67
grid2:flat,,,PR10_x0.5,holdout,4,1057,headon,vfield,b0e9d1135a,ok,1,0,0,0,1,0,0.9155,3.7534,2.7258,2.0438,1.555,1,1,1.48,8450,3.62
grid2:flat,,,PR10_x0.5,holdout,4,1059,headon,vfield,b0e9d1135a,ok,1,0,0,0,1,0,0.2945,2.8843,2.7258,2.0438,1.555,1,1,22.01,8450,3.58
grid2:flat,,,PR10_x0.75,holdout,4,1001,headon,vfield,e58e68a1fb,ok,1,0,0,0,1,0,0.274,1.2503,2.7258,2.0438,1.555,1,1,30.08,8450,3.63
grid2:flat,,,PR10_x0.75,holdout,4,1003,headon,vfield,e58e68a1fb,ok,2,1,1,0,0,0,6.9922,0.5466,2.7258,2.0438,1.555,1,1,-1.71,8450,3.59
grid2:flat,,,PR10_x0.75,holdout,4,1005,headon,vfield,e58e68a1fb,ok,3,1,2,0,0,0,2.2429,0.1317,2.7258,2.0438,1.555,1,1,3.44,8450,3.64
grid2:flat,,,PR10_x0.75,holdout,4,1007,headon,vfield,e58e68a1fb,ok,0,0,0,0,0,0,3.6865,2.5358,2.7258,2.0438,1.555,1,1,,8450,3.65
grid2:flat,,,PR10_x0.75,holdout,4,1009,headon,vfield,e58e68a1fb,ok,1,0,0,0,1,0,0.7989,5.3969,2.7258,2.0438,1.555,1,1,24.95,8450,3.67
grid2:flat,,,PR10_x0.75,holdout,4,1011,headon,vfield,e58e68a1fb,ok,0,0,0,0,0,0,7.0393,3.9456,2.7258,2.0438,1.555,1,1,,8450,3.61
grid2:flat,,,PR10_x0.75,holdout,4,1013,headon,vfield,e58e68a1fb,ok,1,0,0,1,0,0,0.9832,3.0167,2.7258,2.0438,1.555,1,1,5.27,8450,3.59
grid2:flat,,,PR10_x0.75,holdout,4,1015,headon,vfield,e58e68a1fb,ok,0,0,0,0,0,0,1.1597,5.4179,2.7258,2.0438,1.555,1,1,,8450,3.63
grid2:flat,,,PR10_x0.75,holdout,4,1017,headon,vfield,e58e68a1fb,ok,0,0,0,0,0,0,4.517,3.2154,2.7258,2.0438,1.555,1,1,,8450,3.62
grid2:flat,,,PR10_x0.75,holdout,4,1019,headon,vfield,e58e68a1fb,ok,0,0,0,0,0,0,2.2586,1.7038,2.7258,2.0438,1.555,1,1,,8450,3.62
grid2:flat,,,PR10_x0.75,holdout,4,1021,headon,vfield,e58e68a1fb,ok,0,0,0,0,0,0,5.5549,4.0966,2.7258,2.0438,1.555,1,1,,8450,3.59
grid2:flat,,,PR10_x0.75,holdout,4,1023,headon,vfield,e58e68a1fb,ok,1,0,0,1,0,0,0.8176,3.6756,2.7258,2.0438,1.555,1,1,20.1,8450,3.63
grid2:flat,,,PR10_x0.75,holdout,4,1025,headon,vfield,e58e68a1fb,ok,1,0,0,1,0,0,0.7262,5.2006,2.7258,2.0438,1.555,1,1,35.81,8450,3.6
grid2:flat,,,PR10_x0.75,holdout,4,1027,headon,vfield,e58e68a1fb,ok,0,0,0,0,0,0,3.8194,1.3852,2.7258,2.0438,1.555,1,1,,8450,3.62
grid2:flat,,,PR10_x0.75,holdout,4,1029,headon,vfield,e58e68a1fb,ok,0,0,0,0,0,0,1.5392,2.2237,2.7258,2.0438,1.555,1,1,,8450,3.66
grid2:flat,,,PR10_x0.75,holdout,4,1031,headon,vfield,e58e68a1fb,ok,0,0,0,0,0,0,1.5841,6.1949,2.7258,2.0438,1.555,1,1,,8450,3.62
grid2:flat,,,PR10_x0.75,holdout,4,1033,headon,vfield,e58e68a1fb,ok,0,0,0,0,0,0,2.1888,1.8071,2.7258,2.0438,1.555,1,1,,8450,3.64
grid2:flat,,,PR10_x0.75,holdout,4,1035,headon,vfield,e58e68a1fb,ok,1,0,1,0,0,0,3.1096,0.1862,2.7258,2.0438,1.555,1,1,-2.83,8450,3.62
grid2:flat,,,PR10_x0.75,holdout,4,1037,headon,vfield,e58e68a1fb,ok,0,0,0,0,0,0,3.0942,3.1972,2.7258,2.0438,1.555,1,1,,8450,3.61
grid2:flat,,,PR10_x0.75,holdout,4,1039,headon,vfield,e58e68a1fb,ok,1,0,1,0,0,0,2.6119,0.5552,2.7258,2.0438,1.555,1,1,11.24,8450,3.66
grid2:flat,,,PR10_x0.75,holdout,4,1041,headon,vfield,e58e68a1fb,ok,0,0,0,0,0,0,1.2194,2.5876,2.7258,2.0438,1.555,1,1,,8450,3.61
grid2:flat,,,PR10_x0.75,holdout,4,1043,headon,vfield,e58e68a1fb,ok,0,0,0,0,0,0,2.4034,3.243,2.7258,2.0438,1.555,1,1,,8450,3.63
grid2:flat,,,PR10_x0.75,holdout,4,1045,headon,vfield,e58e68a1fb,ok,1,0,1,0,0,0,1.7569,0.5961,2.7258,2.0438,1.555,1,1,-3.67,8450,3.63
grid2:flat,,,PR10_x0.75,holdout,4,1047,headon,vfield,e58e68a1fb,ok,1,0,0,0,1,0,0.0669,2.0433,2.7258,2.0438,1.555,1,1,18.49,8450,3.61
grid2:flat,,,PR10_x0.75,holdout,4,1049,headon,vfield,e58e68a1fb,ok,2,0,0,1,1,0,0.0391,4.6036,2.7258,2.0438,1.555,1,1,-15.47,8450,3.6
grid2:flat,,,PR10_x0.75,holdout,4,1051,headon,vfield,e58e68a1fb,ok,0,0,0,0,0,0,4.9526,1.8478,2.7258,2.0438,1.555,1,1,,8450,3.62
grid2:flat,,,PR10_x0.75,holdout,4,1053,headon,vfield,e58e68a1fb,ok,2,0,1,1,0,0,0.0231,0.6144,2.7258,2.0438,1.555,1,1,5.98,8450,3.64
grid2:flat,,,PR10_x0.75,holdout,4,1055,headon,vfield,e58e68a1fb,ok,2,0,1,0,1,0,0.9251,0.8052,2.7258,2.0438,1.555,1,1,6.09,8450,3.61
grid2:flat,,,PR10_x0.75,holdout,4,1057,headon,vfield,e58e68a1fb,ok,3,0,1,1,1,0,0.1003,0.6406,2.7258,2.0438,1.555,1,1,6.9,8450,3.63
grid2:flat,,,PR10_x0.75,holdout,4,1059,headon,vfield,e58e68a1fb,ok,0,0,0,0,0,0,7.0365,1.4278,2.7258,2.0438,1.555,1,1,,8450,3.62
grid2:flat,,,PR10_x1,holdout,4,1001,headon,vfield,af16195f31,ok,0,0,0,0,0,0,1.4117,5.816,2.7258,2.0438,1.555,1,1,,8450,3.62
grid2:flat,,,PR10_x1,holdout,4,1003,headon,vfield,af16195f31,ok,2,0,0,0,2,0,0.8317,1.6284,2.7258,2.0438,1.555,1,1,6.66,8450,3.62
grid2:flat,,,PR10_x1,holdout,4,1005,headon,vfield,af16195f31,ok,0,0,0,0,0,0,2.1631,6.2014,2.7258,2.0438,1.555,1,1,,8450,3.62
grid2:flat,,,PR10_x1,holdout,4,1007,headon,vfield,af16195f31,ok,0,0,0,0,0,0,2.9119,4.883,2.7258,2.0438,1.555,1,1,,8450,3.64
grid2:flat,,,PR10_x1,holdout,4,1009,headon,vfield,af16195f31,ok,0,0,0,0,0,0,3.0334,6.6399,2.7258,2.0438,1.555,1,1,,8450,3.68
grid2:flat,,,PR10_x1,holdout,4,1011,headon,vfield,af16195f31,ok,0,0,0,0,0,0,5.3959,4.0752,2.7258,2.0438,1.555,1,1,,8450,3.68
grid2:flat,,,PR10_x1,holdout,4,1013,headon,vfield,af16195f31,ok,1,0,1,0,0,0,1.3545,0.4496,2.7258,2.0438,1.555,1,1,1.01,8450,3.62
grid2:flat,,,PR10_x1,holdout,4,1015,headon,vfield,af16195f31,ok,0,0,0,0,0,0,1.4149,2.3735,2.7258,2.0438,1.555,1,1,,8450,3.64
grid2:flat,,,PR10_x1,holdout,4,1017,headon,vfield,af16195f31,ok,0,0,0,0,0,0,1.0593,1.3607,2.7258,2.0438,1.555,1,1,,8450,3.63
grid2:flat,,,PR10_x1,holdout,4,1019,headon,vfield,af16195f31,ok,0,0,0,0,0,0,2.8307,3.8224,2.7258,2.0438,1.555,1,1,,8450,3.6
grid2:flat,,,PR10_x1,holdout,4,1021,headon,vfield,af16195f31,ok,1,0,0,0,1,0,0.5637,6.1647,2.7258,2.0438,1.555,1,1,36.04,8450,3.59
grid2:flat,,,PR10_x1,holdout,4,1023,headon,vfield,af16195f31,ok,0,0,0,0,0,0,5.8893,1.1164,2.7258,2.0438,1.555,1,1,,8450,3.58
grid2:flat,,,PR10_x1,holdout,4,1025,headon,vfield,af16195f31,ok,0,0,0,0,0,0,4.4025,3.9488,2.7258,2.0438,1.555,1,1,,8450,3.62
grid2:flat,,,PR10_x1,holdout,4,1027,headon,vfield,af16195f31,ok,0,0,0,0,0,0,3.2971,1.2637,2.7258,2.0438,1.555,1,1,,8450,3.64
grid2:flat,,,PR10_x1,holdout,4,1029,headon,vfield,af16195f31,ok,0,0,0,0,0,0,4.6981,5.5029,2.7258,2.0438,1.555,1,1,,8450,3.64
grid2:flat,,,PR10_x1,holdout,4,1031,headon,vfield,af16195f31,ok,1,0,0,0,1,0,0.9556,5.0897,2.7258,2.0438,1.555,1,1,24.75,8450,3.62
grid2:flat,,,PR10_x1,holdout,4,1033,headon,vfield,af16195f31,ok,0,0,0,0,0,0,2.2443,1.5613,2.7258,2.0438,1.555,1,1,,8450,3.59
grid2:flat,,,PR10_x1,holdout,4,1035,headon,vfield,af16195f31,ok,1,0,1,0,0,0,2.602,0.6643,2.7258,2.0438,1.555,1,1,4.86,8450,3.64
grid2:flat,,,PR10_x1,holdout,4,1037,headon,vfield,af16195f31,ok,2,0,0,1,1,0,0.0944,5.0924,2.7258,2.0438,1.555,1,1,10.58,8450,3.62
grid2:flat,,,PR10_x1,holdout,4,1039,headon,vfield,af16195f31,ok,0,0,0,0,0,0,2.5012,2.6721,2.7258,2.0438,1.555,1,1,,8450,3.62
grid2:flat,,,PR10_x1,holdout,4,1041,headon,vfield,af16195f31,ok,1,0,0,0,1,0,0.1617,6.1626,2.7258,2.0438,1.555,1,1,11.83,8450,3.57
grid2:flat,,,PR10_x1,holdout,4,1043,headon,vfield,af16195f31,ok,1,0,0,0,1,0,0.9802,3.643,2.7258,2.0438,1.555,1,1,27.56,8450,3.65
grid2:flat,,,PR10_x1,holdout,4,1045,headon,vfield,af16195f31,ok,0,0,0,0,0,0,6.4221,1.2565,2.7258,2.0438,1.555,1,1,,8450,3.62
grid2:flat,,,PR10_x1,holdout,4,1047,headon,vfield,af16195f31,ok,3,1,1,0,1,0,0.563,0.7054,2.7258,2.0438,1.555,1,1,4.54,8450,3.63
grid2:flat,,,PR10_x1,holdout,4,1049,headon,vfield,af16195f31,ok,1,0,1,0,0,0,6.05,0.9862,2.7258,2.0438,1.555,1,1,4.61,8450,3.64
grid2:flat,,,PR10_x1,holdout,4,1051,headon,vfield,af16195f31,ok,0,0,0,0,0,0,2.7791,3.0164,2.7258,2.0438,1.555,1,1,,8450,3.65
grid2:flat,,,PR10_x1,holdout,4,1053,headon,vfield,af16195f31,ok,0,0,0,0,0,0,2.7566,3.3551,2.7258,2.0438,1.555,1,1,,8450,3.6
grid2:flat,,,PR10_x1,holdout,4,1055,headon,vfield,af16195f31,ok,0,0,0,0,0,0,4.7556,5.3586,2.7258,2.0438,1.555,1,1,,8450,3.62
grid2:flat,,,PR10_x1,holdout,4,1057,headon,vfield,af16195f31,ok,2,0,1,0,1,0,0.9466,0.6132,2.7258,2.0438,1.555,1,1,35.46,8450,3.62
grid2:flat,,,PR10_x1,holdout,4,1059,headon,vfield,af16195f31,ok,0,0,0,0,0,0,1.3335,4.3086,2.7258,2.0438,1.555,1,1,,8450,3.64
grid2:flat,,,PR10_x1.25,holdout,4,1001,headon,vfield,054d4bc927,ok,0,0,0,0,0,0,1.618,8.0883,2.7258,2.0438,1.555,1,1,,8450,3.59
grid2:flat,,,PR10_x1.25,holdout,4,1003,headon,vfield,054d4bc927,ok,0,0,0,0,0,0,5.6945,8.1203,2.7258,2.0438,1.555,1,1,,8450,3.62
grid2:flat,,,PR10_x1.25,holdout,4,1005,headon,vfield,054d4bc927,ok,1,0,0,1,0,0,0.7485,5.6301,2.7258,2.0438,1.555,1,1,26.34,8450,3.64
grid2:flat,,,PR10_x1.25,holdout,4,1007,headon,vfield,054d4bc927,ok,0,0,0,0,0,0,2.3753,7.4271,2.7258,2.0438,1.555,1,1,,8450,3.62
grid2:flat,,,PR10_x1.25,holdout,4,1009,headon,vfield,054d4bc927,ok,1,0,0,1,0,0,0.1609,6.7397,2.7258,2.0438,1.555,1,1,8.37,8450,3.62
grid2:flat,,,PR10_x1.25,holdout,4,1011,headon,vfield,054d4bc927,ok,1,0,1,0,0,0,2.622,0.325,2.7258,2.0438,1.555,1,1,5.08,8450,3.6
grid2:flat,,,PR10_x1.25,holdout,4,1013,headon,vfield,054d4bc927,ok,0,0,0,0,0,0,1.9382,2.0507,2.7258,2.0438,1.555,1,1,,8450,3.61
grid2:flat,,,PR10_x1.25,holdout,4,1015,headon,vfield,054d4bc927,ok,1,0,0,0,1,0,0.9798,7.6525,2.7258,2.0438,1.555,1,1,22.94,8450,3.64
grid2:flat,,,PR10_x1.25,holdout,4,1017,headon,vfield,054d4bc927,ok,0,0,0,0,0,0,2.7774,6.4105,2.7258,2.0438,1.555,1,1,,8450,3.63
grid2:flat,,,PR10_x1.25,holdout,4,1019,headon,vfield,054d4bc927,ok,0,0,0,0,0,0,1.9414,2.8309,2.7258,2.0438,1.555,1,1,,8450,3.61
grid2:flat,,,PR10_x1.25,holdout,4,1021,headon,vfield,054d4bc927,ok,0,0,0,0,0,0,2.5268,7.0059,2.7258,2.0438,1.555,1,1,,8450,3.66
grid2:flat,,,PR10_x1.25,holdout,4,1023,headon,vfield,054d4bc927,ok,0,0,0,0,0,0,1.9091,7.3757,2.7258,2.0438,1.555,1,1,,8450,3.62
grid2:flat,,,PR10_x1.25,holdout,4,1025,headon,vfield,054d4bc927,ok,1,0,0,1,0,0,0.8678,3.117,2.7258,2.0438,1.555,1,1,12.5,8450,3.59
grid2:flat,,,PR10_x1.25,holdout,4,1027,headon,vfield,054d4bc927,ok,0,0,0,0,0,0,2.1846,2.4293,2.7258,2.0438,1.555,1,1,,8450,3.63
grid2:flat,,,PR10_x1.25,holdout,4,1029,headon,vfield,054d4bc927,ok,0,0,0,0,0,0,1.7334,5.0776,2.7258,2.0438,1.555,1,1,,8450,3.59
grid2:flat,,,PR10_x1.25,holdout,4,1031,headon,vfield,054d4bc927,ok,2,0,1,0,1,0,0.5705,0.7612,2.7258,2.0438,1.555,1,1,3.91,8450,3.6
grid2:flat,,,PR10_x1.25,holdout,4,1033,headon,vfield,054d4bc927,ok,0,0,0,0,0,0,3.3289,2.3238,2.7258,2.0438,1.555,1,1,,8450,3.65
grid2:flat,,,PR10_x1.25,holdout,4,1035,headon,vfield,054d4bc927,ok,0,0,0,0,0,0,1.7617,4.1599,2.7258,2.0438,1.555,1,1,,8450,3.62
grid2:flat,,,PR10_x1.25,holdout,4,1037,headon,vfield,054d4bc927,ok,0,0,0,0,0,0,4.182,7.1482,2.7258,2.0438,1.555,1,1,,8450,3.61
grid2:flat,,,PR10_x1.25,holdout,4,1039,headon,vfield,054d4bc927,ok,0,0,0,0,0,0,2.9438,1.1731,2.7258,2.0438,1.555,1,1,,8450,3.58
grid2:flat,,,PR10_x1.25,holdout,4,1041,headon,vfield,054d4bc927,ok,1,0,0,0,1,0,0.3344,2.1923,2.7258,2.0438,1.555,1,1,36.55,8450,3.64
grid2:flat,,,PR10_x1.25,holdout,4,1043,headon,vfield,054d4bc927,ok,0,0,0,0,0,0,1.2711,5.4467,2.7258,2.0438,1.555,1,1,,8450,3.61
grid2:flat,,,PR10_x1.25,holdout,4,1045,headon,vfield,054d4bc927,ok,0,0,0,0,0,0,1.4785,3.2837,2.7258,2.0438,1.555,1,1,,8450,3.61
grid2:flat,,,PR10_x1.25,holdout,4,1047,headon,vfield,054d4bc927,ok,0,0,0,0,0,0,2.4352,5.3729,2.7258,2.0438,1.555,1,1,,8450,3.64
grid2:flat,,,PR10_x1.25,holdout,4,1049,headon,vfield,054d4bc927,ok,0,0,0,0,0,0,2.123,6.2907,2.7258,2.0438,1.555,1,1,,8450,3.59
grid2:flat,,,PR10_x1.25,holdout,4,1051,headon,vfield,054d4bc927,ok,0,0,0,0,0,0,2.3624,7.8129,2.7258,2.0438,1.555,1,1,,8450,3.57
grid2:flat,,,PR10_x1.25,holdout,4,1053,headon,vfield,054d4bc927,ok,1,0,0,0,1,0,0.5088,2.7803,2.7258,2.0438,1.555,1,1,35.12,8450,3.64
grid2:flat,,,PR10_x1.25,holdout,4,1055,headon,vfield,054d4bc927,ok,0,0,0,0,0,0,1.1072,8.4525,2.7258,2.0438,1.555,1,1,,8450,3.61
grid2:flat,,,PR10_x1.25,holdout,4,1057,headon,vfield,054d4bc927,ok,1,0,1,0,0,0,1.6158,0.5266,2.7258,2.0438,1.555,1,1,16.35,8450,3.64
grid2:flat,,,PR10_x1.25,holdout,4,1059,headon,vfield,054d4bc927,ok,0,0,0,0,0,0,3.5742,1.6273,2.7258,2.0438,1.555,1,1,,8450,3.61
grid2:flat,,,PR10_x1.5,holdout,4,1001,headon,vfield,feda829b0d,ok,0,0,0,0,0,0,1.829,8.1831,2.7258,2.0438,1.555,1,1,,8450,3.56
grid2:flat,,,PR10_x1.5,holdout,4,1003,headon,vfield,feda829b0d,ok,1,0,0,0,1,0,0.4506,7.6839,2.7258,2.0438,1.555,1,1,38.63,8450,3.67
grid2:flat,,,PR10_x1.5,holdout,4,1005,headon,vfield,feda829b0d,ok,0,0,0,0,0,0,3.8657,8.4505,2.7258,2.0438,1.555,1,1,,8450,3.67
grid2:flat,,,PR10_x1.5,holdout,4,1007,headon,vfield,feda829b0d,ok,1,0,0,0,1,0,0.0427,8.1272,2.7258,2.0438,1.555,1,1,39.01,8450,3.62
grid2:flat,,,PR10_x1.5,holdout,4,1009,headon,vfield,feda829b0d,ok,0,0,0,0,0,0,2.1289,6.0297,2.7258,2.0438,1.555,1,1,,8450,3.65
grid2:flat,,,PR10_x1.5,holdout,4,1011,headon,vfield,feda829b0d,ok,0,0,0,0,0,0,3.9453,1.7952,2.7258,2.0438,1.555,1,1,,8450,3.62
grid2:flat,,,PR10_x1.5,holdout,4,1013,headon,vfield,feda829b0d,ok,0,0,0,0,0,0,3.0259,3.401,2.7258,2.0438,1.555,1,1,,8450,3.64
grid2:flat,,,PR10_x1.5,holdout,4,1015,headon,vfield,feda829b0d,ok,0,0,0,0,0,0,1.5702,1.2381,2.7258,2.0438,1.555,1,1,,8450,3.65
grid2:flat,,,PR10_x1.5,holdout,4,1017,headon,vfield,feda829b0d,ok,1,0,0,0,1,0,0.4017,6.2527,2.7258,2.0438,1.555,1,1,13.79,8450,3.64
grid2:flat,,,PR10_x1.5,holdout,4,1019,headon,vfield,feda829b0d,ok,3,0,1,1,1,0,0.3942,0.7647,2.7258,2.0438,1.555,1,1,5.33,8450,3.63
grid2:flat,,,PR10_x1.5,holdout,4,1021,headon,vfield,feda829b0d,ok,0,0,0,0,0,0,4.3776,7.9913,2.7258,2.0438,1.555,1,1,,8450,3.65
grid2:flat,,,PR10_x1.5,holdout,4,1023,headon,vfield,feda829b0d,ok,0,0,0,0,0,0,2.5215,1.3795,2.7258,2.0438,1.555,1,1,,8450,3.62
grid2:flat,,,PR10_x1.5,holdout,4,1025,headon,vfield,feda829b0d,ok,0,0,0,0,0,0,1.3809,4.9418,2.7258,2.0438,1.555,1,1,,8450,3.63
grid2:flat,,,PR10_x1.5,holdout,4,1027,headon,vfield,feda829b0d,ok,0,0,0,0,0,0,2.4181,2.6098,2.7258,2.0438,1.555,1,1,,8450,3.64
grid2:flat,,,PR10_x1.5,holdout,4,1029,headon,vfield,feda829b0d,ok,0,0,0,0,0,0,2.301,7.7964,2.7258,2.0438,1.555,1,1,,8450,3.58
grid2:flat,,,PR10_x1.5,holdout,4,1031,headon,vfield,feda829b0d,ok,1,0,0,0,1,0,0.7542,7.5683,2.7258,2.0438,1.555,1,1,41.81,8450,3.65
grid2:flat,,,PR10_x1.5,holdout,4,1033,headon,vfield,feda829b0d,ok,0,0,0,0,0,0,4.6809,4.0231,2.7258,2.0438,1.555,1,1,,8450,3.62
grid2:flat,,,PR10_x1.5,holdout,4,1035,headon,vfield,feda829b0d,ok,0,0,0,0,0,0,2.3659,7.7655,2.7258,2.0438,1.555,1,1,,8450,3.63
grid2:flat,,,PR10_x1.5,holdout,4,1037,headon,vfield,feda829b0d,ok,0,0,0,0,0,0,6.2431,7.9346,2.7258,2.0438,1.555,1,1,,8450,3.62
grid2:flat,,,PR10_x1.5,holdout,4,1039,headon,vfield,feda829b0d,ok,0,0,0,0,0,0,1.7224,6.5893,2.7258,2.0438,1.555,1,1,,8450,3.58
grid2:flat,,,PR10_x1.5,holdout,4,1041,headon,vfield,feda829b0d,ok,0,0,0,0,0,0,4.299,1.2382,2.7258,2.0438,1.555,1,1,,8450,3.6
grid2:flat,,,PR10_x1.5,holdout,4,1043,headon,vfield,feda829b0d,ok,0,0,0,0,0,0,2.6939,7.1429,2.7258,2.0438,1.555,1,1,,8450,3.63
grid2:flat,,,PR10_x1.5,holdout,4,1045,headon,vfield,feda829b0d,ok,0,0,0,0,0,0,3.4932,7.7626,2.7258,2.0438,1.555,1,1,,8450,3.63
grid2:flat,,,PR10_x1.5,holdout,4,1047,headon,vfield,feda829b0d,ok,0,0,0,0,0,0,3.3645,4.9327,2.7258,2.0438,1.555,1,1,,8450,3.61
grid2:flat,,,PR10_x1.5,holdout,4,1049,headon,vfield,feda829b0d,ok,1,0,0,0,1,0,0.1327,7.5336,2.7258,2.0438,1.555,1,1,39.09,8450,3.57
grid2:flat,,,PR10_x1.5,holdout,4,1051,headon,vfield,feda829b0d,ok,0,0,0,0,0,0,4.207,7.8427,2.7258,2.0438,1.555,1,1,,8450,3.64
grid2:flat,,,PR10_x1.5,holdout,4,1053,headon,vfield,feda829b0d,ok,0,0,0,0,0,0,2.3283,2.4713,2.7258,2.0438,1.555,1,1,,8450,3.59
grid2:flat,,,PR10_x1.5,holdout,4,1055,headon,vfield,feda829b0d,ok,0,0,0,0,0,0,4.8719,2.1213,2.7258,2.0438,1.555,1,1,,8450,3.62
grid2:flat,,,PR10_x1.5,holdout,4,1057,headon,vfield,feda829b0d,ok,1,0,1,0,0,0,1.9549,0.2491,2.7258,2.0438,1.555,1,1,4.56,8450,3.62
grid2:flat,,,PR10_x1.5,holdout,4,1059,headon,vfield,feda829b0d,ok,0,0,0,0,0,0,3.4077,1.1212,2.7258,2.0438,1.555,1,1,,8450,3.6
grid2:flat,,,PR10_x2,holdout,4,1001,headon,vfield,1868b6b4dc,ok,0,0,0,0,0,0,2.3338,7.7349,2.7258,2.0438,1.555,1,1,,8450,3.62
grid2:flat,,,PR10_x2,holdout,4,1003,headon,vfield,1868b6b4dc,ok,0,0,0,0,0,0,4.2822,1.6882,2.7258,2.0438,1.555,1,1,,8450,3.61
grid2:flat,,,PR10_x2,holdout,4,1005,headon,vfield,1868b6b4dc,ok,1,0,1,0,0,0,4.5664,0.8848,2.7258,2.0438,1.555,1,1,7.1,8450,3.62
grid2:flat,,,PR10_x2,holdout,4,1007,headon,vfield,1868b6b4dc,ok,1,0,0,0,1,0,0.4173,2.9501,2.7258,2.0438,1.555,1,1,31.28,8450,3.6
grid2:flat,,,PR10_x2,holdout,4,1009,headon,vfield,1868b6b4dc,ok,0,0,0,0,0,0,4.7717,1.0051,2.7258,2.0438,1.555,1,1,,8450,3.65
grid2:flat,,,PR10_x2,holdout,4,1011,headon,vfield,1868b6b4dc,ok,0,0,0,0,0,0,3.1632,2.7552,2.7258,2.0438,1.555,1,1,,8450,3.64
grid2:flat,,,PR10_x2,holdout,4,1013,headon,vfield,1868b6b4dc,ok,0,0,0,0,0,0,5.2642,1.313,2.7258,2.0438,1.555,1,1,,8450,3.61
grid2:flat,,,PR10_x2,holdout,4,1015,headon,vfield,1868b6b4dc,ok,0,0,0,0,0,0,2.8973,1.0229,2.7258,2.0438,1.555,1,1,,8450,3.59
grid2:flat,,,PR10_x2,holdout,4,1017,headon,vfield,1868b6b4dc,ok,0,0,0,0,0,0,3.5485,1.3527,2.7258,2.0438,1.555,1,1,,8450,3.58
grid2:flat,,,PR10_x2,holdout,4,1019,headon,vfield,1868b6b4dc,ok,0,0,0,0,0,0,2.4763,3.0307,2.7258,2.0438,1.555,1,1,,8450,3.55
grid2:flat,,,PR10_x2,holdout,4,1021,headon,vfield,1868b6b4dc,ok,0,0,0,0,0,0,4.3752,1.2188,2.7258,2.0438,1.555,1,1,,8450,3.66
grid2:flat,,,PR10_x2,holdout,4,1023,headon,vfield,1868b6b4dc,ok,0,0,0,0,0,0,3.8518,3.173,2.7258,2.0438,1.555,1,1,,8450,3.63
grid2:flat,,,PR10_x2,holdout,4,1025,headon,vfield,1868b6b4dc,ok,1,0,1,0,0,0,1.9479,0.6656,2.7258,2.0438,1.555,1,1,6.12,8450,3.61
grid2:flat,,,PR10_x2,holdout,4,1027,headon,vfield,1868b6b4dc,ok,0,0,0,0,0,0,5.6479,1.555,2.7258,2.0438,1.555,1,1,,8450,3.62
grid2:flat,,,PR10_x2,holdout,4,1029,headon,vfield,1868b6b4dc,ok,0,0,0,0,0,0,3.7562,1.2224,2.7258,2.0438,1.555,1,1,,8450,3.58
grid2:flat,,,PR10_x2,holdout,4,1031,headon,vfield,1868b6b4dc,ok,1,0,0,0,1,0,0.654,7.8291,2.7258,2.0438,1.555,1,1,34.97,8450,3.62
grid2:flat,,,PR10_x2,holdout,4,1033,headon,vfield,1868b6b4dc,ok,0,0,0,0,0,0,4.9496,1.4482,2.7258,2.0438,1.555,1,1,,8450,3.63
grid2:flat,,,PR10_x2,holdout,4,1035,headon,vfield,1868b6b4dc,ok,0,0,0,0,0,0,3.4771,2.0837,2.7258,2.0438,1.555,1,1,,8450,3.66
grid2:flat,,,PR10_x2,holdout,4,1037,headon,vfield,1868b6b4dc,ok,0,0,0,0,0,0,4.0352,1.4314,2.7258,2.0438,1.555,1,1,,8450,3.59
grid2:flat,,,PR10_x2,holdout,4,1039,headon,vfield,1868b6b4dc,ok,0,0,0,0,0,0,1.7884,8.305,2.7258,2.0438,1.555,1,1,,8450,3.61
grid2:flat,,,PR10_x2,holdout,4,1041,headon,vfield,1868b6b4dc,ok,0,0,0,0,0,0,3.9915,8.3473,2.7258,2.0438,1.555,1,1,,8450,3.65
grid2:flat,,,PR10_x2,holdout,4,1043,headon,vfield,1868b6b4dc,ok,0,0,0,0,0,0,2.4141,1.1742,2.7258,2.0438,1.555,1,1,,8450,3.65
grid2:flat,,,PR10_x2,holdout,4,1045,headon,vfield,1868b6b4dc,ok,0,0,0,0,0,0,5.2671,1.9005,2.7258,2.0438,1.555,1,1,,8450,3.64
grid2:flat,,,PR10_x2,holdout,4,1047,headon,vfield,1868b6b4dc,ok,1,0,1,0,0,0,4.6143,0.2799,2.7258,2.0438,1.555,1,1,5.57,8450,3.6
grid2:flat,,,PR10_x2,holdout,4,1049,headon,vfield,1868b6b4dc,ok,1,0,1,0,0,0,2.8993,0.5705,2.7258,2.0438,1.555,1,1,6.19,8450,3.56
grid2:flat,,,PR10_x2,holdout,4,1051,headon,vfield,1868b6b4dc,ok,0,0,0,0,0,0,5.4835,7.8466,2.7258,2.0438,1.555,1,1,,8450,3.64
grid2:flat,,,PR10_x2,holdout,4,1053,headon,vfield,1868b6b4dc,ok,0,0,0,0,0,0,4.2989,1.4188,2.7258,2.0438,1.555,1,1,,8450,3.65
grid2:flat,,,PR10_x2,holdout,4,1055,headon,vfield,1868b6b4dc,ok,0,0,0,0,0,0,3.062,8.2269,2.7258,2.0438,1.555,1,1,,8450,3.61
grid2:flat,,,PR10_x2,holdout,4,1057,headon,vfield,1868b6b4dc,ok,1,0,0,0,1,0,0.3827,7.9196,2.7258,2.0438,1.555,1,1,32.57,8450,3.58
grid2:flat,,,PR10_x2,holdout,4,1059,headon,vfield,1868b6b4dc,ok,1,0,0,0,1,0,0.0429,8.6036,2.7258,2.0438,1.555,1,1,40.61,8450,3.61
grid2:flat,,,PR13_x0.5,holdout,4,1001,headon,vfield,4ddc67d9fc,ok,0,0,0,0,0,0,2.1202,4.5849,2.7258,2.0438,1.555,1,1,,8450,3.61
grid2:flat,,,PR13_x0.5,holdout,4,1003,headon,vfield,4ddc67d9fc,ok,0,0,0,0,0,0,2.5734,3.9739,2.7258,2.0438,1.555,1,1,,8450,3.61
grid2:flat,,,PR13_x0.5,holdout,4,1005,headon,vfield,4ddc67d9fc,ok,0,0,0,0,0,0,2.439,4.5485,2.7258,2.0438,1.555,1,1,,8450,3.63
grid2:flat,,,PR13_x0.5,holdout,4,1007,headon,vfield,4ddc67d9fc,ok,0,0,0,0,0,0,4.0876,1.2331,2.7258,2.0438,1.555,1,1,,8450,3.65
grid2:flat,,,PR13_x0.5,holdout,4,1009,headon,vfield,4ddc67d9fc,ok,1,0,1,0,0,0,3.0457,0.7207,2.7258,2.0438,1.555,1,1,5.17,8450,3.64
grid2:flat,,,PR13_x0.5,holdout,4,1011,headon,vfield,4ddc67d9fc,ok,0,0,0,0,0,0,1.8211,5.6591,2.7258,2.0438,1.555,1,1,,8450,3.61
grid2:flat,,,PR13_x0.5,holdout,4,1013,headon,vfield,4ddc67d9fc,ok,0,0,0,0,0,0,2.599,1.2022,2.7258,2.0438,1.555,1,1,,8450,3.62
grid2:flat,,,PR13_x0.5,holdout,4,1015,headon,vfield,4ddc67d9fc,ok,0,0,0,0,0,0,2.7735,6.0573,2.7258,2.0438,1.555,1,1,,8450,3.61
grid2:flat,,,PR13_x0.5,holdout,4,1017,headon,vfield,4ddc67d9fc,ok,0,0,0,0,0,0,4.168,2.3698,2.7258,2.0438,1.555,1,1,,8450,3.61
grid2:flat,,,PR13_x0.5,holdout,4,1019,headon,vfield,4ddc67d9fc,ok,0,0,0,0,0,0,2.3823,1.6222,2.7258,2.0438,1.555,1,1,,8450,3.59
grid2:flat,,,PR13_x0.5,holdout,4,1021,headon,vfield,4ddc67d9fc,ok,0,0,0,0,0,0,1.6724,2.8694,2.7258,2.0438,1.555,1,1,,8450,3.63
grid2:flat,,,PR13_x0.5,holdout,4,1023,headon,vfield,4ddc67d9fc,ok,0,0,0,0,0,0,4.3602,2.9453,2.7258,2.0438,1.555,1,1,,8450,3.65
grid2:flat,,,PR13_x0.5,holdout,4,1025,headon,vfield,4ddc67d9fc,ok,1,0,1,0,0,0,4.3274,0.8674,2.7258,2.0438,1.555,1,1,5.83,8450,3.6
grid2:flat,,,PR13_x0.5,holdout,4,1027,headon,vfield,4ddc67d9fc,ok,0,0,0,0,0,0,1.0355,1.7059,2.7258,2.0438,1.555,1,1,,8450,3.63
grid2:flat,,,PR13_x0.5,holdout,4,1029,headon,vfield,4ddc67d9fc,ok,0,0,0,0,0,0,4.2047,6.307,2.7258,2.0438,1.555,1,1,,8450,3.63
grid2:flat,,,PR13_x0.5,holdout,4,1031,headon,vfield,4ddc67d9fc,ok,0,0,0,0,0,0,3.0714,3.6544,2.7258,2.0438,1.555,1,1,,8450,3.61
grid2:flat,,,PR13_x0.5,holdout,4,1033,headon,vfield,4ddc67d9fc,ok,1,0,0,1,0,0,0.7015,2.2625,2.7258,2.0438,1.555,1,1,-15.89,8450,3.63
grid2:flat,,,PR13_x0.5,holdout,4,1035,headon,vfield,4ddc67d9fc,ok,0,0,0,0,0,0,1.749,4.0133,2.7258,2.0438,1.555,1,1,,8450,3.61
grid2:flat,,,PR13_x0.5,holdout,4,1037,headon,vfield,4ddc67d9fc,ok,0,0,0,0,0,0,6.2387,4.4528,2.7258,2.0438,1.555,1,1,,8450,3.6
grid2:flat,,,PR13_x0.5,holdout,4,1039,headon,vfield,4ddc67d9fc,ok,0,0,0,0,0,0,1.9994,2.4573,2.7258,2.0438,1.555,1,1,,8450,3.65
grid2:flat,,,PR13_x0.5,holdout,4,1041,headon,vfield,4ddc67d9fc,ok,0,0,0,0,0,0,6.5448,2.6595,2.7258,2.0438,1.555,1,1,,8450,3.67
grid2:flat,,,PR13_x0.5,holdout,4,1043,headon,vfield,4ddc67d9fc,ok,1,0,0,0,1,0,0.7093,6.0533,2.7258,2.0438,1.555,1,1,12.07,8450,3.65
grid2:flat,,,PR13_x0.5,holdout,4,1045,headon,vfield,4ddc67d9fc,ok,0,0,0,0,0,0,3.8116,1.3619,2.7258,2.0438,1.555,1,1,,8450,3.6
grid2:flat,,,PR13_x0.5,holdout,4,1047,headon,vfield,4ddc67d9fc,ok,0,0,0,0,0,0,5.2693,5.5721,2.7258,2.0438,1.555,1,1,,8450,3.64
grid2:flat,,,PR13_x0.5,holdout,4,1049,headon,vfield,4ddc67d9fc,ok,0,0,0,0,0,0,6.8133,4.4395,2.7258,2.0438,1.555,1,1,,8450,3.64
grid2:flat,,,PR13_x0.5,holdout,4,1051,headon,vfield,4ddc67d9fc,ok,2,0,1,0,1,0,0.7385,0.4706,2.7258,2.0438,1.555,1,1,15.07,8450,3.61
grid2:flat,,,PR13_x0.5,holdout,4,1053,headon,vfield,4ddc67d9fc,ok,0,0,0,0,0,0,3.2638,2.7256,2.7258,2.0438,1.555,1,1,,8450,3.64
grid2:flat,,,PR13_x0.5,holdout,4,1055,headon,vfield,4ddc67d9fc,ok,2,0,1,1,0,0,0.4953,0.3775,2.7258,2.0438,1.555,1,1,-1.88,8450,3.58
grid2:flat,,,PR13_x0.5,holdout,4,1057,headon,vfield,4ddc67d9fc,ok,2,0,2,0,0,0,5.5152,0.0147,2.7258,2.0438,1.555,1,1,5.78,8450,3.64
grid2:flat,,,PR13_x0.5,holdout,4,1059,headon,vfield,4ddc67d9fc,ok,1,0,0,1,0,0,0.0652,4.5104,2.7258,2.0438,1.555,1,1,7.19,8450,3.67
grid2:flat,,,PR13_x0.75,holdout,4,1001,headon,vfield,82a8563b45,ok,0,0,0,0,0,0,1.1386,6.1562,2.7258,2.0438,1.555,1,1,,8450,3.63
grid2:flat,,,PR13_x0.75,holdout,4,1003,headon,vfield,82a8563b45,ok,1,0,0,0,1,0,0.4261,6.5975,2.7258,2.0438,1.555,1,1,6.65,8450,3.67
grid2:flat,,,PR13_x0.75,holdout,4,1005,headon,vfield,82a8563b45,ok,1,0,1,0,0,0,6.8814,0.8703,2.7258,2.0438,1.555,1,1,8.92,8450,3.6
grid2:flat,,,PR13_x0.75,holdout,4,1007,headon,vfield,82a8563b45,ok,1,0,0,1,0,0,0.4074,5.2147,2.7258,2.0438,1.555,1,1,8.65,8450,3.61
grid2:flat,,,PR13_x0.75,holdout,4,1009,headon,vfield,82a8563b45,ok,0,0,0,0,0,0,7.9384,3.1472,2.7258,2.0438,1.555,1,1,,8450,3.66
grid2:flat,,,PR13_x0.75,holdout,4,1011,headon,vfield,82a8563b45,ok,1,0,1,0,0,0,3.3231,0.7705,2.7258,2.0438,1.555,1,1,8.11,8450,3.6
grid2:flat,,,PR13_x0.75,holdout,4,1013,headon,vfield,82a8563b45,ok,1,0,1,0,0,0,4.0452,0.4347,2.7258,2.0438,1.555,1,1,5.26,8450,3.61
grid2:flat,,,PR13_x0.75,holdout,4,1015,headon,vfield,82a8563b45,ok,0,0,0,0,0,0,3.0871,4.372,2.7258,2.0438,1.555,1,1,,8450,3.63
grid2:flat,,,PR13_x0.75,holdout,4,1017,headon,vfield,82a8563b45,ok,0,0,0,0,0,0,4.8256,6.5492,2.7258,2.0438,1.555,1,1,,8450,3.6
grid2:flat,,,PR13_x0.75,holdout,4,1019,headon,vfield,82a8563b45,ok,1,0,1,0,0,0,4.4215,0.2159,2.7258,2.0438,1.555,1,1,10.33,8450,3.62
grid2:flat,,,PR13_x0.75,holdout,4,1021,headon,vfield,82a8563b45,ok,0,0,0,0,0,0,6.5126,4.855,2.7258,2.0438,1.555,1,1,,8450,3.62
grid2:flat,,,PR13_x0.75,holdout,4,1023,headon,vfield,82a8563b45,ok,0,0,0,0,0,0,3.0779,5.6871,2.7258,2.0438,1.555,1,1,,8450,3.63
grid2:flat,,,PR13_x0.75,holdout,4,1025,headon,vfield,82a8563b45,ok,0,0,0,0,0,0,4.7098,4.0613,2.7258,2.0438,1.555,1,1,,8450,3.63
grid2:flat,,,PR13_x0.75,holdout,4,1027,headon,vfield,82a8563b45,ok,0,0,0,0,0,0,6.0102,3.2891,2.7258,2.0438,1.555,1,1,,8450,3.59
grid2:flat,,,PR13_x0.75,holdout,4,1029,headon,vfield,82a8563b45,ok,0,0,0,0,0,0,5.3117,4.1214,2.7258,2.0438,1.555,1,1,,8450,3.61
grid2:flat,,,PR13_x0.75,holdout,4,1031,headon,vfield,82a8563b45,ok,0,0,0,0,0,0,1.5371,1.002,2.7258,2.0438,1.555,1,1,,8450,3.62
grid2:flat,,,PR13_x0.75,holdout,4,1033,headon,vfield,82a8563b45,ok,0,0,0,0,0,0,2.7525,2.9325,2.7258,2.0438,1.555,1,1,,8450,3.63
grid2:flat,,,PR13_x0.75,holdout,4,1035,headon,vfield,82a8563b45,ok,1,0,1,0,0,0,4.5321,0.4151,2.7258,2.0438,1.555,1,1,5.83,8450,3.61
grid2:flat,,,PR13_x0.75,holdout,4,1037,headon,vfield,82a8563b45,ok,0,0,0,0,0,0,1.0638,2.2502,2.7258,2.0438,1.555,1,1,,8450,3.59
grid2:flat,,,PR13_x0.75,holdout,4,1039,headon,vfield,82a8563b45,ok,0,0,0,0,0,0,2.0367,4.4772,2.7258,2.0438,1.555,1,1,,8450,3.63
grid2:flat,,,PR13_x0.75,holdout,4,1041,headon,vfield,82a8563b45,ok,0,0,0,0,0,0,5.5954,3.1641,2.7258,2.0438,1.555,1,1,,8450,3.62
grid2:flat,,,PR13_x0.75,holdout,4,1043,headon,vfield,82a8563b45,ok,1,0,1,0,0,0,5.5342,0.8017,2.7258,2.0438,1.555,1,1,-0.58,8450,3.68
grid2:flat,,,PR13_x0.75,holdout,4,1045,headon,vfield,82a8563b45,ok,1,0,0,0,1,0,0.5646,4.2927,2.7258,2.0438,1.555,1,1,22.3,8450,3.61
grid2:flat,,,PR13_x0.75,holdout,4,1047,headon,vfield,82a8563b45,ok,2,1,0,0,1,0,0.0497,0.4764,2.7258,2.0438,1.555,1,1,10.5,8450,3.61
grid2:flat,,,PR13_x0.75,holdout,4,1049,headon,vfield,82a8563b45,ok,0,0,0,0,0,0,3.4649,1.7666,2.7258,2.0438,1.555,1,1,,8450,3.61
grid2:flat,,,PR13_x0.75,holdout,4,1051,headon,vfield,82a8563b45,ok,0,0,0,0,0,0,1.9747,5.3168,2.7258,2.0438,1.555,1,1,,8450,3.61
grid2:flat,,,PR13_x0.75,holdout,4,1053,headon,vfield,82a8563b45,ok,0,0,0,0,0,0,4.7965,4.5933,2.7258,2.0438,1.555,1,1,,8450,3.62
grid2:flat,,,PR13_x0.75,holdout,4,1055,headon,vfield,82a8563b45,ok,0,0,0,0,0,0,7.0436,4.4235,2.7258,2.0438,1.555,1,1,,8450,3.64
grid2:flat,,,PR13_x0.75,holdout,4,1057,headon,vfield,82a8563b45,ok,0,0,0,0,0,0,1.7478,4.458,2.7258,2.0438,1.555,1,1,,8450,3.66
grid2:flat,,,PR13_x0.75,holdout,4,1059,headon,vfield,82a8563b45,ok,0,0,0,0,0,0,4.1473,2.115,2.7258,2.0438,1.555,1,1,,8450,3.61
grid2:flat,,,PR13_x1,holdout,4,1001,headon,vfield,016407f790,ok,1,0,0,0,1,0,0.1202,6.5186,2.7258,2.0438,1.555,1,1,19.38,8450,3.6
grid2:flat,,,PR13_x1,holdout,4,1003,headon,vfield,016407f790,ok,1,0,1,0,0,0,1.1742,0.3247,2.7258,2.0438,1.555,1,1,9.06,8450,3.65
grid2:flat,,,PR13_x1,holdout,4,1005,headon,vfield,016407f790,ok,0,0,0,0,0,0,3.8641,3.3484,2.7258,2.0438,1.555,1,1,,8450,3.61
grid2:flat,,,PR13_x1,holdout,4,1007,headon,vfield,016407f790,ok,0,0,0,0,0,0,2.8878,5.6296,2.7258,2.0438,1.555,1,1,,8450,3.65
grid2:flat,,,PR13_x1,holdout,4,1009,headon,vfield,016407f790,ok,1,0,1,0,0,0,5.4948,0.5178,2.7258,2.0438,1.555,1,1,6.7,8450,3.62
grid2:flat,,,PR13_x1,holdout,4,1011,headon,vfield,016407f790,ok,0,0,0,0,0,0,3.3206,7.3063,2.7258,2.0438,1.555,1,1,,8450,3.62
grid2:flat,,,PR13_x1,holdout,4,1013,headon,vfield,016407f790,ok,0,0,0,0,0,0,3.5423,5.8678,2.7258,2.0438,1.555,1,1,,8450,3.64
grid2:flat,,,PR13_x1,holdout,4,1015,headon,vfield,016407f790,ok,0,0,0,0,0,0,5.171,1.7644,2.7258,2.0438,1.555,1,1,,8450,3.62
grid2:flat,,,PR13_x1,holdout,4,1017,headon,vfield,016407f790,ok,0,0,0,0,0,0,4.2016,7.226,2.7258,2.0438,1.555,1,1,,8450,3.62
grid2:flat,,,PR13_x1,holdout,4,1019,headon,vfield,016407f790,ok,0,0,0,0,0,0,4.7986,1.9671,2.7258,2.0438,1.555,1,1,,8450,3.61
grid2:flat,,,PR13_x1,holdout,4,1021,headon,vfield,016407f790,ok,0,0,0,0,0,0,1.889,6.0408,2.7258,2.0438,1.555,1,1,,8450,3.59
grid2:flat,,,PR13_x1,holdout,4,1023,headon,vfield,016407f790,ok,2,0,1,0,1,0,0.8089,0.0536,2.7258,2.0438,1.555,1,1,8.5,8450,3.65
grid2:flat,,,PR13_x1,holdout,4,1025,headon,vfield,016407f790,ok,0,0,0,0,0,0,6.4551,1.6405,2.7258,2.0438,1.555,1,1,,8450,3.61
grid2:flat,,,PR13_x1,holdout,4,1027,headon,vfield,016407f790,ok,0,0,0,0,0,0,2.7613,7.2406,2.7258,2.0438,1.555,1,1,,8450,3.63
grid2:flat,,,PR13_x1,holdout,4,1029,headon,vfield,016407f790,ok,0,0,0,0,0,0,1.9981,3.0074,2.7258,2.0438,1.555,1,1,,8450,3.62
grid2:flat,,,PR13_x1,holdout,4,1031,headon,vfield,016407f790,ok,0,0,0,0,0,0,2.2912,5.2919,2.7258,2.0438,1.555,1,1,,8450,3.63
grid2:flat,,,PR13_x1,holdout,4,1033,headon,vfield,016407f790,ok,0,0,0,0,0,0,4.7583,5.0639,2.7258,2.0438,1.555,1,1,,8450,3.62
grid2:flat,,,PR13_x1,holdout,4,1035,headon,vfield,016407f790,ok,0,0,0,0,0,0,3.5472,5.356,2.7258,2.0438,1.555,1,1,,8450,3.65
grid2:flat,,,PR13_x1,holdout,4,1037,headon,vfield,016407f790,ok,0,0,0,0,0,0,6.1461,4.6234,2.7258,2.0438,1.555,1,1,,8450,3.61
grid2:flat,,,PR13_x1,holdout,4,1039,headon,vfield,016407f790,ok,0,0,0,0,0,0,1.31,4.1185,2.7258,2.0438,1.555,1,1,,8450,3.6
grid2:flat,,,PR13_x1,holdout,4,1041,headon,vfield,016407f790,ok,0,0,0,0,0,0,1.7648,5.7885,2.7258,2.0438,1.555,1,1,,8450,3.64
grid2:flat,,,PR13_x1,holdout,4,1043,headon,vfield,016407f790,ok,0,0,0,0,0,0,3.3684,2.6383,2.7258,2.0438,1.555,1,1,,8450,3.61
grid2:flat,,,PR13_x1,holdout,4,1045,headon,vfield,016407f790,ok,0,0,0,0,0,0,1.9543,2.3209,2.7258,2.0438,1.555,1,1,,8450,3.61
grid2:flat,,,PR13_x1,holdout,4,1047,headon,vfield,016407f790,ok,0,0,0,0,0,0,4.4116,2.9035,2.7258,2.0438,1.555,1,1,,8450,3.64
grid2:flat,,,PR13_x1,holdout,4,1049,headon,vfield,016407f790,ok,0,0,0,0,0,0,6.2788,8.9172,2.7258,2.0438,1.555,1,1,,8450,3.58
grid2:flat,,,PR13_x1,holdout,4,1051,headon,vfield,016407f790,ok,0,0,0,0,0,0,3.3831,2.7856,2.7258,2.0438,1.555,1,1,,8450,3.64
grid2:flat,,,PR13_x1,holdout,4,1053,headon,vfield,016407f790,ok,0,0,0,0,0,0,6.8647,4.4736,2.7258,2.0438,1.555,1,1,,8450,3.63
grid2:flat,,,PR13_x1,holdout,4,1055,headon,vfield,016407f790,ok,1,0,1,0,0,0,4.152,0.3558,2.7258,2.0438,1.555,1,1,13.14,8450,3.59
grid2:flat,,,PR13_x1,holdout,4,1057,headon,vfield,016407f790,ok,0,0,0,0,0,0,2.1132,8.0428,2.7258,2.0438,1.555,1,1,,8450,3.65
grid2:flat,,,PR13_x1,holdout,4,1059,headon,vfield,016407f790,ok,0,0,0,0,0,0,5.3301,2.4001,2.7258,2.0438,1.555,1,1,,8450,3.65
grid2:flat,,,PR13_x1.25,holdout,4,1001,headon,vfield,68ab71474d,ok,0,0,0,0,0,0,4.4485,10.1149,2.7258,2.0438,1.555,1,1,,8450,3.64
grid2:flat,,,PR13_x1.25,holdout,4,1003,headon,vfield,68ab71474d,ok,0,0,0,0,0,0,4.0992,8.2102,2.7258,2.0438,1.555,1,1,,8450,3.63
grid2:flat,,,PR13_x1.25,holdout,4,1005,headon,vfield,68ab71474d,ok,0,0,0,0,0,0,6.9916,8.8926,2.7258,2.0438,1.555,1,1,,8450,3.64
grid2:flat,,,PR13_x1.25,holdout,4,1007,headon,vfield,68ab71474d,ok,0,0,0,0,0,0,5.2085,1.0403,2.7258,2.0438,1.555,1,1,,8450,3.62
grid2:flat,,,PR13_x1.25,holdout,4,1009,headon,vfield,68ab71474d,ok,0,0,0,0,0,0,5.5752,7.9668,2.7258,2.0438,1.555,1,1,,8450,3.67
grid2:flat,,,PR13_x1.25,holdout,4,1011,headon,vfield,68ab71474d,ok,0,0,0,0,0,0,1.1167,1.9253,2.7258,2.0438,1.555,1,1,,8450,3.64
grid2:flat,,,PR13_x1.25,holdout,4,1013,headon,vfield,68ab71474d,ok,0,0,0,0,0,0,4.6357,4.763,2.7258,2.0438,1.555,1,1,,8450,3.61
grid2:flat,,,PR13_x1.25,holdout,4,1015,headon,vfield,68ab71474d,ok,1,0,1,0,0,0,5.6298,0.2741,2.7258,2.0438,1.555,1,1,8.52,8450,3.62
grid2:flat,,,PR13_x1.25,holdout,4,1017,headon,vfield,68ab71474d,ok,0,0,0,0,0,0,3.6365,7.3522,2.7258,2.0438,1.555,1,1,,8450,3.61
grid2:flat,,,PR13_x1.25,holdout,4,1019,headon,vfield,68ab71474d,ok,0,0,0,0,0,0,2.4863,1.804,2.7258,2.0438,1.555,1,1,,8450,3.62
grid2:flat,,,PR13_x1.25,holdout,4,1021,headon,vfield,68ab71474d,ok,0,0,0,0,0,0,3.224,4.6922,2.7258,2.0438,1.555,1,1,,8450,3.59
grid2:flat,,,PR13_x1.25,holdout,4,1023,headon,vfield,68ab71474d,ok,1,0,1,0,0,0,5.3158,0.2021,2.7258,2.0438,1.555,1,1,10.63,8450,3.62
grid2:flat,,,PR13_x1.25,holdout,4,1025,headon,vfield,68ab71474d,ok,0,0,0,0,0,0,6.293,1.5471,2.7258,2.0438,1.555,1,1,,8450,3.65
grid2:flat,,,PR13_x1.25,holdout,4,1027,headon,vfield,68ab71474d,ok,0,0,0,0,0,0,1.5863,9.4902,2.7258,2.0438,1.555,1,1,,8450,3.6
grid2:flat,,,PR13_x1.25,holdout,4,1029,headon,vfield,68ab71474d,ok,0,0,0,0,0,0,1.4782,10.2471,2.7258,2.0438,1.555,1,1,,8450,3.6
grid2:flat,,,PR13_x1.25,holdout,4,1031,headon,vfield,68ab71474d,ok,0,0,0,0,0,0,3.6924,1.9247,2.7258,2.0438,1.555,1,1,,8450,3.65
grid2:flat,,,PR13_x1.25,holdout,4,1033,headon,vfield,68ab71474d,ok,0,0,0,0,0,0,4.1861,4.2094,2.7258,2.0438,1.555,1,1,,8450,3.61
grid2:flat,,,PR13_x1.25,holdout,4,1035,headon,vfield,68ab71474d,ok,0,0,0,0,0,0,1.2837,4.321,2.7258,2.0438,1.555,1,1,,8450,3.65
grid2:flat,,,PR13_x1.25,holdout,4,1037,headon,vfield,68ab71474d,ok,1,0,0,0,1,0,0.7848,7.8809,2.7258,2.0438,1.555,1,1,40.41,8450,3.6
grid2:flat,,,PR13_x1.25,holdout,4,1039,headon,vfield,68ab71474d,ok,0,0,0,0,0,0,6.2987,2.565,2.7258,2.0438,1.555,1,1,,8450,3.59
grid2:flat,,,PR13_x1.25,holdout,4,1041,headon,vfield,68ab71474d,ok,0,0,0,0,0,0,1.6095,9.7216,2.7258,2.0438,1.555,1,1,,8450,3.63
grid2:flat,,,PR13_x1.25,holdout,4,1043,headon,vfield,68ab71474d,ok,0,0,0,0,0,0,2.4327,6.1297,2.7258,2.0438,1.555,1,1,,8450,3.67
grid2:flat,,,PR13_x1.25,holdout,4,1045,headon,vfield,68ab71474d,ok,0,0,0,0,0,0,6.1236,5.886,2.7258,2.0438,1.555,1,1,,8450,3.61
grid2:flat,,,PR13_x1.25,holdout,4,1047,headon,vfield,68ab71474d,ok,1,0,1,0,0,0,4.5145,0.9447,2.7258,2.0438,1.555,1,1,9.25,8450,3.63
grid2:flat,,,PR13_x1.25,holdout,4,1049,headon,vfield,68ab71474d,ok,0,0,0,0,0,0,4.8123,1.6205,2.7258,2.0438,1.555,1,1,,8450,3.62
grid2:flat,,,PR13_x1.25,holdout,4,1051,headon,vfield,68ab71474d,ok,0,0,0,0,0,0,4.1126,9.4449,2.7258,2.0438,1.555,1,1,,8450,3.62
grid2:flat,,,PR13_x1.25,holdout,4,1053,headon,vfield,68ab71474d,ok,0,0,0,0,0,0,1.9555,8.0307,2.7258,2.0438,1.555,1,1,,8450,3.66
grid2:flat,,,PR13_x1.25,holdout,4,1055,headon,vfield,68ab71474d,ok,0,0,0,0,0,0,4.8153,4.9803,2.7258,2.0438,1.555,1,1,,8450,3.63
grid2:flat,,,PR13_x1.25,holdout,4,1057,headon,vfield,68ab71474d,ok,1,0,1,0,0,0,2.1452,0.3462,2.7258,2.0438,1.555,1,1,5.41,8450,3.61
grid2:flat,,,PR13_x1.25,holdout,4,1059,headon,vfield,68ab71474d,ok,0,0,0,0,0,0,3.1895,9.5861,2.7258,2.0438,1.555,1,1,,8450,3.62
grid2:flat,,,PR13_x1.5,holdout,4,1001,headon,vfield,e2c75ac9b9,ok,0,0,0,0,0,0,6.1093,10.3666,2.7258,2.0438,1.555,1,1,,8450,3.64
grid2:flat,,,PR13_x1.5,holdout,4,1003,headon,vfield,e2c75ac9b9,ok,0,0,0,0,0,0,5.0291,1.7249,2.7258,2.0438,1.555,1,1,,8450,3.61
grid2:flat,,,PR13_x1.5,holdout,4,1005,headon,vfield,e2c75ac9b9,ok,2,0,1,0,1,0,0.5527,0.6049,2.7258,2.0438,1.555,1,1,11.34,8450,3.64
grid2:flat,,,PR13_x1.5,holdout,4,1007,headon,vfield,e2c75ac9b9,ok,1,0,1,0,0,0,5.6446,0.1373,2.7258,2.0438,1.555,1,1,9.17,8450,3.62
grid2:flat,,,PR13_x1.5,holdout,4,1009,headon,vfield,e2c75ac9b9,ok,1,0,1,0,0,0,5.9704,0.5416,2.7258,2.0438,1.555,1,1,7.31,8450,3.64
grid2:flat,,,PR13_x1.5,holdout,4,1011,headon,vfield,e2c75ac9b9,ok,0,0,0,0,0,0,4.1089,2.0033,2.7258,2.0438,1.555,1,1,,8450,3.65
grid2:flat,,,PR13_x1.5,holdout,4,1013,headon,vfield,e2c75ac9b9,ok,1,0,1,0,0,0,4.0924,0.2204,2.7258,2.0438,1.555,1,1,22.44,8450,3.62
grid2:flat,,,PR13_x1.5,holdout,4,1015,headon,vfield,e2c75ac9b9,ok,1,0,0,0,1,0,0.8282,1.9081,2.7258,2.0438,1.555,1,1,34.63,8450,3.6
grid2:flat,,,PR13_x1.5,holdout,4,1017,headon,vfield,e2c75ac9b9,ok,1,0,0,0,1,0,0.7271,10.5087,2.7258,2.0438,1.555,1,1,17.53,8450,3.63
grid2:flat,,,PR13_x1.5,holdout,4,1019,headon,vfield,e2c75ac9b9,ok,0,0,0,0,0,0,2.521,1.04,2.7258,2.0438,1.555,1,1,,8450,3.61
grid2:flat,,,PR13_x1.5,holdout,4,1021,headon,vfield,e2c75ac9b9,ok,0,0,0,0,0,0,6.5905,1.4378,2.7258,2.0438,1.555,1,1,,8450,3.61
grid2:flat,,,PR13_x1.5,holdout,4,1023,headon,vfield,e2c75ac9b9,ok,0,0,0,0,0,0,4.9687,1.6241,2.7258,2.0438,1.555,1,1,,8450,3.59
grid2:flat,,,PR13_x1.5,holdout,4,1025,headon,vfield,e2c75ac9b9,ok,1,0,0,1,0,0,0.0601,1.3879,2.7258,2.0438,1.555,1,1,39.81,8450,3.62
grid2:flat,,,PR13_x1.5,holdout,4,1027,headon,vfield,e2c75ac9b9,ok,0,0,0,0,0,0,6.86,9.8495,2.7258,2.0438,1.555,1,1,,8450,3.59
grid2:flat,,,PR13_x1.5,holdout,4,1029,headon,vfield,e2c75ac9b9,ok,0,0,0,0,0,0,4.7669,7.5203,2.7258,2.0438,1.555,1,1,,8450,3.63
grid2:flat,,,PR13_x1.5,holdout,4,1031,headon,vfield,e2c75ac9b9,ok,0,0,0,0,0,0,5.2934,8.2383,2.7258,2.0438,1.555,1,1,,8450,3.63
grid2:flat,,,PR13_x1.5,holdout,4,1033,headon,vfield,e2c75ac9b9,ok,1,0,1,0,0,0,7.9223,0.3003,2.7258,2.0438,1.555,1,1,10.38,8450,3.58
grid2:flat,,,PR13_x1.5,holdout,4,1035,headon,vfield,e2c75ac9b9,ok,1,0,1,0,0,0,4.4343,0.0661,2.7258,2.0438,1.555,1,1,20.12,8450,3.65
grid2:flat,,,PR13_x1.5,holdout,4,1037,headon,vfield,e2c75ac9b9,ok,0,0,0,0,0,0,6.6393,8.15,2.7258,2.0438,1.555,1,1,,8450,3.63
grid2:flat,,,PR13_x1.5,holdout,4,1039,headon,vfield,e2c75ac9b9,ok,0,0,0,0,0,0,6.8559,3.5301,2.7258,2.0438,1.555,1,1,,8450,3.67
grid2:flat,,,PR13_x1.5,holdout,4,1041,headon,vfield,e2c75ac9b9,ok,1,0,0,0,1,0,0.4256,5.5045,2.7258,2.0438,1.555,1,1,33.88,8450,3.6
grid2:flat,,,PR13_x1.5,holdout,4,1043,headon,vfield,e2c75ac9b9,ok,1,0,1,0,0,0,6.7228,0.407,2.7258,2.0438,1.555,1,1,6.66,8450,3.59
grid2:flat,,,PR13_x1.5,holdout,4,1045,headon,vfield,e2c75ac9b9,ok,0,0,0,0,0,0,7.0314,2.0519,2.7258,2.0438,1.555,1,1,,8450,3.6
grid2:flat,,,PR13_x1.5,holdout,4,1047,headon,vfield,e2c75ac9b9,ok,0,0,0,0,0,0,6.4542,5.9794,2.7258,2.0438,1.555,1,1,,8450,3.59
grid2:flat,,,PR13_x1.5,holdout,4,1049,headon,vfield,e2c75ac9b9,ok,1,0,0,0,1,0,0.7357,3.4175,2.7258,2.0438,1.555,1,1,37.82,8450,3.63
grid2:flat,,,PR13_x1.5,holdout,4,1051,headon,vfield,e2c75ac9b9,ok,0,0,0,0,0,0,4.5725,2.2157,2.7258,2.0438,1.555,1,1,,8450,3.65
grid2:flat,,,PR13_x1.5,holdout,4,1053,headon,vfield,e2c75ac9b9,ok,1,0,0,1,0,0,0.4266,1.1377,2.7258,2.0438,1.555,1,1,14.7,8450,3.64
grid2:flat,,,PR13_x1.5,holdout,4,1055,headon,vfield,e2c75ac9b9,ok,0,0,0,0,0,0,2.544,9.7913,2.7258,2.0438,1.555,1,1,,8450,3.61
grid2:flat,,,PR13_x1.5,holdout,4,1057,headon,vfield,e2c75ac9b9,ok,1,0,0,1,0,0,0.9346,9.7774,2.7258,2.0438,1.555,1,1,-15.46,8450,3.6
grid2:flat,,,PR13_x1.5,holdout,4,1059,headon,vfield,e2c75ac9b9,ok,0,0,0,0,0,0,7.1069,10.2291,2.7258,2.0438,1.555,1,1,,8450,3.62
grid2:flat,,,PR13_x2,holdout,4,1001,headon,vfield,46103c1a0e,ok,0,0,0,0,0,0,6.8718,1.5739,2.7258,2.0438,1.555,1,1,,8450,3.61
grid2:flat,,,PR13_x2,holdout,4,1003,headon,vfield,46103c1a0e,ok,1,0,1,0,0,0,3.2553,0.8519,2.7258,2.0438,1.555,1,1,9.02,8450,3.61
grid2:flat,,,PR13_x2,holdout,4,1005,headon,vfield,46103c1a0e,ok,0,0,0,0,0,0,6.4755,7.1591,2.7258,2.0438,1.555,1,1,,8450,3.59
grid2:flat,,,PR13_x2,holdout,4,1007,headon,vfield,46103c1a0e,ok,0,0,0,0,0,0,4.4812,2.5997,2.7258,2.0438,1.555,1,1,,8450,3.58
grid2:flat,,,PR13_x2,holdout,4,1009,headon,vfield,46103c1a0e,ok,1,0,1,0,0,0,3.3628,0.5727,2.7258,2.0438,1.555,1,1,29.05,8450,3.62
grid2:flat,,,PR13_x2,holdout,4,1011,headon,vfield,46103c1a0e,ok,0,0,0,0,0,0,2.9019,3.6183,2.7258,2.0438,1.555,1,1,,8450,3.64
grid2:flat,,,PR13_x2,holdout,4,1013,headon,vfield,46103c1a0e,ok,1,0,1,0,0,0,3.394,0.7968,2.7258,2.0438,1.555,1,1,11.06,8450,3.61
grid2:flat,,,PR13_x2,holdout,4,1015,headon,vfield,46103c1a0e,ok,0,0,0,0,0,0,6.6617,8.6457,2.7258,2.0438,1.555,1,1,,8450,3.63
grid2:flat,,,PR13_x2,holdout,4,1017,headon,vfield,46103c1a0e,ok,0,0,0,0,0,0,1.2959,1.7133,2.7258,2.0438,1.555,1,1,,8450,3.64
grid2:flat,,,PR13_x2,holdout,4,1019,headon,vfield,46103c1a0e,ok,0,0,0,0,0,0,3.5223,2.4094,2.7258,2.0438,1.555,1,1,,8450,3.6
grid2:flat,,,PR13_x2,holdout,4,1021,headon,vfield,46103c1a0e,ok,0,0,0,0,0,0,3.227,1.9036,2.7258,2.0438,1.555,1,1,,8450,3.62
grid2:flat,,,PR13_x2,holdout,4,1023,headon,vfield,46103c1a0e,ok,0,0,0,0,0,0,4.6613,2.6564,2.7258,2.0438,1.555,1,1,,8450,3.61
grid2:flat,,,PR13_x2,holdout,4,1025,headon,vfield,46103c1a0e,ok,1,0,1,0,0,0,1.8734,0.9988,2.7258,2.0438,1.555,1,1,13.71,8450,3.59
grid2:flat,,,PR13_x2,holdout,4,1027,headon,vfield,46103c1a0e,ok,1,0,1,0,0,0,6.6089,0.9224,2.7258,2.0438,1.555,1,1,27.41,8450,3.63
grid2:flat,,,PR13_x2,holdout,4,1029,headon,vfield,46103c1a0e,ok,0,0,0,0,0,0,6.3013,4.5369,2.7258,2.0438,1.555,1,1,,8450,3.7
grid2:flat,,,PR13_x2,holdout,4,1031,headon,vfield,46103c1a0e,ok,1,0,1,0,0,0,1.3888,0.9853,2.7258,2.0438,1.555,1,1,9.54,8450,3.61
grid2:flat,,,PR13_x2,holdout,4,1033,headon,vfield,46103c1a0e,ok,0,0,0,0,0,0,2.1423,1.9127,2.7258,2.0438,1.555,1,1,,8450,3.62
grid2:flat,,,PR13_x2,holdout,4,1035,headon,vfield,46103c1a0e,ok,0,0,0,0,0,0,5.8126,4.4949,2.7258,2.0438,1.555,1,1,,8450,3.63
grid2:flat,,,PR13_x2,holdout,4,1037,headon,vfield,46103c1a0e,ok,0,0,0,0,0,0,5.8837,2.901,2.7258,2.0438,1.555,1,1,,8450,3.63
grid2:flat,,,PR13_x2,holdout,4,1039,headon,vfield,46103c1a0e,ok,0,0,0,0,0,0,6.0947,1.5949,2.7258,2.0438,1.555,1,1,,8450,3.61
grid2:flat,,,PR13_x2,holdout,4,1041,headon,vfield,46103c1a0e,ok,1,0,1,0,0,0,6.3437,0.4551,2.7258,2.0438,1.555,1,1,7.09,8450,3.65
grid2:flat,,,PR13_x2,holdout,4,1043,headon,vfield,46103c1a0e,ok,0,0,0,0,0,0,6.5218,1.6308,2.7258,2.0438,1.555,1,1,,8450,3.63
grid2:flat,,,PR13_x2,holdout,4,1045,headon,vfield,46103c1a0e,ok,0,0,0,0,0,0,8.1791,1.1134,2.7258,2.0438,1.555,1,1,,8450,3.61
grid2:flat,,,PR13_x2,holdout,4,1047,headon,vfield,46103c1a0e,ok,0,0,0,0,0,0,7.5364,1.9202,2.7258,2.0438,1.555,1,1,,8450,3.62
grid2:flat,,,PR13_x2,holdout,4,1049,headon,vfield,46103c1a0e,ok,1,0,1,0,0,0,9.3733,0.6965,2.7258,2.0438,1.555,1,1,10.56,8450,3.61
grid2:flat,,,PR13_x2,holdout,4,1051,headon,vfield,46103c1a0e,ok,0,0,0,0,0,0,4.0466,3.4961,2.7258,2.0438,1.555,1,1,,8450,3.6
grid2:flat,,,PR13_x2,holdout,4,1053,headon,vfield,46103c1a0e,ok,1,0,0,0,1,0,0.6082,8.0763,2.7258,2.0438,1.555,1,1,41.17,8450,3.61
grid2:flat,,,PR13_x2,holdout,4,1055,headon,vfield,46103c1a0e,ok,0,0,0,0,0,0,3.5419,2.0705,2.7258,2.0438,1.555,1,1,,8450,3.62
grid2:flat,,,PR13_x2,holdout,4,1057,headon,vfield,46103c1a0e,ok,1,0,0,0,1,0,0.5772,8.4027,2.7258,2.0438,1.555,1,1,44.83,8450,3.62
grid2:flat,,,PR13_x2,holdout,4,1059,headon,vfield,46103c1a0e,ok,1,0,1,0,0,0,5.767,0.8693,2.7258,2.0438,1.555,1,1,7.23,8450,3.62
grid2:flat,,,PR16_x0.5,holdout,4,1001,headon,vfield,c1132fb250,ok,0,0,0,0,0,0,8.7518,5.0034,2.7258,2.0438,1.555,1,1,,8450,3.6
grid2:flat,,,PR16_x0.5,holdout,4,1003,headon,vfield,c1132fb250,ok,0,0,0,0,0,0,2.2187,2.326,2.7258,2.0438,1.555,1,1,,8450,3.62
grid2:flat,,,PR16_x0.5,holdout,4,1005,headon,vfield,c1132fb250,ok,0,0,0,0,0,0,3.7636,7.1083,2.7258,2.0438,1.555,1,1,,8450,3.6
grid2:flat,,,PR16_x0.5,holdout,4,1007,headon,vfield,c1132fb250,ok,1,0,1,0,0,0,4.7901,0.7212,2.7258,2.0438,1.555,1,1,7.08,8450,3.62
grid2:flat,,,PR16_x0.5,holdout,4,1009,headon,vfield,c1132fb250,ok,0,0,0,0,0,0,4.5622,5.9377,2.7258,2.0438,1.555,1,1,,8450,3.67
grid2:flat,,,PR16_x0.5,holdout,4,1011,headon,vfield,c1132fb250,ok,0,0,0,0,0,0,5.53,3.3965,2.7258,2.0438,1.555,1,1,,8450,3.62
grid2:flat,,,PR16_x0.5,holdout,4,1013,headon,vfield,c1132fb250,ok,0,0,0,0,0,0,4.9946,4.385,2.7258,2.0438,1.555,1,1,,8450,3.64
grid2:flat,,,PR16_x0.5,holdout,4,1015,headon,vfield,c1132fb250,ok,0,0,0,0,0,0,2.2219,5.0074,2.7258,2.0438,1.555,1,1,,8450,3.61
grid2:flat,,,PR16_x0.5,holdout,4,1017,headon,vfield,c1132fb250,ok,0,0,0,0,0,0,3.3459,3.5052,2.7258,2.0438,1.555,1,1,,8450,3.64
grid2:flat,,,PR16_x0.5,holdout,4,1019,headon,vfield,c1132fb250,ok,1,0,0,0,1,0,0.5914,2.3804,2.7258,2.0438,1.555,1,1,28.0,8450,3.61
grid2:flat,,,PR16_x0.5,holdout,4,1021,headon,vfield,c1132fb250,ok,0,0,0,0,0,0,3.4913,9.6765,2.7258,2.0438,1.555,1,1,,8450,3.62
grid2:flat,,,PR16_x0.5,holdout,4,1023,headon,vfield,c1132fb250,ok,0,0,0,0,0,0,4.1132,2.705,2.7258,2.0438,1.555,1,1,,8450,3.62
grid2:flat,,,PR16_x0.5,holdout,4,1025,headon,vfield,c1132fb250,ok,0,0,0,0,0,0,4.6382,7.8467,2.7258,2.0438,1.555,1,1,,8450,3.6
grid2:flat,,,PR16_x0.5,holdout,4,1027,headon,vfield,c1132fb250,ok,1,0,1,0,0,0,6.7344,0.216,2.7258,2.0438,1.555,1,1,13.16,8450,3.64
grid2:flat,,,PR16_x0.5,holdout,4,1029,headon,vfield,c1132fb250,ok,0,0,0,0,0,0,3.3636,2.6123,2.7258,2.0438,1.555,1,1,,8450,3.62
grid2:flat,,,PR16_x0.5,holdout,4,1031,headon,vfield,c1132fb250,ok,0,0,0,0,0,0,8.4473,2.0324,2.7258,2.0438,1.555,1,1,,8450,3.59
grid2:flat,,,PR16_x0.5,holdout,4,1033,headon,vfield,c1132fb250,ok,1,1,0,0,0,0,3.7901,0.5283,2.7258,2.0438,1.555,1,1,14.58,8450,3.62
grid2:flat,,,PR16_x0.5,holdout,4,1035,headon,vfield,c1132fb250,ok,1,0,0,0,1,0,0.0621,1.7701,2.7258,2.0438,1.555,1,1,5.57,8450,3.63
grid2:flat,,,PR16_x0.5,holdout,4,1037,headon,vfield,c1132fb250,ok,0,0,0,0,0,0,8.8045,2.1668,2.7258,2.0438,1.555,1,1,,8450,3.67
grid2:flat,,,PR16_x0.5,holdout,4,1039,headon,vfield,c1132fb250,ok,0,0,0,0,0,0,4.3743,4.5291,2.7258,2.0438,1.555,1,1,,8450,3.62
grid2:flat,,,PR16_x0.5,holdout,4,1041,headon,vfield,c1132fb250,ok,1,0,1,0,0,0,7.987,0.4862,2.7258,2.0438,1.555,1,1,10.08,8450,3.61
grid2:flat,,,PR16_x0.5,holdout,4,1043,headon,vfield,c1132fb250,ok,0,0,0,0,0,0,6.5266,5.9375,2.7258,2.0438,1.555,1,1,,8450,3.62
grid2:flat,,,PR16_x0.5,holdout,4,1045,headon,vfield,c1132fb250,ok,0,0,0,0,0,0,5.3286,1.8048,2.7258,2.0438,1.555,1,1,,8450,3.61
grid2:flat,,,PR16_x0.5,holdout,4,1047,headon,vfield,c1132fb250,ok,0,0,0,0,0,0,6.7194,5.8365,2.7258,2.0438,1.555,1,1,,8450,3.63
grid2:flat,,,PR16_x0.5,holdout,4,1049,headon,vfield,c1132fb250,ok,0,0,0,0,0,0,2.6982,3.2669,2.7258,2.0438,1.555,1,1,,8450,3.63
grid2:flat,,,PR16_x0.5,holdout,4,1051,headon,vfield,c1132fb250,ok,0,0,0,0,0,0,8.4451,4.0252,2.7258,2.0438,1.555,1,1,,8450,3.6
grid2:flat,,,PR16_x0.5,holdout,4,1053,headon,vfield,c1132fb250,ok,1,1,0,0,0,0,6.0143,0.0697,2.7258,2.0438,1.555,1,1,-2.67,8450,3.62
grid2:flat,,,PR16_x0.5,holdout,4,1055,headon,vfield,c1132fb250,ok,0,0,0,0,0,0,5.9229,1.892,2.7258,2.0438,1.555,1,1,,8450,3.63
grid2:flat,,,PR16_x0.5,holdout,4,1057,headon,vfield,c1132fb250,ok,0,0,0,0,0,0,8.1209,2.1358,2.7258,2.0438,1.555,1,1,,8450,3.61
grid2:flat,,,PR16_x0.5,holdout,4,1059,headon,vfield,c1132fb250,ok,0,0,0,0,0,0,5.4161,6.564,2.7258,2.0438,1.555,1,1,,8450,3.62
grid2:flat,,,PR16_x0.75,holdout,4,1001,headon,vfield,9d22658d2d,ok,1,0,0,0,1,0,0.3789,4.0708,2.7258,2.0438,1.555,1,1,12.78,8450,3.62
grid2:flat,,,PR16_x0.75,holdout,4,1003,headon,vfield,9d22658d2d,ok,1,0,1,0,0,0,6.6257,0.2843,2.7258,2.0438,1.555,1,1,7.9,8450,3.6
grid2:flat,,,PR16_x0.75,holdout,4,1005,headon,vfield,9d22658d2d,ok,1,0,1,0,0,0,9.1509,0.0048,2.7258,2.0438,1.555,1,1,7.15,8450,3.62
grid2:flat,,,PR16_x0.75,holdout,4,1007,headon,vfield,9d22658d2d,ok,1,0,1,0,0,0,7.74,0.7415,2.7258,2.0438,1.555,1,1,10.38,8450,3.65
grid2:flat,,,PR16_x0.75,holdout,4,1009,headon,vfield,9d22658d2d,ok,2,0,2,0,0,0,3.8613,0.2198,2.7258,2.0438,1.555,1,1,7.4,8450,3.6
grid2:flat,,,PR16_x0.75,holdout,4,1011,headon,vfield,9d22658d2d,ok,0,0,0,0,0,0,6.2194,6.921,2.7258,2.0438,1.555,1,1,,8450,3.62
grid2:flat,,,PR16_x0.75,holdout,4,1013,headon,vfield,9d22658d2d,ok,0,0,0,0,0,0,1.6724,4.9969,2.7258,2.0438,1.555,1,1,,8450,3.6
grid2:flat,,,PR16_x0.75,holdout,4,1015,headon,vfield,9d22658d2d,ok,1,0,0,1,0,0,0.7531,8.5479,2.7258,2.0438,1.555,1,1,12.13,8450,3.72
grid2:flat,,,PR16_x0.75,holdout,4,1017,headon,vfield,9d22658d2d,ok,0,0,0,0,0,0,5.9737,8.7428,2.7258,2.0438,1.555,1,1,,8450,3.69
grid2:flat,,,PR16_x0.75,holdout,4,1019,headon,vfield,9d22658d2d,ok,1,0,1,0,0,0,2.1562,0.0139,2.7258,2.0438,1.555,1,1,33.31,8450,3.61
grid2:flat,,,PR16_x0.75,holdout,4,1021,headon,vfield,9d22658d2d,ok,0,0,0,0,0,0,4.0017,10.4463,2.7258,2.0438,1.555,1,1,,8450,3.67
grid2:flat,,,PR16_x0.75,holdout,4,1023,headon,vfield,9d22658d2d,ok,0,0,0,0,0,0,6.0375,4.7829,2.7258,2.0438,1.555,1,1,,8450,3.62
grid2:flat,,,PR16_x0.75,holdout,4,1025,headon,vfield,9d22658d2d,ok,1,0,0,0,1,0,0.4046,6.5636,2.7258,2.0438,1.555,1,1,27.06,8450,3.65
grid2:flat,,,PR16_x0.75,holdout,4,1027,headon,vfield,9d22658d2d,ok,0,0,0,0,0,0,2.5253,7.6427,2.7258,2.0438,1.555,1,1,,8450,3.64
grid2:flat,,,PR16_x0.75,holdout,4,1029,headon,vfield,9d22658d2d,ok,0,0,0,0,0,0,1.8152,6.7314,2.7258,2.0438,1.555,1,1,,8450,3.63
grid2:flat,,,PR16_x0.75,holdout,4,1031,headon,vfield,9d22658d2d,ok,0,0,0,0,0,0,3.016,1.3951,2.7258,2.0438,1.555,1,1,,8450,3.62
grid2:flat,,,PR16_x0.75,holdout,4,1033,headon,vfield,9d22658d2d,ok,0,0,0,0,0,0,6.6174,3.9557,2.7258,2.0438,1.555,1,1,,8450,3.61
grid2:flat,,,PR16_x0.75,holdout,4,1035,headon,vfield,9d22658d2d,ok,0,0,0,0,0,0,5.3681,2.0836,2.7258,2.0438,1.555,1,1,,8450,3.62
grid2:flat,,,PR16_x0.75,holdout,4,1037,headon,vfield,9d22658d2d,ok,0,0,0,0,0,0,5.4848,9.8225,2.7258,2.0438,1.555,1,1,,8450,3.62
grid2:flat,,,PR16_x0.75,holdout,4,1039,headon,vfield,9d22658d2d,ok,0,0,0,0,0,0,3.146,4.7015,2.7258,2.0438,1.555,1,1,,8450,3.61
grid2:flat,,,PR16_x0.75,holdout,4,1041,headon,vfield,9d22658d2d,ok,0,0,0,0,0,0,8.0626,4.4027,2.7258,2.0438,1.555,1,1,,8450,3.61
grid2:flat,,,PR16_x0.75,holdout,4,1043,headon,vfield,9d22658d2d,ok,0,0,0,0,0,0,5.1062,4.7945,2.7258,2.0438,1.555,1,1,,8450,3.64
grid2:flat,,,PR16_x0.75,holdout,4,1045,headon,vfield,9d22658d2d,ok,0,0,0,0,0,0,5.4923,4.4151,2.7258,2.0438,1.555,1,1,,8450,3.64
grid2:flat,,,PR16_x0.75,holdout,4,1047,headon,vfield,9d22658d2d,ok,1,0,1,0,0,0,2.1114,0.7667,2.7258,2.0438,1.555,1,1,9.06,8450,3.64
grid2:flat,,,PR16_x0.75,holdout,4,1049,headon,vfield,9d22658d2d,ok,1,0,1,0,0,0,10.4807,0.6082,2.7258,2.0438,1.555,1,1,24.75,8450,3.58
grid2:flat,,,PR16_x0.75,holdout,4,1051,headon,vfield,9d22658d2d,ok,0,0,0,0,0,0,2.0381,3.6124,2.7258,2.0438,1.555,1,1,,8450,3.63
grid2:flat,,,PR16_x0.75,holdout,4,1053,headon,vfield,9d22658d2d,ok,0,0,0,0,0,0,1.3356,7.7034,2.7258,2.0438,1.555,1,1,,8450,3.63
grid2:flat,,,PR16_x0.75,holdout,4,1055,headon,vfield,9d22658d2d,ok,0,0,0,0,0,0,3.4487,3.3477,2.7258,2.0438,1.555,1,1,,8450,3.62
grid2:flat,,,PR16_x0.75,holdout,4,1057,headon,vfield,9d22658d2d,ok,1,0,1,0,0,0,3.5879,0.7198,2.7258,2.0438,1.555,1,1,9.74,8450,3.61
grid2:flat,,,PR16_x0.75,holdout,4,1059,headon,vfield,9d22658d2d,ok,1,0,0,0,1,0,0.5271,2.1127,2.7258,2.0438,1.555,1,1,19.45,8450,3.63
grid2:flat,,,PR16_x1,holdout,4,1001,headon,vfield,ed2147c553,ok,0,0,0,0,0,0,1.4926,4.0916,2.7258,2.0438,1.555,1,1,,8450,3.61
grid2:flat,,,PR16_x1,holdout,4,1003,headon,vfield,ed2147c553,ok,0,0,0,0,0,0,2.7022,4.9571,2.7258,2.0438,1.555,1,1,,8450,3.61
grid2:flat,,,PR16_x1,holdout,4,1005,headon,vfield,ed2147c553,ok,0,0,0,0,0,0,7.2608,6.8222,2.7258,2.0438,1.555,1,1,,8450,3.63
grid2:flat,,,PR16_x1,holdout,4,1007,headon,vfield,ed2147c553,ok,1,0,1,0,0,0,4.788,0.101,2.7258,2.0438,1.555,1,1,10.0,8450,3.62
grid2:flat,,,PR16_x1,holdout,4,1009,headon,vfield,ed2147c553,ok,0,0,0,0,0,0,1.8348,8.6309,2.7258,2.0438,1.555,1,1,,8450,3.58
grid2:flat,,,PR16_x1,holdout,4,1011,headon,vfield,ed2147c553,ok,0,0,0,0,0,0,9.0526,6.3522,2.7258,2.0438,1.555,1,1,,8450,3.66
grid2:flat,,,PR16_x1,holdout,4,1013,headon,vfield,ed2147c553,ok,0,0,0,0,0,0,3.4829,2.4089,2.7258,2.0438,1.555,1,1,,8450,3.62
grid2:flat,,,PR16_x1,holdout,4,1015,headon,vfield,ed2147c553,ok,0,0,0,0,0,0,10.5775,4.5196,2.7258,2.0438,1.555,1,1,,8450,3.63
grid2:flat,,,PR16_x1,holdout,4,1017,headon,vfield,ed2147c553,ok,0,0,0,0,0,0,6.506,6.8664,2.7258,2.0438,1.555,1,1,,8450,3.6
grid2:flat,,,PR16_x1,holdout,4,1019,headon,vfield,ed2147c553,ok,0,0,0,0,0,0,7.2078,4.0214,2.7258,2.0438,1.555,1,1,,8450,3.6
grid2:flat,,,PR16_x1,holdout,4,1021,headon,vfield,ed2147c553,ok,0,0,0,0,0,0,2.861,5.7514,2.7258,2.0438,1.555,1,1,,8450,3.62
grid2:flat,,,PR16_x1,holdout,4,1023,headon,vfield,ed2147c553,ok,0,0,0,0,0,0,7.8022,5.499,2.7258,2.0438,1.555,1,1,,8450,3.64
grid2:flat,,,PR16_x1,holdout,4,1025,headon,vfield,ed2147c553,ok,0,0,0,0,0,0,8.832,6.3146,2.7258,2.0438,1.555,1,1,,8450,3.63
grid2:flat,,,PR16_x1,holdout,4,1027,headon,vfield,ed2147c553,ok,0,0,0,0,0,0,5.1112,9.0983,2.7258,2.0438,1.555,1,1,,8450,3.64
grid2:flat,,,PR16_x1,holdout,4,1029,headon,vfield,ed2147c553,ok,0,0,0,0,0,0,3.9585,3.9206,2.7258,2.0438,1.555,1,1,,8450,3.65
grid2:flat,,,PR16_x1,holdout,4,1031,headon,vfield,ed2147c553,ok,0,0,0,0,0,0,8.0383,4.1438,2.7258,2.0438,1.555,1,1,,8450,3.59
grid2:flat,,,PR16_x1,holdout,4,1033,headon,vfield,ed2147c553,ok,0,0,0,0,0,0,4.6427,7.1469,2.7258,2.0438,1.555,1,1,,8450,3.63
grid2:flat,,,PR16_x1,holdout,4,1035,headon,vfield,ed2147c553,ok,0,0,0,0,0,0,1.6805,7.725,2.7258,2.0438,1.555,1,1,,8450,3.62
grid2:flat,,,PR16_x1,holdout,4,1037,headon,vfield,ed2147c553,ok,0,0,0,0,0,0,7.6415,10.854,2.7258,2.0438,1.555,1,1,,8450,3.6
grid2:flat,,,PR16_x1,holdout,4,1039,headon,vfield,ed2147c553,ok,0,0,0,0,0,0,2.373,8.5491,2.7258,2.0438,1.555,1,1,,8450,3.62
grid2:flat,,,PR16_x1,holdout,4,1041,headon,vfield,ed2147c553,ok,0,0,0,0,0,0,8.2743,8.8204,2.7258,2.0438,1.555,1,1,,8450,3.59
grid2:flat,,,PR16_x1,holdout,4,1043,headon,vfield,ed2147c553,ok,1,0,1,0,0,0,6.1649,0.862,2.7258,2.0438,1.555,1,1,15.37,8450,3.58
grid2:flat,,,PR16_x1,holdout,4,1045,headon,vfield,ed2147c553,ok,0,0,0,0,0,0,6.7689,8.6591,2.7258,2.0438,1.555,1,1,,8450,3.65
grid2:flat,,,PR16_x1,holdout,4,1047,headon,vfield,ed2147c553,ok,0,0,0,0,0,0,7.0079,7.0205,2.7258,2.0438,1.555,1,1,,8450,3.63
grid2:flat,,,PR16_x1,holdout,4,1049,headon,vfield,ed2147c553,ok,0,0,0,0,0,0,2.197,6.6772,2.7258,2.0438,1.555,1,1,,8450,3.61
grid2:flat,,,PR16_x1,holdout,4,1051,headon,vfield,ed2147c553,ok,0,0,0,0,0,0,11.8234,5.6391,2.7258,2.0438,1.555,1,1,,8450,3.62
grid2:flat,,,PR16_x1,holdout,4,1053,headon,vfield,ed2147c553,ok,1,0,1,0,0,0,8.2089,0.6579,2.7258,2.0438,1.555,1,1,6.5,8450,3.6
grid2:flat,,,PR16_x1,holdout,4,1055,headon,vfield,ed2147c553,ok,1,0,1,0,0,0,4.3523,0.0767,2.7258,2.0438,1.555,1,1,8.07,8450,3.63
grid2:flat,,,PR16_x1,holdout,4,1057,headon,vfield,ed2147c553,ok,1,0,0,0,1,0,0.2021,6.8307,2.7258,2.0438,1.555,1,1,16.29,8450,3.61
grid2:flat,,,PR16_x1,holdout,4,1059,headon,vfield,ed2147c553,ok,0,0,0,0,0,0,4.5879,2.277,2.7258,2.0438,1.555,1,1,,8450,3.65
grid2:flat,,,PR16_x1.25,holdout,4,1001,headon,vfield,bd8efed9c0,ok,0,0,0,0,0,0,8.2916,10.4197,2.7258,2.0438,1.555,1,1,,8450,3.77
grid2:flat,,,PR16_x1.25,holdout,4,1003,headon,vfield,bd8efed9c0,ok,0,0,0,0,0,0,13.1468,2.5054,2.7258,2.0438,1.555,1,1,,8450,3.67
grid2:flat,,,PR16_x1.25,holdout,4,1005,headon,vfield,bd8efed9c0,ok,0,0,0,0,0,0,5.3773,2.262,2.7258,2.0438,1.555,1,1,,8450,3.66
grid2:flat,,,PR16_x1.25,holdout,4,1007,headon,vfield,bd8efed9c0,ok,0,0,0,0,0,0,5.1279,2.1481,2.7258,2.0438,1.555,1,1,,8450,3.6
grid2:flat,,,PR16_x1.25,holdout,4,1009,headon,vfield,bd8efed9c0,ok,0,0,0,0,0,0,2.9947,1.2044,2.7258,2.0438,1.555,1,1,,8450,3.63
grid2:flat,,,PR16_x1.25,holdout,4,1011,headon,vfield,bd8efed9c0,ok,0,0,0,0,0,0,5.8825,1.5634,2.7258,2.0438,1.555,1,1,,8450,3.61
grid2:flat,,,PR16_x1.25,holdout,4,1013,headon,vfield,bd8efed9c0,ok,0,0,0,0,0,0,4.7423,8.0387,2.7258,2.0438,1.555,1,1,,8450,3.64
grid2:flat,,,PR16_x1.25,holdout,4,1015,headon,vfield,bd8efed9c0,ok,0,0,0,0,0,0,4.8534,4.3831,2.7258,2.0438,1.555,1,1,,8450,3.61
grid2:flat,,,PR16_x1.25,holdout,4,1017,headon,vfield,bd8efed9c0,ok,0,0,0,0,0,0,9.2372,10.2974,2.7258,2.0438,1.555,1,1,,8450,3.62
grid2:flat,,,PR16_x1.25,holdout,4,1019,headon,vfield,bd8efed9c0,ok,0,0,0,0,0,0,5.9193,5.328,2.7258,2.0438,1.555,1,1,,8450,3.65
grid2:flat,,,PR16_x1.25,holdout,4,1021,headon,vfield,bd8efed9c0,ok,0,0,0,0,0,0,1.0627,1.5813,2.7258,2.0438,1.555,1,1,,8450,3.62
grid2:flat,,,PR16_x1.25,holdout,4,1023,headon,vfield,bd8efed9c0,ok,0,0,0,0,0,0,6.1138,7.6008,2.7258,2.0438,1.555,1,1,,8450,3.61
grid2:flat,,,PR16_x1.25,holdout,4,1025,headon,vfield,bd8efed9c0,ok,0,0,0,0,0,0,2.1223,5.4315,2.7258,2.0438,1.555,1,1,,8450,3.6
grid2:flat,,,PR16_x1.25,holdout,4,1027,headon,vfield,bd8efed9c0,ok,0,0,0,0,0,0,10.0534,9.0335,2.7258,2.0438,1.555,1,1,,8450,3.59
grid2:flat,,,PR16_x1.25,holdout,4,1029,headon,vfield,bd8efed9c0,ok,0,0,0,0,0,0,7.4213,11.701,2.7258,2.0438,1.555,1,1,,8450,3.62
grid2:flat,,,PR16_x1.25,holdout,4,1031,headon,vfield,bd8efed9c0,ok,0,0,0,0,0,0,5.26,7.6176,2.7258,2.0438,1.555,1,1,,8450,3.62
grid2:flat,,,PR16_x1.25,holdout,4,1033,headon,vfield,bd8efed9c0,ok,0,0,0,0,0,0,6.0808,12.5975,2.7258,2.0438,1.555,1,1,,8450,3.61
grid2:flat,,,PR16_x1.25,holdout,4,1035,headon,vfield,bd8efed9c0,ok,0,0,0,0,0,0,5.6331,2.3862,2.7258,2.0438,1.555,1,1,,8450,3.62
grid2:flat,,,PR16_x1.25,holdout,4,1037,headon,vfield,bd8efed9c0,ok,0,0,0,0,0,0,3.8713,10.9329,2.7258,2.0438,1.555,1,1,,8450,3.71
grid2:flat,,,PR16_x1.25,holdout,4,1039,headon,vfield,bd8efed9c0,ok,2,0,2,0,0,0,1.9682,0.4072,2.7258,2.0438,1.555,1,1,8.59,8450,3.64
grid2:flat,,,PR16_x1.25,holdout,4,1041,headon,vfield,bd8efed9c0,ok,0,0,0,0,0,0,2.4448,11.5979,2.7258,2.0438,1.555,1,1,,8450,3.63
grid2:flat,,,PR16_x1.25,holdout,4,1043,headon,vfield,bd8efed9c0,ok,0,0,0,0,0,0,3.87,3.9016,2.7258,2.0438,1.555,1,1,,8450,3.69
grid2:flat,,,PR16_x1.25,holdout,4,1045,headon,vfield,bd8efed9c0,ok,2,0,1,1,0,0,0.5959,0.1729,2.7258,2.0438,1.555,1,1,14.29,8450,3.63
grid2:flat,,,PR16_x1.25,holdout,4,1047,headon,vfield,bd8efed9c0,ok,1,0,1,0,0,0,6.7981,0.61,2.7258,2.0438,1.555,1,1,6.71,8450,3.64
grid2:flat,,,PR16_x1.25,holdout,4,1049,headon,vfield,bd8efed9c0,ok,0,0,0,0,0,0,4.0567,11.5024,2.7258,2.0438,1.555,1,1,,8450,3.61
grid2:flat,,,PR16_x1.25,holdout,4,1051,headon,vfield,bd8efed9c0,ok,0,0,0,0,0,0,8.2158,10.5806,2.7258,2.0438,1.555,1,1,,8450,3.63
grid2:flat,,,PR16_x1.25,holdout,4,1053,headon,vfield,bd8efed9c0,ok,0,0,0,0,0,0,8.1163,3.4262,2.7258,2.0438,1.555,1,1,,8450,3.64
grid2:flat,,,PR16_x1.25,holdout,4,1055,headon,vfield,bd8efed9c0,ok,0,0,0,0,0,0,4.3189,8.7019,2.7258,2.0438,1.555,1,1,,8450,3.61
grid2:flat,,,PR16_x1.25,holdout,4,1057,headon,vfield,bd8efed9c0,ok,0,0,0,0,0,0,3.8322,9.0108,2.7258,2.0438,1.555,1,1,,8450,3.62
grid2:flat,,,PR16_x1.25,holdout,4,1059,headon,vfield,bd8efed9c0,ok,0,0,0,0,0,0,2.3591,2.1986,2.7258,2.0438,1.555,1,1,,8450,3.62
grid2:flat,,,PR16_x1.5,holdout,4,1001,headon,vfield,114857054e,ok,0,0,0,0,0,0,8.0851,11.7513,2.7258,2.0438,1.555,1,1,,8450,3.6
grid2:flat,,,PR16_x1.5,holdout,4,1003,headon,vfield,114857054e,ok,0,0,0,0,0,0,3.3957,1.8308,2.7258,2.0438,1.555,1,1,,8450,3.66
grid2:flat,,,PR16_x1.5,holdout,4,1005,headon,vfield,114857054e,ok,0,0,0,0,0,0,4.3556,2.9399,2.7258,2.0438,1.555,1,1,,8450,3.63
grid2:flat,,,PR16_x1.5,holdout,4,1007,headon,vfield,114857054e,ok,0,0,0,0,0,0,5.1773,2.7131,2.7258,2.0438,1.555,1,1,,8450,3.64
grid2:flat,,,PR16_x1.5,holdout,4,1009,headon,vfield,114857054e,ok,0,0,0,0,0,0,4.4702,2.5736,2.7258,2.0438,1.555,1,1,,8450,3.6
grid2:flat,,,PR16_x1.5,holdout,4,1011,headon,vfield,114857054e,ok,0,0,0,0,0,0,1.0383,5.1104,2.7258,2.0438,1.555,1,1,,8450,3.66
grid2:flat,,,PR16_x1.5,holdout,4,1013,headon,vfield,114857054e,ok,0,0,0,0,0,0,5.0194,2.6343,2.7258,2.0438,1.555,1,1,,8450,3.62
grid2:flat,,,PR16_x1.5,holdout,4,1015,headon,vfield,114857054e,ok,0,0,0,0,0,0,2.5032,9.1891,2.7258,2.0438,1.555,1,1,,8450,3.63
grid2:flat,,,PR16_x1.5,holdout,4,1017,headon,vfield,114857054e,ok,0,0,0,0,0,0,3.2124,1.3451,2.7258,2.0438,1.555,1,1,,8450,3.62
grid2:flat,,,PR16_x1.5,holdout,4,1019,headon,vfield,114857054e,ok,0,0,0,0,0,0,7.9242,1.363,2.7258,2.0438,1.555,1,1,,8450,3.62
grid2:flat,,,PR16_x1.5,holdout,4,1021,headon,vfield,114857054e,ok,0,0,0,0,0,0,6.3576,4.277,2.7258,2.0438,1.555,1,1,,8450,3.61
grid2:flat,,,PR16_x1.5,holdout,4,1023,headon,vfield,114857054e,ok,0,0,0,0,0,0,5.0705,8.0126,2.7258,2.0438,1.555,1,1,,8450,3.63
grid2:flat,,,PR16_x1.5,holdout,4,1025,headon,vfield,114857054e,ok,1,0,1,0,0,0,7.7635,0.805,2.7258,2.0438,1.555,1,1,19.38,8450,3.63
grid2:flat,,,PR16_x1.5,holdout,4,1027,headon,vfield,114857054e,ok,0,0,0,0,0,0,9.519,2.5432,2.7258,2.0438,1.555,1,1,,8450,3.62
grid2:flat,,,PR16_x1.5,holdout,4,1029,headon,vfield,114857054e,ok,0,0,0,0,0,0,8.3998,4.2715,2.7258,2.0438,1.555,1,1,,8450,3.62
grid2:flat,,,PR16_x1.5,holdout,4,1031,headon,vfield,114857054e,ok,0,0,0,0,0,0,5.9703,1.4103,2.7258,2.0438,1.555,1,1,,8450,3.61
grid2:flat,,,PR16_x1.5,holdout,4,1033,headon,vfield,114857054e,ok,0,0,0,0,0,0,8.9176,4.4067,2.7258,2.0438,1.555,1,1,,8450,3.63
grid2:flat,,,PR16_x1.5,holdout,4,1035,headon,vfield,114857054e,ok,0,0,0,0,0,0,2.5005,3.8665,2.7258,2.0438,1.555,1,1,,8450,3.6
grid2:flat,,,PR16_x1.5,holdout,4,1037,headon,vfield,114857054e,ok,0,0,0,0,0,0,4.3349,1.9742,2.7258,2.0438,1.555,1,1,,8450,3.66
grid2:flat,,,PR16_x1.5,holdout,4,1039,headon,vfield,114857054e,ok,0,0,0,0,0,0,4.2649,9.1887,2.7258,2.0438,1.555,1,1,,8450,3.64
grid2:flat,,,PR16_x1.5,holdout,4,1041,headon,vfield,114857054e,ok,1,0,1,0,0,0,6.2001,0.4752,2.7258,2.0438,1.555,1,1,13.09,8450,3.61
grid2:flat,,,PR16_x1.5,holdout,4,1043,headon,vfield,114857054e,ok,0,0,0,0,0,0,2.3012,4.4125,2.7258,2.0438,1.555,1,1,,8450,3.63
grid2:flat,,,PR16_x1.5,holdout,4,1045,headon,vfield,114857054e,ok,1,0,1,0,0,0,5.5683,0.8076,2.7258,2.0438,1.555,1,1,10.78,8450,3.62
grid2:flat,,,PR16_x1.5,holdout,4,1047,headon,vfield,114857054e,ok,0,0,0,0,0,0,5.6872,1.9881,2.7258,2.0438,1.555,1,1,,8450,3.63
grid2:flat,,,PR16_x1.5,holdout,4,1049,headon,vfield,114857054e,ok,0,0,0,0,0,0,5.3924,2.3671,2.7258,2.0438,1.555,1,1,,8450,3.62
grid2:flat,,,PR16_x1.5,holdout,4,1051,headon,vfield,114857054e,ok,0,0,0,0,0,0,5.6399,2.4238,2.7258,2.0438,1.555,1,1,,8450,3.63
grid2:flat,,,PR16_x1.5,holdout,4,1053,headon,vfield,114857054e,ok,0,0,0,0,0,0,7.8888,1.3194,2.7258,2.0438,1.555,1,1,,8450,3.65
grid2:flat,,,PR16_x1.5,holdout,4,1055,headon,vfield,114857054e,ok,0,0,0,0,0,0,1.4058,4.897,2.7258,2.0438,1.555,1,1,,8450,3.62
grid2:flat,,,PR16_x1.5,holdout,4,1057,headon,vfield,114857054e,ok,0,0,0,0,0,0,10.741,2.8288,2.7258,2.0438,1.555,1,1,,8450,3.61
grid2:flat,,,PR16_x1.5,holdout,4,1059,headon,vfield,114857054e,ok,1,0,0,1,0,0,0.3115,11.8819,2.7258,2.0438,1.555,1,1,42.68,8450,3.63
grid2:flat,,,PR16_x2,holdout,4,1001,headon,vfield,4f726d4bf9,ok,0,0,0,0,0,0,11.7866,1.8376,2.7258,2.0438,1.555,1,1,,8450,3.63
grid2:flat,,,PR16_x2,holdout,4,1003,headon,vfield,4f726d4bf9,ok,0,0,0,0,0,0,5.8274,4.5323,2.7258,2.0438,1.555,1,1,,8450,3.62
grid2:flat,,,PR16_x2,holdout,4,1005,headon,vfield,4f726d4bf9,ok,0,0,0,0,0,0,6.9963,8.3063,2.7258,2.0438,1.555,1,1,,8450,3.61
grid2:flat,,,PR16_x2,holdout,4,1007,headon,vfield,4f726d4bf9,ok,0,0,0,0,0,0,4.513,4.4962,2.7258,2.0438,1.555,1,1,,8450,3.65
grid2:flat,,,PR16_x2,holdout,4,1009,headon,vfield,4f726d4bf9,ok,0,0,0,0,0,0,5.8435,5.5099,2.7258,2.0438,1.555,1,1,,8450,3.59
grid2:flat,,,PR16_x2,holdout,4,1011,headon,vfield,4f726d4bf9,ok,0,0,0,0,0,0,8.0972,2.2884,2.7258,2.0438,1.555,1,1,,8450,3.63
grid2:flat,,,PR16_x2,holdout,4,1013,headon,vfield,4f726d4bf9,ok,0,0,0,0,0,0,3.1636,4.7912,2.7258,2.0438,1.555,1,1,,8450,3.65
grid2:flat,,,PR16_x2,holdout,4,1015,headon,vfield,4f726d4bf9,ok,0,0,0,0,0,0,8.898,1.626,2.7258,2.0438,1.555,1,1,,8450,3.61
grid2:flat,,,PR16_x2,holdout,4,1017,headon,vfield,4f726d4bf9,ok,0,0,0,0,0,0,7.9673,10.0961,2.7258,2.0438,1.555,1,1,,8450,3.61
grid2:flat,,,PR16_x2,holdout,4,1019,headon,vfield,4f726d4bf9,ok,0,0,0,0,0,0,6.2983,3.1197,2.7258,2.0438,1.555,1,1,,8450,3.64
grid2:flat,,,PR16_x2,holdout,4,1021,headon,vfield,4f726d4bf9,ok,0,0,0,0,0,0,6.6828,7.8766,2.7258,2.0438,1.555,1,1,,8450,3.61
grid2:flat,,,PR16_x2,holdout,4,1023,headon,vfield,4f726d4bf9,ok,0,0,0,0,0,0,6.457,8.079,2.7258,2.0438,1.555,1,1,,8450,3.6
grid2:flat,,,PR16_x2,holdout,4,1025,headon,vfield,4f726d4bf9,ok,0,0,0,0,0,0,3.4848,2.499,2.7258,2.0438,1.555,1,1,,8450,3.62
grid2:flat,,,PR16_x2,holdout,4,1027,headon,vfield,4f726d4bf9,ok,0,0,0,0,0,0,4.0107,8.5337,2.7258,2.0438,1.555,1,1,,8450,3.61
grid2:flat,,,PR16_x2,holdout,4,1029,headon,vfield,4f726d4bf9,ok,0,0,0,0,0,0,8.229,7.2474,2.7258,2.0438,1.555,1,1,,8450,3.62
grid2:flat,,,PR16_x2,holdout,4,1031,headon,vfield,4f726d4bf9,ok,0,0,0,0,0,0,7.4625,1.4937,2.7258,2.0438,1.555,1,1,,8450,3.68
grid2:flat,,,PR16_x2,holdout,4,1033,headon,vfield,4f726d4bf9,ok,0,0,0,0,0,0,7.362,1.8032,2.7258,2.0438,1.555,1,1,,8450,3.62
grid2:flat,,,PR16_x2,holdout,4,1035,headon,vfield,4f726d4bf9,ok,0,0,0,0,0,0,5.9534,4.3148,2.7258,2.0438,1.555,1,1,,8450,3.63
grid2:flat,,,PR16_x2,holdout,4,1037,headon,vfield,4f726d4bf9,ok,0,0,0,0,0,0,7.4179,6.3871,2.7258,2.0438,1.555,1,1,,8450,3.66
grid2:flat,,,PR16_x2,holdout,4,1039,headon,vfield,4f726d4bf9,ok,0,0,0,0,0,0,8.3436,3.2232,2.7258,2.0438,1.555,1,1,,8450,3.6
grid2:flat,,,PR16_x2,holdout,4,1041,headon,vfield,4f726d4bf9,ok,1,0,1,0,0,0,2.1653,0.828,2.7258,2.0438,1.555,1,1,23.26,8450,3.62
grid2:flat,,,PR16_x2,holdout,4,1043,headon,vfield,4f726d4bf9,ok,0,0,0,0,0,0,5.6059,4.7774,2.7258,2.0438,1.555,1,1,,8450,3.66
grid2:flat,,,PR16_x2,holdout,4,1045,headon,vfield,4f726d4bf9,ok,0,0,0,0,0,0,7.4904,6.04,2.7258,2.0438,1.555,1,1,,8450,3.63
grid2:flat,,,PR16_x2,holdout,4,1047,headon,vfield,4f726d4bf9,ok,1,0,1,0,0,0,8.2191,0.0753,2.7258,2.0438,1.555,1,1,24.28,8450,3.63
grid2:flat,,,PR16_x2,holdout,4,1049,headon,vfield,4f726d4bf9,ok,1,0,1,0,0,0,6.1369,0.5144,2.7258,2.0438,1.555,1,1,24.6,8450,3.62
grid2:flat,,,PR16_x2,holdout,4,1051,headon,vfield,4f726d4bf9,ok,0,0,0,0,0,0,8.6209,1.828,2.7258,2.0438,1.555,1,1,,8450,3.63
grid2:flat,,,PR16_x2,holdout,4,1053,headon,vfield,4f726d4bf9,ok,0,0,0,0,0,0,8.9663,8.1145,2.7258,2.0438,1.555,1,1,,8450,3.61
grid2:flat,,,PR16_x2,holdout,4,1055,headon,vfield,4f726d4bf9,ok,0,0,0,0,0,0,8.3067,3.7682,2.7258,2.0438,1.555,1,1,,8450,3.65
grid2:flat,,,PR16_x2,holdout,4,1057,headon,vfield,4f726d4bf9,ok,0,0,0,0,0,0,9.1398,4.1759,2.7258,2.0438,1.555,1,1,,8450,3.62
grid2:flat,,,PR16_x2,holdout,4,1059,headon,vfield,4f726d4bf9,ok,0,0,0,0,0,0,5.238,5.9364,2.7258,2.0438,1.555,1,1,,8450,3.63
grid2:flat,,,PR20_x0.5,holdout,4,1001,headon,vfield,74dde7fa1a,ok,0,0,0,0,0,0,7.1461,8.8505,2.7258,2.0438,1.555,1,1,,8450,3.66
grid2:flat,,,PR20_x0.5,holdout,4,1003,headon,vfield,74dde7fa1a,ok,2,0,1,1,0,0,0.8805,0.8634,2.7258,2.0438,1.555,1,1,11.73,8450,3.61
grid2:flat,,,PR20_x0.5,holdout,4,1005,headon,vfield,74dde7fa1a,ok,0,0,0,0,0,0,10.6389,9.0385,2.7258,2.0438,1.555,1,1,,8450,3.62
grid2:flat,,,PR20_x0.5,holdout,4,1007,headon,vfield,74dde7fa1a,ok,0,0,0,0,0,0,12.7701,5.9446,2.7258,2.0438,1.555,1,1,,8450,3.71
grid2:flat,,,PR20_x0.5,holdout,4,1009,headon,vfield,74dde7fa1a,ok,0,0,0,0,0,0,4.6546,6.2664,2.7258,2.0438,1.555,1,1,,8450,3.63
grid2:flat,,,PR20_x0.5,holdout,4,1011,headon,vfield,74dde7fa1a,ok,0,0,0,0,0,0,4.007,5.0413,2.7258,2.0438,1.555,1,1,,8450,3.62
grid2:flat,,,PR20_x0.5,holdout,4,1013,headon,vfield,74dde7fa1a,ok,1,0,0,0,1,0,0.6498,1.0542,2.7258,2.0438,1.555,1,1,0.94,8450,3.59
grid2:flat,,,PR20_x0.5,holdout,4,1015,headon,vfield,74dde7fa1a,ok,0,0,0,0,0,0,6.5164,1.2161,2.7258,2.0438,1.555,1,1,,8450,3.62
grid2:flat,,,PR20_x0.5,holdout,4,1017,headon,vfield,74dde7fa1a,ok,1,0,1,0,0,0,10.9704,0.7392,2.7258,2.0438,1.555,1,1,32.49,8450,3.61
grid2:flat,,,PR20_x0.5,holdout,4,1019,headon,vfield,74dde7fa1a,ok,0,0,0,0,0,0,2.8049,3.8711,2.7258,2.0438,1.555,1,1,,8450,3.61
grid2:flat,,,PR20_x0.5,holdout,4,1021,headon,vfield,74dde7fa1a,ok,0,0,0,0,0,0,5.541,7.6888,2.7258,2.0438,1.555,1,1,,8450,3.66
grid2:flat,,,PR20_x0.5,holdout,4,1023,headon,vfield,74dde7fa1a,ok,0,0,0,0,0,0,6.8684,4.4184,2.7258,2.0438,1.555,1,1,,8450,3.6
grid2:flat,,,PR20_x0.5,holdout,4,1025,headon,vfield,74dde7fa1a,ok,0,0,0,0,0,0,6.7813,1.089,2.7258,2.0438,1.555,1,1,,8450,3.64
grid2:flat,,,PR20_x0.5,holdout,4,1027,headon,vfield,74dde7fa1a,ok,0,0,0,0,0,0,7.1769,6.9323,2.7258,2.0438,1.555,1,1,,8450,3.68
grid2:flat,,,PR20_x0.5,holdout,4,1029,headon,vfield,74dde7fa1a,ok,0,0,0,0,0,0,7.7,7.8809,2.7258,2.0438,1.555,1,1,,8450,3.63
grid2:flat,,,PR20_x0.5,holdout,4,1031,headon,vfield,74dde7fa1a,ok,0,0,0,0,0,0,10.3431,1.3876,2.7258,2.0438,1.555,1,1,,8450,3.62
grid2:flat,,,PR20_x0.5,holdout,4,1033,headon,vfield,74dde7fa1a,ok,0,0,0,0,0,0,5.8386,11.5491,2.7258,2.0438,1.555,1,1,,8450,3.59
grid2:flat,,,PR20_x0.5,holdout,4,1035,headon,vfield,74dde7fa1a,ok,0,0,0,0,0,0,5.8082,2.0128,2.7258,2.0438,1.555,1,1,,8450,3.65
grid2:flat,,,PR20_x0.5,holdout,4,1037,headon,vfield,74dde7fa1a,ok,0,0,0,0,0,0,5.9187,6.5617,2.7258,2.0438,1.555,1,1,,8450,3.63
grid2:flat,,,PR20_x0.5,holdout,4,1039,headon,vfield,74dde7fa1a,ok,0,0,0,0,0,0,3.1598,4.8472,2.7258,2.0438,1.555,1,1,,8450,3.63
grid2:flat,,,PR20_x0.5,holdout,4,1041,headon,vfield,74dde7fa1a,ok,0,0,0,0,0,0,7.2892,7.5983,2.7258,2.0438,1.555,1,1,,8450,3.61
grid2:flat,,,PR20_x0.5,holdout,4,1043,headon,vfield,74dde7fa1a,ok,0,0,0,0,0,0,6.955,9.7206,2.7258,2.0438,1.555,1,1,,8450,3.57
grid2:flat,,,PR20_x0.5,holdout,4,1045,headon,vfield,74dde7fa1a,ok,0,0,0,0,0,0,8.5162,6.2068,2.7258,2.0438,1.555,1,1,,8450,3.69
grid2:flat,,,PR20_x0.5,holdout,4,1047,headon,vfield,74dde7fa1a,ok,0,0,0,0,0,0,9.1432,11.541,2.7258,2.0438,1.555,1,1,,8450,3.61
grid2:flat,,,PR20_x0.5,holdout,4,1049,headon,vfield,74dde7fa1a,ok,0,0,0,0,0,0,6.0198,3.0825,2.7258,2.0438,1.555,1,1,,8450,3.63
grid2:flat,,,PR20_x0.5,holdout,4,1051,headon,vfield,74dde7fa1a,ok,0,0,0,0,0,0,9.3874,5.2418,2.7258,2.0438,1.555,1,1,,8450,3.62
grid2:flat,,,PR20_x0.5,holdout,4,1053,headon,vfield,74dde7fa1a,ok,0,0,0,0,0,0,9.3204,3.0067,2.7258,2.0438,1.555,1,1,,8450,3.57
grid2:flat,,,PR20_x0.5,holdout,4,1055,headon,vfield,74dde7fa1a,ok,0,0,0,0,0,0,4.2642,6.0833,2.7258,2.0438,1.555,1,1,,8450,3.65
grid2:flat,,,PR20_x0.5,holdout,4,1057,headon,vfield,74dde7fa1a,ok,0,0,0,0,0,0,3.3315,5.6918,2.7258,2.0438,1.555,1,1,,8450,3.63
grid2:flat,,,PR20_x0.5,holdout,4,1059,headon,vfield,74dde7fa1a,ok,0,0,0,0,0,0,7.3142,7.1514,2.7258,2.0438,1.555,1,1,,8450,3.63
grid2:flat,,,PR20_x0.75,holdout,4,1001,headon,vfield,168b51f050,ok,1,0,1,0,0,0,9.0115,0.0859,2.7258,2.0438,1.555,1,1,29.92,8450,3.61
grid2:flat,,,PR20_x0.75,holdout,4,1003,headon,vfield,168b51f050,ok,0,0,0,0,0,0,11.5255,3.4407,2.7258,2.0438,1.555,1,1,,8450,3.67
grid2:flat,,,PR20_x0.75,holdout,4,1005,headon,vfield,168b51f050,ok,0,0,0,0,0,0,8.8912,5.4384,2.7258,2.0438,1.555,1,1,,8450,3.59
grid2:flat,,,PR20_x0.75,holdout,4,1007,headon,vfield,168b51f050,ok,0,0,0,0,0,0,3.338,2.2762,2.7258,2.0438,1.555,1,1,,8450,3.64
grid2:flat,,,PR20_x0.75,holdout,4,1009,headon,vfield,168b51f050,ok,0,0,0,0,0,0,3.1422,3.4033,2.7258,2.0438,1.555,1,1,,8450,3.7
grid2:flat,,,PR20_x0.75,holdout,4,1011,headon,vfield,168b51f050,ok,0,0,0,0,0,0,11.4367,10.1928,2.7258,2.0438,1.555,1,1,,8450,3.61
grid2:flat,,,PR20_x0.75,holdout,4,1013,headon,vfield,168b51f050,ok,0,0,0,0,0,0,5.6405,8.5256,2.7258,2.0438,1.555,1,1,,8450,3.62
grid2:flat,,,PR20_x0.75,holdout,4,1015,headon,vfield,168b51f050,ok,0,0,0,0,0,0,5.5465,11.9147,2.7258,2.0438,1.555,1,1,,8450,3.6
grid2:flat,,,PR20_x0.75,holdout,4,1017,headon,vfield,168b51f050,ok,0,0,0,0,0,0,6.498,12.6734,2.7258,2.0438,1.555,1,1,,8450,3.6
grid2:flat,,,PR20_x0.75,holdout,4,1019,headon,vfield,168b51f050,ok,0,0,0,0,0,0,7.6393,8.5584,2.7258,2.0438,1.555,1,1,,8450,3.64
grid2:flat,,,PR20_x0.75,holdout,4,1021,headon,vfield,168b51f050,ok,0,0,0,0,0,0,9.5184,7.4986,2.7258,2.0438,1.555,1,1,,8450,3.61
grid2:flat,,,PR20_x0.75,holdout,4,1023,headon,vfield,168b51f050,ok,0,0,0,0,0,0,10.3357,12.3742,2.7258,2.0438,1.555,1,1,,8450,3.62
grid2:flat,,,PR20_x0.75,holdout,4,1025,headon,vfield,168b51f050,ok,0,0,0,0,0,0,3.8955,5.2979,2.7258,2.0438,1.555,1,1,,8450,3.61
grid2:flat,,,PR20_x0.75,holdout,4,1027,headon,vfield,168b51f050,ok,0,0,0,0,0,0,6.2139,7.5833,2.7258,2.0438,1.555,1,1,,8450,3.61
grid2:flat,,,PR20_x0.75,holdout,4,1029,headon,vfield,168b51f050,ok,0,0,0,0,0,0,11.4197,1.7001,2.7258,2.0438,1.555,1,1,,8450,3.61
grid2:flat,,,PR20_x0.75,holdout,4,1031,headon,vfield,168b51f050,ok,0,0,0,0,0,0,8.1975,7.1355,2.7258,2.0438,1.555,1,1,,8450,3.64
grid2:flat,,,PR20_x0.75,holdout,4,1033,headon,vfield,168b51f050,ok,0,0,0,0,0,0,10.7042,13.134,2.7258,2.0438,1.555,1,1,,8450,3.62
grid2:flat,,,PR20_x0.75,holdout,4,1035,headon,vfield,168b51f050,ok,0,0,0,0,0,0,11.8525,4.3356,2.7258,2.0438,1.555,1,1,,8450,3.6
grid2:flat,,,PR20_x0.75,holdout,4,1037,headon,vfield,168b51f050,ok,0,0,0,0,0,0,1.649,12.9308,2.7258,2.0438,1.555,1,1,,8450,3.61
grid2:flat,,,PR20_x0.75,holdout,4,1039,headon,vfield,168b51f050,ok,0,0,0,0,0,0,7.8018,1.2889,2.7258,2.0438,1.555,1,1,,8450,3.61
grid2:flat,,,PR20_x0.75,holdout,4,1041,headon,vfield,168b51f050,ok,0,0,0,0,0,0,9.9226,8.6784,2.7258,2.0438,1.555,1,1,,8450,3.58
grid2:flat,,,PR20_x0.75,holdout,4,1043,headon,vfield,168b51f050,ok,0,0,0,0,0,0,9.726,6.1346,2.7258,2.0438,1.555,1,1,,8450,3.63
grid2:flat,,,PR20_x0.75,holdout,4,1045,headon,vfield,168b51f050,ok,0,0,0,0,0,0,7.8469,4.9363,2.7258,2.0438,1.555,1,1,,8450,3.6
grid2:flat,,,PR20_x0.75,holdout,4,1047,headon,vfield,168b51f050,ok,0,0,0,0,0,0,10.1133,12.17,2.7258,2.0438,1.555,1,1,,8450,3.61
grid2:flat,,,PR20_x0.75,holdout,4,1049,headon,vfield,168b51f050,ok,0,0,0,0,0,0,2.1921,2.9712,2.7258,2.0438,1.555,1,1,,8450,3.63
grid2:flat,,,PR20_x0.75,holdout,4,1051,headon,vfield,168b51f050,ok,0,0,0,0,0,0,5.5499,6.2469,2.7258,2.0438,1.555,1,1,,8450,3.61
grid2:flat,,,PR20_x0.75,holdout,4,1053,headon,vfield,168b51f050,ok,0,0,0,0,0,0,5.8264,6.0784,2.7258,2.0438,1.555,1,1,,8450,3.63
grid2:flat,,,PR20_x0.75,holdout,4,1055,headon,vfield,168b51f050,ok,0,0,0,0,0,0,6.5393,6.1074,2.7258,2.0438,1.555,1,1,,8450,3.64
grid2:flat,,,PR20_x0.75,holdout,4,1057,headon,vfield,168b51f050,ok,0,0,0,0,0,0,5.2092,8.6659,2.7258,2.0438,1.555,1,1,,8450,3.62
grid2:flat,,,PR20_x0.75,holdout,4,1059,headon,vfield,168b51f050,ok,0,0,0,0,0,0,9.2333,3.6962,2.7258,2.0438,1.555,1,1,,8450,3.62
grid2:flat,,,PR20_x1,holdout,4,1001,headon,vfield,4d9b052b6d,ok,0,0,0,0,0,0,4.218,4.1555,2.7258,2.0438,1.555,1,1,,8450,3.6
grid2:flat,,,PR20_x1,holdout,4,1003,headon,vfield,4d9b052b6d,ok,0,0,0,0,0,0,11.9728,5.3868,2.7258,2.0438,1.555,1,1,,8450,3.63
grid2:flat,,,PR20_x1,holdout,4,1005,headon,vfield,4d9b052b6d,ok,0,0,0,0,0,0,8.8901,6.0238,2.7258,2.0438,1.555,1,1,,8450,3.61
grid2:flat,,,PR20_x1,holdout,4,1007,headon,vfield,4d9b052b6d,ok,0,0,0,0,0,0,10.9918,7.201,2.7258,2.0438,1.555,1,1,,8450,3.63
grid2:flat,,,PR20_x1,holdout,4,1009,headon,vfield,4d9b052b6d,ok,0,0,0,0,0,0,4.8327,8.9654,2.7258,2.0438,1.555,1,1,,8450,3.6
grid2:flat,,,PR20_x1,holdout,4,1011,headon,vfield,4d9b052b6d,ok,0,0,0,0,0,0,9.6821,5.6231,2.7258,2.0438,1.555,1,1,,8450,3.6
grid2:flat,,,PR20_x1,holdout,4,1013,headon,vfield,4d9b052b6d,ok,0,0,0,0,0,0,4.349,4.0209,2.7258,2.0438,1.555,1,1,,8450,3.62
grid2:flat,,,PR20_x1,holdout,4,1015,headon,vfield,4d9b052b6d,ok,0,0,0,0,0,0,15.4385,7.5432,2.7258,2.0438,1.555,1,1,,8450,3.61
grid2:flat,,,PR20_x1,holdout,4,1017,headon,vfield,4d9b052b6d,ok,0,0,0,0,0,0,4.4471,4.0462,2.7258,2.0438,1.555,1,1,,8450,3.63
grid2:flat,,,PR20_x1,holdout,4,1019,headon,vfield,4d9b052b6d,ok,0,0,0,0,0,0,10.8254,9.331,2.7258,2.0438,1.555,1,1,,8450,3.62
grid2:flat,,,PR20_x1,holdout,4,1021,headon,vfield,4d9b052b6d,ok,0,0,0,0,0,0,4.9391,10.1737,2.7258,2.0438,1.555,1,1,,8450,3.58
grid2:flat,,,PR20_x1,holdout,4,1023,headon,vfield,4d9b052b6d,ok,0,0,0,0,0,0,9.1252,10.082,2.7258,2.0438,1.555,1,1,,8450,3.64
grid2:flat,,,PR20_x1,holdout,4,1025,headon,vfield,4d9b052b6d,ok,0,0,0,0,0,0,11.7067,3.4909,2.7258,2.0438,1.555,1,1,,8450,3.6
grid2:flat,,,PR20_x1,holdout,4,1027,headon,vfield,4d9b052b6d,ok,0,0,0,0,0,0,9.4162,9.9675,2.7258,2.0438,1.555,1,1,,8450,3.62
grid2:flat,,,PR20_x1,holdout,4,1029,headon,vfield,4d9b052b6d,ok,0,0,0,0,0,0,5.2886,7.9258,2.7258,2.0438,1.555,1,1,,8450,3.59
grid2:flat,,,PR20_x1,holdout,4,1031,headon,vfield,4d9b052b6d,ok,0,0,0,0,0,0,7.5684,8.2504,2.7258,2.0438,1.555,1,1,,8450,3.62
grid2:flat,,,PR20_x1,holdout,4,1033,headon,vfield,4d9b052b6d,ok,0,0,0,0,0,0,10.9982,11.848,2.7258,2.0438,1.555,1,1,,8450,3.61
grid2:flat,,,PR20_x1,holdout,4,1035,headon,vfield,4d9b052b6d,ok,0,0,0,0,0,0,7.9119,6.2332,2.7258,2.0438,1.555,1,1,,8450,3.62
grid2:flat,,,PR20_x1,holdout,4,1037,headon,vfield,4d9b052b6d,ok,0,0,0,0,0,0,8.4357,3.1354,2.7258,2.0438,1.555,1,1,,8450,3.66
grid2:flat,,,PR20_x1,holdout,4,1039,headon,vfield,4d9b052b6d,ok,0,0,0,0,0,0,10.9343,8.8426,2.7258,2.0438,1.555,1,1,,8450,3.6
grid2:flat,,,PR20_x1,holdout,4,1041,headon,vfield,4d9b052b6d,ok,0,0,0,0,0,0,5.2388,11.8225,2.7258,2.0438,1.555,1,1,,8450,3.59
grid2:flat,,,PR20_x1,holdout,4,1043,headon,vfield,4d9b052b6d,ok,0,0,0,0,0,0,11.1496,7.8464,2.7258,2.0438,1.555,1,1,,8450,3.64
grid2:flat,,,PR20_x1,holdout,4,1045,headon,vfield,4d9b052b6d,ok,0,0,0,0,0,0,4.8093,3.8064,2.7258,2.0438,1.555,1,1,,8450,3.61
grid2:flat,,,PR20_x1,holdout,4,1047,headon,vfield,4d9b052b6d,ok,0,0,0,0,0,0,4.8254,15.103,2.7258,2.0438,1.555,1,1,,8450,3.61
grid2:flat,,,PR20_x1,holdout,4,1049,headon,vfield,4d9b052b6d,ok,0,0,0,0,0,0,4.9044,5.4684,2.7258,2.0438,1.555,1,1,,8450,3.61
grid2:flat,,,PR20_x1,holdout,4,1051,headon,vfield,4d9b052b6d,ok,0,0,0,0,0,0,7.6078,8.5352,2.7258,2.0438,1.555,1,1,,8450,3.63
grid2:flat,,,PR20_x1,holdout,4,1053,headon,vfield,4d9b052b6d,ok,0,0,0,0,0,0,9.9753,8.0458,2.7258,2.0438,1.555,1,1,,8450,3.61
grid2:flat,,,PR20_x1,holdout,4,1055,headon,vfield,4d9b052b6d,ok,0,0,0,0,0,0,6.345,3.0645,2.7258,2.0438,1.555,1,1,,8450,3.62
grid2:flat,,,PR20_x1,holdout,4,1057,headon,vfield,4d9b052b6d,ok,0,0,0,0,0,0,6.4982,3.7416,2.7258,2.0438,1.555,1,1,,8450,3.58
grid2:flat,,,PR20_x1,holdout,4,1059,headon,vfield,4d9b052b6d,ok,0,0,0,0,0,0,7.0094,7.4934,2.7258,2.0438,1.555,1,1,,8450,3.59
grid2:flat,,,PR20_x1.25,holdout,4,1001,headon,vfield,2c22f832ea,ok,0,0,0,0,0,0,12.3825,13.5439,2.7258,2.0438,1.555,1,1,,8450,3.64
grid2:flat,,,PR20_x1.25,holdout,4,1003,headon,vfield,2c22f832ea,ok,0,0,0,0,0,0,11.9687,5.1259,2.7258,2.0438,1.555,1,1,,8450,3.63
grid2:flat,,,PR20_x1.25,holdout,4,1005,headon,vfield,2c22f832ea,ok,0,0,0,0,0,0,9.6364,5.2838,2.7258,2.0438,1.555,1,1,,8450,3.64
grid2:flat,,,PR20_x1.25,holdout,4,1007,headon,vfield,2c22f832ea,ok,0,0,0,0,0,0,5.4741,6.0371,2.7258,2.0438,1.555,1,1,,8450,3.6
grid2:flat,,,PR20_x1.25,holdout,4,1009,headon,vfield,2c22f832ea,ok,0,0,0,0,0,0,12.313,9.4644,2.7258,2.0438,1.555,1,1,,8450,3.57
grid2:flat,,,PR20_x1.25,holdout,4,1011,headon,vfield,2c22f832ea,ok,0,0,0,0,0,0,8.8053,7.0804,2.7258,2.0438,1.555,1,1,,8450,3.62
grid2:flat,,,PR20_x1.25,holdout,4,1013,headon,vfield,2c22f832ea,ok,0,0,0,0,0,0,5.0637,9.3862,2.7258,2.0438,1.555,1,1,,8450,3.63
grid2:flat,,,PR20_x1.25,holdout,4,1015,headon,vfield,2c22f832ea,ok,0,0,0,0,0,0,13.0426,13.5477,2.7258,2.0438,1.555,1,1,,8450,3.59
grid2:flat,,,PR20_x1.25,holdout,4,1017,headon,vfield,2c22f832ea,ok,0,0,0,0,0,0,7.8959,5.021,2.7258,2.0438,1.555,1,1,,8450,3.63
grid2:flat,,,PR20_x1.25,holdout,4,1019,headon,vfield,2c22f832ea,ok,0,0,0,0,0,0,7.7339,9.3838,2.7258,2.0438,1.555,1,1,,8450,3.61
grid2:flat,,,PR20_x1.25,holdout,4,1021,headon,vfield,2c22f832ea,ok,0,0,0,0,0,0,13.3502,5.2104,2.7258,2.0438,1.555,1,1,,8450,3.64
grid2:flat,,,PR20_x1.25,holdout,4,1023,headon,vfield,2c22f832ea,ok,0,0,0,0,0,0,7.5684,10.5341,2.7258,2.0438,1.555,1,1,,8450,3.61
grid2:flat,,,PR20_x1.25,holdout,4,1025,headon,vfield,2c22f832ea,ok,0,0,0,0,0,0,7.3949,5.1762,2.7258,2.0438,1.555,1,1,,8450,3.6
grid2:flat,,,PR20_x1.25,holdout,4,1027,headon,vfield,2c22f832ea,ok,0,0,0,0,0,0,7.757,3.6233,2.7258,2.0438,1.555,1,1,,8450,3.65
grid2:flat,,,PR20_x1.25,holdout,4,1029,headon,vfield,2c22f832ea,ok,0,0,0,0,0,0,9.1417,5.4531,2.7258,2.0438,1.555,1,1,,8450,3.61
grid2:flat,,,PR20_x1.25,holdout,4,1031,headon,vfield,2c22f832ea,ok,0,0,0,0,0,0,7.4192,8.3871,2.7258,2.0438,1.555,1,1,,8450,3.61
grid2:flat,,,PR20_x1.25,holdout,4,1033,headon,vfield,2c22f832ea,ok,0,0,0,0,0,0,8.1641,11.2168,2.7258,2.0438,1.555,1,1,,8450,3.6
grid2:flat,,,PR20_x1.25,holdout,4,1035,headon,vfield,2c22f832ea,ok,1,0,1,0,0,0,10.0409,0.8207,2.7258,2.0438,1.555,1,1,12.6,8450,3.65
grid2:flat,,,PR20_x1.25,holdout,4,1037,headon,vfield,2c22f832ea,ok,1,0,1,0,0,0,5.7578,0.9132,2.7258,2.0438,1.555,1,1,12.2,8450,3.61
grid2:flat,,,PR20_x1.25,holdout,4,1039,headon,vfield,2c22f832ea,ok,0,0,0,0,0,0,9.5043,9.2826,2.7258,2.0438,1.555,1,1,,8450,3.61
grid2:flat,,,PR20_x1.25,holdout,4,1041,headon,vfield,2c22f832ea,ok,0,0,0,0,0,0,6.8022,8.164,2.7258,2.0438,1.555,1,1,,8450,3.62
grid2:flat,,,PR20_x1.25,holdout,4,1043,headon,vfield,2c22f832ea,ok,0,0,0,0,0,0,9.4037,13.5167,2.7258,2.0438,1.555,1,1,,8450,3.6
grid2:flat,,,PR20_x1.25,holdout,4,1045,headon,vfield,2c22f832ea,ok,0,0,0,0,0,0,8.5129,5.844,2.7258,2.0438,1.555,1,1,,8450,3.62
grid2:flat,,,PR20_x1.25,holdout,4,1047,headon,vfield,2c22f832ea,ok,0,0,0,0,0,0,3.5195,6.3517,2.7258,2.0438,1.555,1,1,,8450,3.58
grid2:flat,,,PR20_x1.25,holdout,4,1049,headon,vfield,2c22f832ea,ok,0,0,0,0,0,0,6.778,4.8874,2.7258,2.0438,1.555,1,1,,8450,3.64
grid2:flat,,,PR20_x1.25,holdout,4,1051,headon,vfield,2c22f832ea,ok,0,0,0,0,0,0,9.1317,4.5029,2.7258,2.0438,1.555,1,1,,8450,3.63
grid2:flat,,,PR20_x1.25,holdout,4,1053,headon,vfield,2c22f832ea,ok,0,0,0,0,0,0,10.9222,5.7752,2.7258,2.0438,1.555,1,1,,8450,3.62
grid2:flat,,,PR20_x1.25,holdout,4,1055,headon,vfield,2c22f832ea,ok,0,0,0,0,0,0,6.7372,8.5608,2.7258,2.0438,1.555,1,1,,8450,3.62
grid2:flat,,,PR20_x1.25,holdout,4,1057,headon,vfield,2c22f832ea,ok,0,0,0,0,0,0,13.0691,13.6964,2.7258,2.0438,1.555,1,1,,8450,3.61
grid2:flat,,,PR20_x1.25,holdout,4,1059,headon,vfield,2c22f832ea,ok,0,0,0,0,0,0,8.5321,7.537,2.7258,2.0438,1.555,1,1,,8450,3.59
grid2:flat,,,PR20_x1.5,holdout,4,1001,headon,vfield,050f3ea200,ok,0,0,0,0,0,0,7.7258,5.2895,2.7258,2.0438,1.555,1,1,,8450,3.69
grid2:flat,,,PR20_x1.5,holdout,4,1003,headon,vfield,050f3ea200,ok,1,0,1,0,0,0,4.8259,0.8826,2.7258,2.0438,1.555,1,1,25.72,8450,3.66
grid2:flat,,,PR20_x1.5,holdout,4,1005,headon,vfield,050f3ea200,ok,0,0,0,0,0,0,7.3156,2.1153,2.7258,2.0438,1.555,1,1,,8450,3.62
grid2:flat,,,PR20_x1.5,holdout,4,1007,headon,vfield,050f3ea200,ok,0,0,0,0,0,0,8.7902,10.8904,2.7258,2.0438,1.555,1,1,,8450,3.6
grid2:flat,,,PR20_x1.5,holdout,4,1009,headon,vfield,050f3ea200,ok,0,0,0,0,0,0,7.4601,9.5817,2.7258,2.0438,1.555,1,1,,8450,3.64
grid2:flat,,,PR20_x1.5,holdout,4,1011,headon,vfield,050f3ea200,ok,1,0,1,0,0,0,3.7785,0.0274,2.7258,2.0438,1.555,1,1,32.01,8450,3.62
grid2:flat,,,PR20_x1.5,holdout,4,1013,headon,vfield,050f3ea200,ok,0,0,0,0,0,0,9.2139,9.0273,2.7258,2.0438,1.555,1,1,,8450,3.66
grid2:flat,,,PR20_x1.5,holdout,4,1015,headon,vfield,050f3ea200,ok,0,0,0,0,0,0,11.7086,2.5364,2.7258,2.0438,1.555,1,1,,8450,3.6
grid2:flat,,,PR20_x1.5,holdout,4,1017,headon,vfield,050f3ea200,ok,0,0,0,0,0,0,10.4052,5.0001,2.7258,2.0438,1.555,1,1,,8450,3.63
grid2:flat,,,PR20_x1.5,holdout,4,1019,headon,vfield,050f3ea200,ok,0,0,0,0,0,0,8.0353,7.6895,2.7258,2.0438,1.555,1,1,,8450,3.61
grid2:flat,,,PR20_x1.5,holdout,4,1021,headon,vfield,050f3ea200,ok,0,0,0,0,0,0,14.6206,8.9626,2.7258,2.0438,1.555,1,1,,8450,3.63
grid2:flat,,,PR20_x1.5,holdout,4,1023,headon,vfield,050f3ea200,ok,0,0,0,0,0,0,7.3408,13.5795,2.7258,2.0438,1.555,1,1,,8450,3.61
grid2:flat,,,PR20_x1.5,holdout,4,1025,headon,vfield,050f3ea200,ok,0,0,0,0,0,0,11.5711,10.0916,2.7258,2.0438,1.555,1,1,,8450,3.64
grid2:flat,,,PR20_x1.5,holdout,4,1027,headon,vfield,050f3ea200,ok,0,0,0,0,0,0,11.9837,7.8883,2.7258,2.0438,1.555,1,1,,8450,3.62
grid2:flat,,,PR20_x1.5,holdout,4,1029,headon,vfield,050f3ea200,ok,0,0,0,0,0,0,11.6946,8.7975,2.7258,2.0438,1.555,1,1,,8450,3.64
grid2:flat,,,PR20_x1.5,holdout,4,1031,headon,vfield,050f3ea200,ok,0,0,0,0,0,0,8.6218,4.1052,2.7258,2.0438,1.555,1,1,,8450,3.61
grid2:flat,,,PR20_x1.5,holdout,4,1033,headon,vfield,050f3ea200,ok,0,0,0,0,0,0,10.4785,6.0189,2.7258,2.0438,1.555,1,1,,8450,3.64
grid2:flat,,,PR20_x1.5,holdout,4,1035,headon,vfield,050f3ea200,ok,0,0,0,0,0,0,6.8763,12.2473,2.7258,2.0438,1.555,1,1,,8450,3.63
grid2:flat,,,PR20_x1.5,holdout,4,1037,headon,vfield,050f3ea200,ok,0,0,0,0,0,0,10.3819,2.1744,2.7258,2.0438,1.555,1,1,,8450,3.62
grid2:flat,,,PR20_x1.5,holdout,4,1039,headon,vfield,050f3ea200,ok,0,0,0,0,0,0,11.1031,4.9857,2.7258,2.0438,1.555,1,1,,8450,3.62
grid2:flat,,,PR20_x1.5,holdout,4,1041,headon,vfield,050f3ea200,ok,0,0,0,0,0,0,6.6531,6.1325,2.7258,2.0438,1.555,1,1,,8450,3.58
grid2:flat,,,PR20_x1.5,holdout,4,1043,headon,vfield,050f3ea200,ok,0,0,0,0,0,0,11.291,8.6254,2.7258,2.0438,1.555,1,1,,8450,3.61
grid2:flat,,,PR20_x1.5,holdout,4,1045,headon,vfield,050f3ea200,ok,0,0,0,0,0,0,11.3492,8.4313,2.7258,2.0438,1.555,1,1,,8450,3.63
grid2:flat,,,PR20_x1.5,holdout,4,1047,headon,vfield,050f3ea200,ok,0,0,0,0,0,0,11.3563,9.1287,2.7258,2.0438,1.555,1,1,,8450,3.61
grid2:flat,,,PR20_x1.5,holdout,4,1049,headon,vfield,050f3ea200,ok,0,0,0,0,0,0,5.8293,7.8947,2.7258,2.0438,1.555,1,1,,8450,3.65
grid2:flat,,,PR20_x1.5,holdout,4,1051,headon,vfield,050f3ea200,ok,0,0,0,0,0,0,7.053,8.5956,2.7258,2.0438,1.555,1,1,,8450,3.6
grid2:flat,,,PR20_x1.5,holdout,4,1053,headon,vfield,050f3ea200,ok,0,0,0,0,0,0,9.5486,7.1308,2.7258,2.0438,1.555,1,1,,8450,3.63
grid2:flat,,,PR20_x1.5,holdout,4,1055,headon,vfield,050f3ea200,ok,0,0,0,0,0,0,1.9021,6.939,2.7258,2.0438,1.555,1,1,,8450,3.62
grid2:flat,,,PR20_x1.5,holdout,4,1057,headon,vfield,050f3ea200,ok,0,0,0,0,0,0,13.5607,4.3225,2.7258,2.0438,1.555,1,1,,8450,3.62
grid2:flat,,,PR20_x1.5,holdout,4,1059,headon,vfield,050f3ea200,ok,1,0,0,0,1,0,0.7981,5.6012,2.7258,2.0438,1.555,1,1,38.86,8450,3.62
grid2:flat,,,PR20_x2,holdout,4,1001,headon,vfield,e42dcb3eec,ok,0,0,0,0,0,0,4.8729,9.1407,2.7258,2.0438,1.555,1,1,,8450,3.59
grid2:flat,,,PR20_x2,holdout,4,1003,headon,vfield,e42dcb3eec,ok,0,0,0,0,0,0,13.8486,12.6191,2.7258,2.0438,1.555,1,1,,8450,3.61
grid2:flat,,,PR20_x2,holdout,4,1005,headon,vfield,e42dcb3eec,ok,0,0,0,0,0,0,12.6462,6.2096,2.7258,2.0438,1.555,1,1,,8450,3.6
grid2:flat,,,PR20_x2,holdout,4,1007,headon,vfield,e42dcb3eec,ok,0,0,0,0,0,0,10.8723,4.2544,2.7258,2.0438,1.555,1,1,,8450,3.64
grid2:flat,,,PR20_x2,holdout,4,1009,headon,vfield,e42dcb3eec,ok,0,0,0,0,0,0,12.4749,11.3754,2.7258,2.0438,1.555,1,1,,8450,3.64
grid2:flat,,,PR20_x2,holdout,4,1011,headon,vfield,e42dcb3eec,ok,0,0,0,0,0,0,14.3339,11.3359,2.7258,2.0438,1.555,1,1,,8450,3.61
grid2:flat,,,PR20_x2,holdout,4,1013,headon,vfield,e42dcb3eec,ok,1,0,1,0,0,0,12.1631,0.6942,2.7258,2.0438,1.555,1,1,24.23,8450,3.64
grid2:flat,,,PR20_x2,holdout,4,1015,headon,vfield,e42dcb3eec,ok,0,0,0,0,0,0,12.8868,11.3323,2.7258,2.0438,1.555,1,1,,8450,3.63
grid2:flat,,,PR20_x2,holdout,4,1017,headon,vfield,e42dcb3eec,ok,0,0,0,0,0,0,1.675,6.2929,2.7258,2.0438,1.555,1,1,,8450,3.63
grid2:flat,,,PR20_x2,holdout,4,1019,headon,vfield,e42dcb3eec,ok,0,0,0,0,0,0,12.2168,10.3411,2.7258,2.0438,1.555,1,1,,8450,3.62
grid2:flat,,,PR20_x2,holdout,4,1021,headon,vfield,e42dcb3eec,ok,0,0,0,0,0,0,14.2365,6.1343,2.7258,2.0438,1.555,1,1,,8450,3.65
grid2:flat,,,PR20_x2,holdout,4,1023,headon,vfield,e42dcb3eec,ok,0,0,0,0,0,0,12.6438,1.3259,2.7258,2.0438,1.555,1,1,,8450,3.69
grid2:flat,,,PR20_x2,holdout,4,1025,headon,vfield,e42dcb3eec,ok,0,0,0,0,0,0,9.2893,14.8996,2.7258,2.0438,1.555,1,1,,8450,3.59
grid2:flat,,,PR20_x2,holdout,4,1027,headon,vfield,e42dcb3eec,ok,0,0,0,0,0,0,10.2363,12.7529,2.7258,2.0438,1.555,1,1,,8450,3.62
grid2:flat,,,PR20_x2,holdout,4,1029,headon,vfield,e42dcb3eec,ok,0,0,0,0,0,0,12.4274,8.4771,2.7258,2.0438,1.555,1,1,,8450,3.62
grid2:flat,,,PR20_x2,holdout,4,1031,headon,vfield,e42dcb3eec,ok,0,0,0,0,0,0,13.0793,5.4768,2.7258,2.0438,1.555,1,1,,8450,3.62
grid2:flat,,,PR20_x2,holdout,4,1033,headon,vfield,e42dcb3eec,ok,0,0,0,0,0,0,13.3245,8.7428,2.7258,2.0438,1.555,1,1,,8450,3.64
grid2:flat,,,PR20_x2,holdout,4,1035,headon,vfield,e42dcb3eec,ok,0,0,0,0,0,0,5.8178,2.0147,2.7258,2.0438,1.555,1,1,,8450,3.61
grid2:flat,,,PR20_x2,holdout,4,1037,headon,vfield,e42dcb3eec,ok,0,0,0,0,0,0,18.1204,12.3151,2.7258,2.0438,1.555,1,1,,8450,3.59
grid2:flat,,,PR20_x2,holdout,4,1039,headon,vfield,e42dcb3eec,ok,0,0,0,0,0,0,5.6779,10.9209,2.7258,2.0438,1.555,1,1,,8450,3.62
grid2:flat,,,PR20_x2,holdout,4,1041,headon,vfield,e42dcb3eec,ok,0,0,0,0,0,0,3.9307,10.3447,2.7258,2.0438,1.555,1,1,,8450,3.61
grid2:flat,,,PR20_x2,holdout,4,1043,headon,vfield,e42dcb3eec,ok,0,0,0,0,0,0,12.5216,11.2419,2.7258,2.0438,1.555,1,1,,8450,3.61
grid2:flat,,,PR20_x2,holdout,4,1045,headon,vfield,e42dcb3eec,ok,0,0,0,0,0,0,10.1368,6.5204,2.7258,2.0438,1.555,1,1,,8450,3.59
grid2:flat,,,PR20_x2,holdout,4,1047,headon,vfield,e42dcb3eec,ok,0,0,0,0,0,0,12.6007,10.2537,2.7258,2.0438,1.555,1,1,,8450,3.63
grid2:flat,,,PR20_x2,holdout,4,1049,headon,vfield,e42dcb3eec,ok,0,0,0,0,0,0,9.4173,1.5013,2.7258,2.0438,1.555,1,1,,8450,3.63
grid2:flat,,,PR20_x2,holdout,4,1051,headon,vfield,e42dcb3eec,ok,1,0,1,0,0,0,12.3424,0.3452,2.7258,2.0438,1.555,1,1,13.21,8450,3.61
grid2:flat,,,PR20_x2,holdout,4,1053,headon,vfield,e42dcb3eec,ok,1,0,1,0,0,0,12.6212,0.8935,2.7258,2.0438,1.555,1,1,11.88,8450,3.63
grid2:flat,,,PR20_x2,holdout,4,1055,headon,vfield,e42dcb3eec,ok,0,0,0,0,0,0,11.1182,9.4273,2.7258,2.0438,1.555,1,1,,8450,3.61
grid2:flat,,,PR20_x2,holdout,4,1057,headon,vfield,e42dcb3eec,ok,0,0,0,0,0,0,11.5333,8.1372,2.7258,2.0438,1.555,1,1,,8450,3.59
grid2:flat,,,PR20_x2,holdout,4,1059,headon,vfield,e42dcb3eec,ok,0,0,0,0,0,0,12.3137,7.2458,2.7258,2.0438,1.555,1,1,,8450,3.66
